
PWM.elf:     file format elf32-littlearm


Disassembly of section .text:

87800000 <_start>:
87800000:	e59ff118 	ldr	pc, [pc, #280]	@ 87800120 <FIQ_Handler+0x8>
87800004:	e59ff118 	ldr	pc, [pc, #280]	@ 87800124 <FIQ_Handler+0xc>
87800008:	e59ff118 	ldr	pc, [pc, #280]	@ 87800128 <FIQ_Handler+0x10>
8780000c:	e59ff118 	ldr	pc, [pc, #280]	@ 8780012c <FIQ_Handler+0x14>
87800010:	e59ff118 	ldr	pc, [pc, #280]	@ 87800130 <FIQ_Handler+0x18>
87800014:	e59ff118 	ldr	pc, [pc, #280]	@ 87800134 <FIQ_Handler+0x1c>
87800018:	e59ff118 	ldr	pc, [pc, #280]	@ 87800138 <FIQ_Handler+0x20>
8780001c:	e59ff118 	ldr	pc, [pc, #280]	@ 8780013c <FIQ_Handler+0x24>

87800020 <Reset_Handler>:
87800020:	f10c0080 	cpsid	i
87800024:	ee110f10 	mrc	15, 0, r0, cr1, cr0, {0}
87800028:	e3c00a01 	bic	r0, r0, #4096	@ 0x1000
8780002c:	e3c00b02 	bic	r0, r0, #2048	@ 0x800
87800030:	e3c00004 	bic	r0, r0, #4
87800034:	e3c00002 	bic	r0, r0, #2
87800038:	e3c00001 	bic	r0, r0, #1
8780003c:	ee010f10 	mcr	15, 0, r0, cr1, cr0, {0}
87800040:	e59f00f8 	ldr	r0, [pc, #248]	@ 87800140 <FIQ_Handler+0x28>
87800044:	e59f10f8 	ldr	r1, [pc, #248]	@ 87800144 <FIQ_Handler+0x2c>
87800048:	e3a02000 	mov	r2, #0

8780004c <bss_loop>:
8780004c:	e4802004 	str	r2, [r0], #4
87800050:	e1500001 	cmp	r0, r1
87800054:	3afffffc 	bcc	8780004c <bss_loop>
87800058:	e10f0000 	mrs	r0, CPSR
8780005c:	e3c0001f 	bic	r0, r0, #31
87800060:	e3800012 	orr	r0, r0, #18
87800064:	e129f000 	msr	CPSR_fc, r0
87800068:	e59fd0d8 	ldr	sp, [pc, #216]	@ 87800148 <FIQ_Handler+0x30>
8780006c:	e10f0000 	mrs	r0, CPSR
87800070:	e3c0001f 	bic	r0, r0, #31
87800074:	e380001f 	orr	r0, r0, #31
87800078:	e129f000 	msr	CPSR_fc, r0
8780007c:	e59fd0c8 	ldr	sp, [pc, #200]	@ 8780014c <FIQ_Handler+0x34>
87800080:	e10f0000 	mrs	r0, CPSR
87800084:	e3c0001f 	bic	r0, r0, #31
87800088:	e3800013 	orr	r0, r0, #19
8780008c:	e129f000 	msr	CPSR_fc, r0
87800090:	e59fd0b8 	ldr	sp, [pc, #184]	@ 87800150 <FIQ_Handler+0x38>
87800094:	f1080080 	cpsie	i
87800098:	ea00145c 	b	87805210 <__main_from_arm>

8780009c <Undefine_Handler>:
8780009c:	e59f0080 	ldr	r0, [pc, #128]	@ 87800124 <FIQ_Handler+0xc>
878000a0:	e12fff10 	bx	r0

878000a4 <SVC_Handler>:
878000a4:	e59f007c 	ldr	r0, [pc, #124]	@ 87800128 <FIQ_Handler+0x10>
878000a8:	e12fff10 	bx	r0

878000ac <PreAbort_Handler>:
878000ac:	e59f0078 	ldr	r0, [pc, #120]	@ 8780012c <FIQ_Handler+0x14>
878000b0:	e12fff10 	bx	r0

878000b4 <DataAbort_Handler>:
878000b4:	e59f0074 	ldr	r0, [pc, #116]	@ 87800130 <FIQ_Handler+0x18>
878000b8:	e12fff10 	bx	r0

878000bc <NotUsed_Handler>:
878000bc:	e59f0070 	ldr	r0, [pc, #112]	@ 87800134 <FIQ_Handler+0x1c>
878000c0:	e12fff10 	bx	r0

878000c4 <IRQ_Handler>:
878000c4:	e52de004 	push	{lr}		@ (str lr, [sp, #-4]!)
878000c8:	e92d100f 	push	{r0, r1, r2, r3, ip}
878000cc:	e14f0000 	mrs	r0, SPSR
878000d0:	e52d0004 	push	{r0}		@ (str r0, [sp, #-4]!)
878000d4:	ee9f1f10 	mrc	15, 4, r1, cr15, cr0, {0}
878000d8:	e2811a02 	add	r1, r1, #8192	@ 0x2000
878000dc:	e591000c 	ldr	r0, [r1, #12]
878000e0:	e92d0003 	push	{r0, r1}
878000e4:	f1020013 	cps	#19
878000e8:	e52de004 	push	{lr}		@ (str lr, [sp, #-4]!)
878000ec:	e59f2060 	ldr	r2, [pc, #96]	@ 87800154 <FIQ_Handler+0x3c>
878000f0:	e12fff32 	blx	r2
878000f4:	e49de004 	pop	{lr}		@ (ldr lr, [sp], #4)
878000f8:	f1020012 	cps	#18
878000fc:	e8bd0003 	pop	{r0, r1}
87800100:	e5810010 	str	r0, [r1, #16]
87800104:	e49d0004 	pop	{r0}		@ (ldr r0, [sp], #4)
87800108:	e16ff000 	msr	SPSR_fsxc, r0
8780010c:	e49d0004 	pop	{r0}		@ (ldr r0, [sp], #4)
87800110:	e49de004 	pop	{lr}		@ (ldr lr, [sp], #4)
87800114:	e25ef004 	subs	pc, lr, #4

87800118 <FIQ_Handler>:
87800118:	e59f001c 	ldr	r0, [pc, #28]	@ 8780013c <FIQ_Handler+0x24>
8780011c:	e12fff10 	bx	r0
87800120:	87800020 	strhi	r0, [r0, r0, lsr #32]
87800124:	8780009c 			@ <UNDEFINED> instruction: 0x8780009c
87800128:	878000a4 	strhi	r0, [r0, r4, lsr #1]
8780012c:	878000ac 	strhi	r0, [r0, ip, lsr #1]
87800130:	878000b4 			@ <UNDEFINED> instruction: 0x878000b4
87800134:	878000bc 			@ <UNDEFINED> instruction: 0x878000bc
87800138:	878000c4 	strhi	r0, [r0, r4, asr #1]
8780013c:	87800118 	usada8hi	r0, r8, r1, r0
87800140:	87809e84 	strhi	r9, [r0, r4, lsl #29]
87800144:	8780ac02 	strhi	sl, [r0, r2, lsl #24]
87800148:	80600000 	rsbhi	r0, r0, r0
8780014c:	80400000 	subhi	r0, r0, r0
87800150:	80200000 	eorhi	r0, r0, r0
87800154:	87802d7d 			@ <UNDEFINED> instruction: 0x87802d7d
87800158:	00001e41 	andeq	r1, r0, r1, asr #28
8780015c:	61656100 	cmnvs	r5, r0, lsl #2
87800160:	01006962 	tsteq	r0, r2, ror #18
87800164:	00000014 	andeq	r0, r0, r4, lsl r0
87800168:	412d3705 			@ <UNDEFINED> instruction: 0x412d3705
8780016c:	070a0600 	streq	r0, [sl, -r0, lsl #12]
87800170:	09010841 	stmdbeq	r1, {r0, r6, fp}
87800174:	00040a02 	andeq	r0, r4, r2, lsl #20
87800178:	87809d80 	strhi	r9, [r0, r0, lsl #27]
8780017c:	87802aa5 	strhi	r2, [r0, r5, lsr #21]
87800180:	8780ab90 			@ <UNDEFINED> instruction: 0x8780ab90

87800184 <_GLOBAL_OFFSET_TABLE_>:
	...

87800190 <__umodsi3>:
87800190:	e2512001 	subs	r2, r1, #1
87800194:	3a000062 	bcc	87800324 <Ldiv0>
87800198:	11500001 	cmpne	r0, r1
8780019c:	03a00000 	moveq	r0, #0
878001a0:	81110002 	tsthi	r1, r2
878001a4:	00000002 	andeq	r0, r0, r2
878001a8:	91a0f00e 	movls	pc, lr
878001ac:	e3a02000 	mov	r2, #0
878001b0:	e3510201 	cmp	r1, #268435456	@ 0x10000000
878001b4:	31510000 	cmpcc	r1, r0
878001b8:	31a01201 	lslcc	r1, r1, #4
878001bc:	32822004 	addcc	r2, r2, #4
878001c0:	3afffffa 	bcc	878001b0 <__umodsi3+0x20>
878001c4:	e3510102 	cmp	r1, #-2147483648	@ 0x80000000
878001c8:	31510000 	cmpcc	r1, r0
878001cc:	31a01081 	lslcc	r1, r1, #1
878001d0:	32822001 	addcc	r2, r2, #1
878001d4:	3afffffa 	bcc	878001c4 <__umodsi3+0x34>
878001d8:	e2522003 	subs	r2, r2, #3
878001dc:	ba00000e 	blt	8780021c <__umodsi3+0x8c>
878001e0:	e1500001 	cmp	r0, r1
878001e4:	20400001 	subcs	r0, r0, r1
878001e8:	e15000a1 	cmp	r0, r1, lsr #1
878001ec:	204000a1 	subcs	r0, r0, r1, lsr #1
878001f0:	e1500121 	cmp	r0, r1, lsr #2
878001f4:	20400121 	subcs	r0, r0, r1, lsr #2
878001f8:	e15001a1 	cmp	r0, r1, lsr #3
878001fc:	204001a1 	subcs	r0, r0, r1, lsr #3
87800200:	e3500001 	cmp	r0, #1
87800204:	e1a01221 	lsr	r1, r1, #4
87800208:	a2522004 	subsge	r2, r2, #4
8780020c:	aafffff3 	bge	878001e0 <__umodsi3+0x50>
87800210:	e3120003 	tst	r2, #3
87800214:	13300000 	teqne	r0, #0
87800218:	0a00000a 	beq	87800248 <__umodsi3+0xb8>
8780021c:	e3720002 	cmn	r2, #2
87800220:	ba000006 	blt	87800240 <__umodsi3+0xb0>
87800224:	0a000002 	beq	87800234 <__umodsi3+0xa4>
87800228:	e1500001 	cmp	r0, r1
8780022c:	20400001 	subcs	r0, r0, r1
87800230:	e1a010a1 	lsr	r1, r1, #1
87800234:	e1500001 	cmp	r0, r1
87800238:	20400001 	subcs	r0, r0, r1
8780023c:	e1a010a1 	lsr	r1, r1, #1
87800240:	e1500001 	cmp	r0, r1
87800244:	20400001 	subcs	r0, r0, r1
87800248:	e1a0f00e 	mov	pc, lr
8780024c:	90909090 	umullsls	r9, r0, r0, r0

87800250 <__modsi3>:
87800250:	e3510000 	cmp	r1, #0
87800254:	0a000032 	beq	87800324 <Ldiv0>
87800258:	42611000 	rsbmi	r1, r1, #0
8780025c:	e1b0c000 	movs	ip, r0
87800260:	42600000 	rsbmi	r0, r0, #0
87800264:	e2512001 	subs	r2, r1, #1
87800268:	11500001 	cmpne	r0, r1
8780026c:	03a00000 	moveq	r0, #0
87800270:	81110002 	tsthi	r1, r2
87800274:	00000002 	andeq	r0, r0, r2
87800278:	9a000026 	bls	87800318 <__modsi3+0xc8>
8780027c:	e3a02000 	mov	r2, #0
87800280:	e3510201 	cmp	r1, #268435456	@ 0x10000000
87800284:	31510000 	cmpcc	r1, r0
87800288:	31a01201 	lslcc	r1, r1, #4
8780028c:	32822004 	addcc	r2, r2, #4
87800290:	3afffffa 	bcc	87800280 <__modsi3+0x30>
87800294:	e3510102 	cmp	r1, #-2147483648	@ 0x80000000
87800298:	31510000 	cmpcc	r1, r0
8780029c:	31a01081 	lslcc	r1, r1, #1
878002a0:	32822001 	addcc	r2, r2, #1
878002a4:	3afffffa 	bcc	87800294 <__modsi3+0x44>
878002a8:	e2522003 	subs	r2, r2, #3
878002ac:	ba00000e 	blt	878002ec <__modsi3+0x9c>
878002b0:	e1500001 	cmp	r0, r1
878002b4:	20400001 	subcs	r0, r0, r1
878002b8:	e15000a1 	cmp	r0, r1, lsr #1
878002bc:	204000a1 	subcs	r0, r0, r1, lsr #1
878002c0:	e1500121 	cmp	r0, r1, lsr #2
878002c4:	20400121 	subcs	r0, r0, r1, lsr #2
878002c8:	e15001a1 	cmp	r0, r1, lsr #3
878002cc:	204001a1 	subcs	r0, r0, r1, lsr #3
878002d0:	e3500001 	cmp	r0, #1
878002d4:	e1a01221 	lsr	r1, r1, #4
878002d8:	a2522004 	subsge	r2, r2, #4
878002dc:	aafffff3 	bge	878002b0 <__modsi3+0x60>
878002e0:	e3120003 	tst	r2, #3
878002e4:	13300000 	teqne	r0, #0
878002e8:	0a00000a 	beq	87800318 <__modsi3+0xc8>
878002ec:	e3720002 	cmn	r2, #2
878002f0:	ba000006 	blt	87800310 <__modsi3+0xc0>
878002f4:	0a000002 	beq	87800304 <__modsi3+0xb4>
878002f8:	e1500001 	cmp	r0, r1
878002fc:	20400001 	subcs	r0, r0, r1
87800300:	e1a010a1 	lsr	r1, r1, #1
87800304:	e1500001 	cmp	r0, r1
87800308:	20400001 	subcs	r0, r0, r1
8780030c:	e1a010a1 	lsr	r1, r1, #1
87800310:	e1500001 	cmp	r0, r1
87800314:	20400001 	subcs	r0, r0, r1
87800318:	e35c0000 	cmp	ip, #0
8780031c:	42600000 	rsbmi	r0, r0, #0
87800320:	e1a0f00e 	mov	pc, lr

87800324 <Ldiv0>:
87800324:	e52de004 	push	{lr}		@ (str lr, [sp, #-4]!)
87800328:	e3a00000 	mov	r0, #0
8780032c:	e49df004 	pop	{pc}		@ (ldr pc, [sp], #4)

87800330 <integer_display>:
87800330:	b5f0      	push	{r4, r5, r6, r7, lr}
87800332:	4606      	mov	r6, r0
87800334:	f04f 10ff 	mov.w	r0, #16711935	@ 0xff00ff
87800338:	b0b7      	sub	sp, #220	@ 0xdc
8780033a:	460f      	mov	r7, r1
8780033c:	ac04      	add	r4, sp, #16
8780033e:	4615      	mov	r5, r2
87800340:	9303      	str	r3, [sp, #12]
87800342:	f002 ff0f 	bl	87803164 <LCD_Clear>
87800346:	22c8      	movs	r2, #200	@ 0xc8
87800348:	2100      	movs	r1, #0
8780034a:	4620      	mov	r0, r4
8780034c:	f000 faf2 	bl	87800934 <memset>
87800350:	9b03      	ldr	r3, [sp, #12]
87800352:	2b00      	cmp	r3, #0
87800354:	db0f      	blt.n	87800376 <integer_display+0x46>
87800356:	490b      	ldr	r1, [pc, #44]	@ (87800384 <integer_display+0x54>)
87800358:	461a      	mov	r2, r3
8780035a:	4620      	mov	r0, r4
8780035c:	4479      	add	r1, pc
8780035e:	f001 fe3d 	bl	87801fdc <sprintf>
87800362:	462b      	mov	r3, r5
87800364:	4639      	mov	r1, r7
87800366:	4630      	mov	r0, r6
87800368:	2232      	movs	r2, #50	@ 0x32
8780036a:	e9cd 5400 	strd	r5, r4, [sp]
8780036e:	f003 f9af 	bl	878036d0 <LCD_ShowString>
87800372:	b037      	add	sp, #220	@ 0xdc
87800374:	bdf0      	pop	{r4, r5, r6, r7, pc}
87800376:	4904      	ldr	r1, [pc, #16]	@ (87800388 <integer_display+0x58>)
87800378:	425a      	negs	r2, r3
8780037a:	4620      	mov	r0, r4
8780037c:	4479      	add	r1, pc
8780037e:	f001 fe2d 	bl	87801fdc <sprintf>
87800382:	e7ee      	b.n	87800362 <integer_display+0x32>
87800384:	000050b8 	strheq	r5, [r0], -r8
87800388:	00005094 	muleq	r0, r4, r0

8780038c <decimals_display>:
8780038c:	e92d 43f0 	stmdb	sp!, {r4, r5, r6, r7, r8, r9, lr}
87800390:	4680      	mov	r8, r0
87800392:	ea83 70e3 	eor.w	r0, r3, r3, asr #31
87800396:	eba0 70e3 	sub.w	r0, r0, r3, asr #31
8780039a:	f248 541f 	movw	r4, #34079	@ 0x851f
8780039e:	f2c5 14eb 	movt	r4, #20971	@ 0x51eb
878003a2:	4615      	mov	r5, r2
878003a4:	b0b7      	sub	sp, #220	@ 0xdc
878003a6:	4689      	mov	r9, r1
878003a8:	ae04      	add	r6, sp, #16
878003aa:	2100      	movs	r1, #0
878003ac:	fba4 2400 	umull	r2, r4, r4, r0
878003b0:	2264      	movs	r2, #100	@ 0x64
878003b2:	9303      	str	r3, [sp, #12]
878003b4:	0964      	lsrs	r4, r4, #5
878003b6:	fb02 0714 	mls	r7, r2, r4, r0
878003ba:	22c8      	movs	r2, #200	@ 0xc8
878003bc:	4630      	mov	r0, r6
878003be:	f000 fab9 	bl	87800934 <memset>
878003c2:	9b03      	ldr	r3, [sp, #12]
878003c4:	4622      	mov	r2, r4
878003c6:	2b00      	cmp	r3, #0
878003c8:	463b      	mov	r3, r7
878003ca:	db13      	blt.n	878003f4 <decimals_display+0x68>
878003cc:	490c      	ldr	r1, [pc, #48]	@ (87800400 <decimals_display+0x74>)
878003ce:	4630      	mov	r0, r6
878003d0:	4479      	add	r1, pc
878003d2:	f001 fe03 	bl	87801fdc <sprintf>
878003d6:	f04f 10ff 	mov.w	r0, #16711935	@ 0xff00ff
878003da:	f002 fec3 	bl	87803164 <LCD_Clear>
878003de:	223c      	movs	r2, #60	@ 0x3c
878003e0:	462b      	mov	r3, r5
878003e2:	4649      	mov	r1, r9
878003e4:	4640      	mov	r0, r8
878003e6:	e9cd 5600 	strd	r5, r6, [sp]
878003ea:	f003 f971 	bl	878036d0 <LCD_ShowString>
878003ee:	b037      	add	sp, #220	@ 0xdc
878003f0:	e8bd 83f0 	ldmia.w	sp!, {r4, r5, r6, r7, r8, r9, pc}
878003f4:	4903      	ldr	r1, [pc, #12]	@ (87800404 <decimals_display+0x78>)
878003f6:	4630      	mov	r0, r6
878003f8:	4479      	add	r1, pc
878003fa:	f001 fdef 	bl	87801fdc <sprintf>
878003fe:	e7ea      	b.n	878003d6 <decimals_display+0x4a>
87800400:	00005050 	andeq	r5, r0, r0, asr r0
87800404:	00005020 	andeq	r5, r0, r0, lsr #32

87800408 <imx6ul_hardfpu_enable>:
87800408:	ee11 3f50 	mrc	15, 0, r3, cr1, cr0, {2}
8780040c:	f023 4340 	bic.w	r3, r3, #3221225472	@ 0xc0000000
87800410:	f423 0370 	bic.w	r3, r3, #15728640	@ 0xf00000
87800414:	f443 0370 	orr.w	r3, r3, #15728640	@ 0xf00000
87800418:	ee01 3f50 	mcr	15, 0, r3, cr1, cr0, {2}
8780041c:	eef8 3a10 	vmrs	r3, fpexc
87800420:	f043 4380 	orr.w	r3, r3, #1073741824	@ 0x40000000
87800424:	eee8 3a10 	vmsr	fpexc, r3
87800428:	4770      	bx	lr
8780042a:	bf00      	nop

8780042c <__div64_32>:
8780042c:	e92d 43f0 	stmdb	sp!, {r4, r5, r6, r7, r8, r9, lr}
87800430:	f04f 0800 	mov.w	r8, #0
87800434:	6846      	ldr	r6, [r0, #4]
87800436:	6805      	ldr	r5, [r0, #0]
87800438:	4607      	mov	r7, r0
8780043a:	42b1      	cmp	r1, r6
8780043c:	b083      	sub	sp, #12
8780043e:	4689      	mov	r9, r1
87800440:	460b      	mov	r3, r1
87800442:	4644      	mov	r4, r8
87800444:	bf84      	itt	hi
87800446:	4640      	movhi	r0, r8
87800448:	46c6      	movhi	lr, r8
8780044a:	d808      	bhi.n	8780045e <__div64_32+0x32>
8780044c:	4630      	mov	r0, r6
8780044e:	9101      	str	r1, [sp, #4]
87800450:	f004 fcfa 	bl	87804e48 <__udivsi3>
87800454:	464b      	mov	r3, r9
87800456:	fb00 6619 	mls	r6, r0, r9, r6
8780045a:	4686      	mov	lr, r0
8780045c:	4640      	mov	r0, r8
8780045e:	45a9      	cmp	r9, r5
87800460:	f04f 0201 	mov.w	r2, #1
87800464:	eb78 0806 	sbcs.w	r8, r8, r6
87800468:	bf34      	ite	cc
8780046a:	f04f 0801 	movcc.w	r8, #1
8780046e:	f04f 0800 	movcs.w	r8, #0
87800472:	f1b9 0f00 	cmp.w	r9, #0
87800476:	bf0c      	ite	eq
87800478:	f04f 0800 	moveq.w	r8, #0
8780047c:	f008 0801 	andne.w	r8, r8, #1
87800480:	f1b8 0f00 	cmp.w	r8, #0
87800484:	d016      	beq.n	878004b4 <__div64_32+0x88>
87800486:	f04f 0800 	mov.w	r8, #0
8780048a:	18db      	adds	r3, r3, r3
8780048c:	4164      	adcs	r4, r4
8780048e:	1892      	adds	r2, r2, r2
87800490:	eb48 0c08 	adc.w	ip, r8, r8
87800494:	2b01      	cmp	r3, #1
87800496:	f174 0100 	sbcs.w	r1, r4, #0
8780049a:	bfac      	ite	ge
8780049c:	2101      	movge	r1, #1
8780049e:	2100      	movlt	r1, #0
878004a0:	42ab      	cmp	r3, r5
878004a2:	f001 0101 	and.w	r1, r1, #1
878004a6:	eb74 0806 	sbcs.w	r8, r4, r6
878004aa:	46e0      	mov	r8, ip
878004ac:	bf28      	it	cs
878004ae:	2100      	movcs	r1, #0
878004b0:	2900      	cmp	r1, #0
878004b2:	d1ea      	bne.n	8780048a <__div64_32+0x5e>
878004b4:	429d      	cmp	r5, r3
878004b6:	ea4f 0c52 	mov.w	ip, r2, lsr #1
878004ba:	ea4f 0153 	mov.w	r1, r3, lsr #1
878004be:	eb76 0904 	sbcs.w	r9, r6, r4
878004c2:	d306      	bcc.n	878004d2 <__div64_32+0xa6>
878004c4:	1aed      	subs	r5, r5, r3
878004c6:	eb66 0604 	sbc.w	r6, r6, r4
878004ca:	1812      	adds	r2, r2, r0
878004cc:	eb48 0e0e 	adc.w	lr, r8, lr
878004d0:	4610      	mov	r0, r2
878004d2:	ea4c 72c8 	orr.w	r2, ip, r8, lsl #31
878004d6:	ea4f 0858 	mov.w	r8, r8, lsr #1
878004da:	ea41 73c4 	orr.w	r3, r1, r4, lsl #31
878004de:	0864      	lsrs	r4, r4, #1
878004e0:	ea52 0108 	orrs.w	r1, r2, r8
878004e4:	d1e6      	bne.n	878004b4 <__div64_32+0x88>
878004e6:	e9c7 0e00 	strd	r0, lr, [r7]
878004ea:	4628      	mov	r0, r5
878004ec:	b003      	add	sp, #12
878004ee:	e8bd 83f0 	ldmia.w	sp!, {r4, r5, r6, r7, r8, r9, pc}
878004f2:	bf00      	nop

878004f4 <__muldi3>:
878004f4:	b570      	push	{r4, r5, r6, lr}
878004f6:	ea4f 4410 	mov.w	r4, r0, lsr #16
878004fa:	ea4f 4c12 	mov.w	ip, r2, lsr #16
878004fe:	ea20 4504 	bic.w	r5, r0, r4, lsl #16
87800502:	ea22 460c 	bic.w	r6, r2, ip, lsl #16
87800506:	fb05 fe06 	mul.w	lr, r5, r6
8780050a:	fb04 f606 	mul.w	r6, r4, r6
8780050e:	fb0c f505 	mul.w	r5, ip, r5
87800512:	fb04 fc0c 	mul.w	ip, r4, ip
87800516:	1975      	adds	r5, r6, r5
87800518:	bf28      	it	cs
8780051a:	f50c 3c80 	addcs.w	ip, ip, #65536	@ 0x10000
8780051e:	eb1e 4e05 	adds.w	lr, lr, r5, lsl #16
87800522:	eb4c 4c15 	adc.w	ip, ip, r5, lsr #16
87800526:	fb03 c300 	mla	r3, r3, r0, ip
8780052a:	4670      	mov	r0, lr
8780052c:	fb02 3101 	mla	r1, r2, r1, r3
87800530:	bd70      	pop	{r4, r5, r6, pc}
87800532:	bf00      	nop

87800534 <printf>:
87800534:	b40f      	push	{r0, r1, r2, r3}
87800536:	e92d 41f0 	stmdb	sp!, {r4, r5, r6, r7, r8, lr}
8780053a:	2700      	movs	r7, #0
8780053c:	f2c0 2702 	movt	r7, #514	@ 0x202
87800540:	aa06      	add	r2, sp, #24
87800542:	4e0d      	ldr	r6, [pc, #52]	@ (87800578 <printf+0x44>)
87800544:	2400      	movs	r4, #0
87800546:	447e      	add	r6, pc
87800548:	f852 1b04 	ldr.w	r1, [r2], #4
8780054c:	4630      	mov	r0, r6
8780054e:	f001 fd3f 	bl	87801fd0 <vsprintf>
87800552:	1e75      	subs	r5, r6, #1
87800554:	4680      	mov	r8, r0
87800556:	e004      	b.n	87800562 <printf+0x2e>
87800558:	3401      	adds	r4, #1
8780055a:	f815 1f01 	ldrb.w	r1, [r5, #1]!
8780055e:	f003 fa3d 	bl	878039dc <UART_Write>
87800562:	4630      	mov	r0, r6
87800564:	f000 f8f8 	bl	87800758 <strlen>
87800568:	42a0      	cmp	r0, r4
8780056a:	4638      	mov	r0, r7
8780056c:	d8f4      	bhi.n	87800558 <printf+0x24>
8780056e:	4640      	mov	r0, r8
87800570:	e8bd 41f0 	ldmia.w	sp!, {r4, r5, r6, r7, r8, lr}
87800574:	b004      	add	sp, #16
87800576:	4770      	bx	lr
87800578:	0000993a 	andeq	r9, r0, sl, lsr r9

8780057c <scanf>:
8780057c:	b40f      	push	{r0, r1, r2, r3}
8780057e:	b5f8      	push	{r3, r4, r5, r6, r7, lr}
87800580:	2700      	movs	r7, #0
87800582:	f2c0 2702 	movt	r7, #514	@ 0x202
87800586:	4d13      	ldr	r5, [pc, #76]	@ (878005d4 <scanf+0x58>)
87800588:	2600      	movs	r6, #0
8780058a:	447d      	add	r5, pc
8780058c:	f205 35ff 	addw	r5, r5, #1023	@ 0x3ff
87800590:	e002      	b.n	87800598 <scanf+0x1c>
87800592:	3601      	adds	r6, #1
87800594:	f805 4f01 	strb.w	r4, [r5, #1]!
87800598:	4638      	mov	r0, r7
8780059a:	f003 fa17 	bl	878039cc <UART_Read>
8780059e:	4604      	mov	r4, r0
878005a0:	4601      	mov	r1, r0
878005a2:	4638      	mov	r0, r7
878005a4:	f003 fa1a 	bl	878039dc <UART_Write>
878005a8:	2c0a      	cmp	r4, #10
878005aa:	bf18      	it	ne
878005ac:	2c0d      	cmpne	r4, #13
878005ae:	d1f0      	bne.n	87800592 <scanf+0x16>
878005b0:	4809      	ldr	r0, [pc, #36]	@ (878005d8 <scanf+0x5c>)
878005b2:	aa06      	add	r2, sp, #24
878005b4:	2300      	movs	r3, #0
878005b6:	4478      	add	r0, pc
878005b8:	4406      	add	r6, r0
878005ba:	f852 1b04 	ldr.w	r1, [r2], #4
878005be:	f500 6080 	add.w	r0, r0, #1024	@ 0x400
878005c2:	f886 3400 	strb.w	r3, [r6, #1024]	@ 0x400
878005c6:	f001 fd17 	bl	87801ff8 <vsscanf>
878005ca:	e8bd 40f8 	ldmia.w	sp!, {r3, r4, r5, r6, r7, lr}
878005ce:	b004      	add	sp, #16
878005d0:	4770      	bx	lr
878005d2:	bf00      	nop
878005d4:	000098f6 	strdeq	r9, [r0], -r6
878005d8:	000098ca 	andeq	r9, r0, sl, asr #17

878005dc <strnicmp>:
878005dc:	b530      	push	{r4, r5, lr}
878005de:	460c      	mov	r4, r1
878005e0:	4916      	ldr	r1, [pc, #88]	@ (8780063c <strnicmp+0x60>)
878005e2:	4479      	add	r1, pc
878005e4:	b31a      	cbz	r2, 8780062e <strnicmp+0x52>
878005e6:	4402      	add	r2, r0
878005e8:	f100 3cff 	add.w	ip, r0, #4294967295	@ 0xffffffff
878005ec:	3c01      	subs	r4, #1
878005ee:	1e55      	subs	r5, r2, #1
878005f0:	e014      	b.n	8780061c <strnicmp+0x40>
878005f2:	b1db      	cbz	r3, 8780062c <strnicmp+0x50>
878005f4:	4298      	cmp	r0, r3
878005f6:	d00f      	beq.n	87800618 <strnicmp+0x3c>
878005f8:	588a      	ldr	r2, [r1, r2]
878005fa:	f812 e000 	ldrb.w	lr, [r2, r0]
878005fe:	5cd2      	ldrb	r2, [r2, r3]
87800600:	f00e 0e01 	and.w	lr, lr, #1
87800604:	f002 0201 	and.w	r2, r2, #1
87800608:	eb00 104e 	add.w	r0, r0, lr, lsl #5
8780060c:	eb03 1342 	add.w	r3, r3, r2, lsl #5
87800610:	b2c0      	uxtb	r0, r0
87800612:	b2db      	uxtb	r3, r3
87800614:	4283      	cmp	r3, r0
87800616:	d10e      	bne.n	87800636 <strnicmp+0x5a>
87800618:	4565      	cmp	r5, ip
8780061a:	d00a      	beq.n	87800632 <strnicmp+0x56>
8780061c:	f81c 0f01 	ldrb.w	r0, [ip, #1]!
87800620:	4a07      	ldr	r2, [pc, #28]	@ (87800640 <strnicmp+0x64>)
87800622:	f814 3f01 	ldrb.w	r3, [r4, #1]!
87800626:	2800      	cmp	r0, #0
87800628:	d1e3      	bne.n	878005f2 <strnicmp+0x16>
8780062a:	4258      	negs	r0, r3
8780062c:	bd30      	pop	{r4, r5, pc}
8780062e:	4610      	mov	r0, r2
87800630:	bd30      	pop	{r4, r5, pc}
87800632:	2000      	movs	r0, #0
87800634:	bd30      	pop	{r4, r5, pc}
87800636:	1ac0      	subs	r0, r0, r3
87800638:	bd30      	pop	{r4, r5, pc}
8780063a:	bf00      	nop
8780063c:	fffffa1a 			@ <UNDEFINED> instruction: 0xfffffa1a
87800640:	00000178 	andeq	r0, r0, r8, ror r1

87800644 <strcpy>:
87800644:	1e42      	subs	r2, r0, #1
87800646:	f811 3b01 	ldrb.w	r3, [r1], #1
8780064a:	f802 3f01 	strb.w	r3, [r2, #1]!
8780064e:	2b00      	cmp	r3, #0
87800650:	d1f9      	bne.n	87800646 <strcpy+0x2>
87800652:	4770      	bx	lr

87800654 <strncpy>:
87800654:	f100 3cff 	add.w	ip, r0, #4294967295	@ 0xffffffff
87800658:	440a      	add	r2, r1
8780065a:	e004      	b.n	87800666 <strncpy+0x12>
8780065c:	f811 3b01 	ldrb.w	r3, [r1], #1
87800660:	f80c 3f01 	strb.w	r3, [ip, #1]!
87800664:	b10b      	cbz	r3, 8780066a <strncpy+0x16>
87800666:	4291      	cmp	r1, r2
87800668:	d1f8      	bne.n	8780065c <strncpy+0x8>
8780066a:	4770      	bx	lr

8780066c <strcat>:
8780066c:	7803      	ldrb	r3, [r0, #0]
8780066e:	b163      	cbz	r3, 8780068a <strcat+0x1e>
87800670:	4603      	mov	r3, r0
87800672:	f813 2f01 	ldrb.w	r2, [r3, #1]!
87800676:	2a00      	cmp	r2, #0
87800678:	d1fb      	bne.n	87800672 <strcat+0x6>
8780067a:	3b01      	subs	r3, #1
8780067c:	f811 2b01 	ldrb.w	r2, [r1], #1
87800680:	f803 2f01 	strb.w	r2, [r3, #1]!
87800684:	2a00      	cmp	r2, #0
87800686:	d1f9      	bne.n	8780067c <strcat+0x10>
87800688:	4770      	bx	lr
8780068a:	4603      	mov	r3, r0
8780068c:	e7f5      	b.n	8780067a <strcat+0xe>
8780068e:	bf00      	nop

87800690 <strncat>:
87800690:	4694      	mov	ip, r2
87800692:	b192      	cbz	r2, 878006ba <strncat+0x2a>
87800694:	7803      	ldrb	r3, [r0, #0]
87800696:	b1a3      	cbz	r3, 878006c2 <strncat+0x32>
87800698:	4603      	mov	r3, r0
8780069a:	f813 2f01 	ldrb.w	r2, [r3, #1]!
8780069e:	2a00      	cmp	r2, #0
878006a0:	d1fb      	bne.n	8780069a <strncat+0xa>
878006a2:	3901      	subs	r1, #1
878006a4:	449c      	add	ip, r3
878006a6:	e001      	b.n	878006ac <strncat+0x1c>
878006a8:	4563      	cmp	r3, ip
878006aa:	d007      	beq.n	878006bc <strncat+0x2c>
878006ac:	f811 2f01 	ldrb.w	r2, [r1, #1]!
878006b0:	3301      	adds	r3, #1
878006b2:	f803 2c01 	strb.w	r2, [r3, #-1]
878006b6:	2a00      	cmp	r2, #0
878006b8:	d1f6      	bne.n	878006a8 <strncat+0x18>
878006ba:	4770      	bx	lr
878006bc:	2200      	movs	r2, #0
878006be:	701a      	strb	r2, [r3, #0]
878006c0:	4770      	bx	lr
878006c2:	4603      	mov	r3, r0
878006c4:	e7ed      	b.n	878006a2 <strncat+0x12>
878006c6:	bf00      	nop

878006c8 <strcmp>:
878006c8:	1e42      	subs	r2, r0, #1
878006ca:	3901      	subs	r1, #1
878006cc:	e000      	b.n	878006d0 <strcmp+0x8>
878006ce:	b13b      	cbz	r3, 878006e0 <strcmp+0x18>
878006d0:	f812 3f01 	ldrb.w	r3, [r2, #1]!
878006d4:	f811 0f01 	ldrb.w	r0, [r1, #1]!
878006d8:	1a18      	subs	r0, r3, r0
878006da:	b240      	sxtb	r0, r0
878006dc:	2800      	cmp	r0, #0
878006de:	d0f6      	beq.n	878006ce <strcmp+0x6>
878006e0:	4770      	bx	lr
878006e2:	bf00      	nop

878006e4 <strncmp>:
878006e4:	b18a      	cbz	r2, 8780070a <strncmp+0x26>
878006e6:	3a01      	subs	r2, #1
878006e8:	1e43      	subs	r3, r0, #1
878006ea:	3901      	subs	r1, #1
878006ec:	eb00 0c02 	add.w	ip, r0, r2
878006f0:	e002      	b.n	878006f8 <strncmp+0x14>
878006f2:	b152      	cbz	r2, 8780070a <strncmp+0x26>
878006f4:	4563      	cmp	r3, ip
878006f6:	d00a      	beq.n	8780070e <strncmp+0x2a>
878006f8:	f813 2f01 	ldrb.w	r2, [r3, #1]!
878006fc:	f811 0f01 	ldrb.w	r0, [r1, #1]!
87800700:	1a10      	subs	r0, r2, r0
87800702:	b240      	sxtb	r0, r0
87800704:	2800      	cmp	r0, #0
87800706:	d0f4      	beq.n	878006f2 <strncmp+0xe>
87800708:	4770      	bx	lr
8780070a:	4610      	mov	r0, r2
8780070c:	4770      	bx	lr
8780070e:	4770      	bx	lr

87800710 <strchr>:
87800710:	7803      	ldrb	r3, [r0, #0]
87800712:	b2c9      	uxtb	r1, r1
87800714:	428b      	cmp	r3, r1
87800716:	d006      	beq.n	87800726 <strchr+0x16>
87800718:	b123      	cbz	r3, 87800724 <strchr+0x14>
8780071a:	f810 3f01 	ldrb.w	r3, [r0, #1]!
8780071e:	428b      	cmp	r3, r1
87800720:	d1fa      	bne.n	87800718 <strchr+0x8>
87800722:	4770      	bx	lr
87800724:	4618      	mov	r0, r3
87800726:	4770      	bx	lr

87800728 <strrchr>:
87800728:	7803      	ldrb	r3, [r0, #0]
8780072a:	b19b      	cbz	r3, 87800754 <strrchr+0x2c>
8780072c:	4603      	mov	r3, r0
8780072e:	f813 2f01 	ldrb.w	r2, [r3, #1]!
87800732:	2a00      	cmp	r2, #0
87800734:	d1fb      	bne.n	8780072e <strrchr+0x6>
87800736:	b2c9      	uxtb	r1, r1
87800738:	e001      	b.n	8780073e <strrchr+0x16>
8780073a:	4298      	cmp	r0, r3
8780073c:	d807      	bhi.n	8780074e <strrchr+0x26>
8780073e:	f893 c000 	ldrb.w	ip, [r3]
87800742:	461a      	mov	r2, r3
87800744:	3b01      	subs	r3, #1
87800746:	458c      	cmp	ip, r1
87800748:	d1f7      	bne.n	8780073a <strrchr+0x12>
8780074a:	4610      	mov	r0, r2
8780074c:	4770      	bx	lr
8780074e:	2200      	movs	r2, #0
87800750:	4610      	mov	r0, r2
87800752:	4770      	bx	lr
87800754:	4603      	mov	r3, r0
87800756:	e7ee      	b.n	87800736 <strrchr+0xe>

87800758 <strlen>:
87800758:	7803      	ldrb	r3, [r0, #0]
8780075a:	b133      	cbz	r3, 8780076a <strlen+0x12>
8780075c:	4603      	mov	r3, r0
8780075e:	f813 2f01 	ldrb.w	r2, [r3, #1]!
87800762:	2a00      	cmp	r2, #0
87800764:	d1fb      	bne.n	8780075e <strlen+0x6>
87800766:	1a18      	subs	r0, r3, r0
87800768:	4770      	bx	lr
8780076a:	4618      	mov	r0, r3
8780076c:	4770      	bx	lr
8780076e:	bf00      	nop

87800770 <strnlen>:
87800770:	4603      	mov	r3, r0
87800772:	eb00 0c01 	add.w	ip, r0, r1
87800776:	b919      	cbnz	r1, 87800780 <strnlen+0x10>
87800778:	e007      	b.n	8780078a <strnlen+0x1a>
8780077a:	3301      	adds	r3, #1
8780077c:	459c      	cmp	ip, r3
8780077e:	d004      	beq.n	8780078a <strnlen+0x1a>
87800780:	781a      	ldrb	r2, [r3, #0]
87800782:	2a00      	cmp	r2, #0
87800784:	d1f9      	bne.n	8780077a <strnlen+0xa>
87800786:	1a18      	subs	r0, r3, r0
87800788:	4770      	bx	lr
8780078a:	4608      	mov	r0, r1
8780078c:	4770      	bx	lr
8780078e:	bf00      	nop

87800790 <strspn>:
87800790:	b510      	push	{r4, lr}
87800792:	460c      	mov	r4, r1
87800794:	7801      	ldrb	r1, [r0, #0]
87800796:	b1b9      	cbz	r1, 878007c8 <strspn+0x38>
87800798:	f894 e000 	ldrb.w	lr, [r4]
8780079c:	f1be 0f00 	cmp.w	lr, #0
878007a0:	d101      	bne.n	878007a6 <strspn+0x16>
878007a2:	4670      	mov	r0, lr
878007a4:	bd10      	pop	{r4, pc}
878007a6:	4684      	mov	ip, r0
878007a8:	2000      	movs	r0, #0
878007aa:	4622      	mov	r2, r4
878007ac:	4673      	mov	r3, lr
878007ae:	e003      	b.n	878007b8 <strspn+0x28>
878007b0:	f812 3f01 	ldrb.w	r3, [r2, #1]!
878007b4:	2b00      	cmp	r3, #0
878007b6:	d0f5      	beq.n	878007a4 <strspn+0x14>
878007b8:	4299      	cmp	r1, r3
878007ba:	d1f9      	bne.n	878007b0 <strspn+0x20>
878007bc:	f81c 1f01 	ldrb.w	r1, [ip, #1]!
878007c0:	3001      	adds	r0, #1
878007c2:	2900      	cmp	r1, #0
878007c4:	d1f1      	bne.n	878007aa <strspn+0x1a>
878007c6:	bd10      	pop	{r4, pc}
878007c8:	4608      	mov	r0, r1
878007ca:	bd10      	pop	{r4, pc}

878007cc <strpbrk>:
878007cc:	f890 c000 	ldrb.w	ip, [r0]
878007d0:	f1bc 0f00 	cmp.w	ip, #0
878007d4:	d01d      	beq.n	87800812 <strpbrk+0x46>
878007d6:	b500      	push	{lr}
878007d8:	f891 e000 	ldrb.w	lr, [r1]
878007dc:	f1be 0f00 	cmp.w	lr, #0
878007e0:	d012      	beq.n	87800808 <strpbrk+0x3c>
878007e2:	460a      	mov	r2, r1
878007e4:	4673      	mov	r3, lr
878007e6:	e002      	b.n	878007ee <strpbrk+0x22>
878007e8:	f812 3f01 	ldrb.w	r3, [r2, #1]!
878007ec:	b113      	cbz	r3, 878007f4 <strpbrk+0x28>
878007ee:	4563      	cmp	r3, ip
878007f0:	d1fa      	bne.n	878007e8 <strpbrk+0x1c>
878007f2:	bd00      	pop	{pc}
878007f4:	f810 cf01 	ldrb.w	ip, [r0, #1]!
878007f8:	f1bc 0f00 	cmp.w	ip, #0
878007fc:	d1f1      	bne.n	878007e2 <strpbrk+0x16>
878007fe:	4660      	mov	r0, ip
87800800:	bd00      	pop	{pc}
87800802:	f810 3f02 	ldrb.w	r3, [r0, #2]!
87800806:	b113      	cbz	r3, 8780080e <strpbrk+0x42>
87800808:	7843      	ldrb	r3, [r0, #1]
8780080a:	2b00      	cmp	r3, #0
8780080c:	d1f9      	bne.n	87800802 <strpbrk+0x36>
8780080e:	4618      	mov	r0, r3
87800810:	bd00      	pop	{pc}
87800812:	4660      	mov	r0, ip
87800814:	4770      	bx	lr
87800816:	bf00      	nop

87800818 <strtok>:
87800818:	b530      	push	{r4, r5, lr}
8780081a:	460c      	mov	r4, r1
8780081c:	4605      	mov	r5, r0
8780081e:	2800      	cmp	r0, #0
87800820:	d047      	beq.n	878008b2 <strtok+0x9a>
87800822:	7828      	ldrb	r0, [r5, #0]
87800824:	2800      	cmp	r0, #0
87800826:	d03e      	beq.n	878008a6 <strtok+0x8e>
87800828:	7821      	ldrb	r1, [r4, #0]
8780082a:	468c      	mov	ip, r1
8780082c:	bb11      	cbnz	r1, 87800874 <strtok+0x5c>
8780082e:	eb05 000c 	add.w	r0, r5, ip
87800832:	f815 c00c 	ldrb.w	ip, [r5, ip]
87800836:	f1bc 0f00 	cmp.w	ip, #0
8780083a:	d034      	beq.n	878008a6 <strtok+0x8e>
8780083c:	4603      	mov	r3, r0
8780083e:	2900      	cmp	r1, #0
87800840:	d041      	beq.n	878008c6 <strtok+0xae>
87800842:	4605      	mov	r5, r0
87800844:	4622      	mov	r2, r4
87800846:	460b      	mov	r3, r1
87800848:	e002      	b.n	87800850 <strtok+0x38>
8780084a:	f812 3f01 	ldrb.w	r3, [r2, #1]!
8780084e:	b153      	cbz	r3, 87800866 <strtok+0x4e>
87800850:	4563      	cmp	r3, ip
87800852:	d1fa      	bne.n	8780084a <strtok+0x32>
87800854:	782b      	ldrb	r3, [r5, #0]
87800856:	b113      	cbz	r3, 8780085e <strtok+0x46>
87800858:	2300      	movs	r3, #0
8780085a:	f805 3b01 	strb.w	r3, [r5], #1
8780085e:	4b1c      	ldr	r3, [pc, #112]	@ (878008d0 <strtok+0xb8>)
87800860:	447b      	add	r3, pc
87800862:	601d      	str	r5, [r3, #0]
87800864:	bd30      	pop	{r4, r5, pc}
87800866:	f815 cf01 	ldrb.w	ip, [r5, #1]!
8780086a:	f1bc 0f00 	cmp.w	ip, #0
8780086e:	d1e9      	bne.n	87800844 <strtok+0x2c>
87800870:	4665      	mov	r5, ip
87800872:	e7f4      	b.n	8780085e <strtok+0x46>
87800874:	46ae      	mov	lr, r5
87800876:	f04f 0c00 	mov.w	ip, #0
8780087a:	4622      	mov	r2, r4
8780087c:	460b      	mov	r3, r1
8780087e:	e003      	b.n	87800888 <strtok+0x70>
87800880:	f812 3f01 	ldrb.w	r3, [r2, #1]!
87800884:	2b00      	cmp	r3, #0
87800886:	d0d2      	beq.n	8780082e <strtok+0x16>
87800888:	4283      	cmp	r3, r0
8780088a:	d1f9      	bne.n	87800880 <strtok+0x68>
8780088c:	f81e 0f01 	ldrb.w	r0, [lr, #1]!
87800890:	f10c 0c01 	add.w	ip, ip, #1
87800894:	2800      	cmp	r0, #0
87800896:	d1f0      	bne.n	8780087a <strtok+0x62>
87800898:	eb05 000c 	add.w	r0, r5, ip
8780089c:	f815 c00c 	ldrb.w	ip, [r5, ip]
878008a0:	f1bc 0f00 	cmp.w	ip, #0
878008a4:	d1ca      	bne.n	8780083c <strtok+0x24>
878008a6:	4b0b      	ldr	r3, [pc, #44]	@ (878008d4 <strtok+0xbc>)
878008a8:	2200      	movs	r2, #0
878008aa:	447b      	add	r3, pc
878008ac:	601a      	str	r2, [r3, #0]
878008ae:	2000      	movs	r0, #0
878008b0:	bd30      	pop	{r4, r5, pc}
878008b2:	4b09      	ldr	r3, [pc, #36]	@ (878008d8 <strtok+0xc0>)
878008b4:	447b      	add	r3, pc
878008b6:	681d      	ldr	r5, [r3, #0]
878008b8:	2d00      	cmp	r5, #0
878008ba:	d1b2      	bne.n	87800822 <strtok+0xa>
878008bc:	e7f7      	b.n	878008ae <strtok+0x96>
878008be:	f813 5f02 	ldrb.w	r5, [r3, #2]!
878008c2:	2d00      	cmp	r5, #0
878008c4:	d0cb      	beq.n	8780085e <strtok+0x46>
878008c6:	785d      	ldrb	r5, [r3, #1]
878008c8:	2d00      	cmp	r5, #0
878008ca:	d1f8      	bne.n	878008be <strtok+0xa6>
878008cc:	e7c7      	b.n	8780085e <strtok+0x46>
878008ce:	bf00      	nop
878008d0:	00009e20 	andeq	r9, r0, r0, lsr #28
878008d4:	00009dd6 	ldrdeq	r9, [r0], -r6
878008d8:	00009dcc 	andeq	r9, r0, ip, asr #27

878008dc <strsep>:
878008dc:	b530      	push	{r4, r5, lr}
878008de:	4605      	mov	r5, r0
878008e0:	6800      	ldr	r0, [r0, #0]
878008e2:	b1a0      	cbz	r0, 8780090e <strsep+0x32>
878008e4:	f890 c000 	ldrb.w	ip, [r0]
878008e8:	f1bc 0f00 	cmp.w	ip, #0
878008ec:	d015      	beq.n	8780091a <strsep+0x3e>
878008ee:	780c      	ldrb	r4, [r1, #0]
878008f0:	b1ac      	cbz	r4, 8780091e <strsep+0x42>
878008f2:	4686      	mov	lr, r0
878008f4:	460a      	mov	r2, r1
878008f6:	4623      	mov	r3, r4
878008f8:	e002      	b.n	87800900 <strsep+0x24>
878008fa:	f812 3f01 	ldrb.w	r3, [r2, #1]!
878008fe:	b13b      	cbz	r3, 87800910 <strsep+0x34>
87800900:	4563      	cmp	r3, ip
87800902:	d1fa      	bne.n	878008fa <strsep+0x1e>
87800904:	4673      	mov	r3, lr
87800906:	2200      	movs	r2, #0
87800908:	f803 2b01 	strb.w	r2, [r3], #1
8780090c:	602b      	str	r3, [r5, #0]
8780090e:	bd30      	pop	{r4, r5, pc}
87800910:	f81e cf01 	ldrb.w	ip, [lr, #1]!
87800914:	f1bc 0f00 	cmp.w	ip, #0
87800918:	d1ec      	bne.n	878008f4 <strsep+0x18>
8780091a:	4663      	mov	r3, ip
8780091c:	e7f6      	b.n	8780090c <strsep+0x30>
8780091e:	4602      	mov	r2, r0
87800920:	e003      	b.n	8780092a <strsep+0x4e>
87800922:	f812 3f02 	ldrb.w	r3, [r2, #2]!
87800926:	2b00      	cmp	r3, #0
87800928:	d0f0      	beq.n	8780090c <strsep+0x30>
8780092a:	7853      	ldrb	r3, [r2, #1]
8780092c:	2b00      	cmp	r3, #0
8780092e:	d1f8      	bne.n	87800922 <strsep+0x46>
87800930:	e7ec      	b.n	8780090c <strsep+0x30>
87800932:	bf00      	nop

87800934 <memset>:
87800934:	b12a      	cbz	r2, 87800942 <memset+0xe>
87800936:	4402      	add	r2, r0
87800938:	4603      	mov	r3, r0
8780093a:	f803 1b01 	strb.w	r1, [r3], #1
8780093e:	429a      	cmp	r2, r3
87800940:	d1fb      	bne.n	8780093a <memset+0x6>
87800942:	4770      	bx	lr

87800944 <bcopy>:
87800944:	b13a      	cbz	r2, 87800956 <bcopy+0x12>
87800946:	3901      	subs	r1, #1
87800948:	4402      	add	r2, r0
8780094a:	f810 3b01 	ldrb.w	r3, [r0], #1
8780094e:	f801 3f01 	strb.w	r3, [r1, #1]!
87800952:	4290      	cmp	r0, r2
87800954:	d1f9      	bne.n	8780094a <bcopy+0x6>
87800956:	4770      	bx	lr

87800958 <memcpy>:
87800958:	b13a      	cbz	r2, 8780096a <memcpy+0x12>
8780095a:	1e43      	subs	r3, r0, #1
8780095c:	440a      	add	r2, r1
8780095e:	f811 cb01 	ldrb.w	ip, [r1], #1
87800962:	f803 cf01 	strb.w	ip, [r3, #1]!
87800966:	4291      	cmp	r1, r2
87800968:	d1f9      	bne.n	8780095e <memcpy+0x6>
8780096a:	4770      	bx	lr

8780096c <memmove>:
8780096c:	4288      	cmp	r0, r1
8780096e:	d809      	bhi.n	87800984 <memmove+0x18>
87800970:	b18a      	cbz	r2, 87800996 <memmove+0x2a>
87800972:	1e43      	subs	r3, r0, #1
87800974:	440a      	add	r2, r1
87800976:	f811 cb01 	ldrb.w	ip, [r1], #1
8780097a:	f803 cf01 	strb.w	ip, [r3, #1]!
8780097e:	428a      	cmp	r2, r1
87800980:	d1f9      	bne.n	87800976 <memmove+0xa>
87800982:	4770      	bx	lr
87800984:	b13a      	cbz	r2, 87800996 <memmove+0x2a>
87800986:	188b      	adds	r3, r1, r2
87800988:	4402      	add	r2, r0
8780098a:	f813 cd01 	ldrb.w	ip, [r3, #-1]!
8780098e:	f802 cd01 	strb.w	ip, [r2, #-1]!
87800992:	4299      	cmp	r1, r3
87800994:	d1f9      	bne.n	8780098a <memmove+0x1e>
87800996:	4770      	bx	lr

87800998 <memcmp>:
87800998:	b17a      	cbz	r2, 878009ba <memcmp+0x22>
8780099a:	3a01      	subs	r2, #1
8780099c:	1e43      	subs	r3, r0, #1
8780099e:	3901      	subs	r1, #1
878009a0:	eb00 0c02 	add.w	ip, r0, r2
878009a4:	e001      	b.n	878009aa <memcmp+0x12>
878009a6:	459c      	cmp	ip, r3
878009a8:	d006      	beq.n	878009b8 <memcmp+0x20>
878009aa:	f813 0f01 	ldrb.w	r0, [r3, #1]!
878009ae:	f811 2f01 	ldrb.w	r2, [r1, #1]!
878009b2:	1a80      	subs	r0, r0, r2
878009b4:	d0f7      	beq.n	878009a6 <memcmp+0xe>
878009b6:	4770      	bx	lr
878009b8:	4770      	bx	lr
878009ba:	4610      	mov	r0, r2
878009bc:	e7fb      	b.n	878009b6 <memcmp+0x1e>
878009be:	bf00      	nop

878009c0 <memscan>:
878009c0:	b152      	cbz	r2, 878009d8 <memscan+0x18>
878009c2:	4603      	mov	r3, r0
878009c4:	4402      	add	r2, r0
878009c6:	e001      	b.n	878009cc <memscan+0xc>
878009c8:	429a      	cmp	r2, r3
878009ca:	d006      	beq.n	878009da <memscan+0x1a>
878009cc:	f893 c000 	ldrb.w	ip, [r3]
878009d0:	4618      	mov	r0, r3
878009d2:	3301      	adds	r3, #1
878009d4:	458c      	cmp	ip, r1
878009d6:	d1f7      	bne.n	878009c8 <memscan+0x8>
878009d8:	4770      	bx	lr
878009da:	4610      	mov	r0, r2
878009dc:	4770      	bx	lr
878009de:	bf00      	nop

878009e0 <strstr>:
878009e0:	b5f0      	push	{r4, r5, r6, r7, lr}
878009e2:	4604      	mov	r4, r0
878009e4:	780b      	ldrb	r3, [r1, #0]
878009e6:	b303      	cbz	r3, 87800a2a <strstr+0x4a>
878009e8:	460b      	mov	r3, r1
878009ea:	f813 2f01 	ldrb.w	r2, [r3, #1]!
878009ee:	2a00      	cmp	r2, #0
878009f0:	d1fb      	bne.n	878009ea <strstr+0xa>
878009f2:	1a5e      	subs	r6, r3, r1
878009f4:	d019      	beq.n	87800a2a <strstr+0x4a>
878009f6:	7823      	ldrb	r3, [r4, #0]
878009f8:	b12b      	cbz	r3, 87800a06 <strstr+0x26>
878009fa:	4623      	mov	r3, r4
878009fc:	f813 2f01 	ldrb.w	r2, [r3, #1]!
87800a00:	2a00      	cmp	r2, #0
87800a02:	d1fb      	bne.n	878009fc <strstr+0x1c>
87800a04:	1b1b      	subs	r3, r3, r4
87800a06:	429e      	cmp	r6, r3
87800a08:	dc16      	bgt.n	87800a38 <strstr+0x58>
87800a0a:	19a0      	adds	r0, r4, r6
87800a0c:	1e4f      	subs	r7, r1, #1
87800a0e:	18e5      	adds	r5, r4, r3
87800a10:	1e63      	subs	r3, r4, #1
87800a12:	463a      	mov	r2, r7
87800a14:	f813 cf01 	ldrb.w	ip, [r3, #1]!
87800a18:	f812 1f01 	ldrb.w	r1, [r2, #1]!
87800a1c:	eba0 0e03 	sub.w	lr, r0, r3
87800a20:	458c      	cmp	ip, r1
87800a22:	d104      	bne.n	87800a2e <strstr+0x4e>
87800a24:	f1be 0f01 	cmp.w	lr, #1
87800a28:	d1f4      	bne.n	87800a14 <strstr+0x34>
87800a2a:	4620      	mov	r0, r4
87800a2c:	bdf0      	pop	{r4, r5, r6, r7, pc}
87800a2e:	3401      	adds	r4, #1
87800a30:	3001      	adds	r0, #1
87800a32:	1b2b      	subs	r3, r5, r4
87800a34:	429e      	cmp	r6, r3
87800a36:	ddeb      	ble.n	87800a10 <strstr+0x30>
87800a38:	2400      	movs	r4, #0
87800a3a:	4620      	mov	r0, r4
87800a3c:	bdf0      	pop	{r4, r5, r6, r7, pc}
87800a3e:	bf00      	nop

87800a40 <memchr>:
87800a40:	4402      	add	r2, r0
87800a42:	b2c9      	uxtb	r1, r1
87800a44:	e004      	b.n	87800a50 <memchr+0x10>
87800a46:	f813 cb01 	ldrb.w	ip, [r3], #1
87800a4a:	458c      	cmp	ip, r1
87800a4c:	d004      	beq.n	87800a58 <memchr+0x18>
87800a4e:	4618      	mov	r0, r3
87800a50:	4603      	mov	r3, r0
87800a52:	4290      	cmp	r0, r2
87800a54:	d1f7      	bne.n	87800a46 <memchr+0x6>
87800a56:	2000      	movs	r0, #0
87800a58:	4770      	bx	lr
87800a5a:	bf00      	nop

87800a5c <number>:
87800a5c:	e92d 4ff0 	stmdb	sp!, {r4, r5, r6, r7, r8, r9, sl, fp, lr}
87800a60:	4684      	mov	ip, r0
87800a62:	b0a5      	sub	sp, #148	@ 0x94
87800a64:	9c31      	ldr	r4, [sp, #196]	@ 0xc4
87800a66:	9d2e      	ldr	r5, [sp, #184]	@ 0xb8
87800a68:	f004 0920 	and.w	r9, r4, #32
87800a6c:	f004 0b10 	and.w	fp, r4, #16
87800a70:	f3c4 1040 	ubfx	r0, r4, #5, #1
87800a74:	2d0a      	cmp	r5, #10
87800a76:	bf0c      	ite	eq
87800a78:	2000      	moveq	r0, #0
87800a7a:	f000 0001 	andne.w	r0, r0, #1
87800a7e:	f004 0502 	and.w	r5, r4, #2
87800a82:	2800      	cmp	r0, #0
87800a84:	f040 8100 	bne.w	87800c88 <number+0x22c>
87800a88:	f1bb 0f00 	cmp.w	fp, #0
87800a8c:	f000 80cf 	beq.w	87800c2e <number+0x1d2>
87800a90:	f024 0001 	bic.w	r0, r4, #1
87800a94:	9002      	str	r0, [sp, #8]
87800a96:	2d00      	cmp	r5, #0
87800a98:	f040 812e 	bne.w	87800cf8 <number+0x29c>
87800a9c:	ea52 0003 	orrs.w	r0, r2, r3
87800aa0:	f000 8257 	beq.w	87800f52 <number+0x4f6>
87800aa4:	2010      	movs	r0, #16
87800aa6:	9501      	str	r5, [sp, #4]
87800aa8:	9003      	str	r0, [sp, #12]
87800aaa:	982e      	ldr	r0, [sp, #184]	@ 0xb8
87800aac:	280a      	cmp	r0, #10
87800aae:	f000 81c9 	beq.w	87800e44 <number+0x3e8>
87800ab2:	2810      	cmp	r0, #16
87800ab4:	f04f 0a00 	mov.w	sl, #0
87800ab8:	bf0b      	itete	eq
87800aba:	260f      	moveq	r6, #15
87800abc:	2607      	movne	r6, #7
87800abe:	2404      	moveq	r4, #4
87800ac0:	2403      	movne	r4, #3
87800ac2:	f8df 87ac 	ldr.w	r8, [pc, #1964]	@ 87801270 <number+0x814>
87800ac6:	f10d 052b 	add.w	r5, sp, #43	@ 0x2b
87800aca:	f04f 0e00 	mov.w	lr, #0
87800ace:	f1c4 0720 	rsb	r7, r4, #32
87800ad2:	44f8      	add	r8, pc
87800ad4:	e9cd ab04 	strd	sl, fp, [sp, #16]
87800ad8:	ea02 0a06 	and.w	sl, r2, r6
87800adc:	f1b4 0b20 	subs.w	fp, r4, #32
87800ae0:	fa22 f204 	lsr.w	r2, r2, r4
87800ae4:	4670      	mov	r0, lr
87800ae6:	fa43 fb0b 	asr.w	fp, r3, fp
87800aea:	f10e 0e01 	add.w	lr, lr, #1
87800aee:	f818 a00a 	ldrb.w	sl, [r8, sl]
87800af2:	ea49 0a0a 	orr.w	sl, r9, sl
87800af6:	f805 af01 	strb.w	sl, [r5, #1]!
87800afa:	fa03 fa07 	lsl.w	sl, r3, r7
87800afe:	ea42 020a 	orr.w	r2, r2, sl
87800b02:	fa43 f304 	asr.w	r3, r3, r4
87800b06:	bf58      	it	pl
87800b08:	ea42 020b 	orrpl.w	r2, r2, fp
87800b0c:	ea52 0a03 	orrs.w	sl, r2, r3
87800b10:	d1e2      	bne.n	87800ad8 <number+0x7c>
87800b12:	9b30      	ldr	r3, [sp, #192]	@ 0xc0
87800b14:	9c03      	ldr	r4, [sp, #12]
87800b16:	9a2f      	ldr	r2, [sp, #188]	@ 0xbc
87800b18:	4573      	cmp	r3, lr
87800b1a:	bfb8      	it	lt
87800b1c:	4673      	movlt	r3, lr
87800b1e:	e9dd ab04 	ldrd	sl, fp, [sp, #16]
87800b22:	1ad2      	subs	r2, r2, r3
87800b24:	b984      	cbnz	r4, 87800b48 <number+0xec>
87800b26:	2a00      	cmp	r2, #0
87800b28:	bfd8      	it	le
87800b2a:	f102 32ff 	addle.w	r2, r2, #4294967295	@ 0xffffffff
87800b2e:	dd0b      	ble.n	87800b48 <number+0xec>
87800b30:	4462      	add	r2, ip
87800b32:	2420      	movs	r4, #32
87800b34:	4561      	cmp	r1, ip
87800b36:	f10c 0c01 	add.w	ip, ip, #1
87800b3a:	bf88      	it	hi
87800b3c:	f80c 4c01 	strbhi.w	r4, [ip, #-1]
87800b40:	4594      	cmp	ip, r2
87800b42:	d1f7      	bne.n	87800b34 <number+0xd8>
87800b44:	f04f 32ff 	mov.w	r2, #4294967295	@ 0xffffffff
87800b48:	9c01      	ldr	r4, [sp, #4]
87800b4a:	b134      	cbz	r4, 87800b5a <number+0xfe>
87800b4c:	4561      	cmp	r1, ip
87800b4e:	f10c 0c01 	add.w	ip, ip, #1
87800b52:	bf84      	itt	hi
87800b54:	9c01      	ldrhi	r4, [sp, #4]
87800b56:	f80c 4c01 	strbhi.w	r4, [ip, #-1]
87800b5a:	f1ba 0f00 	cmp.w	sl, #0
87800b5e:	d00c      	beq.n	87800b7a <number+0x11e>
87800b60:	9d2e      	ldr	r5, [sp, #184]	@ 0xb8
87800b62:	4561      	cmp	r1, ip
87800b64:	bf84      	itt	hi
87800b66:	2430      	movhi	r4, #48	@ 0x30
87800b68:	f88c 4000 	strbhi.w	r4, [ip]
87800b6c:	f10c 0401 	add.w	r4, ip, #1
87800b70:	2d10      	cmp	r5, #16
87800b72:	bf18      	it	ne
87800b74:	46a4      	movne	ip, r4
87800b76:	f000 8128 	beq.w	87800dca <number+0x36e>
87800b7a:	f1bb 0f00 	cmp.w	fp, #0
87800b7e:	f040 80b6 	bne.w	87800cee <number+0x292>
87800b82:	9c02      	ldr	r4, [sp, #8]
87800b84:	f014 0f01 	tst.w	r4, #1
87800b88:	bf14      	ite	ne
87800b8a:	2430      	movne	r4, #48	@ 0x30
87800b8c:	2420      	moveq	r4, #32
87800b8e:	1e55      	subs	r5, r2, #1
87800b90:	f100 8271 	bmi.w	87801076 <number+0x61a>
87800b94:	4462      	add	r2, ip
87800b96:	4561      	cmp	r1, ip
87800b98:	f10c 0c01 	add.w	ip, ip, #1
87800b9c:	bf88      	it	hi
87800b9e:	f80c 4c01 	strbhi.w	r4, [ip, #-1]
87800ba2:	4562      	cmp	r2, ip
87800ba4:	d1f7      	bne.n	87800b96 <number+0x13a>
87800ba6:	3b01      	subs	r3, #1
87800ba8:	4694      	mov	ip, r2
87800baa:	4573      	cmp	r3, lr
87800bac:	bfa8      	it	ge
87800bae:	f04f 32ff 	movge.w	r2, #4294967295	@ 0xffffffff
87800bb2:	f2c0 82d8 	blt.w	87801166 <number+0x70a>
87800bb6:	4664      	mov	r4, ip
87800bb8:	eb0c 0603 	add.w	r6, ip, r3
87800bbc:	2730      	movs	r7, #48	@ 0x30
87800bbe:	42a1      	cmp	r1, r4
87800bc0:	f104 0401 	add.w	r4, r4, #1
87800bc4:	bf88      	it	hi
87800bc6:	f804 7c01 	strbhi.w	r7, [r4, #-1]
87800bca:	1b35      	subs	r5, r6, r4
87800bcc:	4575      	cmp	r5, lr
87800bce:	daf6      	bge.n	87800bbe <number+0x162>
87800bd0:	f10c 0401 	add.w	r4, ip, #1
87800bd4:	eba3 0c0e 	sub.w	ip, r3, lr
87800bd8:	4573      	cmp	r3, lr
87800bda:	bfb8      	it	lt
87800bdc:	f04f 0c00 	movlt.w	ip, #0
87800be0:	44a4      	add	ip, r4
87800be2:	2800      	cmp	r0, #0
87800be4:	db11      	blt.n	87800c0a <number+0x1ae>
87800be6:	ab0b      	add	r3, sp, #44	@ 0x2c
87800be8:	4403      	add	r3, r0
87800bea:	3001      	adds	r0, #1
87800bec:	eb0c 0400 	add.w	r4, ip, r0
87800bf0:	4660      	mov	r0, ip
87800bf2:	4281      	cmp	r1, r0
87800bf4:	f100 0001 	add.w	r0, r0, #1
87800bf8:	f103 33ff 	add.w	r3, r3, #4294967295	@ 0xffffffff
87800bfc:	bf84      	itt	hi
87800bfe:	785d      	ldrbhi	r5, [r3, #1]
87800c00:	f800 5c01 	strbhi.w	r5, [r0, #-1]
87800c04:	4284      	cmp	r4, r0
87800c06:	d1f4      	bne.n	87800bf2 <number+0x196>
87800c08:	46a4      	mov	ip, r4
87800c0a:	2a00      	cmp	r2, #0
87800c0c:	dd0b      	ble.n	87800c26 <number+0x1ca>
87800c0e:	4462      	add	r2, ip
87800c10:	4660      	mov	r0, ip
87800c12:	2320      	movs	r3, #32
87800c14:	4281      	cmp	r1, r0
87800c16:	f100 0001 	add.w	r0, r0, #1
87800c1a:	bf88      	it	hi
87800c1c:	f800 3c01 	strbhi.w	r3, [r0, #-1]
87800c20:	4282      	cmp	r2, r0
87800c22:	d1f7      	bne.n	87800c14 <number+0x1b8>
87800c24:	4694      	mov	ip, r2
87800c26:	4660      	mov	r0, ip
87800c28:	b025      	add	sp, #148	@ 0x94
87800c2a:	e8bd 8ff0 	ldmia.w	sp!, {r4, r5, r6, r7, r8, r9, sl, fp, pc}
87800c2e:	f004 0011 	and.w	r0, r4, #17
87800c32:	9003      	str	r0, [sp, #12]
87800c34:	2d00      	cmp	r5, #0
87800c36:	d171      	bne.n	87800d1c <number+0x2c0>
87800c38:	ea52 0003 	orrs.w	r0, r2, r3
87800c3c:	f040 8314 	bne.w	87801268 <number+0x80c>
87800c40:	9b30      	ldr	r3, [sp, #192]	@ 0xc0
87800c42:	2030      	movs	r0, #48	@ 0x30
87800c44:	9a2f      	ldr	r2, [sp, #188]	@ 0xbc
87800c46:	2b01      	cmp	r3, #1
87800c48:	f88d 002c 	strb.w	r0, [sp, #44]	@ 0x2c
87800c4c:	bfb8      	it	lt
87800c4e:	2301      	movlt	r3, #1
87800c50:	f004 0011 	and.w	r0, r4, #17
87800c54:	1ad2      	subs	r2, r2, r3
87800c56:	2800      	cmp	r0, #0
87800c58:	f040 8243 	bne.w	878010e2 <number+0x686>
87800c5c:	f8cd b004 	str.w	fp, [sp, #4]
87800c60:	2a00      	cmp	r2, #0
87800c62:	bfc1      	itttt	gt
87800c64:	9402      	strgt	r4, [sp, #8]
87800c66:	2000      	movgt	r0, #0
87800c68:	f04f 0e01 	movgt.w	lr, #1
87800c6c:	4682      	movgt	sl, r0
87800c6e:	f73f af5f 	bgt.w	87800b30 <number+0xd4>
87800c72:	9801      	ldr	r0, [sp, #4]
87800c74:	3a01      	subs	r2, #1
87800c76:	9402      	str	r4, [sp, #8]
87800c78:	2800      	cmp	r0, #0
87800c7a:	f000 82aa 	beq.w	878011d2 <number+0x776>
87800c7e:	2000      	movs	r0, #0
87800c80:	f04f 0e01 	mov.w	lr, #1
87800c84:	4682      	mov	sl, r0
87800c86:	e761      	b.n	87800b4c <number+0xf0>
87800c88:	f1bb 0f00 	cmp.w	fp, #0
87800c8c:	d06b      	beq.n	87800d66 <number+0x30a>
87800c8e:	f024 0001 	bic.w	r0, r4, #1
87800c92:	9002      	str	r0, [sp, #8]
87800c94:	2d00      	cmp	r5, #0
87800c96:	f040 80ac 	bne.w	87800df2 <number+0x396>
87800c9a:	4604      	mov	r4, r0
87800c9c:	2010      	movs	r0, #16
87800c9e:	9501      	str	r5, [sp, #4]
87800ca0:	9d2e      	ldr	r5, [sp, #184]	@ 0xb8
87800ca2:	2d10      	cmp	r5, #16
87800ca4:	9d2f      	ldr	r5, [sp, #188]	@ 0xbc
87800ca6:	d06f      	beq.n	87800d88 <number+0x32c>
87800ca8:	3d01      	subs	r5, #1
87800caa:	952f      	str	r5, [sp, #188]	@ 0xbc
87800cac:	ea52 0503 	orrs.w	r5, r2, r3
87800cb0:	f040 80b0 	bne.w	87800e14 <number+0x3b8>
87800cb4:	9b30      	ldr	r3, [sp, #192]	@ 0xc0
87800cb6:	2530      	movs	r5, #48	@ 0x30
87800cb8:	9a2f      	ldr	r2, [sp, #188]	@ 0xbc
87800cba:	2b01      	cmp	r3, #1
87800cbc:	f88d 502c 	strb.w	r5, [sp, #44]	@ 0x2c
87800cc0:	bfb8      	it	lt
87800cc2:	2301      	movlt	r3, #1
87800cc4:	1ad2      	subs	r2, r2, r3
87800cc6:	2800      	cmp	r0, #0
87800cc8:	f000 80ab 	beq.w	87800e22 <number+0x3c6>
87800ccc:	9801      	ldr	r0, [sp, #4]
87800cce:	2800      	cmp	r0, #0
87800cd0:	f040 8084 	bne.w	87800ddc <number+0x380>
87800cd4:	458c      	cmp	ip, r1
87800cd6:	f080 826d 	bcs.w	878011b4 <number+0x758>
87800cda:	9801      	ldr	r0, [sp, #4]
87800cdc:	f04f 0e01 	mov.w	lr, #1
87800ce0:	f80c 5b01 	strb.w	r5, [ip], #1
87800ce4:	9402      	str	r4, [sp, #8]
87800ce6:	f1bb 0f00 	cmp.w	fp, #0
87800cea:	f43f af4a 	beq.w	87800b82 <number+0x126>
87800cee:	3b01      	subs	r3, #1
87800cf0:	4573      	cmp	r3, lr
87800cf2:	f6bf af60 	bge.w	87800bb6 <number+0x15a>
87800cf6:	e774      	b.n	87800be2 <number+0x186>
87800cf8:	2b00      	cmp	r3, #0
87800cfa:	f2c0 823c 	blt.w	87801176 <number+0x71a>
87800cfe:	0760      	lsls	r0, r4, #29
87800d00:	f140 81ae 	bpl.w	87801060 <number+0x604>
87800d04:	982f      	ldr	r0, [sp, #188]	@ 0xbc
87800d06:	3801      	subs	r0, #1
87800d08:	902f      	str	r0, [sp, #188]	@ 0xbc
87800d0a:	ea52 0003 	orrs.w	r0, r2, r3
87800d0e:	f000 8200 	beq.w	87801112 <number+0x6b6>
87800d12:	2010      	movs	r0, #16
87800d14:	9003      	str	r0, [sp, #12]
87800d16:	202b      	movs	r0, #43	@ 0x2b
87800d18:	9001      	str	r0, [sp, #4]
87800d1a:	e6c6      	b.n	87800aaa <number+0x4e>
87800d1c:	455b      	cmp	r3, fp
87800d1e:	f2c0 8194 	blt.w	8780104a <number+0x5ee>
87800d22:	0767      	lsls	r7, r4, #29
87800d24:	f100 81c1 	bmi.w	878010aa <number+0x64e>
87800d28:	0727      	lsls	r7, r4, #28
87800d2a:	f140 8276 	bpl.w	8780121a <number+0x7be>
87800d2e:	982f      	ldr	r0, [sp, #188]	@ 0xbc
87800d30:	3801      	subs	r0, #1
87800d32:	902f      	str	r0, [sp, #188]	@ 0xbc
87800d34:	ea52 0003 	orrs.w	r0, r2, r3
87800d38:	bf1e      	ittt	ne
87800d3a:	9402      	strne	r4, [sp, #8]
87800d3c:	2020      	movne	r0, #32
87800d3e:	9001      	strne	r0, [sp, #4]
87800d40:	f47f aeb3 	bne.w	87800aaa <number+0x4e>
87800d44:	9b30      	ldr	r3, [sp, #192]	@ 0xc0
87800d46:	2030      	movs	r0, #48	@ 0x30
87800d48:	9a2f      	ldr	r2, [sp, #188]	@ 0xbc
87800d4a:	2b01      	cmp	r3, #1
87800d4c:	f88d 002c 	strb.w	r0, [sp, #44]	@ 0x2c
87800d50:	bfb8      	it	lt
87800d52:	2301      	movlt	r3, #1
87800d54:	f004 0011 	and.w	r0, r4, #17
87800d58:	1ad2      	subs	r2, r2, r3
87800d5a:	2800      	cmp	r0, #0
87800d5c:	f040 827e 	bne.w	8780125c <number+0x800>
87800d60:	2020      	movs	r0, #32
87800d62:	9001      	str	r0, [sp, #4]
87800d64:	e77c      	b.n	87800c60 <number+0x204>
87800d66:	f004 0011 	and.w	r0, r4, #17
87800d6a:	2d00      	cmp	r5, #0
87800d6c:	f000 80ee 	beq.w	87800f4c <number+0x4f0>
87800d70:	455b      	cmp	r3, fp
87800d72:	f2c0 81bb 	blt.w	878010ec <number+0x690>
87800d76:	0765      	lsls	r5, r4, #29
87800d78:	f140 8209 	bpl.w	8780118e <number+0x732>
87800d7c:	9d2f      	ldr	r5, [sp, #188]	@ 0xbc
87800d7e:	3d01      	subs	r5, #1
87800d80:	952f      	str	r5, [sp, #188]	@ 0xbc
87800d82:	252b      	movs	r5, #43	@ 0x2b
87800d84:	9501      	str	r5, [sp, #4]
87800d86:	e78b      	b.n	87800ca0 <number+0x244>
87800d88:	3d02      	subs	r5, #2
87800d8a:	952f      	str	r5, [sp, #188]	@ 0xbc
87800d8c:	ea52 0503 	orrs.w	r5, r2, r3
87800d90:	f040 817d 	bne.w	8780108e <number+0x632>
87800d94:	9b30      	ldr	r3, [sp, #192]	@ 0xc0
87800d96:	2530      	movs	r5, #48	@ 0x30
87800d98:	9a2f      	ldr	r2, [sp, #188]	@ 0xbc
87800d9a:	2b01      	cmp	r3, #1
87800d9c:	f88d 502c 	strb.w	r5, [sp, #44]	@ 0x2c
87800da0:	bfb8      	it	lt
87800da2:	2301      	movlt	r3, #1
87800da4:	1ad2      	subs	r2, r2, r3
87800da6:	2800      	cmp	r0, #0
87800da8:	d03b      	beq.n	87800e22 <number+0x3c6>
87800daa:	9801      	ldr	r0, [sp, #4]
87800dac:	b9b0      	cbnz	r0, 87800ddc <number+0x380>
87800dae:	458c      	cmp	ip, r1
87800db0:	9402      	str	r4, [sp, #8]
87800db2:	9801      	ldr	r0, [sp, #4]
87800db4:	bf24      	itt	cs
87800db6:	f10c 0401 	addcs.w	r4, ip, #1
87800dba:	f04f 0e01 	movcs.w	lr, #1
87800dbe:	d204      	bcs.n	87800dca <number+0x36e>
87800dc0:	4664      	mov	r4, ip
87800dc2:	f04f 0e01 	mov.w	lr, #1
87800dc6:	f804 5b01 	strb.w	r5, [r4], #1
87800dca:	42a1      	cmp	r1, r4
87800dcc:	f10c 0c02 	add.w	ip, ip, #2
87800dd0:	bf84      	itt	hi
87800dd2:	f049 0458 	orrhi.w	r4, r9, #88	@ 0x58
87800dd6:	f80c 4c01 	strbhi.w	r4, [ip, #-1]
87800dda:	e6ce      	b.n	87800b7a <number+0x11e>
87800ddc:	458c      	cmp	ip, r1
87800dde:	f080 8191 	bcs.w	87801104 <number+0x6a8>
87800de2:	9801      	ldr	r0, [sp, #4]
87800de4:	f80c 0b01 	strb.w	r0, [ip], #1
87800de8:	2000      	movs	r0, #0
87800dea:	9402      	str	r4, [sp, #8]
87800dec:	f04f 0e01 	mov.w	lr, #1
87800df0:	e6b6      	b.n	87800b60 <number+0x104>
87800df2:	2b00      	cmp	r3, #0
87800df4:	f280 81d4 	bge.w	878011a0 <number+0x744>
87800df8:	982e      	ldr	r0, [sp, #184]	@ 0xb8
87800dfa:	4252      	negs	r2, r2
87800dfc:	eb63 0343 	sbc.w	r3, r3, r3, lsl #1
87800e00:	2810      	cmp	r0, #16
87800e02:	982f      	ldr	r0, [sp, #188]	@ 0xbc
87800e04:	f000 8199 	beq.w	8780113a <number+0x6de>
87800e08:	9c02      	ldr	r4, [sp, #8]
87800e0a:	3802      	subs	r0, #2
87800e0c:	902f      	str	r0, [sp, #188]	@ 0xbc
87800e0e:	2010      	movs	r0, #16
87800e10:	252d      	movs	r5, #45	@ 0x2d
87800e12:	9501      	str	r5, [sp, #4]
87800e14:	e9cd 4002 	strd	r4, r0, [sp, #8]
87800e18:	2607      	movs	r6, #7
87800e1a:	f04f 0a01 	mov.w	sl, #1
87800e1e:	2403      	movs	r4, #3
87800e20:	e64f      	b.n	87800ac2 <number+0x66>
87800e22:	4282      	cmp	r2, r0
87800e24:	bfc2      	ittt	gt
87800e26:	9402      	strgt	r4, [sp, #8]
87800e28:	f04f 0a01 	movgt.w	sl, #1
87800e2c:	46d6      	movgt	lr, sl
87800e2e:	f73f ae7f 	bgt.w	87800b30 <number+0xd4>
87800e32:	9d01      	ldr	r5, [sp, #4]
87800e34:	3a01      	subs	r2, #1
87800e36:	9402      	str	r4, [sp, #8]
87800e38:	2d00      	cmp	r5, #0
87800e3a:	d0d7      	beq.n	87800dec <number+0x390>
87800e3c:	f04f 0a01 	mov.w	sl, #1
87800e40:	46d6      	mov	lr, sl
87800e42:	e683      	b.n	87800b4c <number+0xf0>
87800e44:	f248 649f 	movw	r4, #34463	@ 0x869f
87800e48:	f2c0 0401 	movt	r4, #1
87800e4c:	2000      	movs	r0, #0
87800e4e:	4294      	cmp	r4, r2
87800e50:	4198      	sbcs	r0, r3
87800e52:	e9cd 2308 	strd	r2, r3, [sp, #32]
87800e56:	f080 81cb 	bcs.w	878011f0 <number+0x794>
87800e5a:	469e      	mov	lr, r3
87800e5c:	f645 20c5 	movw	r0, #23237	@ 0x5ac5
87800e60:	f6c0 207c 	movt	r0, #2684	@ 0xa7c
87800e64:	f248 63a0 	movw	r3, #34464	@ 0x86a0
87800e68:	f2c0 0301 	movt	r3, #1
87800e6c:	e9cd 9b04 	strd	r9, fp, [sp, #16]
87800e70:	f10d 0831 	add.w	r8, sp, #49	@ 0x31
87800e74:	46a3      	mov	fp, r4
87800e76:	469a      	mov	sl, r3
87800e78:	4681      	mov	r9, r0
87800e7a:	f8cd c018 	str.w	ip, [sp, #24]
87800e7e:	9107      	str	r1, [sp, #28]
87800e80:	e058      	b.n	87800f34 <number+0x4d8>
87800e82:	fba9 3101 	umull	r3, r1, r9, r1
87800e86:	f8cd e024 	str.w	lr, [sp, #36]	@ 0x24
87800e8a:	09cb      	lsrs	r3, r1, #7
87800e8c:	fb0a 2313 	mls	r3, sl, r3, r2
87800e90:	09ca      	lsrs	r2, r1, #7
87800e92:	9208      	str	r2, [sp, #32]
87800e94:	f3c3 2703 	ubfx	r7, r3, #8, #4
87800e98:	f3c3 1103 	ubfx	r1, r3, #4, #4
87800e9c:	0b1c      	lsrs	r4, r3, #12
87800e9e:	19c8      	adds	r0, r1, r7
87800ea0:	4420      	add	r0, r4
87800ea2:	2506      	movs	r5, #6
87800ea4:	f003 030f 	and.w	r3, r3, #15
87800ea8:	eb04 06c4 	add.w	r6, r4, r4, lsl #3
87800eac:	440e      	add	r6, r1
87800eae:	eb07 0187 	add.w	r1, r7, r7, lsl #2
87800eb2:	440e      	add	r6, r1
87800eb4:	f04f 0c0a 	mov.w	ip, #10
87800eb8:	fb05 3300 	mla	r3, r5, r0, r3
87800ebc:	20cd      	movs	r0, #205	@ 0xcd
87800ebe:	250d      	movs	r5, #13
87800ec0:	4593      	cmp	fp, r2
87800ec2:	fb00 f103 	mul.w	r1, r0, r3
87800ec6:	ea4f 21d1 	mov.w	r1, r1, lsr #11
87800eca:	440e      	add	r6, r1
87800ecc:	fb0c 3311 	mls	r3, ip, r1, r3
87800ed0:	4641      	mov	r1, r8
87800ed2:	f108 0805 	add.w	r8, r8, #5
87800ed6:	f103 0330 	add.w	r3, r3, #48	@ 0x30
87800eda:	f808 3c0a 	strb.w	r3, [r8, #-10]
87800ede:	fb00 f306 	mul.w	r3, r0, r6
87800ee2:	ea4f 23d3 	mov.w	r3, r3, lsr #11
87800ee6:	eb03 0747 	add.w	r7, r3, r7, lsl #1
87800eea:	fb0c 6313 	mls	r3, ip, r3, r6
87800eee:	fb07 f505 	mul.w	r5, r7, r5
87800ef2:	f103 0330 	add.w	r3, r3, #48	@ 0x30
87800ef6:	f808 3c09 	strb.w	r3, [r8, #-9]
87800efa:	f04f 0300 	mov.w	r3, #0
87800efe:	ea4f 15d5 	mov.w	r5, r5, lsr #7
87800f02:	eb73 030e 	sbcs.w	r3, r3, lr
87800f06:	eb05 0484 	add.w	r4, r5, r4, lsl #2
87800f0a:	fb0c 7515 	mls	r5, ip, r5, r7
87800f0e:	fb04 f000 	mul.w	r0, r4, r0
87800f12:	f105 0530 	add.w	r5, r5, #48	@ 0x30
87800f16:	f808 5c08 	strb.w	r5, [r8, #-8]
87800f1a:	ea4f 20d0 	mov.w	r0, r0, lsr #11
87800f1e:	fb0c 4410 	mls	r4, ip, r0, r4
87800f22:	f100 0030 	add.w	r0, r0, #48	@ 0x30
87800f26:	f808 0c06 	strb.w	r0, [r8, #-6]
87800f2a:	f104 0430 	add.w	r4, r4, #48	@ 0x30
87800f2e:	f808 4c07 	strb.w	r4, [r8, #-7]
87800f32:	d224      	bcs.n	87800f7e <number+0x522>
87800f34:	0951      	lsrs	r1, r2, #5
87800f36:	f1be 0f00 	cmp.w	lr, #0
87800f3a:	d0a2      	beq.n	87800e82 <number+0x426>
87800f3c:	4651      	mov	r1, sl
87800f3e:	a808      	add	r0, sp, #32
87800f40:	f7ff fa74 	bl	8780042c <__div64_32>
87800f44:	4603      	mov	r3, r0
87800f46:	e9dd 2e08 	ldrd	r2, lr, [sp, #32]
87800f4a:	e7a3      	b.n	87800e94 <number+0x438>
87800f4c:	f8cd b004 	str.w	fp, [sp, #4]
87800f50:	e6a6      	b.n	87800ca0 <number+0x244>
87800f52:	9b30      	ldr	r3, [sp, #192]	@ 0xc0
87800f54:	2030      	movs	r0, #48	@ 0x30
87800f56:	9a2f      	ldr	r2, [sp, #188]	@ 0xbc
87800f58:	2b01      	cmp	r3, #1
87800f5a:	f88d 002c 	strb.w	r0, [sp, #44]	@ 0x2c
87800f5e:	bfb8      	it	lt
87800f60:	2301      	movlt	r3, #1
87800f62:	1ad2      	subs	r2, r2, r3
87800f64:	f1bb 0f00 	cmp.w	fp, #0
87800f68:	f000 80bc 	beq.w	878010e4 <number+0x688>
87800f6c:	3b01      	subs	r3, #1
87800f6e:	bf08      	it	eq
87800f70:	4618      	moveq	r0, r3
87800f72:	f43f ae38 	beq.w	87800be6 <number+0x18a>
87800f76:	2000      	movs	r0, #0
87800f78:	f04f 0e01 	mov.w	lr, #1
87800f7c:	e61b      	b.n	87800bb6 <number+0x15a>
87800f7e:	468e      	mov	lr, r1
87800f80:	f10d 082c 	add.w	r8, sp, #44	@ 0x2c
87800f84:	e9dd 9b04 	ldrd	r9, fp, [sp, #16]
87800f88:	e9dd c106 	ldrd	ip, r1, [sp, #24]
87800f8c:	f3c2 1503 	ubfx	r5, r2, #4, #4
87800f90:	f3c2 2003 	ubfx	r0, r2, #8, #4
87800f94:	0b14      	lsrs	r4, r2, #12
87800f96:	182b      	adds	r3, r5, r0
87800f98:	f002 020f 	and.w	r2, r2, #15
87800f9c:	2606      	movs	r6, #6
87800f9e:	4423      	add	r3, r4
87800fa0:	27cd      	movs	r7, #205	@ 0xcd
87800fa2:	fb06 2303 	mla	r3, r6, r3, r2
87800fa6:	eb04 02c4 	add.w	r2, r4, r4, lsl #3
87800faa:	4415      	add	r5, r2
87800fac:	eb00 0280 	add.w	r2, r0, r0, lsl #2
87800fb0:	4415      	add	r5, r2
87800fb2:	260a      	movs	r6, #10
87800fb4:	fb07 f203 	mul.w	r2, r7, r3
87800fb8:	0ad2      	lsrs	r2, r2, #11
87800fba:	fb06 3312 	mls	r3, r6, r2, r3
87800fbe:	1952      	adds	r2, r2, r5
87800fc0:	f103 0330 	add.w	r3, r3, #48	@ 0x30
87800fc4:	f88e 3000 	strb.w	r3, [lr]
87800fc8:	bf08      	it	eq
87800fca:	f10e 0e01 	addeq.w	lr, lr, #1
87800fce:	d02d      	beq.n	8780102c <number+0x5d0>
87800fd0:	fb07 f302 	mul.w	r3, r7, r2
87800fd4:	0adb      	lsrs	r3, r3, #11
87800fd6:	eb03 0040 	add.w	r0, r3, r0, lsl #1
87800fda:	fb06 2213 	mls	r2, r6, r3, r2
87800fde:	f102 0330 	add.w	r3, r2, #48	@ 0x30
87800fe2:	f88e 3001 	strb.w	r3, [lr, #1]
87800fe6:	ea54 0300 	orrs.w	r3, r4, r0
87800fea:	bf08      	it	eq
87800fec:	f10e 0e02 	addeq.w	lr, lr, #2
87800ff0:	d01c      	beq.n	8780102c <number+0x5d0>
87800ff2:	230d      	movs	r3, #13
87800ff4:	fb00 f303 	mul.w	r3, r0, r3
87800ff8:	09db      	lsrs	r3, r3, #7
87800ffa:	fb06 0013 	mls	r0, r6, r3, r0
87800ffe:	eb13 0384 	adds.w	r3, r3, r4, lsl #2
87801002:	f100 0230 	add.w	r2, r0, #48	@ 0x30
87801006:	f88e 2002 	strb.w	r2, [lr, #2]
8780100a:	bf08      	it	eq
8780100c:	f10e 0e03 	addeq.w	lr, lr, #3
87801010:	d00c      	beq.n	8780102c <number+0x5d0>
87801012:	fb07 f203 	mul.w	r2, r7, r3
87801016:	0ad2      	lsrs	r2, r2, #11
87801018:	fb06 3312 	mls	r3, r6, r2, r3
8780101c:	3330      	adds	r3, #48	@ 0x30
8780101e:	f88e 3003 	strb.w	r3, [lr, #3]
87801022:	2a00      	cmp	r2, #0
87801024:	f040 80e8 	bne.w	878011f8 <number+0x79c>
87801028:	f10e 0e04 	add.w	lr, lr, #4
8780102c:	9b30      	ldr	r3, [sp, #192]	@ 0xc0
8780102e:	ebae 0e08 	sub.w	lr, lr, r8
87801032:	9c03      	ldr	r4, [sp, #12]
87801034:	f10e 30ff 	add.w	r0, lr, #4294967295	@ 0xffffffff
87801038:	9a2f      	ldr	r2, [sp, #188]	@ 0xbc
8780103a:	4573      	cmp	r3, lr
8780103c:	bfb8      	it	lt
8780103e:	4673      	movlt	r3, lr
87801040:	1ad2      	subs	r2, r2, r3
87801042:	bb5c      	cbnz	r4, 8780109c <number+0x640>
87801044:	f8dd a00c 	ldr.w	sl, [sp, #12]
87801048:	e56d      	b.n	87800b26 <number+0xca>
8780104a:	982f      	ldr	r0, [sp, #188]	@ 0xbc
8780104c:	4252      	negs	r2, r2
8780104e:	9402      	str	r4, [sp, #8]
87801050:	f100 30ff 	add.w	r0, r0, #4294967295	@ 0xffffffff
87801054:	eb63 0343 	sbc.w	r3, r3, r3, lsl #1
87801058:	902f      	str	r0, [sp, #188]	@ 0xbc
8780105a:	202d      	movs	r0, #45	@ 0x2d
8780105c:	9001      	str	r0, [sp, #4]
8780105e:	e524      	b.n	87800aaa <number+0x4e>
87801060:	f014 0408 	ands.w	r4, r4, #8
87801064:	d174      	bne.n	87801150 <number+0x6f4>
87801066:	ea52 0003 	orrs.w	r0, r2, r3
8780106a:	f43f af72 	beq.w	87800f52 <number+0x4f6>
8780106e:	2010      	movs	r0, #16
87801070:	9401      	str	r4, [sp, #4]
87801072:	9003      	str	r0, [sp, #12]
87801074:	e519      	b.n	87800aaa <number+0x4e>
87801076:	3b01      	subs	r3, #1
87801078:	4573      	cmp	r3, lr
8780107a:	bfa8      	it	ge
8780107c:	462a      	movge	r2, r5
8780107e:	f6bf ad9a 	bge.w	87800bb6 <number+0x15a>
87801082:	2800      	cmp	r0, #0
87801084:	bfa8      	it	ge
87801086:	462a      	movge	r2, r5
87801088:	f6bf adad 	bge.w	87800be6 <number+0x18a>
8780108c:	e5cb      	b.n	87800c26 <number+0x1ca>
8780108e:	e9cd 4002 	strd	r4, r0, [sp, #8]
87801092:	260f      	movs	r6, #15
87801094:	f04f 0a01 	mov.w	sl, #1
87801098:	2404      	movs	r4, #4
8780109a:	e512      	b.n	87800ac2 <number+0x66>
8780109c:	9c01      	ldr	r4, [sp, #4]
8780109e:	2c00      	cmp	r4, #0
878010a0:	f43f ad6b 	beq.w	87800b7a <number+0x11e>
878010a4:	f04f 0a00 	mov.w	sl, #0
878010a8:	e550      	b.n	87800b4c <number+0xf0>
878010aa:	982f      	ldr	r0, [sp, #188]	@ 0xbc
878010ac:	3801      	subs	r0, #1
878010ae:	902f      	str	r0, [sp, #188]	@ 0xbc
878010b0:	ea52 0003 	orrs.w	r0, r2, r3
878010b4:	bf1e      	ittt	ne
878010b6:	9402      	strne	r4, [sp, #8]
878010b8:	202b      	movne	r0, #43	@ 0x2b
878010ba:	9001      	strne	r0, [sp, #4]
878010bc:	f47f acf5 	bne.w	87800aaa <number+0x4e>
878010c0:	9b30      	ldr	r3, [sp, #192]	@ 0xc0
878010c2:	2030      	movs	r0, #48	@ 0x30
878010c4:	9a2f      	ldr	r2, [sp, #188]	@ 0xbc
878010c6:	2b01      	cmp	r3, #1
878010c8:	f88d 002c 	strb.w	r0, [sp, #44]	@ 0x2c
878010cc:	bfb8      	it	lt
878010ce:	2301      	movlt	r3, #1
878010d0:	f004 0011 	and.w	r0, r4, #17
878010d4:	1ad2      	subs	r2, r2, r3
878010d6:	2800      	cmp	r0, #0
878010d8:	f040 80c3 	bne.w	87801262 <number+0x806>
878010dc:	202b      	movs	r0, #43	@ 0x2b
878010de:	9001      	str	r0, [sp, #4]
878010e0:	e5be      	b.n	87800c60 <number+0x204>
878010e2:	9402      	str	r4, [sp, #8]
878010e4:	2000      	movs	r0, #0
878010e6:	f04f 0e01 	mov.w	lr, #1
878010ea:	e54a      	b.n	87800b82 <number+0x126>
878010ec:	9d2e      	ldr	r5, [sp, #184]	@ 0xb8
878010ee:	4252      	negs	r2, r2
878010f0:	eb6b 0303 	sbc.w	r3, fp, r3
878010f4:	2d10      	cmp	r5, #16
878010f6:	9d2f      	ldr	r5, [sp, #188]	@ 0xbc
878010f8:	d075      	beq.n	878011e6 <number+0x78a>
878010fa:	3d02      	subs	r5, #2
878010fc:	952f      	str	r5, [sp, #188]	@ 0xbc
878010fe:	252d      	movs	r5, #45	@ 0x2d
87801100:	9501      	str	r5, [sp, #4]
87801102:	e687      	b.n	87800e14 <number+0x3b8>
87801104:	f10c 0c01 	add.w	ip, ip, #1
87801108:	2000      	movs	r0, #0
8780110a:	f04f 0e01 	mov.w	lr, #1
8780110e:	9402      	str	r4, [sp, #8]
87801110:	e526      	b.n	87800b60 <number+0x104>
87801112:	9b30      	ldr	r3, [sp, #192]	@ 0xc0
87801114:	2030      	movs	r0, #48	@ 0x30
87801116:	9a2f      	ldr	r2, [sp, #188]	@ 0xbc
87801118:	2b01      	cmp	r3, #1
8780111a:	f88d 002c 	strb.w	r0, [sp, #44]	@ 0x2c
8780111e:	bfb8      	it	lt
87801120:	2301      	movlt	r3, #1
87801122:	202b      	movs	r0, #43	@ 0x2b
87801124:	1ad2      	subs	r2, r2, r3
87801126:	458c      	cmp	ip, r1
87801128:	f04f 0e01 	mov.w	lr, #1
8780112c:	bf34      	ite	cc
8780112e:	f80c 0b01 	strbcc.w	r0, [ip], #1
87801132:	f10c 0c01 	addcs.w	ip, ip, #1
87801136:	2000      	movs	r0, #0
87801138:	e51f      	b.n	87800b7a <number+0x11e>
8780113a:	3803      	subs	r0, #3
8780113c:	902f      	str	r0, [sp, #188]	@ 0xbc
8780113e:	982e      	ldr	r0, [sp, #184]	@ 0xb8
87801140:	9003      	str	r0, [sp, #12]
87801142:	202d      	movs	r0, #45	@ 0x2d
87801144:	260f      	movs	r6, #15
87801146:	f04f 0a01 	mov.w	sl, #1
8780114a:	2404      	movs	r4, #4
8780114c:	9001      	str	r0, [sp, #4]
8780114e:	e4b8      	b.n	87800ac2 <number+0x66>
87801150:	982f      	ldr	r0, [sp, #188]	@ 0xbc
87801152:	3801      	subs	r0, #1
87801154:	902f      	str	r0, [sp, #188]	@ 0xbc
87801156:	ea52 0003 	orrs.w	r0, r2, r3
8780115a:	d053      	beq.n	87801204 <number+0x7a8>
8780115c:	2010      	movs	r0, #16
8780115e:	9003      	str	r0, [sp, #12]
87801160:	2020      	movs	r0, #32
87801162:	9001      	str	r0, [sp, #4]
87801164:	e4a1      	b.n	87800aaa <number+0x4e>
87801166:	2800      	cmp	r0, #0
87801168:	4694      	mov	ip, r2
8780116a:	bfa8      	it	ge
8780116c:	f04f 32ff 	movge.w	r2, #4294967295	@ 0xffffffff
87801170:	f6bf ad39 	bge.w	87800be6 <number+0x18a>
87801174:	e557      	b.n	87800c26 <number+0x1ca>
87801176:	982f      	ldr	r0, [sp, #188]	@ 0xbc
87801178:	4252      	negs	r2, r2
8780117a:	f100 30ff 	add.w	r0, r0, #4294967295	@ 0xffffffff
8780117e:	eb63 0343 	sbc.w	r3, r3, r3, lsl #1
87801182:	902f      	str	r0, [sp, #188]	@ 0xbc
87801184:	2010      	movs	r0, #16
87801186:	9003      	str	r0, [sp, #12]
87801188:	202d      	movs	r0, #45	@ 0x2d
8780118a:	9001      	str	r0, [sp, #4]
8780118c:	e48d      	b.n	87800aaa <number+0x4e>
8780118e:	0726      	lsls	r6, r4, #28
87801190:	f57f aedc 	bpl.w	87800f4c <number+0x4f0>
87801194:	9d2f      	ldr	r5, [sp, #188]	@ 0xbc
87801196:	3d01      	subs	r5, #1
87801198:	952f      	str	r5, [sp, #188]	@ 0xbc
8780119a:	2520      	movs	r5, #32
8780119c:	9501      	str	r5, [sp, #4]
8780119e:	e57f      	b.n	87800ca0 <number+0x244>
878011a0:	0760      	lsls	r0, r4, #29
878011a2:	d519      	bpl.n	878011d8 <number+0x77c>
878011a4:	982f      	ldr	r0, [sp, #188]	@ 0xbc
878011a6:	252b      	movs	r5, #43	@ 0x2b
878011a8:	9c02      	ldr	r4, [sp, #8]
878011aa:	3801      	subs	r0, #1
878011ac:	9501      	str	r5, [sp, #4]
878011ae:	902f      	str	r0, [sp, #188]	@ 0xbc
878011b0:	2010      	movs	r0, #16
878011b2:	e575      	b.n	87800ca0 <number+0x244>
878011b4:	f10c 0c01 	add.w	ip, ip, #1
878011b8:	f1bb 0f00 	cmp.w	fp, #0
878011bc:	d007      	beq.n	878011ce <number+0x772>
878011be:	3b01      	subs	r3, #1
878011c0:	9801      	ldr	r0, [sp, #4]
878011c2:	bf18      	it	ne
878011c4:	f04f 0e01 	movne.w	lr, #1
878011c8:	f47f acf5 	bne.w	87800bb6 <number+0x15a>
878011cc:	e50b      	b.n	87800be6 <number+0x18a>
878011ce:	4658      	mov	r0, fp
878011d0:	9402      	str	r4, [sp, #8]
878011d2:	f04f 0e01 	mov.w	lr, #1
878011d6:	e4d4      	b.n	87800b82 <number+0x126>
878011d8:	f014 0008 	ands.w	r0, r4, #8
878011dc:	d136      	bne.n	8780124c <number+0x7f0>
878011de:	9001      	str	r0, [sp, #4]
878011e0:	2010      	movs	r0, #16
878011e2:	9c02      	ldr	r4, [sp, #8]
878011e4:	e55c      	b.n	87800ca0 <number+0x244>
878011e6:	3d03      	subs	r5, #3
878011e8:	e9cd 4002 	strd	r4, r0, [sp, #8]
878011ec:	952f      	str	r5, [sp, #188]	@ 0xbc
878011ee:	e7a8      	b.n	87801142 <number+0x6e6>
878011f0:	f10d 082c 	add.w	r8, sp, #44	@ 0x2c
878011f4:	46c6      	mov	lr, r8
878011f6:	e6c9      	b.n	87800f8c <number+0x530>
878011f8:	3230      	adds	r2, #48	@ 0x30
878011fa:	f10e 0e05 	add.w	lr, lr, #5
878011fe:	f80e 2c01 	strb.w	r2, [lr, #-1]
87801202:	e713      	b.n	8780102c <number+0x5d0>
87801204:	9b30      	ldr	r3, [sp, #192]	@ 0xc0
87801206:	2030      	movs	r0, #48	@ 0x30
87801208:	9a2f      	ldr	r2, [sp, #188]	@ 0xbc
8780120a:	2b01      	cmp	r3, #1
8780120c:	f88d 002c 	strb.w	r0, [sp, #44]	@ 0x2c
87801210:	bfb8      	it	lt
87801212:	2301      	movlt	r3, #1
87801214:	2020      	movs	r0, #32
87801216:	1ad2      	subs	r2, r2, r3
87801218:	e785      	b.n	87801126 <number+0x6ca>
8780121a:	ea52 0003 	orrs.w	r0, r2, r3
8780121e:	d123      	bne.n	87801268 <number+0x80c>
87801220:	9b30      	ldr	r3, [sp, #192]	@ 0xc0
87801222:	2030      	movs	r0, #48	@ 0x30
87801224:	9a2f      	ldr	r2, [sp, #188]	@ 0xbc
87801226:	2b01      	cmp	r3, #1
87801228:	f88d 002c 	strb.w	r0, [sp, #44]	@ 0x2c
8780122c:	bfb8      	it	lt
8780122e:	2301      	movlt	r3, #1
87801230:	f004 0011 	and.w	r0, r4, #17
87801234:	1ad2      	subs	r2, r2, r3
87801236:	9402      	str	r4, [sp, #8]
87801238:	2800      	cmp	r0, #0
8780123a:	f47f af53 	bne.w	878010e4 <number+0x688>
8780123e:	4658      	mov	r0, fp
87801240:	46da      	mov	sl, fp
87801242:	f04f 0e01 	mov.w	lr, #1
87801246:	f8cd b004 	str.w	fp, [sp, #4]
8780124a:	e46c      	b.n	87800b26 <number+0xca>
8780124c:	982f      	ldr	r0, [sp, #188]	@ 0xbc
8780124e:	2520      	movs	r5, #32
87801250:	9c02      	ldr	r4, [sp, #8]
87801252:	3801      	subs	r0, #1
87801254:	9501      	str	r5, [sp, #4]
87801256:	902f      	str	r0, [sp, #188]	@ 0xbc
87801258:	2010      	movs	r0, #16
8780125a:	e521      	b.n	87800ca0 <number+0x244>
8780125c:	2020      	movs	r0, #32
8780125e:	9402      	str	r4, [sp, #8]
87801260:	e761      	b.n	87801126 <number+0x6ca>
87801262:	202b      	movs	r0, #43	@ 0x2b
87801264:	9402      	str	r4, [sp, #8]
87801266:	e75e      	b.n	87801126 <number+0x6ca>
87801268:	e9cd b401 	strd	fp, r4, [sp, #4]
8780126c:	e41d      	b.n	87800aaa <number+0x4e>
8780126e:	bf00      	nop
87801270:	00004afe 	strdeq	r4, [r0], -lr

87801274 <simple_strtoul>:
87801274:	b570      	push	{r4, r5, r6, lr}
87801276:	4604      	mov	r4, r0
87801278:	f8df c0e8 	ldr.w	ip, [pc, #232]	@ 87801364 <simple_strtoul+0xf0>
8780127c:	7803      	ldrb	r3, [r0, #0]
8780127e:	460e      	mov	r6, r1
87801280:	44fc      	add	ip, pc
87801282:	bb62      	cbnz	r2, 878012de <simple_strtoul+0x6a>
87801284:	2b30      	cmp	r3, #48	@ 0x30
87801286:	d049      	beq.n	8780131c <simple_strtoul+0xa8>
87801288:	4a37      	ldr	r2, [pc, #220]	@ (87801368 <simple_strtoul+0xf4>)
8780128a:	469e      	mov	lr, r3
8780128c:	f85c 5002 	ldr.w	r5, [ip, r2]
87801290:	220a      	movs	r2, #10
87801292:	f815 c003 	ldrb.w	ip, [r5, r3]
87801296:	f00c 0044 	and.w	r0, ip, #68	@ 0x44
8780129a:	b1e8      	cbz	r0, 878012d8 <simple_strtoul+0x64>
8780129c:	2000      	movs	r0, #0
8780129e:	e009      	b.n	878012b4 <simple_strtoul+0x40>
878012a0:	f814 3f01 	ldrb.w	r3, [r4, #1]!
878012a4:	fb02 c000 	mla	r0, r2, r0, ip
878012a8:	469e      	mov	lr, r3
878012aa:	f815 c003 	ldrb.w	ip, [r5, r3]
878012ae:	f01c 0f44 	tst.w	ip, #68	@ 0x44
878012b2:	d011      	beq.n	878012d8 <simple_strtoul+0x64>
878012b4:	f01c 0f04 	tst.w	ip, #4
878012b8:	f1a3 0120 	sub.w	r1, r3, #32
878012bc:	bf18      	it	ne
878012be:	f1ae 0c30 	subne.w	ip, lr, #48	@ 0x30
878012c2:	d107      	bne.n	878012d4 <simple_strtoul+0x60>
878012c4:	f01c 0f02 	tst.w	ip, #2
878012c8:	fa5f fc81 	uxtb.w	ip, r1
878012cc:	bf18      	it	ne
878012ce:	4663      	movne	r3, ip
878012d0:	f1a3 0c37 	sub.w	ip, r3, #55	@ 0x37
878012d4:	4594      	cmp	ip, r2
878012d6:	d3e3      	bcc.n	878012a0 <simple_strtoul+0x2c>
878012d8:	b106      	cbz	r6, 878012dc <simple_strtoul+0x68>
878012da:	6034      	str	r4, [r6, #0]
878012dc:	bd70      	pop	{r4, r5, r6, pc}
878012de:	4922      	ldr	r1, [pc, #136]	@ (87801368 <simple_strtoul+0xf4>)
878012e0:	2a10      	cmp	r2, #16
878012e2:	f85c 5001 	ldr.w	r5, [ip, r1]
878012e6:	d005      	beq.n	878012f4 <simple_strtoul+0x80>
878012e8:	f815 c003 	ldrb.w	ip, [r5, r3]
878012ec:	469e      	mov	lr, r3
878012ee:	f00c 0044 	and.w	r0, ip, #68	@ 0x44
878012f2:	e7d2      	b.n	8780129a <simple_strtoul+0x26>
878012f4:	2b30      	cmp	r3, #48	@ 0x30
878012f6:	d1f7      	bne.n	878012e8 <simple_strtoul+0x74>
878012f8:	7841      	ldrb	r1, [r0, #1]
878012fa:	f1a1 0020 	sub.w	r0, r1, #32
878012fe:	f815 c001 	ldrb.w	ip, [r5, r1]
87801302:	b2c0      	uxtb	r0, r0
87801304:	f01c 0f02 	tst.w	ip, #2
87801308:	bf18      	it	ne
8780130a:	4601      	movne	r1, r0
8780130c:	2958      	cmp	r1, #88	@ 0x58
8780130e:	d026      	beq.n	8780135e <simple_strtoul+0xea>
87801310:	f895 c030 	ldrb.w	ip, [r5, #48]	@ 0x30
87801314:	469e      	mov	lr, r3
87801316:	f00c 0044 	and.w	r0, ip, #68	@ 0x44
8780131a:	e7be      	b.n	8780129a <simple_strtoul+0x26>
8780131c:	4a12      	ldr	r2, [pc, #72]	@ (87801368 <simple_strtoul+0xf4>)
8780131e:	1c41      	adds	r1, r0, #1
87801320:	7843      	ldrb	r3, [r0, #1]
87801322:	469e      	mov	lr, r3
87801324:	f85c 5002 	ldr.w	r5, [ip, r2]
87801328:	f815 c003 	ldrb.w	ip, [r5, r3]
8780132c:	f01c 0f02 	tst.w	ip, #2
87801330:	bf16      	itet	ne
87801332:	f1a3 0220 	subne.w	r2, r3, #32
87801336:	461a      	moveq	r2, r3
87801338:	b2d2      	uxtbne	r2, r2
8780133a:	2a58      	cmp	r2, #88	@ 0x58
8780133c:	d004      	beq.n	87801348 <simple_strtoul+0xd4>
8780133e:	460c      	mov	r4, r1
87801340:	f00c 0044 	and.w	r0, ip, #68	@ 0x44
87801344:	2208      	movs	r2, #8
87801346:	e7a8      	b.n	8780129a <simple_strtoul+0x26>
87801348:	7880      	ldrb	r0, [r0, #2]
8780134a:	5c2a      	ldrb	r2, [r5, r0]
8780134c:	f012 0f44 	tst.w	r2, #68	@ 0x44
87801350:	d0f5      	beq.n	8780133e <simple_strtoul+0xca>
87801352:	4694      	mov	ip, r2
87801354:	4686      	mov	lr, r0
87801356:	3402      	adds	r4, #2
87801358:	4603      	mov	r3, r0
8780135a:	2210      	movs	r2, #16
8780135c:	e79e      	b.n	8780129c <simple_strtoul+0x28>
8780135e:	78a3      	ldrb	r3, [r4, #2]
87801360:	3402      	adds	r4, #2
87801362:	e7c1      	b.n	878012e8 <simple_strtoul+0x74>
87801364:	ffffed7c 			@ <UNDEFINED> instruction: 0xffffed7c
87801368:	00000178 	andeq	r0, r0, r8, ror r1

8780136c <simple_strtol>:
8780136c:	b508      	push	{r3, lr}
8780136e:	7803      	ldrb	r3, [r0, #0]
87801370:	2b2d      	cmp	r3, #45	@ 0x2d
87801372:	d003      	beq.n	8780137c <simple_strtol+0x10>
87801374:	e8bd 4008 	ldmia.w	sp!, {r3, lr}
87801378:	f7ff bf7c 	b.w	87801274 <simple_strtoul>
8780137c:	3001      	adds	r0, #1
8780137e:	f7ff ff79 	bl	87801274 <simple_strtoul>
87801382:	4240      	negs	r0, r0
87801384:	bd08      	pop	{r3, pc}
87801386:	bf00      	nop

87801388 <simple_strtoull>:
87801388:	e92d 41f0 	stmdb	sp!, {r4, r5, r6, r7, r8, lr}
8780138c:	4604      	mov	r4, r0
8780138e:	4842      	ldr	r0, [pc, #264]	@ (87801498 <simple_strtoull+0x110>)
87801390:	460e      	mov	r6, r1
87801392:	4478      	add	r0, pc
87801394:	f894 e000 	ldrb.w	lr, [r4]
87801398:	bbc2      	cbnz	r2, 8780140c <simple_strtoull+0x84>
8780139a:	f1be 0f30 	cmp.w	lr, #48	@ 0x30
8780139e:	d053      	beq.n	87801448 <simple_strtoull+0xc0>
878013a0:	4a3e      	ldr	r2, [pc, #248]	@ (8780149c <simple_strtoull+0x114>)
878013a2:	4673      	mov	r3, lr
878013a4:	5885      	ldr	r5, [r0, r2]
878013a6:	220a      	movs	r2, #10
878013a8:	f815 c00e 	ldrb.w	ip, [r5, lr]
878013ac:	f00c 0044 	and.w	r0, ip, #68	@ 0x44
878013b0:	2800      	cmp	r0, #0
878013b2:	d06a      	beq.n	8780148a <simple_strtoull+0x102>
878013b4:	2000      	movs	r0, #0
878013b6:	4601      	mov	r1, r0
878013b8:	e00a      	b.n	878013d0 <simple_strtoull+0x48>
878013ba:	f814 ef01 	ldrb.w	lr, [r4, #1]!
878013be:	18f8      	adds	r0, r7, r3
878013c0:	eb4c 0108 	adc.w	r1, ip, r8
878013c4:	4673      	mov	r3, lr
878013c6:	f815 c00e 	ldrb.w	ip, [r5, lr]
878013ca:	f01c 0f44 	tst.w	ip, #68	@ 0x44
878013ce:	d019      	beq.n	87801404 <simple_strtoull+0x7c>
878013d0:	f01c 0f04 	tst.w	ip, #4
878013d4:	bf18      	it	ne
878013d6:	3b30      	subne	r3, #48	@ 0x30
878013d8:	d10a      	bne.n	878013f0 <simple_strtoull+0x68>
878013da:	f1ae 0e20 	sub.w	lr, lr, #32
878013de:	f01c 0f02 	tst.w	ip, #2
878013e2:	f1a3 0337 	sub.w	r3, r3, #55	@ 0x37
878013e6:	bf1c      	itt	ne
878013e8:	fa5f fe8e 	uxtbne.w	lr, lr
878013ec:	f1ae 0337 	subne.w	r3, lr, #55	@ 0x37
878013f0:	fba0 7e02 	umull	r7, lr, r0, r2
878013f4:	ea4f 78e3 	mov.w	r8, r3, asr #31
878013f8:	4293      	cmp	r3, r2
878013fa:	fb02 ec01 	mla	ip, r2, r1, lr
878013fe:	f178 0e00 	sbcs.w	lr, r8, #0
87801402:	d3da      	bcc.n	878013ba <simple_strtoull+0x32>
87801404:	b106      	cbz	r6, 87801408 <simple_strtoull+0x80>
87801406:	6034      	str	r4, [r6, #0]
87801408:	e8bd 81f0 	ldmia.w	sp!, {r4, r5, r6, r7, r8, pc}
8780140c:	4b23      	ldr	r3, [pc, #140]	@ (8780149c <simple_strtoull+0x114>)
8780140e:	2a10      	cmp	r2, #16
87801410:	58c5      	ldr	r5, [r0, r3]
87801412:	d005      	beq.n	87801420 <simple_strtoull+0x98>
87801414:	f815 c00e 	ldrb.w	ip, [r5, lr]
87801418:	4673      	mov	r3, lr
8780141a:	f00c 0044 	and.w	r0, ip, #68	@ 0x44
8780141e:	e7c7      	b.n	878013b0 <simple_strtoull+0x28>
87801420:	f1be 0f30 	cmp.w	lr, #48	@ 0x30
87801424:	d1f6      	bne.n	87801414 <simple_strtoull+0x8c>
87801426:	7863      	ldrb	r3, [r4, #1]
87801428:	f1a3 0120 	sub.w	r1, r3, #32
8780142c:	5ce8      	ldrb	r0, [r5, r3]
8780142e:	b2c9      	uxtb	r1, r1
87801430:	f010 0f02 	tst.w	r0, #2
87801434:	bf18      	it	ne
87801436:	460b      	movne	r3, r1
87801438:	2b58      	cmp	r3, #88	@ 0x58
8780143a:	d028      	beq.n	8780148e <simple_strtoull+0x106>
8780143c:	f895 c030 	ldrb.w	ip, [r5, #48]	@ 0x30
87801440:	4673      	mov	r3, lr
87801442:	f00c 0044 	and.w	r0, ip, #68	@ 0x44
87801446:	e7b3      	b.n	878013b0 <simple_strtoull+0x28>
87801448:	4b14      	ldr	r3, [pc, #80]	@ (8780149c <simple_strtoull+0x114>)
8780144a:	1c61      	adds	r1, r4, #1
8780144c:	f894 e001 	ldrb.w	lr, [r4, #1]
87801450:	58c5      	ldr	r5, [r0, r3]
87801452:	4673      	mov	r3, lr
87801454:	f815 c00e 	ldrb.w	ip, [r5, lr]
87801458:	f01c 0f02 	tst.w	ip, #2
8780145c:	bf16      	itet	ne
8780145e:	f1ae 0220 	subne.w	r2, lr, #32
87801462:	4672      	moveq	r2, lr
87801464:	b2d2      	uxtbne	r2, r2
87801466:	2a58      	cmp	r2, #88	@ 0x58
87801468:	d004      	beq.n	87801474 <simple_strtoull+0xec>
8780146a:	460c      	mov	r4, r1
8780146c:	f00c 0044 	and.w	r0, ip, #68	@ 0x44
87801470:	2208      	movs	r2, #8
87801472:	e79d      	b.n	878013b0 <simple_strtoull+0x28>
87801474:	78a0      	ldrb	r0, [r4, #2]
87801476:	5c2a      	ldrb	r2, [r5, r0]
87801478:	f012 0f44 	tst.w	r2, #68	@ 0x44
8780147c:	d0f5      	beq.n	8780146a <simple_strtoull+0xe2>
8780147e:	4694      	mov	ip, r2
87801480:	4603      	mov	r3, r0
87801482:	3402      	adds	r4, #2
87801484:	4686      	mov	lr, r0
87801486:	2210      	movs	r2, #16
87801488:	e794      	b.n	878013b4 <simple_strtoull+0x2c>
8780148a:	4601      	mov	r1, r0
8780148c:	e7ba      	b.n	87801404 <simple_strtoull+0x7c>
8780148e:	f894 e002 	ldrb.w	lr, [r4, #2]
87801492:	3402      	adds	r4, #2
87801494:	e7be      	b.n	87801414 <simple_strtoull+0x8c>
87801496:	bf00      	nop
87801498:	ffffec6a 			@ <UNDEFINED> instruction: 0xffffec6a
8780149c:	00000178 	andeq	r0, r0, r8, ror r1

878014a0 <simple_strtoll>:
878014a0:	b508      	push	{r3, lr}
878014a2:	7803      	ldrb	r3, [r0, #0]
878014a4:	2b2d      	cmp	r3, #45	@ 0x2d
878014a6:	d003      	beq.n	878014b0 <simple_strtoll+0x10>
878014a8:	e8bd 4008 	ldmia.w	sp!, {r3, lr}
878014ac:	f7ff bf6c 	b.w	87801388 <simple_strtoull>
878014b0:	3001      	adds	r0, #1
878014b2:	f7ff ff69 	bl	87801388 <simple_strtoull>
878014b6:	4240      	negs	r0, r0
878014b8:	eb61 0141 	sbc.w	r1, r1, r1, lsl #1
878014bc:	bd08      	pop	{r3, pc}
878014be:	bf00      	nop

878014c0 <vsnprintf>:
878014c0:	e92d 4ff0 	stmdb	sp!, {r4, r5, r6, r7, r8, r9, sl, fp, lr}
878014c4:	1e0d      	subs	r5, r1, #0
878014c6:	f8df 8aa4 	ldr.w	r8, [pc, #2724]	@ 87801f6c <vsnprintf+0xaac>
878014ca:	b089      	sub	sp, #36	@ 0x24
878014cc:	44f8      	add	r8, pc
878014ce:	f2c0 84a3 	blt.w	87801e18 <vsnprintf+0x958>
878014d2:	4696      	mov	lr, r2
878014d4:	1e6e      	subs	r6, r5, #1
878014d6:	4406      	add	r6, r0
878014d8:	1e42      	subs	r2, r0, #1
878014da:	461f      	mov	r7, r3
878014dc:	4296      	cmp	r6, r2
878014de:	f89e 3000 	ldrb.w	r3, [lr]
878014e2:	d31d      	bcc.n	87801520 <vsnprintf+0x60>
878014e4:	2b00      	cmp	r3, #0
878014e6:	f000 8514 	beq.w	87801f12 <vsnprintf+0xa52>
878014ea:	4683      	mov	fp, r0
878014ec:	4604      	mov	r4, r0
878014ee:	9505      	str	r5, [sp, #20]
878014f0:	2b25      	cmp	r3, #37	@ 0x25
878014f2:	d01c      	beq.n	8780152e <vsnprintf+0x6e>
878014f4:	42a6      	cmp	r6, r4
878014f6:	bf28      	it	cs
878014f8:	7023      	strbcs	r3, [r4, #0]
878014fa:	f10e 0e01 	add.w	lr, lr, #1
878014fe:	3401      	adds	r4, #1
87801500:	f89e 3000 	ldrb.w	r3, [lr]
87801504:	2b00      	cmp	r3, #0
87801506:	d1f3      	bne.n	878014f0 <vsnprintf+0x30>
87801508:	9d05      	ldr	r5, [sp, #20]
8780150a:	eba4 000b 	sub.w	r0, r4, fp
8780150e:	42a6      	cmp	r6, r4
87801510:	f080 8170 	bcs.w	878017f4 <vsnprintf+0x334>
87801514:	b10d      	cbz	r5, 8780151a <vsnprintf+0x5a>
87801516:	2300      	movs	r3, #0
87801518:	7033      	strb	r3, [r6, #0]
8780151a:	b009      	add	sp, #36	@ 0x24
8780151c:	e8bd 8ff0 	ldmia.w	sp!, {r4, r5, r6, r7, r8, r9, sl, fp, pc}
87801520:	2b00      	cmp	r3, #0
87801522:	f000 8165 	beq.w	878017f0 <vsnprintf+0x330>
87801526:	4245      	negs	r5, r0
87801528:	f04f 36ff 	mov.w	r6, #4294967295	@ 0xffffffff
8780152c:	e7dd      	b.n	878014ea <vsnprintf+0x2a>
8780152e:	2200      	movs	r2, #0
87801530:	f89e 0001 	ldrb.w	r0, [lr, #1]
87801534:	f10e 0901 	add.w	r9, lr, #1
87801538:	f1a0 0320 	sub.w	r3, r0, #32
8780153c:	2b10      	cmp	r3, #16
8780153e:	d80a      	bhi.n	87801556 <vsnprintf+0x96>
87801540:	e8df f003 	tbb	[pc, r3]
87801544:	9d0909a1 	vstrls.16	s0, [r9, #-322]	@ 0xfffffebe	@ <UNPREDICTABLE>
87801548:	09090909 	stmdbeq	r9, {r0, r3, r8, fp}
8780154c:	99090909 	stmdbls	r9, {r0, r3, r8, fp}
87801550:	09099509 	stmdbeq	r9, {r0, r3, r8, sl, ip, pc}
87801554:	f8df0091 			@ <UNDEFINED> instruction: 0xf8df0091
87801558:	3a18      	subs	r2, #24
8780155a:	4601      	mov	r1, r0
8780155c:	f858 c003 	ldr.w	ip, [r8, r3]
87801560:	f81c 3000 	ldrb.w	r3, [ip, r0]
87801564:	075b      	lsls	r3, r3, #29
87801566:	f100 8135 	bmi.w	878017d4 <vsnprintf+0x314>
8780156a:	282a      	cmp	r0, #42	@ 0x2a
8780156c:	bf18      	it	ne
8780156e:	f04f 33ff 	movne.w	r3, #4294967295	@ 0xffffffff
87801572:	d10a      	bne.n	8780158a <vsnprintf+0xca>
87801574:	f857 3b04 	ldr.w	r3, [r7], #4
87801578:	f10e 0902 	add.w	r9, lr, #2
8780157c:	f89e 0002 	ldrb.w	r0, [lr, #2]
87801580:	2b00      	cmp	r3, #0
87801582:	bfbc      	itt	lt
87801584:	425b      	neglt	r3, r3
87801586:	f042 0210 	orrlt.w	r2, r2, #16
8780158a:	282e      	cmp	r0, #46	@ 0x2e
8780158c:	bf18      	it	ne
8780158e:	f04f 31ff 	movne.w	r1, #4294967295	@ 0xffffffff
87801592:	f000 8107 	beq.w	878017a4 <vsnprintf+0x2e4>
87801596:	287a      	cmp	r0, #122	@ 0x7a
87801598:	f200 80ed 	bhi.w	87801776 <vsnprintf+0x2b6>
8780159c:	2867      	cmp	r0, #103	@ 0x67
8780159e:	d876      	bhi.n	8780168e <vsnprintf+0x1ce>
878015a0:	284c      	cmp	r0, #76	@ 0x4c
878015a2:	bf08      	it	eq
878015a4:	f109 0901 	addeq.w	r9, r9, #1
878015a8:	f000 8129 	beq.w	878017fe <vsnprintf+0x33e>
878015ac:	285a      	cmp	r0, #90	@ 0x5a
878015ae:	f000 81d9 	beq.w	87801964 <vsnprintf+0x4a4>
878015b2:	3825      	subs	r0, #37	@ 0x25
878015b4:	2853      	cmp	r0, #83	@ 0x53
878015b6:	f200 80de 	bhi.w	87801776 <vsnprintf+0x2b6>
878015ba:	e8df f010 	tbh	[pc, r0, lsl #1]
878015be:	00dc02de 	ldrsbeq	r0, [ip], #46	@ 0x2e
878015c2:	00dc00dc 	ldrsbeq	r0, [ip], #12
878015c6:	00dc00dc 	ldrsbeq	r0, [ip], #12
878015ca:	00dc00dc 	ldrsbeq	r0, [ip], #12
878015ce:	00dc00dc 	ldrsbeq	r0, [ip], #12
878015d2:	00dc00dc 	ldrsbeq	r0, [ip], #12
878015d6:	00dc00dc 	ldrsbeq	r0, [ip], #12
878015da:	00dc00dc 	ldrsbeq	r0, [ip], #12
878015de:	00dc00dc 	ldrsbeq	r0, [ip], #12
878015e2:	00dc00dc 	ldrsbeq	r0, [ip], #12
878015e6:	00dc00dc 	ldrsbeq	r0, [ip], #12
878015ea:	00dc00dc 	ldrsbeq	r0, [ip], #12
878015ee:	00dc00dc 	ldrsbeq	r0, [ip], #12
878015f2:	00dc00dc 	ldrsbeq	r0, [ip], #12
878015f6:	00dc00dc 	ldrsbeq	r0, [ip], #12
878015fa:	00dc00dc 	ldrsbeq	r0, [ip], #12
878015fe:	00dc00dc 	ldrsbeq	r0, [ip], #12
87801602:	00dc00dc 	ldrsbeq	r0, [ip], #12
87801606:	00dc00dc 	ldrsbeq	r0, [ip], #12
8780160a:	00dc00dc 	ldrsbeq	r0, [ip], #12
8780160e:	00dc00dc 	ldrsbeq	r0, [ip], #12
87801612:	00dc00dc 	ldrsbeq	r0, [ip], #12
87801616:	00dc00dc 	ldrsbeq	r0, [ip], #12
8780161a:	00dc00dc 	ldrsbeq	r0, [ip], #12
8780161e:	00dc00dc 	ldrsbeq	r0, [ip], #12
87801622:	034200dc 	movteq	r0, #8412	@ 0x20dc
87801626:	00dc00dc 	ldrsbeq	r0, [ip], #12
8780162a:	00dc00dc 	ldrsbeq	r0, [ip], #12
8780162e:	00dc00dc 	ldrsbeq	r0, [ip], #12
87801632:	00dc00dc 	ldrsbeq	r0, [ip], #12
87801636:	00dc00dc 	ldrsbeq	r0, [ip], #12
8780163a:	029d02ba 	addseq	r0, sp, #-1610612725	@ 0xa000000b
8780163e:	00dc00dc 	ldrsbeq	r0, [ip], #12
87801642:	00dc00dc 	ldrsbeq	r0, [ip], #12
87801646:	00dc029d 	smullseq	r0, ip, sp, r2
8780164a:	00dc00dc 	ldrsbeq	r0, [ip], #12
8780164e:	043900dc 	ldrteq	r0, [r9], #-220	@ 0xffffff24
87801652:	03250441 			@ <UNDEFINED> instruction: 0x03250441
87801656:	00dc00dc 	ldrsbeq	r0, [ip], #12
8780165a:	00dc02ec 	sbcseq	r0, ip, ip, ror #5
8780165e:	00dc0431 	sbcseq	r0, ip, r1, lsr r4
87801662:	043600dc 	ldrteq	r0, [r6], #-220	@ 0xffffff24
87801666:	f042 0201 	orr.w	r2, r2, #1
8780166a:	46ce      	mov	lr, r9
8780166c:	e760      	b.n	87801530 <vsnprintf+0x70>
8780166e:	f042 0210 	orr.w	r2, r2, #16
87801672:	46ce      	mov	lr, r9
87801674:	e75c      	b.n	87801530 <vsnprintf+0x70>
87801676:	f042 0204 	orr.w	r2, r2, #4
8780167a:	46ce      	mov	lr, r9
8780167c:	e758      	b.n	87801530 <vsnprintf+0x70>
8780167e:	f042 0220 	orr.w	r2, r2, #32
87801682:	46ce      	mov	lr, r9
87801684:	e754      	b.n	87801530 <vsnprintf+0x70>
87801686:	f042 0208 	orr.w	r2, r2, #8
8780168a:	46ce      	mov	lr, r9
8780168c:	e750      	b.n	87801530 <vsnprintf+0x70>
8780168e:	f1a0 0e68 	sub.w	lr, r0, #104	@ 0x68
87801692:	f04f 0c11 	mov.w	ip, #17
87801696:	f2c0 0c04 	movt	ip, #4
8780169a:	fa5f fe8e 	uxtb.w	lr, lr
8780169e:	fa2c fc0e 	lsr.w	ip, ip, lr
878016a2:	f01c 0f01 	tst.w	ip, #1
878016a6:	d084      	beq.n	878015b2 <vsnprintf+0xf2>
878016a8:	f109 0a01 	add.w	sl, r9, #1
878016ac:	286c      	cmp	r0, #108	@ 0x6c
878016ae:	f040 82fc 	bne.w	87801caa <vsnprintf+0x7ea>
878016b2:	f899 0001 	ldrb.w	r0, [r9, #1]
878016b6:	286c      	cmp	r0, #108	@ 0x6c
878016b8:	bf08      	it	eq
878016ba:	f109 0902 	addeq.w	r9, r9, #2
878016be:	f000 809e 	beq.w	878017fe <vsnprintf+0x33e>
878016c2:	3825      	subs	r0, #37	@ 0x25
878016c4:	2853      	cmp	r0, #83	@ 0x53
878016c6:	d855      	bhi.n	87801774 <vsnprintf+0x2b4>
878016c8:	e8df f010 	tbh	[pc, r0, lsl #1]
878016cc:	00540256 	subseq	r0, r4, r6, asr r2
878016d0:	00540054 	subseq	r0, r4, r4, asr r0
878016d4:	00540054 	subseq	r0, r4, r4, asr r0
878016d8:	00540054 	subseq	r0, r4, r4, asr r0
878016dc:	00540054 	subseq	r0, r4, r4, asr r0
878016e0:	00540054 	subseq	r0, r4, r4, asr r0
878016e4:	00540054 	subseq	r0, r4, r4, asr r0
878016e8:	00540054 	subseq	r0, r4, r4, asr r0
878016ec:	00540054 	subseq	r0, r4, r4, asr r0
878016f0:	00540054 	subseq	r0, r4, r4, asr r0
878016f4:	00540054 	subseq	r0, r4, r4, asr r0
878016f8:	00540054 	subseq	r0, r4, r4, asr r0
878016fc:	00540054 	subseq	r0, r4, r4, asr r0
87801700:	00540054 	subseq	r0, r4, r4, asr r0
87801704:	00540054 	subseq	r0, r4, r4, asr r0
87801708:	00540054 	subseq	r0, r4, r4, asr r0
8780170c:	00540054 	subseq	r0, r4, r4, asr r0
87801710:	00540054 	subseq	r0, r4, r4, asr r0
87801714:	00540054 	subseq	r0, r4, r4, asr r0
87801718:	00540054 	subseq	r0, r4, r4, asr r0
8780171c:	00540054 	subseq	r0, r4, r4, asr r0
87801720:	00540054 	subseq	r0, r4, r4, asr r0
87801724:	00540054 	subseq	r0, r4, r4, asr r0
87801728:	00540054 	subseq	r0, r4, r4, asr r0
8780172c:	00540054 	subseq	r0, r4, r4, asr r0
87801730:	03fd0054 	mvnseq	r0, #84	@ 0x54
87801734:	00540054 	subseq	r0, r4, r4, asr r0
87801738:	00540054 	subseq	r0, r4, r4, asr r0
8780173c:	00540054 	subseq	r0, r4, r4, asr r0
87801740:	00540054 	subseq	r0, r4, r4, asr r0
87801744:	00540054 	subseq	r0, r4, r4, asr r0
87801748:	02c50232 	sbceq	r0, r5, #536870915	@ 0x20000003
8780174c:	00540054 	subseq	r0, r4, r4, asr r0
87801750:	00540054 	subseq	r0, r4, r4, asr r0
87801754:	005402c5 	subseq	r0, r4, r5, asr #5
87801758:	00540054 	subseq	r0, r4, r4, asr r0
8780175c:	02e20054 	rsceq	r0, r2, #84	@ 0x54
87801760:	029d03f7 	addseq	r0, sp, #-603979773	@ 0xdc000003
87801764:	00540054 	subseq	r0, r4, r4, asr r0
87801768:	00540264 	subseq	r0, r4, r4, ror #4
8780176c:	005402db 	ldrsbeq	r0, [r4], #-43	@ 0xffffffd5
87801770:	03f40054 	mvnseq	r0, #84	@ 0x54
87801774:	46d1      	mov	r9, sl
87801776:	42a6      	cmp	r6, r4
87801778:	f104 0201 	add.w	r2, r4, #1
8780177c:	bf24      	itt	cs
8780177e:	2325      	movcs	r3, #37	@ 0x25
87801780:	7023      	strbcs	r3, [r4, #0]
87801782:	f899 3000 	ldrb.w	r3, [r9]
87801786:	2b00      	cmp	r3, #0
87801788:	f000 81b3 	beq.w	87801af2 <vsnprintf+0x632>
8780178c:	4296      	cmp	r6, r2
8780178e:	bf28      	it	cs
87801790:	7063      	strbcs	r3, [r4, #1]
87801792:	f109 0e01 	add.w	lr, r9, #1
87801796:	3402      	adds	r4, #2
87801798:	f899 3001 	ldrb.w	r3, [r9, #1]
8780179c:	2b00      	cmp	r3, #0
8780179e:	f47f aea7 	bne.w	878014f0 <vsnprintf+0x30>
878017a2:	e6b1      	b.n	87801508 <vsnprintf+0x48>
878017a4:	f899 e001 	ldrb.w	lr, [r9, #1]
878017a8:	f109 0a01 	add.w	sl, r9, #1
878017ac:	4670      	mov	r0, lr
878017ae:	f81c 100e 	ldrb.w	r1, [ip, lr]
878017b2:	f011 0104 	ands.w	r1, r1, #4
878017b6:	f040 818b 	bne.w	87801ad0 <vsnprintf+0x610>
878017ba:	282a      	cmp	r0, #42	@ 0x2a
878017bc:	bf11      	iteee	ne
878017be:	46d1      	movne	r9, sl
878017c0:	f857 1b04 	ldreq.w	r1, [r7], #4
878017c4:	f899 0002 	ldrbeq.w	r0, [r9, #2]
878017c8:	f109 0902 	addeq.w	r9, r9, #2
878017cc:	bf08      	it	eq
878017ce:	ea21 71e1 	biceq.w	r1, r1, r1, asr #31
878017d2:	e6e0      	b.n	87801596 <vsnprintf+0xd6>
878017d4:	2300      	movs	r3, #0
878017d6:	f04f 0a0a 	mov.w	sl, #10
878017da:	fb0a 1303 	mla	r3, sl, r3, r1
878017de:	f819 1f01 	ldrb.w	r1, [r9, #1]!
878017e2:	3b30      	subs	r3, #48	@ 0x30
878017e4:	4608      	mov	r0, r1
878017e6:	f81c 5001 	ldrb.w	r5, [ip, r1]
878017ea:	076d      	lsls	r5, r5, #29
878017ec:	d4f5      	bmi.n	878017da <vsnprintf+0x31a>
878017ee:	e6cc      	b.n	8780158a <vsnprintf+0xca>
878017f0:	4604      	mov	r4, r0
878017f2:	4618      	mov	r0, r3
878017f4:	2300      	movs	r3, #0
878017f6:	7023      	strb	r3, [r4, #0]
878017f8:	b009      	add	sp, #36	@ 0x24
878017fa:	e8bd 8ff0 	ldmia.w	sp!, {r4, r5, r6, r7, r8, r9, sl, fp, pc}
878017fe:	f899 0000 	ldrb.w	r0, [r9]
87801802:	3825      	subs	r0, #37	@ 0x25
87801804:	2853      	cmp	r0, #83	@ 0x53
87801806:	d8b6      	bhi.n	87801776 <vsnprintf+0x2b6>
87801808:	f20f 0c08 	addw	ip, pc, #8
8780180c:	f85c 0020 	ldr.w	r0, [ip, r0, lsl #2]
87801810:	4484      	add	ip, r0
87801812:	4760      	bx	ip
87801814:	00000367 	andeq	r0, r0, r7, ror #6
87801818:	ffffff63 			@ <UNDEFINED> instruction: 0xffffff63
8780181c:	ffffff63 			@ <UNDEFINED> instruction: 0xffffff63
87801820:	ffffff63 			@ <UNDEFINED> instruction: 0xffffff63
87801824:	ffffff63 			@ <UNDEFINED> instruction: 0xffffff63
87801828:	ffffff63 			@ <UNDEFINED> instruction: 0xffffff63
8780182c:	ffffff63 			@ <UNDEFINED> instruction: 0xffffff63
87801830:	ffffff63 			@ <UNDEFINED> instruction: 0xffffff63
87801834:	ffffff63 			@ <UNDEFINED> instruction: 0xffffff63
87801838:	ffffff63 			@ <UNDEFINED> instruction: 0xffffff63
8780183c:	ffffff63 			@ <UNDEFINED> instruction: 0xffffff63
87801840:	ffffff63 			@ <UNDEFINED> instruction: 0xffffff63
87801844:	ffffff63 			@ <UNDEFINED> instruction: 0xffffff63
87801848:	ffffff63 			@ <UNDEFINED> instruction: 0xffffff63
8780184c:	ffffff63 			@ <UNDEFINED> instruction: 0xffffff63
87801850:	ffffff63 			@ <UNDEFINED> instruction: 0xffffff63
87801854:	ffffff63 			@ <UNDEFINED> instruction: 0xffffff63
87801858:	ffffff63 			@ <UNDEFINED> instruction: 0xffffff63
8780185c:	ffffff63 			@ <UNDEFINED> instruction: 0xffffff63
87801860:	ffffff63 			@ <UNDEFINED> instruction: 0xffffff63
87801864:	ffffff63 			@ <UNDEFINED> instruction: 0xffffff63
87801868:	ffffff63 			@ <UNDEFINED> instruction: 0xffffff63
8780186c:	ffffff63 			@ <UNDEFINED> instruction: 0xffffff63
87801870:	ffffff63 			@ <UNDEFINED> instruction: 0xffffff63
87801874:	ffffff63 			@ <UNDEFINED> instruction: 0xffffff63
87801878:	ffffff63 			@ <UNDEFINED> instruction: 0xffffff63
8780187c:	ffffff63 			@ <UNDEFINED> instruction: 0xffffff63
87801880:	ffffff63 			@ <UNDEFINED> instruction: 0xffffff63
87801884:	ffffff63 			@ <UNDEFINED> instruction: 0xffffff63
87801888:	ffffff63 			@ <UNDEFINED> instruction: 0xffffff63
8780188c:	ffffff63 			@ <UNDEFINED> instruction: 0xffffff63
87801890:	ffffff63 			@ <UNDEFINED> instruction: 0xffffff63
87801894:	ffffff63 			@ <UNDEFINED> instruction: 0xffffff63
87801898:	ffffff63 			@ <UNDEFINED> instruction: 0xffffff63
8780189c:	ffffff63 			@ <UNDEFINED> instruction: 0xffffff63
878018a0:	ffffff63 			@ <UNDEFINED> instruction: 0xffffff63
878018a4:	ffffff63 			@ <UNDEFINED> instruction: 0xffffff63
878018a8:	ffffff63 			@ <UNDEFINED> instruction: 0xffffff63
878018ac:	ffffff63 			@ <UNDEFINED> instruction: 0xffffff63
878018b0:	ffffff63 			@ <UNDEFINED> instruction: 0xffffff63
878018b4:	ffffff63 			@ <UNDEFINED> instruction: 0xffffff63
878018b8:	ffffff63 			@ <UNDEFINED> instruction: 0xffffff63
878018bc:	ffffff63 			@ <UNDEFINED> instruction: 0xffffff63
878018c0:	ffffff63 			@ <UNDEFINED> instruction: 0xffffff63
878018c4:	ffffff63 			@ <UNDEFINED> instruction: 0xffffff63
878018c8:	ffffff63 			@ <UNDEFINED> instruction: 0xffffff63
878018cc:	ffffff63 			@ <UNDEFINED> instruction: 0xffffff63
878018d0:	ffffff63 			@ <UNDEFINED> instruction: 0xffffff63
878018d4:	ffffff63 			@ <UNDEFINED> instruction: 0xffffff63
878018d8:	ffffff63 			@ <UNDEFINED> instruction: 0xffffff63
878018dc:	ffffff63 			@ <UNDEFINED> instruction: 0xffffff63
878018e0:	00000677 	andeq	r0, r0, r7, ror r6
878018e4:	ffffff63 			@ <UNDEFINED> instruction: 0xffffff63
878018e8:	ffffff63 			@ <UNDEFINED> instruction: 0xffffff63
878018ec:	ffffff63 			@ <UNDEFINED> instruction: 0xffffff63
878018f0:	ffffff63 			@ <UNDEFINED> instruction: 0xffffff63
878018f4:	ffffff63 			@ <UNDEFINED> instruction: 0xffffff63
878018f8:	ffffff63 			@ <UNDEFINED> instruction: 0xffffff63
878018fc:	ffffff63 			@ <UNDEFINED> instruction: 0xffffff63
87801900:	ffffff63 			@ <UNDEFINED> instruction: 0xffffff63
87801904:	ffffff63 			@ <UNDEFINED> instruction: 0xffffff63
87801908:	ffffff63 			@ <UNDEFINED> instruction: 0xffffff63
8780190c:	0000031f 	andeq	r0, r0, pc, lsl r3
87801910:	00000633 	andeq	r0, r0, r3, lsr r6
87801914:	ffffff63 			@ <UNDEFINED> instruction: 0xffffff63
87801918:	ffffff63 			@ <UNDEFINED> instruction: 0xffffff63
8780191c:	ffffff63 			@ <UNDEFINED> instruction: 0xffffff63
87801920:	ffffff63 			@ <UNDEFINED> instruction: 0xffffff63
87801924:	00000633 	andeq	r0, r0, r3, lsr r6
87801928:	ffffff63 			@ <UNDEFINED> instruction: 0xffffff63
8780192c:	ffffff63 			@ <UNDEFINED> instruction: 0xffffff63
87801930:	ffffff63 			@ <UNDEFINED> instruction: 0xffffff63
87801934:	ffffff63 			@ <UNDEFINED> instruction: 0xffffff63
87801938:	0000061d 	andeq	r0, r0, sp, lsl r6
8780193c:	00000681 	andeq	r0, r0, r1, lsl #13
87801940:	000003f5 	strdeq	r0, [r0], -r5
87801944:	ffffff63 			@ <UNDEFINED> instruction: 0xffffff63
87801948:	ffffff63 			@ <UNDEFINED> instruction: 0xffffff63
8780194c:	00000383 	andeq	r0, r0, r3, lsl #7
87801950:	ffffff63 			@ <UNDEFINED> instruction: 0xffffff63
87801954:	00000671 	andeq	r0, r0, r1, ror r6
87801958:	ffffff63 			@ <UNDEFINED> instruction: 0xffffff63
8780195c:	ffffff63 			@ <UNDEFINED> instruction: 0xffffff63
87801960:	0000067b 	andeq	r0, r0, fp, ror r6
87801964:	f899 0001 	ldrb.w	r0, [r9, #1]
87801968:	f109 0a01 	add.w	sl, r9, #1
8780196c:	3825      	subs	r0, #37	@ 0x25
8780196e:	2853      	cmp	r0, #83	@ 0x53
87801970:	f63f af00 	bhi.w	87801774 <vsnprintf+0x2b4>
87801974:	f20f 0c08 	addw	ip, pc, #8
87801978:	f85c 0020 	ldr.w	r0, [ip, r0, lsl #2]
8780197c:	4484      	add	ip, r0
8780197e:	4760      	bx	ip
87801980:	000001f9 	strdeq	r0, [r0], -r9
87801984:	fffffdf5 			@ <UNDEFINED> instruction: 0xfffffdf5
87801988:	fffffdf5 			@ <UNDEFINED> instruction: 0xfffffdf5
8780198c:	fffffdf5 			@ <UNDEFINED> instruction: 0xfffffdf5
87801990:	fffffdf5 			@ <UNDEFINED> instruction: 0xfffffdf5
87801994:	fffffdf5 			@ <UNDEFINED> instruction: 0xfffffdf5
87801998:	fffffdf5 			@ <UNDEFINED> instruction: 0xfffffdf5
8780199c:	fffffdf5 			@ <UNDEFINED> instruction: 0xfffffdf5
878019a0:	fffffdf5 			@ <UNDEFINED> instruction: 0xfffffdf5
878019a4:	fffffdf5 			@ <UNDEFINED> instruction: 0xfffffdf5
878019a8:	fffffdf5 			@ <UNDEFINED> instruction: 0xfffffdf5
878019ac:	fffffdf5 			@ <UNDEFINED> instruction: 0xfffffdf5
878019b0:	fffffdf5 			@ <UNDEFINED> instruction: 0xfffffdf5
878019b4:	fffffdf5 			@ <UNDEFINED> instruction: 0xfffffdf5
878019b8:	fffffdf5 			@ <UNDEFINED> instruction: 0xfffffdf5
878019bc:	fffffdf5 			@ <UNDEFINED> instruction: 0xfffffdf5
878019c0:	fffffdf5 			@ <UNDEFINED> instruction: 0xfffffdf5
878019c4:	fffffdf5 			@ <UNDEFINED> instruction: 0xfffffdf5
878019c8:	fffffdf5 			@ <UNDEFINED> instruction: 0xfffffdf5
878019cc:	fffffdf5 			@ <UNDEFINED> instruction: 0xfffffdf5
878019d0:	fffffdf5 			@ <UNDEFINED> instruction: 0xfffffdf5
878019d4:	fffffdf5 			@ <UNDEFINED> instruction: 0xfffffdf5
878019d8:	fffffdf5 			@ <UNDEFINED> instruction: 0xfffffdf5
878019dc:	fffffdf5 			@ <UNDEFINED> instruction: 0xfffffdf5
878019e0:	fffffdf5 			@ <UNDEFINED> instruction: 0xfffffdf5
878019e4:	fffffdf5 			@ <UNDEFINED> instruction: 0xfffffdf5
878019e8:	fffffdf5 			@ <UNDEFINED> instruction: 0xfffffdf5
878019ec:	fffffdf5 			@ <UNDEFINED> instruction: 0xfffffdf5
878019f0:	fffffdf5 			@ <UNDEFINED> instruction: 0xfffffdf5
878019f4:	fffffdf5 			@ <UNDEFINED> instruction: 0xfffffdf5
878019f8:	fffffdf5 			@ <UNDEFINED> instruction: 0xfffffdf5
878019fc:	fffffdf5 			@ <UNDEFINED> instruction: 0xfffffdf5
87801a00:	fffffdf5 			@ <UNDEFINED> instruction: 0xfffffdf5
87801a04:	fffffdf5 			@ <UNDEFINED> instruction: 0xfffffdf5
87801a08:	fffffdf5 			@ <UNDEFINED> instruction: 0xfffffdf5
87801a0c:	fffffdf5 			@ <UNDEFINED> instruction: 0xfffffdf5
87801a10:	fffffdf5 			@ <UNDEFINED> instruction: 0xfffffdf5
87801a14:	fffffdf5 			@ <UNDEFINED> instruction: 0xfffffdf5
87801a18:	fffffdf5 			@ <UNDEFINED> instruction: 0xfffffdf5
87801a1c:	fffffdf5 			@ <UNDEFINED> instruction: 0xfffffdf5
87801a20:	fffffdf5 			@ <UNDEFINED> instruction: 0xfffffdf5
87801a24:	fffffdf5 			@ <UNDEFINED> instruction: 0xfffffdf5
87801a28:	fffffdf5 			@ <UNDEFINED> instruction: 0xfffffdf5
87801a2c:	fffffdf5 			@ <UNDEFINED> instruction: 0xfffffdf5
87801a30:	fffffdf5 			@ <UNDEFINED> instruction: 0xfffffdf5
87801a34:	fffffdf5 			@ <UNDEFINED> instruction: 0xfffffdf5
87801a38:	fffffdf5 			@ <UNDEFINED> instruction: 0xfffffdf5
87801a3c:	fffffdf5 			@ <UNDEFINED> instruction: 0xfffffdf5
87801a40:	fffffdf5 			@ <UNDEFINED> instruction: 0xfffffdf5
87801a44:	fffffdf5 			@ <UNDEFINED> instruction: 0xfffffdf5
87801a48:	fffffdf5 			@ <UNDEFINED> instruction: 0xfffffdf5
87801a4c:	00000531 	andeq	r0, r0, r1, lsr r5
87801a50:	fffffdf5 			@ <UNDEFINED> instruction: 0xfffffdf5
87801a54:	fffffdf5 			@ <UNDEFINED> instruction: 0xfffffdf5
87801a58:	fffffdf5 			@ <UNDEFINED> instruction: 0xfffffdf5
87801a5c:	fffffdf5 			@ <UNDEFINED> instruction: 0xfffffdf5
87801a60:	fffffdf5 			@ <UNDEFINED> instruction: 0xfffffdf5
87801a64:	fffffdf5 			@ <UNDEFINED> instruction: 0xfffffdf5
87801a68:	fffffdf5 			@ <UNDEFINED> instruction: 0xfffffdf5
87801a6c:	fffffdf5 			@ <UNDEFINED> instruction: 0xfffffdf5
87801a70:	fffffdf5 			@ <UNDEFINED> instruction: 0xfffffdf5
87801a74:	fffffdf5 			@ <UNDEFINED> instruction: 0xfffffdf5
87801a78:	000001b1 			@ <UNDEFINED> instruction: 0x000001b1
87801a7c:	000004db 	ldrdeq	r0, [r0], -fp
87801a80:	fffffdf5 			@ <UNDEFINED> instruction: 0xfffffdf5
87801a84:	fffffdf5 			@ <UNDEFINED> instruction: 0xfffffdf5
87801a88:	fffffdf5 			@ <UNDEFINED> instruction: 0xfffffdf5
87801a8c:	fffffdf5 			@ <UNDEFINED> instruction: 0xfffffdf5
87801a90:	000004db 	ldrdeq	r0, [r0], -fp
87801a94:	fffffdf5 			@ <UNDEFINED> instruction: 0xfffffdf5
87801a98:	fffffdf5 			@ <UNDEFINED> instruction: 0xfffffdf5
87801a9c:	fffffdf5 			@ <UNDEFINED> instruction: 0xfffffdf5
87801aa0:	fffffdf5 			@ <UNDEFINED> instruction: 0xfffffdf5
87801aa4:	000002e9 	andeq	r0, r0, r9, ror #5
87801aa8:	0000053b 	andeq	r0, r0, fp, lsr r5
87801aac:	00000287 	andeq	r0, r0, r7, lsl #5
87801ab0:	fffffdf5 			@ <UNDEFINED> instruction: 0xfffffdf5
87801ab4:	fffffdf5 			@ <UNDEFINED> instruction: 0xfffffdf5
87801ab8:	00000215 	andeq	r0, r0, r5, lsl r2
87801abc:	fffffdf5 			@ <UNDEFINED> instruction: 0xfffffdf5
87801ac0:	00000541 	andeq	r0, r0, r1, asr #10
87801ac4:	fffffdf5 			@ <UNDEFINED> instruction: 0xfffffdf5
87801ac8:	fffffdf5 			@ <UNDEFINED> instruction: 0xfffffdf5
87801acc:	00000535 	andeq	r0, r0, r5, lsr r5
87801ad0:	2100      	movs	r1, #0
87801ad2:	250a      	movs	r5, #10
87801ad4:	f81a 0f01 	ldrb.w	r0, [sl, #1]!
87801ad8:	fb05 e101 	mla	r1, r5, r1, lr
87801adc:	4686      	mov	lr, r0
87801ade:	3930      	subs	r1, #48	@ 0x30
87801ae0:	f81c 9000 	ldrb.w	r9, [ip, r0]
87801ae4:	f019 0f04 	tst.w	r9, #4
87801ae8:	d1f4      	bne.n	87801ad4 <vsnprintf+0x614>
87801aea:	ea21 71e1 	bic.w	r1, r1, r1, asr #31
87801aee:	46d1      	mov	r9, sl
87801af0:	e551      	b.n	87801596 <vsnprintf+0xd6>
87801af2:	9d05      	ldr	r5, [sp, #20]
87801af4:	4614      	mov	r4, r2
87801af6:	e508      	b.n	8780150a <vsnprintf+0x4a>
87801af8:	f857 0b04 	ldr.w	r0, [r7], #4
87801afc:	f042 0202 	orr.w	r2, r2, #2
87801b00:	46ca      	mov	sl, r9
87801b02:	f04f 0c0a 	mov.w	ip, #10
87801b06:	ea4f 7ee0 	mov.w	lr, r0, asr #31
87801b0a:	e9cd 1202 	strd	r1, r2, [sp, #8]
87801b0e:	4602      	mov	r2, r0
87801b10:	e9cd c300 	strd	ip, r3, [sp]
87801b14:	4620      	mov	r0, r4
87801b16:	4673      	mov	r3, lr
87801b18:	4631      	mov	r1, r6
87801b1a:	f7fe ff9f 	bl	87800a5c <number>
87801b1e:	f89a 3001 	ldrb.w	r3, [sl, #1]
87801b22:	4604      	mov	r4, r0
87801b24:	f10a 0e01 	add.w	lr, sl, #1
87801b28:	2b00      	cmp	r3, #0
87801b2a:	f47f ace1 	bne.w	878014f0 <vsnprintf+0x30>
87801b2e:	e4eb      	b.n	87801508 <vsnprintf+0x48>
87801b30:	46d1      	mov	r9, sl
87801b32:	1c60      	adds	r0, r4, #1
87801b34:	1d39      	adds	r1, r7, #4
87801b36:	f109 0e01 	add.w	lr, r9, #1
87801b3a:	06d5      	lsls	r5, r2, #27
87801b3c:	f140 81ed 	bpl.w	87801f1a <vsnprintf+0xa5a>
87801b40:	42a6      	cmp	r6, r4
87801b42:	bf24      	itt	cs
87801b44:	683a      	ldrcs	r2, [r7, #0]
87801b46:	7022      	strbcs	r2, [r4, #0]
87801b48:	2b01      	cmp	r3, #1
87801b4a:	bfd8      	it	le
87801b4c:	4604      	movle	r4, r0
87801b4e:	dd0c      	ble.n	87801b6a <vsnprintf+0x6aa>
87801b50:	441c      	add	r4, r3
87801b52:	4602      	mov	r2, r0
87801b54:	2720      	movs	r7, #32
87801b56:	4296      	cmp	r6, r2
87801b58:	f102 0201 	add.w	r2, r2, #1
87801b5c:	bf28      	it	cs
87801b5e:	f802 7c01 	strbcs.w	r7, [r2, #-1]
87801b62:	42a2      	cmp	r2, r4
87801b64:	d1f7      	bne.n	87801b56 <vsnprintf+0x696>
87801b66:	3b01      	subs	r3, #1
87801b68:	18c4      	adds	r4, r0, r3
87801b6a:	f899 3001 	ldrb.w	r3, [r9, #1]
87801b6e:	460f      	mov	r7, r1
87801b70:	2b00      	cmp	r3, #0
87801b72:	f47f acbd 	bne.w	878014f0 <vsnprintf+0x30>
87801b76:	e4c7      	b.n	87801508 <vsnprintf+0x48>
87801b78:	46d1      	mov	r9, sl
87801b7a:	42a6      	cmp	r6, r4
87801b7c:	f109 0e01 	add.w	lr, r9, #1
87801b80:	bf24      	itt	cs
87801b82:	2325      	movcs	r3, #37	@ 0x25
87801b84:	7023      	strbcs	r3, [r4, #0]
87801b86:	3401      	adds	r4, #1
87801b88:	f899 3001 	ldrb.w	r3, [r9, #1]
87801b8c:	2b00      	cmp	r3, #0
87801b8e:	f47f acaf 	bne.w	878014f0 <vsnprintf+0x30>
87801b92:	e4b9      	b.n	87801508 <vsnprintf+0x48>
87801b94:	46d1      	mov	r9, sl
87801b96:	f857 ab04 	ldr.w	sl, [r7], #4
87801b9a:	f5ba 6f80 	cmp.w	sl, #1024	@ 0x400
87801b9e:	d202      	bcs.n	87801ba6 <vsnprintf+0x6e6>
87801ba0:	f8df a3d0 	ldr.w	sl, [pc, #976]	@ 87801f74 <vsnprintf+0xab4>
87801ba4:	44fa      	add	sl, pc
87801ba6:	4650      	mov	r0, sl
87801ba8:	e9cd 3206 	strd	r3, r2, [sp, #24]
87801bac:	f7fe fde0 	bl	87800770 <strnlen>
87801bb0:	9a07      	ldr	r2, [sp, #28]
87801bb2:	9b06      	ldr	r3, [sp, #24]
87801bb4:	f012 0f10 	tst.w	r2, #16
87801bb8:	f000 8194 	beq.w	87801ee4 <vsnprintf+0xa24>
87801bbc:	2800      	cmp	r0, #0
87801bbe:	dd0c      	ble.n	87801bda <vsnprintf+0x71a>
87801bc0:	1822      	adds	r2, r4, r0
87801bc2:	42a6      	cmp	r6, r4
87801bc4:	f104 0401 	add.w	r4, r4, #1
87801bc8:	f10a 0a01 	add.w	sl, sl, #1
87801bcc:	bf24      	itt	cs
87801bce:	f81a 1c01 	ldrbcs.w	r1, [sl, #-1]
87801bd2:	f804 1c01 	strbcs.w	r1, [r4, #-1]
87801bd6:	4294      	cmp	r4, r2
87801bd8:	d1f3      	bne.n	87801bc2 <vsnprintf+0x702>
87801bda:	4283      	cmp	r3, r0
87801bdc:	f109 0e01 	add.w	lr, r9, #1
87801be0:	bfc2      	ittt	gt
87801be2:	1a1b      	subgt	r3, r3, r0
87801be4:	2220      	movgt	r2, #32
87801be6:	191b      	addgt	r3, r3, r4
87801be8:	dd07      	ble.n	87801bfa <vsnprintf+0x73a>
87801bea:	42a6      	cmp	r6, r4
87801bec:	f104 0401 	add.w	r4, r4, #1
87801bf0:	bf28      	it	cs
87801bf2:	f804 2c01 	strbcs.w	r2, [r4, #-1]
87801bf6:	429c      	cmp	r4, r3
87801bf8:	d1f7      	bne.n	87801bea <vsnprintf+0x72a>
87801bfa:	f899 3001 	ldrb.w	r3, [r9, #1]
87801bfe:	2b00      	cmp	r3, #0
87801c00:	f47f ac76 	bne.w	878014f0 <vsnprintf+0x30>
87801c04:	e480      	b.n	87801508 <vsnprintf+0x48>
87801c06:	46d1      	mov	r9, sl
87801c08:	1c58      	adds	r0, r3, #1
87801c0a:	4620      	mov	r0, r4
87801c0c:	f857 4b04 	ldr.w	r4, [r7], #4
87801c10:	bf08      	it	eq
87801c12:	f042 0201 	orreq.w	r2, r2, #1
87801c16:	bf08      	it	eq
87801c18:	2308      	moveq	r3, #8
87801c1a:	e9cd 1202 	strd	r1, r2, [sp, #8]
87801c1e:	f04f 0c10 	mov.w	ip, #16
87801c22:	4622      	mov	r2, r4
87801c24:	e9cd c300 	strd	ip, r3, [sp]
87801c28:	4631      	mov	r1, r6
87801c2a:	2300      	movs	r3, #0
87801c2c:	f7fe ff16 	bl	87800a5c <number>
87801c30:	f899 3001 	ldrb.w	r3, [r9, #1]
87801c34:	4604      	mov	r4, r0
87801c36:	f109 0e01 	add.w	lr, r9, #1
87801c3a:	2b00      	cmp	r3, #0
87801c3c:	f47f ac58 	bne.w	878014f0 <vsnprintf+0x30>
87801c40:	e462      	b.n	87801508 <vsnprintf+0x48>
87801c42:	f042 0240 	orr.w	r2, r2, #64	@ 0x40
87801c46:	f04f 0c10 	mov.w	ip, #16
87801c4a:	f857 0b04 	ldr.w	r0, [r7], #4
87801c4e:	46ca      	mov	sl, r9
87801c50:	f04f 0e00 	mov.w	lr, #0
87801c54:	e759      	b.n	87801b0a <vsnprintf+0x64a>
87801c56:	f857 0b04 	ldr.w	r0, [r7], #4
87801c5a:	f042 0202 	orr.w	r2, r2, #2
87801c5e:	f04f 0c0a 	mov.w	ip, #10
87801c62:	ea4f 7ee0 	mov.w	lr, r0, asr #31
87801c66:	e750      	b.n	87801b0a <vsnprintf+0x64a>
87801c68:	f857 3b04 	ldr.w	r3, [r7], #4
87801c6c:	f109 0e02 	add.w	lr, r9, #2
87801c70:	eba4 020b 	sub.w	r2, r4, fp
87801c74:	601a      	str	r2, [r3, #0]
87801c76:	f89a 3001 	ldrb.w	r3, [sl, #1]
87801c7a:	2b00      	cmp	r3, #0
87801c7c:	f47f ac38 	bne.w	878014f0 <vsnprintf+0x30>
87801c80:	e442      	b.n	87801508 <vsnprintf+0x48>
87801c82:	f857 0b04 	ldr.w	r0, [r7], #4
87801c86:	f04f 0e00 	mov.w	lr, #0
87801c8a:	f04f 0c0a 	mov.w	ip, #10
87801c8e:	e73c      	b.n	87801b0a <vsnprintf+0x64a>
87801c90:	f857 2b04 	ldr.w	r2, [r7], #4
87801c94:	eba4 030b 	sub.w	r3, r4, fp
87801c98:	f109 0e02 	add.w	lr, r9, #2
87801c9c:	6013      	str	r3, [r2, #0]
87801c9e:	f899 3002 	ldrb.w	r3, [r9, #2]
87801ca2:	2b00      	cmp	r3, #0
87801ca4:	f47f ac24 	bne.w	878014f0 <vsnprintf+0x30>
87801ca8:	e42e      	b.n	87801508 <vsnprintf+0x48>
87801caa:	f899 c001 	ldrb.w	ip, [r9, #1]
87801cae:	f1ac 0c25 	sub.w	ip, ip, #37	@ 0x25
87801cb2:	f1bc 0f53 	cmp.w	ip, #83	@ 0x53
87801cb6:	f63f ad5d 	bhi.w	87801774 <vsnprintf+0x2b4>
87801cba:	f20f 0e0c 	addw	lr, pc, #12
87801cbe:	f85e c02c 	ldr.w	ip, [lr, ip, lsl #2]
87801cc2:	44e6      	add	lr, ip
87801cc4:	4770      	bx	lr
87801cc6:	bf00      	nop
87801cc8:	fffffeb1 			@ <UNDEFINED> instruction: 0xfffffeb1
87801ccc:	fffffaad 			@ <UNDEFINED> instruction: 0xfffffaad
87801cd0:	fffffaad 			@ <UNDEFINED> instruction: 0xfffffaad
87801cd4:	fffffaad 			@ <UNDEFINED> instruction: 0xfffffaad
87801cd8:	fffffaad 			@ <UNDEFINED> instruction: 0xfffffaad
87801cdc:	fffffaad 			@ <UNDEFINED> instruction: 0xfffffaad
87801ce0:	fffffaad 			@ <UNDEFINED> instruction: 0xfffffaad
87801ce4:	fffffaad 			@ <UNDEFINED> instruction: 0xfffffaad
87801ce8:	fffffaad 			@ <UNDEFINED> instruction: 0xfffffaad
87801cec:	fffffaad 			@ <UNDEFINED> instruction: 0xfffffaad
87801cf0:	fffffaad 			@ <UNDEFINED> instruction: 0xfffffaad
87801cf4:	fffffaad 			@ <UNDEFINED> instruction: 0xfffffaad
87801cf8:	fffffaad 			@ <UNDEFINED> instruction: 0xfffffaad
87801cfc:	fffffaad 			@ <UNDEFINED> instruction: 0xfffffaad
87801d00:	fffffaad 			@ <UNDEFINED> instruction: 0xfffffaad
87801d04:	fffffaad 			@ <UNDEFINED> instruction: 0xfffffaad
87801d08:	fffffaad 			@ <UNDEFINED> instruction: 0xfffffaad
87801d0c:	fffffaad 			@ <UNDEFINED> instruction: 0xfffffaad
87801d10:	fffffaad 			@ <UNDEFINED> instruction: 0xfffffaad
87801d14:	fffffaad 			@ <UNDEFINED> instruction: 0xfffffaad
87801d18:	fffffaad 			@ <UNDEFINED> instruction: 0xfffffaad
87801d1c:	fffffaad 			@ <UNDEFINED> instruction: 0xfffffaad
87801d20:	fffffaad 			@ <UNDEFINED> instruction: 0xfffffaad
87801d24:	fffffaad 			@ <UNDEFINED> instruction: 0xfffffaad
87801d28:	fffffaad 			@ <UNDEFINED> instruction: 0xfffffaad
87801d2c:	fffffaad 			@ <UNDEFINED> instruction: 0xfffffaad
87801d30:	fffffaad 			@ <UNDEFINED> instruction: 0xfffffaad
87801d34:	fffffaad 			@ <UNDEFINED> instruction: 0xfffffaad
87801d38:	fffffaad 			@ <UNDEFINED> instruction: 0xfffffaad
87801d3c:	fffffaad 			@ <UNDEFINED> instruction: 0xfffffaad
87801d40:	fffffaad 			@ <UNDEFINED> instruction: 0xfffffaad
87801d44:	fffffaad 			@ <UNDEFINED> instruction: 0xfffffaad
87801d48:	fffffaad 			@ <UNDEFINED> instruction: 0xfffffaad
87801d4c:	fffffaad 			@ <UNDEFINED> instruction: 0xfffffaad
87801d50:	fffffaad 			@ <UNDEFINED> instruction: 0xfffffaad
87801d54:	fffffaad 			@ <UNDEFINED> instruction: 0xfffffaad
87801d58:	fffffaad 			@ <UNDEFINED> instruction: 0xfffffaad
87801d5c:	fffffaad 			@ <UNDEFINED> instruction: 0xfffffaad
87801d60:	fffffaad 			@ <UNDEFINED> instruction: 0xfffffaad
87801d64:	fffffaad 			@ <UNDEFINED> instruction: 0xfffffaad
87801d68:	fffffaad 			@ <UNDEFINED> instruction: 0xfffffaad
87801d6c:	fffffaad 			@ <UNDEFINED> instruction: 0xfffffaad
87801d70:	fffffaad 			@ <UNDEFINED> instruction: 0xfffffaad
87801d74:	fffffaad 			@ <UNDEFINED> instruction: 0xfffffaad
87801d78:	fffffaad 			@ <UNDEFINED> instruction: 0xfffffaad
87801d7c:	fffffaad 			@ <UNDEFINED> instruction: 0xfffffaad
87801d80:	fffffaad 			@ <UNDEFINED> instruction: 0xfffffaad
87801d84:	fffffaad 			@ <UNDEFINED> instruction: 0xfffffaad
87801d88:	fffffaad 			@ <UNDEFINED> instruction: 0xfffffaad
87801d8c:	fffffaad 			@ <UNDEFINED> instruction: 0xfffffaad
87801d90:	fffffaad 			@ <UNDEFINED> instruction: 0xfffffaad
87801d94:	000001a5 	andeq	r0, r0, r5, lsr #3
87801d98:	fffffaad 			@ <UNDEFINED> instruction: 0xfffffaad
87801d9c:	fffffaad 			@ <UNDEFINED> instruction: 0xfffffaad
87801da0:	fffffaad 			@ <UNDEFINED> instruction: 0xfffffaad
87801da4:	fffffaad 			@ <UNDEFINED> instruction: 0xfffffaad
87801da8:	fffffaad 			@ <UNDEFINED> instruction: 0xfffffaad
87801dac:	fffffaad 			@ <UNDEFINED> instruction: 0xfffffaad
87801db0:	fffffaad 			@ <UNDEFINED> instruction: 0xfffffaad
87801db4:	fffffaad 			@ <UNDEFINED> instruction: 0xfffffaad
87801db8:	fffffaad 			@ <UNDEFINED> instruction: 0xfffffaad
87801dbc:	fffffaad 			@ <UNDEFINED> instruction: 0xfffffaad
87801dc0:	fffffe69 			@ <UNDEFINED> instruction: 0xfffffe69
87801dc4:	000001d3 	ldrdeq	r0, [r0], -r3
87801dc8:	fffffaad 			@ <UNDEFINED> instruction: 0xfffffaad
87801dcc:	fffffaad 			@ <UNDEFINED> instruction: 0xfffffaad
87801dd0:	fffffaad 			@ <UNDEFINED> instruction: 0xfffffaad
87801dd4:	fffffaad 			@ <UNDEFINED> instruction: 0xfffffaad
87801dd8:	000001d3 	ldrdeq	r0, [r0], -r3
87801ddc:	fffffaad 			@ <UNDEFINED> instruction: 0xfffffaad
87801de0:	fffffaad 			@ <UNDEFINED> instruction: 0xfffffaad
87801de4:	fffffaad 			@ <UNDEFINED> instruction: 0xfffffaad
87801de8:	fffffaad 			@ <UNDEFINED> instruction: 0xfffffaad
87801dec:	ffffffa1 			@ <UNDEFINED> instruction: 0xffffffa1
87801df0:	00000213 	andeq	r0, r0, r3, lsl r2
87801df4:	ffffff3f 			@ <UNDEFINED> instruction: 0xffffff3f
87801df8:	fffffaad 			@ <UNDEFINED> instruction: 0xfffffaad
87801dfc:	fffffaad 			@ <UNDEFINED> instruction: 0xfffffaad
87801e00:	fffffecd 			@ <UNDEFINED> instruction: 0xfffffecd
87801e04:	fffffaad 			@ <UNDEFINED> instruction: 0xfffffaad
87801e08:	00000209 	andeq	r0, r0, r9, lsl #4
87801e0c:	fffffaad 			@ <UNDEFINED> instruction: 0xfffffaad
87801e10:	fffffaad 			@ <UNDEFINED> instruction: 0xfffffaad
87801e14:	000001a9 	andeq	r0, r0, r9, lsr #3
87801e18:	2000      	movs	r0, #0
87801e1a:	b009      	add	sp, #36	@ 0x24
87801e1c:	e8bd 8ff0 	ldmia.w	sp!, {r4, r5, r6, r7, r8, r9, sl, fp, pc}
87801e20:	f857 0b04 	ldr.w	r0, [r7], #4
87801e24:	f04f 0c0a 	mov.w	ip, #10
87801e28:	e711      	b.n	87801c4e <vsnprintf+0x78e>
87801e2a:	f04f 0c10 	mov.w	ip, #16
87801e2e:	e70c      	b.n	87801c4a <vsnprintf+0x78a>
87801e30:	f857 3b04 	ldr.w	r3, [r7], #4
87801e34:	eba4 020b 	sub.w	r2, r4, fp
87801e38:	f109 0e01 	add.w	lr, r9, #1
87801e3c:	46ca      	mov	sl, r9
87801e3e:	e719      	b.n	87801c74 <vsnprintf+0x7b4>
87801e40:	f04f 0c08 	mov.w	ip, #8
87801e44:	e701      	b.n	87801c4a <vsnprintf+0x78a>
87801e46:	f042 0202 	orr.w	r2, r2, #2
87801e4a:	f04f 0c0a 	mov.w	ip, #10
87801e4e:	f8d7 e004 	ldr.w	lr, [r7, #4]
87801e52:	46ca      	mov	sl, r9
87801e54:	f857 0b08 	ldr.w	r0, [r7], #8
87801e58:	e657      	b.n	87801b0a <vsnprintf+0x64a>
87801e5a:	f042 0202 	orr.w	r2, r2, #2
87801e5e:	f04f 0c0a 	mov.w	ip, #10
87801e62:	f857 0b04 	ldr.w	r0, [r7], #4
87801e66:	f04f 0e00 	mov.w	lr, #0
87801e6a:	e64e      	b.n	87801b0a <vsnprintf+0x64a>
87801e6c:	f042 0240 	orr.w	r2, r2, #64	@ 0x40
87801e70:	f04f 0c10 	mov.w	ip, #16
87801e74:	2868      	cmp	r0, #104	@ 0x68
87801e76:	d1f4      	bne.n	87801e62 <vsnprintf+0x9a2>
87801e78:	f857 0b04 	ldr.w	r0, [r7], #4
87801e7c:	f04f 0e00 	mov.w	lr, #0
87801e80:	b280      	uxth	r0, r0
87801e82:	e642      	b.n	87801b0a <vsnprintf+0x64a>
87801e84:	f04f 0c0a 	mov.w	ip, #10
87801e88:	e7e1      	b.n	87801e4e <vsnprintf+0x98e>
87801e8a:	f042 0240 	orr.w	r2, r2, #64	@ 0x40
87801e8e:	f04f 0c10 	mov.w	ip, #16
87801e92:	e7dc      	b.n	87801e4e <vsnprintf+0x98e>
87801e94:	f04f 0c08 	mov.w	ip, #8
87801e98:	e7d9      	b.n	87801e4e <vsnprintf+0x98e>
87801e9a:	f042 0202 	orr.w	r2, r2, #2
87801e9e:	f04f 0c0a 	mov.w	ip, #10
87801ea2:	2868      	cmp	r0, #104	@ 0x68
87801ea4:	d1dd      	bne.n	87801e62 <vsnprintf+0x9a2>
87801ea6:	f937 0b04 	ldrsh.w	r0, [r7], #4
87801eaa:	ea4f 7ee0 	mov.w	lr, r0, asr #31
87801eae:	e62c      	b.n	87801b0a <vsnprintf+0x64a>
87801eb0:	f042 0240 	orr.w	r2, r2, #64	@ 0x40
87801eb4:	f04f 0c10 	mov.w	ip, #16
87801eb8:	e7d3      	b.n	87801e62 <vsnprintf+0x9a2>
87801eba:	f04f 0c08 	mov.w	ip, #8
87801ebe:	e7d0      	b.n	87801e62 <vsnprintf+0x9a2>
87801ec0:	f04f 0c0a 	mov.w	ip, #10
87801ec4:	e7cd      	b.n	87801e62 <vsnprintf+0x9a2>
87801ec6:	f042 0240 	orr.w	r2, r2, #64	@ 0x40
87801eca:	f04f 0c10 	mov.w	ip, #16
87801ece:	e7c8      	b.n	87801e62 <vsnprintf+0x9a2>
87801ed0:	f04f 0c0a 	mov.w	ip, #10
87801ed4:	2868      	cmp	r0, #104	@ 0x68
87801ed6:	d1c4      	bne.n	87801e62 <vsnprintf+0x9a2>
87801ed8:	e7ce      	b.n	87801e78 <vsnprintf+0x9b8>
87801eda:	f04f 0c08 	mov.w	ip, #8
87801ede:	2868      	cmp	r0, #104	@ 0x68
87801ee0:	d1bf      	bne.n	87801e62 <vsnprintf+0x9a2>
87801ee2:	e7c9      	b.n	87801e78 <vsnprintf+0x9b8>
87801ee4:	4283      	cmp	r3, r0
87801ee6:	bfd8      	it	le
87801ee8:	f103 33ff 	addle.w	r3, r3, #4294967295	@ 0xffffffff
87801eec:	f77f ae66 	ble.w	87801bbc <vsnprintf+0x6fc>
87801ef0:	1a19      	subs	r1, r3, r0
87801ef2:	4622      	mov	r2, r4
87801ef4:	4421      	add	r1, r4
87801ef6:	f04f 0c20 	mov.w	ip, #32
87801efa:	4296      	cmp	r6, r2
87801efc:	f102 0201 	add.w	r2, r2, #1
87801f00:	bf28      	it	cs
87801f02:	f802 cc01 	strbcs.w	ip, [r2, #-1]
87801f06:	428a      	cmp	r2, r1
87801f08:	d1f7      	bne.n	87801efa <vsnprintf+0xa3a>
87801f0a:	4423      	add	r3, r4
87801f0c:	1a1c      	subs	r4, r3, r0
87801f0e:	1e43      	subs	r3, r0, #1
87801f10:	e654      	b.n	87801bbc <vsnprintf+0x6fc>
87801f12:	4604      	mov	r4, r0
87801f14:	4618      	mov	r0, r3
87801f16:	f7ff bafa 	b.w	8780150e <vsnprintf+0x4e>
87801f1a:	2b01      	cmp	r3, #1
87801f1c:	dd14      	ble.n	87801f48 <vsnprintf+0xa88>
87801f1e:	1e58      	subs	r0, r3, #1
87801f20:	4622      	mov	r2, r4
87801f22:	4420      	add	r0, r4
87801f24:	f04f 0c20 	mov.w	ip, #32
87801f28:	4296      	cmp	r6, r2
87801f2a:	f102 0201 	add.w	r2, r2, #1
87801f2e:	bf28      	it	cs
87801f30:	f802 cc01 	strbcs.w	ip, [r2, #-1]
87801f34:	4282      	cmp	r2, r0
87801f36:	d1f7      	bne.n	87801f28 <vsnprintf+0xa68>
87801f38:	1e62      	subs	r2, r4, #1
87801f3a:	18d4      	adds	r4, r2, r3
87801f3c:	42a6      	cmp	r6, r4
87801f3e:	d301      	bcc.n	87801f44 <vsnprintf+0xa84>
87801f40:	6838      	ldr	r0, [r7, #0]
87801f42:	54d0      	strb	r0, [r2, r3]
87801f44:	3401      	adds	r4, #1
87801f46:	e610      	b.n	87801b6a <vsnprintf+0x6aa>
87801f48:	42a6      	cmp	r6, r4
87801f4a:	bf39      	ittee	cc
87801f4c:	4604      	movcc	r4, r0
87801f4e:	460f      	movcc	r7, r1
87801f50:	683b      	ldrcs	r3, [r7, #0]
87801f52:	460f      	movcs	r7, r1
87801f54:	bf25      	ittet	cs
87801f56:	7023      	strbcs	r3, [r4, #0]
87801f58:	4604      	movcs	r4, r0
87801f5a:	f899 3001 	ldrbcc.w	r3, [r9, #1]
87801f5e:	f899 3001 	ldrbcs.w	r3, [r9, #1]
87801f62:	2b00      	cmp	r3, #0
87801f64:	f47f aac4 	bne.w	878014f0 <vsnprintf+0x30>
87801f68:	f7ff bace 	b.w	87801508 <vsnprintf+0x48>
87801f6c:	ffffeb30 			@ <UNDEFINED> instruction: 0xffffeb30
87801f70:	00000178 	andeq	r0, r0, r8, ror r1
87801f74:	00003918 	andeq	r3, r0, r8, lsl r9

87801f78 <vscnprintf>:
87801f78:	b500      	push	{lr}
87801f7a:	b083      	sub	sp, #12
87801f7c:	9101      	str	r1, [sp, #4]
87801f7e:	f7ff fa9f 	bl	878014c0 <vsnprintf>
87801f82:	9901      	ldr	r1, [sp, #4]
87801f84:	4288      	cmp	r0, r1
87801f86:	bf28      	it	cs
87801f88:	f101 30ff 	addcs.w	r0, r1, #4294967295	@ 0xffffffff
87801f8c:	b003      	add	sp, #12
87801f8e:	bd00      	pop	{pc}

87801f90 <snprintf>:
87801f90:	b40c      	push	{r2, r3}
87801f92:	b508      	push	{r3, lr}
87801f94:	ab02      	add	r3, sp, #8
87801f96:	f853 2b04 	ldr.w	r2, [r3], #4
87801f9a:	f7ff fa91 	bl	878014c0 <vsnprintf>
87801f9e:	e8bd 4008 	ldmia.w	sp!, {r3, lr}
87801fa2:	b002      	add	sp, #8
87801fa4:	4770      	bx	lr
87801fa6:	bf00      	nop

87801fa8 <scnprintf>:
87801fa8:	b40c      	push	{r2, r3}
87801faa:	b500      	push	{lr}
87801fac:	b083      	sub	sp, #12
87801fae:	ab04      	add	r3, sp, #16
87801fb0:	9101      	str	r1, [sp, #4]
87801fb2:	f853 2b04 	ldr.w	r2, [r3], #4
87801fb6:	f7ff fa83 	bl	878014c0 <vsnprintf>
87801fba:	9901      	ldr	r1, [sp, #4]
87801fbc:	4288      	cmp	r0, r1
87801fbe:	bf28      	it	cs
87801fc0:	f101 30ff 	addcs.w	r0, r1, #4294967295	@ 0xffffffff
87801fc4:	b003      	add	sp, #12
87801fc6:	f85d eb04 	ldr.w	lr, [sp], #4
87801fca:	b002      	add	sp, #8
87801fcc:	4770      	bx	lr
87801fce:	bf00      	nop

87801fd0 <vsprintf>:
87801fd0:	4613      	mov	r3, r2
87801fd2:	460a      	mov	r2, r1
87801fd4:	f06f 4100 	mvn.w	r1, #2147483648	@ 0x80000000
87801fd8:	f7ff ba72 	b.w	878014c0 <vsnprintf>

87801fdc <sprintf>:
87801fdc:	b40e      	push	{r1, r2, r3}
87801fde:	f06f 4100 	mvn.w	r1, #2147483648	@ 0x80000000
87801fe2:	b500      	push	{lr}
87801fe4:	ab01      	add	r3, sp, #4
87801fe6:	f853 2b04 	ldr.w	r2, [r3], #4
87801fea:	f7ff fa69 	bl	878014c0 <vsnprintf>
87801fee:	f85d eb04 	ldr.w	lr, [sp], #4
87801ff2:	b003      	add	sp, #12
87801ff4:	4770      	bx	lr
87801ff6:	bf00      	nop

87801ff8 <vsscanf>:
87801ff8:	e92d 47f0 	stmdb	sp!, {r4, r5, r6, r7, r8, r9, sl, lr}
87801ffc:	460b      	mov	r3, r1
87801ffe:	f8df 6598 	ldr.w	r6, [pc, #1432]	@ 87802598 <vsscanf+0x5a0>
87802002:	7809      	ldrb	r1, [r1, #0]
87802004:	b084      	sub	sp, #16
87802006:	447e      	add	r6, pc
87802008:	460f      	mov	r7, r1
8780200a:	b1e1      	cbz	r1, 87802046 <vsscanf+0x4e>
8780200c:	4614      	mov	r4, r2
8780200e:	4605      	mov	r5, r0
87802010:	2700      	movs	r7, #0
87802012:	f890 c000 	ldrb.w	ip, [r0]
87802016:	f1bc 0f00 	cmp.w	ip, #0
8780201a:	d014      	beq.n	87802046 <vsscanf+0x4e>
8780201c:	f8df 257c 	ldr.w	r2, [pc, #1404]	@ 8780259c <vsscanf+0x5a4>
87802020:	58b2      	ldr	r2, [r6, r2]
87802022:	5c51      	ldrb	r1, [r2, r1]
87802024:	0689      	lsls	r1, r1, #26
87802026:	f100 80ae 	bmi.w	87802186 <vsscanf+0x18e>
8780202a:	7819      	ldrb	r1, [r3, #0]
8780202c:	2925      	cmp	r1, #37	@ 0x25
8780202e:	bf18      	it	ne
87802030:	2900      	cmpne	r1, #0
87802032:	bf14      	ite	ne
87802034:	f04f 0e01 	movne.w	lr, #1
87802038:	f04f 0e00 	moveq.w	lr, #0
8780203c:	d007      	beq.n	8780204e <vsscanf+0x56>
8780203e:	7802      	ldrb	r2, [r0, #0]
87802040:	428a      	cmp	r2, r1
87802042:	f000 81e8 	beq.w	87802416 <vsscanf+0x41e>
87802046:	4638      	mov	r0, r7
87802048:	b004      	add	sp, #16
8780204a:	e8bd 87f0 	ldmia.w	sp!, {r4, r5, r6, r7, r8, r9, sl, pc}
8780204e:	2900      	cmp	r1, #0
87802050:	d0f9      	beq.n	87802046 <vsscanf+0x4e>
87802052:	7859      	ldrb	r1, [r3, #1]
87802054:	3301      	adds	r3, #1
87802056:	4688      	mov	r8, r1
87802058:	292a      	cmp	r1, #42	@ 0x2a
8780205a:	f812 c001 	ldrb.w	ip, [r2, r1]
8780205e:	f000 8201 	beq.w	87802464 <vsscanf+0x46c>
87802062:	f01c 0f04 	tst.w	ip, #4
87802066:	bf08      	it	eq
87802068:	f04f 39ff 	moveq.w	r9, #4294967295	@ 0xffffffff
8780206c:	f040 809f 	bne.w	878021ae <vsscanf+0x1b6>
87802070:	297a      	cmp	r1, #122	@ 0x7a
87802072:	d8e8      	bhi.n	87802046 <vsscanf+0x4e>
87802074:	2967      	cmp	r1, #103	@ 0x67
87802076:	d867      	bhi.n	87802148 <vsscanf+0x150>
87802078:	294c      	cmp	r1, #76	@ 0x4c
8780207a:	f000 81e6 	beq.w	8780244a <vsscanf+0x452>
8780207e:	295a      	cmp	r1, #90	@ 0x5a
87802080:	bf18      	it	ne
87802082:	f04f 31ff 	movne.w	r1, #4294967295	@ 0xffffffff
87802086:	f000 80a2 	beq.w	878021ce <vsscanf+0x1d6>
8780208a:	f1b8 0f00 	cmp.w	r8, #0
8780208e:	d0da      	beq.n	87802046 <vsscanf+0x4e>
87802090:	f890 a000 	ldrb.w	sl, [r0]
87802094:	f1ba 0f00 	cmp.w	sl, #0
87802098:	d0d5      	beq.n	87802046 <vsscanf+0x4e>
8780209a:	3301      	adds	r3, #1
8780209c:	f1b8 0f25 	cmp.w	r8, #37	@ 0x25
878020a0:	f000 81da 	beq.w	87802458 <vsscanf+0x460>
878020a4:	f1a8 0858 	sub.w	r8, r8, #88	@ 0x58
878020a8:	fa5f fc88 	uxtb.w	ip, r8
878020ac:	f1bc 0f20 	cmp.w	ip, #32
878020b0:	d8c9      	bhi.n	87802046 <vsscanf+0x4e>
878020b2:	f1b8 0f20 	cmp.w	r8, #32
878020b6:	d8c6      	bhi.n	87802046 <vsscanf+0x4e>
878020b8:	f20f 0c08 	addw	ip, pc, #8
878020bc:	f85c 8028 	ldr.w	r8, [ip, r8, lsl #2]
878020c0:	44c4      	add	ip, r8
878020c2:	4760      	bx	ip
878020c4:	0000011d 	andeq	r0, r0, sp, lsl r1
878020c8:	ffffff83 			@ <UNDEFINED> instruction: 0xffffff83
878020cc:	ffffff83 			@ <UNDEFINED> instruction: 0xffffff83
878020d0:	ffffff83 			@ <UNDEFINED> instruction: 0xffffff83
878020d4:	ffffff83 			@ <UNDEFINED> instruction: 0xffffff83
878020d8:	ffffff83 			@ <UNDEFINED> instruction: 0xffffff83
878020dc:	ffffff83 			@ <UNDEFINED> instruction: 0xffffff83
878020e0:	ffffff83 			@ <UNDEFINED> instruction: 0xffffff83
878020e4:	ffffff83 			@ <UNDEFINED> instruction: 0xffffff83
878020e8:	ffffff83 			@ <UNDEFINED> instruction: 0xffffff83
878020ec:	ffffff83 			@ <UNDEFINED> instruction: 0xffffff83
878020f0:	000001e5 	andeq	r0, r0, r5, ror #3
878020f4:	000002af 	andeq	r0, r0, pc, lsr #5
878020f8:	ffffff83 			@ <UNDEFINED> instruction: 0xffffff83
878020fc:	ffffff83 			@ <UNDEFINED> instruction: 0xffffff83
87802100:	ffffff83 			@ <UNDEFINED> instruction: 0xffffff83
87802104:	ffffff83 			@ <UNDEFINED> instruction: 0xffffff83
87802108:	00000419 	andeq	r0, r0, r9, lsl r4
8780210c:	ffffff83 			@ <UNDEFINED> instruction: 0xffffff83
87802110:	ffffff83 			@ <UNDEFINED> instruction: 0xffffff83
87802114:	ffffff83 			@ <UNDEFINED> instruction: 0xffffff83
87802118:	ffffff83 			@ <UNDEFINED> instruction: 0xffffff83
8780211c:	000002a5 	andeq	r0, r0, r5, lsr #5
87802120:	0000028d 	andeq	r0, r0, sp, lsl #5
87802124:	ffffff83 			@ <UNDEFINED> instruction: 0xffffff83
87802128:	ffffff83 			@ <UNDEFINED> instruction: 0xffffff83
8780212c:	ffffff83 			@ <UNDEFINED> instruction: 0xffffff83
87802130:	0000023d 	andeq	r0, r0, sp, lsr r2
87802134:	ffffff83 			@ <UNDEFINED> instruction: 0xffffff83
87802138:	0000021d 	andeq	r0, r0, sp, lsl r2
8780213c:	ffffff83 			@ <UNDEFINED> instruction: 0xffffff83
87802140:	ffffff83 			@ <UNDEFINED> instruction: 0xffffff83
87802144:	0000011d 	andeq	r0, r0, sp, lsl r1
87802148:	f1a1 0a68 	sub.w	sl, r1, #104	@ 0x68
8780214c:	f04f 0c11 	mov.w	ip, #17
87802150:	f2c0 0c04 	movt	ip, #4
87802154:	fa5f fa8a 	uxtb.w	sl, sl
87802158:	fa2c fc0a 	lsr.w	ip, ip, sl
8780215c:	f01c 0f01 	tst.w	ip, #1
87802160:	d109      	bne.n	87802176 <vsscanf+0x17e>
87802162:	f890 a000 	ldrb.w	sl, [r0]
87802166:	f1ba 0f00 	cmp.w	sl, #0
8780216a:	f43f af6c 	beq.w	87802046 <vsscanf+0x4e>
8780216e:	3301      	adds	r3, #1
87802170:	f04f 31ff 	mov.w	r1, #4294967295	@ 0xffffffff
87802174:	e796      	b.n	878020a4 <vsscanf+0xac>
87802176:	f893 c001 	ldrb.w	ip, [r3, #1]
8780217a:	458c      	cmp	ip, r1
8780217c:	f000 81ce 	beq.w	8780251c <vsscanf+0x524>
87802180:	3301      	adds	r3, #1
87802182:	46e0      	mov	r8, ip
87802184:	e781      	b.n	8780208a <vsscanf+0x92>
87802186:	7819      	ldrb	r1, [r3, #0]
87802188:	5c51      	ldrb	r1, [r2, r1]
8780218a:	0689      	lsls	r1, r1, #26
8780218c:	d504      	bpl.n	87802198 <vsscanf+0x1a0>
8780218e:	f813 1f01 	ldrb.w	r1, [r3, #1]!
87802192:	5c51      	ldrb	r1, [r2, r1]
87802194:	0689      	lsls	r1, r1, #26
87802196:	d4fa      	bmi.n	8780218e <vsscanf+0x196>
87802198:	f812 100c 	ldrb.w	r1, [r2, ip]
8780219c:	0689      	lsls	r1, r1, #26
8780219e:	f57f af44 	bpl.w	8780202a <vsscanf+0x32>
878021a2:	f810 1f01 	ldrb.w	r1, [r0, #1]!
878021a6:	5c51      	ldrb	r1, [r2, r1]
878021a8:	0689      	lsls	r1, r1, #26
878021aa:	d4fa      	bmi.n	878021a2 <vsscanf+0x1aa>
878021ac:	e73d      	b.n	8780202a <vsscanf+0x32>
878021ae:	46f1      	mov	r9, lr
878021b0:	f04f 0a0a 	mov.w	sl, #10
878021b4:	fb0a 1109 	mla	r1, sl, r9, r1
878021b8:	f1a1 0930 	sub.w	r9, r1, #48	@ 0x30
878021bc:	f813 1f01 	ldrb.w	r1, [r3, #1]!
878021c0:	4688      	mov	r8, r1
878021c2:	f812 c001 	ldrb.w	ip, [r2, r1]
878021c6:	f01c 0f04 	tst.w	ip, #4
878021ca:	d1f3      	bne.n	878021b4 <vsscanf+0x1bc>
878021cc:	e750      	b.n	87802070 <vsscanf+0x78>
878021ce:	f893 8001 	ldrb.w	r8, [r3, #1]
878021d2:	3301      	adds	r3, #1
878021d4:	f1b8 0f5a 	cmp.w	r8, #90	@ 0x5a
878021d8:	f47f af57 	bne.w	8780208a <vsscanf+0x92>
878021dc:	4641      	mov	r1, r8
878021de:	e757      	b.n	87802090 <vsscanf+0x98>
878021e0:	f812 c00a 	ldrb.w	ip, [r2, sl]
878021e4:	f01c 0920 	ands.w	r9, ip, #32
878021e8:	bf1c      	itt	ne
878021ea:	f04f 0900 	movne.w	r9, #0
878021ee:	f04f 0810 	movne.w	r8, #16
878021f2:	f000 8115 	beq.w	87802420 <vsscanf+0x428>
878021f6:	f810 af01 	ldrb.w	sl, [r0, #1]!
878021fa:	f812 c00a 	ldrb.w	ip, [r2, sl]
878021fe:	f01c 0f20 	tst.w	ip, #32
87802202:	d1f8      	bne.n	878021f6 <vsscanf+0x1fe>
87802204:	f1ba 0f2d 	cmp.w	sl, #45	@ 0x2d
87802208:	bf14      	ite	ne
8780220a:	f04f 0e00 	movne.w	lr, #0
8780220e:	f00e 0e01 	andeq.w	lr, lr, #1
87802212:	f1be 0f00 	cmp.w	lr, #0
87802216:	f000 8101 	beq.w	8780241c <vsscanf+0x424>
8780221a:	f890 e001 	ldrb.w	lr, [r0, #1]
8780221e:	f1be 0f00 	cmp.w	lr, #0
87802222:	f43f af10 	beq.w	87802046 <vsscanf+0x4e>
87802226:	f812 c00e 	ldrb.w	ip, [r2, lr]
8780222a:	f1b8 0f10 	cmp.w	r8, #16
8780222e:	f000 80f7 	beq.w	87802420 <vsscanf+0x428>
87802232:	f1b8 0f0a 	cmp.w	r8, #10
87802236:	d05d      	beq.n	878022f4 <vsscanf+0x2fc>
87802238:	f1b8 0f08 	cmp.w	r8, #8
8780223c:	f000 80f6 	beq.w	8780242c <vsscanf+0x434>
87802240:	f01c 0f04 	tst.w	ip, #4
87802244:	f43f aeff 	beq.w	87802046 <vsscanf+0x4e>
87802248:	2200      	movs	r2, #0
8780224a:	f8d4 8000 	ldr.w	r8, [r4]
8780224e:	296c      	cmp	r1, #108	@ 0x6c
87802250:	f300 80a5 	bgt.w	8780239e <vsscanf+0x3a6>
87802254:	2947      	cmp	r1, #71	@ 0x47
87802256:	dd17      	ble.n	87802288 <vsscanf+0x290>
87802258:	3948      	subs	r1, #72	@ 0x48
8780225a:	2924      	cmp	r1, #36	@ 0x24
8780225c:	d814      	bhi.n	87802288 <vsscanf+0x290>
8780225e:	e8df f001 	tbb	[pc, r1]
87802262:	131313cb 	tstne	r3, #738197507	@ 0x2c000003
87802266:	131313bc 	tstne	r3, #188, 6	@ 0xf0000002
8780226a:	13131313 	tstne	r3, #1275068416	@ 0x4c000000
8780226e:	13131313 	tstne	r3, #1275068416	@ 0x4c000000
87802272:	139e1313 	orrsne	r1, lr, #1275068416	@ 0x4c000000
87802276:	13131313 	tstne	r3, #1275068416	@ 0x4c000000
8780227a:	13131313 	tstne	r3, #1275068416	@ 0x4c000000
8780227e:	13131313 	tstne	r3, #1275068416	@ 0x4c000000
87802282:	131313ac 	tstne	r3, #172, 6	@ 0xb0000002
87802286:	f1b90013 			@ <UNDEFINED> instruction: 0xf1b90013
8780228a:	0f00      	lsrs	r0, r0, #28
8780228c:	f000 8087 	beq.w	8780239e <vsscanf+0x3a6>
87802290:	f1ba 0f2d 	cmp.w	sl, #45	@ 0x2d
87802294:	9301      	str	r3, [sp, #4]
87802296:	f000 814a 	beq.w	8780252e <vsscanf+0x536>
8780229a:	a903      	add	r1, sp, #12
8780229c:	f7fe ffea 	bl	87801274 <simple_strtoul>
878022a0:	9b01      	ldr	r3, [sp, #4]
878022a2:	f8c8 0000 	str.w	r0, [r8]
878022a6:	e081      	b.n	878023ac <vsscanf+0x3b4>
878022a8:	f854 1b04 	ldr.w	r1, [r4], #4
878022ac:	f1b9 3fff 	cmp.w	r9, #4294967295	@ 0xffffffff
878022b0:	bf08      	it	eq
878022b2:	f04f 0901 	moveq.w	r9, #1
878022b6:	4602      	mov	r2, r0
878022b8:	f101 3cff 	add.w	ip, r1, #4294967295	@ 0xffffffff
878022bc:	e001      	b.n	878022c2 <vsscanf+0x2ca>
878022be:	7811      	ldrb	r1, [r2, #0]
878022c0:	b139      	cbz	r1, 878022d2 <vsscanf+0x2da>
878022c2:	f812 1b01 	ldrb.w	r1, [r2], #1
878022c6:	f80c 1f01 	strb.w	r1, [ip, #1]!
878022ca:	1a81      	subs	r1, r0, r2
878022cc:	4449      	add	r1, r9
878022ce:	2900      	cmp	r1, #0
878022d0:	dcf5      	bgt.n	878022be <vsscanf+0x2c6>
878022d2:	3701      	adds	r7, #1
878022d4:	4610      	mov	r0, r2
878022d6:	7819      	ldrb	r1, [r3, #0]
878022d8:	2900      	cmp	r1, #0
878022da:	f47f ae9a 	bne.w	87802012 <vsscanf+0x1a>
878022de:	e6b2      	b.n	87802046 <vsscanf+0x4e>
878022e0:	f812 c00a 	ldrb.w	ip, [r2, sl]
878022e4:	f01c 0920 	ands.w	r9, ip, #32
878022e8:	bf1c      	itt	ne
878022ea:	f04f 0900 	movne.w	r9, #0
878022ee:	f04f 080a 	movne.w	r8, #10
878022f2:	d180      	bne.n	878021f6 <vsscanf+0x1fe>
878022f4:	f01c 0f04 	tst.w	ip, #4
878022f8:	f43f aea5 	beq.w	87802046 <vsscanf+0x4e>
878022fc:	220a      	movs	r2, #10
878022fe:	e7a4      	b.n	8780224a <vsscanf+0x252>
87802300:	f812 100a 	ldrb.w	r1, [r2, sl]
87802304:	f1b9 3fff 	cmp.w	r9, #4294967295	@ 0xffffffff
87802308:	bf08      	it	eq
8780230a:	f06f 4900 	mvneq.w	r9, #2147483648	@ 0x80000000
8780230e:	f854 cb04 	ldr.w	ip, [r4], #4
87802312:	0689      	lsls	r1, r1, #26
87802314:	d508      	bpl.n	87802328 <vsscanf+0x330>
87802316:	f810 af01 	ldrb.w	sl, [r0, #1]!
8780231a:	f812 100a 	ldrb.w	r1, [r2, sl]
8780231e:	0689      	lsls	r1, r1, #26
87802320:	d4f9      	bmi.n	87802316 <vsscanf+0x31e>
87802322:	f1ba 0f00 	cmp.w	sl, #0
87802326:	d00e      	beq.n	87802346 <vsscanf+0x34e>
87802328:	4481      	add	r9, r0
8780232a:	e008      	b.n	8780233e <vsscanf+0x346>
8780232c:	4581      	cmp	r9, r0
8780232e:	d00a      	beq.n	87802346 <vsscanf+0x34e>
87802330:	f80c ab01 	strb.w	sl, [ip], #1
87802334:	f810 af01 	ldrb.w	sl, [r0, #1]!
87802338:	f1ba 0f00 	cmp.w	sl, #0
8780233c:	d003      	beq.n	87802346 <vsscanf+0x34e>
8780233e:	f812 100a 	ldrb.w	r1, [r2, sl]
87802342:	0689      	lsls	r1, r1, #26
87802344:	d5f2      	bpl.n	8780232c <vsscanf+0x334>
87802346:	2200      	movs	r2, #0
87802348:	3701      	adds	r7, #1
8780234a:	f88c 2000 	strb.w	r2, [ip]
8780234e:	e7c2      	b.n	878022d6 <vsscanf+0x2de>
87802350:	f812 c00a 	ldrb.w	ip, [r2, sl]
87802354:	f01c 0920 	ands.w	r9, ip, #32
87802358:	bf08      	it	eq
8780235a:	46d6      	moveq	lr, sl
8780235c:	d066      	beq.n	8780242c <vsscanf+0x434>
8780235e:	f04f 0900 	mov.w	r9, #0
87802362:	f04f 0808 	mov.w	r8, #8
87802366:	e746      	b.n	878021f6 <vsscanf+0x1fe>
87802368:	f854 1b04 	ldr.w	r1, [r4], #4
8780236c:	1b42      	subs	r2, r0, r5
8780236e:	600a      	str	r2, [r1, #0]
87802370:	e7b1      	b.n	878022d6 <vsscanf+0x2de>
87802372:	f812 c00a 	ldrb.w	ip, [r2, sl]
87802376:	f01c 0f20 	tst.w	ip, #32
8780237a:	bf1e      	ittt	ne
8780237c:	f04f 0e01 	movne.w	lr, #1
87802380:	f04f 080a 	movne.w	r8, #10
87802384:	46f1      	movne	r9, lr
87802386:	f47f af36 	bne.w	878021f6 <vsscanf+0x1fe>
8780238a:	f1ba 0f2d 	cmp.w	sl, #45	@ 0x2d
8780238e:	bf08      	it	eq
87802390:	f04f 0e0a 	moveq.w	lr, #10
87802394:	f000 80b1 	beq.w	878024fa <vsscanf+0x502>
87802398:	f04f 0901 	mov.w	r9, #1
8780239c:	e7aa      	b.n	878022f4 <vsscanf+0x2fc>
8780239e:	a903      	add	r1, sp, #12
878023a0:	9301      	str	r3, [sp, #4]
878023a2:	f7fe ff67 	bl	87801274 <simple_strtoul>
878023a6:	f8c8 0000 	str.w	r0, [r8]
878023aa:	9b01      	ldr	r3, [sp, #4]
878023ac:	9803      	ldr	r0, [sp, #12]
878023ae:	3701      	adds	r7, #1
878023b0:	2800      	cmp	r0, #0
878023b2:	f43f ae48 	beq.w	87802046 <vsscanf+0x4e>
878023b6:	3404      	adds	r4, #4
878023b8:	e78d      	b.n	878022d6 <vsscanf+0x2de>
878023ba:	9301      	str	r3, [sp, #4]
878023bc:	f1b9 0f00 	cmp.w	r9, #0
878023c0:	f000 8085 	beq.w	878024ce <vsscanf+0x4d6>
878023c4:	f1ba 0f2d 	cmp.w	sl, #45	@ 0x2d
878023c8:	f000 80c6 	beq.w	87802558 <vsscanf+0x560>
878023cc:	a903      	add	r1, sp, #12
878023ce:	f7fe ff51 	bl	87801274 <simple_strtoul>
878023d2:	9b01      	ldr	r3, [sp, #4]
878023d4:	f8a8 0000 	strh.w	r0, [r8]
878023d8:	e7e8      	b.n	878023ac <vsscanf+0x3b4>
878023da:	9301      	str	r3, [sp, #4]
878023dc:	f1b9 0f00 	cmp.w	r9, #0
878023e0:	d06e      	beq.n	878024c0 <vsscanf+0x4c8>
878023e2:	f1ba 0f2d 	cmp.w	sl, #45	@ 0x2d
878023e6:	f000 80c5 	beq.w	87802574 <vsscanf+0x57c>
878023ea:	a903      	add	r1, sp, #12
878023ec:	f7fe ffcc 	bl	87801388 <simple_strtoull>
878023f0:	9b01      	ldr	r3, [sp, #4]
878023f2:	e9c8 0100 	strd	r0, r1, [r8]
878023f6:	e7d9      	b.n	878023ac <vsscanf+0x3b4>
878023f8:	9301      	str	r3, [sp, #4]
878023fa:	f1b9 0f00 	cmp.w	r9, #0
878023fe:	d058      	beq.n	878024b2 <vsscanf+0x4ba>
87802400:	f1ba 0f2d 	cmp.w	sl, #45	@ 0x2d
87802404:	f000 80af 	beq.w	87802566 <vsscanf+0x56e>
87802408:	a903      	add	r1, sp, #12
8780240a:	f7fe ff33 	bl	87801274 <simple_strtoul>
8780240e:	9b01      	ldr	r3, [sp, #4]
87802410:	f888 0000 	strb.w	r0, [r8]
87802414:	e7ca      	b.n	878023ac <vsscanf+0x3b4>
87802416:	3301      	adds	r3, #1
87802418:	3001      	adds	r0, #1
8780241a:	e75c      	b.n	878022d6 <vsscanf+0x2de>
8780241c:	46d6      	mov	lr, sl
8780241e:	e6fe      	b.n	8780221e <vsscanf+0x226>
87802420:	f01c 0f44 	tst.w	ip, #68	@ 0x44
87802424:	f43f ae0f 	beq.w	87802046 <vsscanf+0x4e>
87802428:	2210      	movs	r2, #16
8780242a:	e70e      	b.n	8780224a <vsscanf+0x252>
8780242c:	f3cc 0c80 	ubfx	ip, ip, #2, #1
87802430:	f08c 0c01 	eor.w	ip, ip, #1
87802434:	f1be 0f37 	cmp.w	lr, #55	@ 0x37
87802438:	bf88      	it	hi
8780243a:	f04c 0c01 	orrhi.w	ip, ip, #1
8780243e:	f01c 0f01 	tst.w	ip, #1
87802442:	f47f ae00 	bne.w	87802046 <vsscanf+0x4e>
87802446:	2208      	movs	r2, #8
87802448:	e6ff      	b.n	8780224a <vsscanf+0x252>
8780244a:	f893 8001 	ldrb.w	r8, [r3, #1]
8780244e:	f1b8 0f4c 	cmp.w	r8, #76	@ 0x4c
87802452:	d078      	beq.n	87802546 <vsscanf+0x54e>
87802454:	3301      	adds	r3, #1
87802456:	e618      	b.n	8780208a <vsscanf+0x92>
87802458:	f1ba 0f25 	cmp.w	sl, #37	@ 0x25
8780245c:	f47f adf3 	bne.w	87802046 <vsscanf+0x4e>
87802460:	3001      	adds	r0, #1
87802462:	e738      	b.n	878022d6 <vsscanf+0x2de>
87802464:	f01c 0f20 	tst.w	ip, #32
87802468:	d10f      	bne.n	8780248a <vsscanf+0x492>
8780246a:	f813 cf01 	ldrb.w	ip, [r3, #1]!
8780246e:	f812 100c 	ldrb.w	r1, [r2, ip]
87802472:	f3c1 1140 	ubfx	r1, r1, #5, #1
87802476:	f081 0101 	eor.w	r1, r1, #1
8780247a:	f1bc 0f00 	cmp.w	ip, #0
8780247e:	bf0c      	ite	eq
87802480:	2100      	moveq	r1, #0
87802482:	f001 0101 	andne.w	r1, r1, #1
87802486:	2900      	cmp	r1, #0
87802488:	d1ef      	bne.n	8780246a <vsscanf+0x472>
8780248a:	f890 c000 	ldrb.w	ip, [r0]
8780248e:	e001      	b.n	87802494 <vsscanf+0x49c>
87802490:	f810 cf01 	ldrb.w	ip, [r0, #1]!
87802494:	f812 100c 	ldrb.w	r1, [r2, ip]
87802498:	f3c1 1140 	ubfx	r1, r1, #5, #1
8780249c:	f081 0101 	eor.w	r1, r1, #1
878024a0:	f1bc 0f00 	cmp.w	ip, #0
878024a4:	bf0c      	ite	eq
878024a6:	2100      	moveq	r1, #0
878024a8:	f001 0101 	andne.w	r1, r1, #1
878024ac:	2900      	cmp	r1, #0
878024ae:	d1ef      	bne.n	87802490 <vsscanf+0x498>
878024b0:	e711      	b.n	878022d6 <vsscanf+0x2de>
878024b2:	a903      	add	r1, sp, #12
878024b4:	f7fe fede 	bl	87801274 <simple_strtoul>
878024b8:	9b01      	ldr	r3, [sp, #4]
878024ba:	f888 0000 	strb.w	r0, [r8]
878024be:	e775      	b.n	878023ac <vsscanf+0x3b4>
878024c0:	a903      	add	r1, sp, #12
878024c2:	f7fe ff61 	bl	87801388 <simple_strtoull>
878024c6:	9b01      	ldr	r3, [sp, #4]
878024c8:	e9c8 0100 	strd	r0, r1, [r8]
878024cc:	e76e      	b.n	878023ac <vsscanf+0x3b4>
878024ce:	a903      	add	r1, sp, #12
878024d0:	f7fe fed0 	bl	87801274 <simple_strtoul>
878024d4:	9b01      	ldr	r3, [sp, #4]
878024d6:	f8a8 0000 	strh.w	r0, [r8]
878024da:	e767      	b.n	878023ac <vsscanf+0x3b4>
878024dc:	f812 c00a 	ldrb.w	ip, [r2, sl]
878024e0:	f01c 0e20 	ands.w	lr, ip, #32
878024e4:	bf1e      	ittt	ne
878024e6:	f04f 0e01 	movne.w	lr, #1
878024ea:	f04f 0800 	movne.w	r8, #0
878024ee:	46f1      	movne	r9, lr
878024f0:	f47f ae81 	bne.w	878021f6 <vsscanf+0x1fe>
878024f4:	f1ba 0f2d 	cmp.w	sl, #45	@ 0x2d
878024f8:	d10d      	bne.n	87802516 <vsscanf+0x51e>
878024fa:	f890 c001 	ldrb.w	ip, [r0, #1]
878024fe:	f1bc 0f00 	cmp.w	ip, #0
87802502:	f43f ada0 	beq.w	87802046 <vsscanf+0x4e>
87802506:	f812 c00c 	ldrb.w	ip, [r2, ip]
8780250a:	f04f 0a2d 	mov.w	sl, #45	@ 0x2d
8780250e:	f1be 0f0a 	cmp.w	lr, #10
87802512:	f43f af41 	beq.w	87802398 <vsscanf+0x3a0>
87802516:	f04f 0901 	mov.w	r9, #1
8780251a:	e691      	b.n	87802240 <vsscanf+0x248>
8780251c:	2968      	cmp	r1, #104	@ 0x68
8780251e:	d00d      	beq.n	8780253c <vsscanf+0x544>
87802520:	296c      	cmp	r1, #108	@ 0x6c
87802522:	d130      	bne.n	87802586 <vsscanf+0x58e>
87802524:	f893 8002 	ldrb.w	r8, [r3, #2]
87802528:	214c      	movs	r1, #76	@ 0x4c
8780252a:	3302      	adds	r3, #2
8780252c:	e5ad      	b.n	8780208a <vsscanf+0x92>
8780252e:	3001      	adds	r0, #1
87802530:	a903      	add	r1, sp, #12
87802532:	f7fe fe9f 	bl	87801274 <simple_strtoul>
87802536:	9b01      	ldr	r3, [sp, #4]
87802538:	4240      	negs	r0, r0
8780253a:	e6b2      	b.n	878022a2 <vsscanf+0x2aa>
8780253c:	f893 8002 	ldrb.w	r8, [r3, #2]
87802540:	2148      	movs	r1, #72	@ 0x48
87802542:	3302      	adds	r3, #2
87802544:	e5a1      	b.n	8780208a <vsscanf+0x92>
87802546:	f890 a000 	ldrb.w	sl, [r0]
8780254a:	f1ba 0f00 	cmp.w	sl, #0
8780254e:	f43f ad7a 	beq.w	87802046 <vsscanf+0x4e>
87802552:	3302      	adds	r3, #2
87802554:	4641      	mov	r1, r8
87802556:	e5a5      	b.n	878020a4 <vsscanf+0xac>
87802558:	3001      	adds	r0, #1
8780255a:	a903      	add	r1, sp, #12
8780255c:	f7fe fe8a 	bl	87801274 <simple_strtoul>
87802560:	9b01      	ldr	r3, [sp, #4]
87802562:	4240      	negs	r0, r0
87802564:	e736      	b.n	878023d4 <vsscanf+0x3dc>
87802566:	3001      	adds	r0, #1
87802568:	a903      	add	r1, sp, #12
8780256a:	f7fe fe83 	bl	87801274 <simple_strtoul>
8780256e:	9b01      	ldr	r3, [sp, #4]
87802570:	4240      	negs	r0, r0
87802572:	e74d      	b.n	87802410 <vsscanf+0x418>
87802574:	3001      	adds	r0, #1
87802576:	a903      	add	r1, sp, #12
87802578:	f7fe ff06 	bl	87801388 <simple_strtoull>
8780257c:	4240      	negs	r0, r0
8780257e:	9b01      	ldr	r3, [sp, #4]
87802580:	eb61 0141 	sbc.w	r1, r1, r1, lsl #1
87802584:	e735      	b.n	878023f2 <vsscanf+0x3fa>
87802586:	f890 a000 	ldrb.w	sl, [r0]
8780258a:	f1ba 0f00 	cmp.w	sl, #0
8780258e:	f43f ad5a 	beq.w	87802046 <vsscanf+0x4e>
87802592:	3302      	adds	r3, #2
87802594:	217a      	movs	r1, #122	@ 0x7a
87802596:	e585      	b.n	878020a4 <vsscanf+0xac>
87802598:	ffffdff6 			@ <UNDEFINED> instruction: 0xffffdff6
8780259c:	00000178 	andeq	r0, r0, r8, ror r1

878025a0 <sscanf>:
878025a0:	b40e      	push	{r1, r2, r3}
878025a2:	b500      	push	{lr}
878025a4:	aa01      	add	r2, sp, #4
878025a6:	f852 1b04 	ldr.w	r1, [r2], #4
878025aa:	f7ff fd25 	bl	87801ff8 <vsscanf>
878025ae:	f85d eb04 	ldr.w	lr, [sp], #4
878025b2:	b003      	add	sp, #12
878025b4:	4770      	bx	lr
878025b6:	bf00      	nop

878025b8 <CLK_Enable>:
878025b8:	f44f 4380 	mov.w	r3, #16384	@ 0x4000
878025bc:	f2c0 230c 	movt	r3, #524	@ 0x20c
878025c0:	f04f 32ff 	mov.w	r2, #4294967295	@ 0xffffffff
878025c4:	669a      	str	r2, [r3, #104]	@ 0x68
878025c6:	66da      	str	r2, [r3, #108]	@ 0x6c
878025c8:	671a      	str	r2, [r3, #112]	@ 0x70
878025ca:	675a      	str	r2, [r3, #116]	@ 0x74
878025cc:	679a      	str	r2, [r3, #120]	@ 0x78
878025ce:	67da      	str	r2, [r3, #124]	@ 0x7c
878025d0:	f8c3 2080 	str.w	r2, [r3, #128]	@ 0x80
878025d4:	4770      	bx	lr
878025d6:	bf00      	nop

878025d8 <imx6ull_clk_init>:
878025d8:	f44f 4380 	mov.w	r3, #16384	@ 0x4000
878025dc:	f2c0 230c 	movt	r3, #524	@ 0x20c
878025e0:	b500      	push	{lr}
878025e2:	68da      	ldr	r2, [r3, #12]
878025e4:	0750      	lsls	r0, r2, #29
878025e6:	d407      	bmi.n	878025f8 <imx6ull_clk_init+0x20>
878025e8:	68da      	ldr	r2, [r3, #12]
878025ea:	f422 7280 	bic.w	r2, r2, #256	@ 0x100
878025ee:	60da      	str	r2, [r3, #12]
878025f0:	68da      	ldr	r2, [r3, #12]
878025f2:	f042 0204 	orr.w	r2, r2, #4
878025f6:	60da      	str	r2, [r3, #12]
878025f8:	f44f 4300 	mov.w	r3, #32768	@ 0x8000
878025fc:	f2c0 230c 	movt	r3, #524	@ 0x20c
87802600:	2158      	movs	r1, #88	@ 0x58
87802602:	f44f 4280 	mov.w	r2, #16384	@ 0x4000
87802606:	f2c0 220c 	movt	r2, #524	@ 0x20c
8780260a:	f04f 0e01 	mov.w	lr, #1
8780260e:	6019      	str	r1, [r3, #0]
87802610:	f241 001b 	movw	r0, #4123	@ 0x101b
87802614:	f2c2 0018 	movt	r0, #8216	@ 0x2018
87802618:	f241 010c 	movw	r1, #4108	@ 0x100c
8780261c:	f2c1 3111 	movt	r1, #4881	@ 0x1311
87802620:	f8d3 c000 	ldr.w	ip, [r3]
87802624:	f44c 5c00 	orr.w	ip, ip, #8192	@ 0x2000
87802628:	f8c3 c000 	str.w	ip, [r3]
8780262c:	f8c2 e010 	str.w	lr, [r2, #16]
87802630:	f8d2 c00c 	ldr.w	ip, [r2, #12]
87802634:	f02c 0c04 	bic.w	ip, ip, #4
87802638:	f8c2 c00c 	str.w	ip, [r2, #12]
8780263c:	f8d3 c100 	ldr.w	ip, [r3, #256]	@ 0x100
87802640:	f00c 3cc0 	and.w	ip, ip, #3233857728	@ 0xc0c0c0c0
87802644:	ea4c 0000 	orr.w	r0, ip, r0
87802648:	f8c3 0100 	str.w	r0, [r3, #256]	@ 0x100
8780264c:	f8d3 00f0 	ldr.w	r0, [r3, #240]	@ 0xf0
87802650:	f000 30c0 	and.w	r0, r0, #3233857728	@ 0xc0c0c0c0
87802654:	4301      	orrs	r1, r0
87802656:	f8c3 10f0 	str.w	r1, [r3, #240]	@ 0xf0
8780265a:	6993      	ldr	r3, [r2, #24]
8780265c:	f423 2340 	bic.w	r3, r3, #786432	@ 0xc0000
87802660:	6193      	str	r3, [r2, #24]
87802662:	6993      	ldr	r3, [r2, #24]
87802664:	f443 2380 	orr.w	r3, r3, #262144	@ 0x40000
87802668:	6193      	str	r3, [r2, #24]
8780266a:	6993      	ldr	r3, [r2, #24]
8780266c:	f023 7300 	bic.w	r3, r3, #33554432	@ 0x2000000
87802670:	6193      	str	r3, [r2, #24]
87802672:	6993      	ldr	r3, [r2, #24]
87802674:	f043 7300 	orr.w	r3, r3, #33554432	@ 0x2000000
87802678:	6193      	str	r3, [r2, #24]
8780267a:	6c93      	ldr	r3, [r2, #72]	@ 0x48
8780267c:	0699      	lsls	r1, r3, #26
8780267e:	d4fc      	bmi.n	8780267a <imx6ull_clk_init+0xa2>
87802680:	6951      	ldr	r1, [r2, #20]
87802682:	f44f 4380 	mov.w	r3, #16384	@ 0x4000
87802686:	f2c0 230c 	movt	r3, #524	@ 0x20c
8780268a:	f421 51e0 	bic.w	r1, r1, #7168	@ 0x1c00
8780268e:	6151      	str	r1, [r2, #20]
87802690:	6951      	ldr	r1, [r2, #20]
87802692:	f441 6100 	orr.w	r1, r1, #2048	@ 0x800
87802696:	6151      	str	r1, [r2, #20]
87802698:	6c9a      	ldr	r2, [r3, #72]	@ 0x48
8780269a:	0792      	lsls	r2, r2, #30
8780269c:	d4fc      	bmi.n	87802698 <imx6ull_clk_init+0xc0>
8780269e:	695a      	ldr	r2, [r3, #20]
878026a0:	f422 7240 	bic.w	r2, r2, #768	@ 0x300
878026a4:	615a      	str	r2, [r3, #20]
878026a6:	695a      	ldr	r2, [r3, #20]
878026a8:	f442 7280 	orr.w	r2, r2, #256	@ 0x100
878026ac:	615a      	str	r2, [r3, #20]
878026ae:	695a      	ldr	r2, [r3, #20]
878026b0:	f022 0240 	bic.w	r2, r2, #64	@ 0x40
878026b4:	615a      	str	r2, [r3, #20]
878026b6:	695a      	ldr	r2, [r3, #20]
878026b8:	f422 627c 	bic.w	r2, r2, #4032	@ 0xfc0
878026bc:	615a      	str	r2, [r3, #20]
878026be:	69da      	ldr	r2, [r3, #28]
878026c0:	f022 0240 	bic.w	r2, r2, #64	@ 0x40
878026c4:	61da      	str	r2, [r3, #28]
878026c6:	69da      	ldr	r2, [r3, #28]
878026c8:	f022 023f 	bic.w	r2, r2, #63	@ 0x3f
878026cc:	61da      	str	r2, [r3, #28]
878026ce:	6b9a      	ldr	r2, [r3, #56]	@ 0x38
878026d0:	f422 2280 	bic.w	r2, r2, #262144	@ 0x40000
878026d4:	639a      	str	r2, [r3, #56]	@ 0x38
878026d6:	6b9a      	ldr	r2, [r3, #56]	@ 0x38
878026d8:	f022 72fc 	bic.w	r2, r2, #33030144	@ 0x1f80000
878026dc:	639a      	str	r2, [r3, #56]	@ 0x38
878026de:	bd00      	pop	{pc}

878026e0 <Delay_Short>:
878026e0:	b082      	sub	sp, #8
878026e2:	9001      	str	r0, [sp, #4]
878026e4:	9b01      	ldr	r3, [sp, #4]
878026e6:	1e5a      	subs	r2, r3, #1
878026e8:	9201      	str	r2, [sp, #4]
878026ea:	2b00      	cmp	r3, #0
878026ec:	d1fa      	bne.n	878026e4 <Delay_Short+0x4>
878026ee:	b002      	add	sp, #8
878026f0:	4770      	bx	lr
878026f2:	bf00      	nop

878026f4 <Delay_ms>:
878026f4:	b082      	sub	sp, #8
878026f6:	9001      	str	r0, [sp, #4]
878026f8:	9b01      	ldr	r3, [sp, #4]
878026fa:	1e5a      	subs	r2, r3, #1
878026fc:	9201      	str	r2, [sp, #4]
878026fe:	b153      	cbz	r3, 87802716 <Delay_ms+0x22>
87802700:	f240 73ff 	movw	r3, #2047	@ 0x7ff
87802704:	461a      	mov	r2, r3
87802706:	3b01      	subs	r3, #1
87802708:	2a00      	cmp	r2, #0
8780270a:	d1fb      	bne.n	87802704 <Delay_ms+0x10>
8780270c:	9b01      	ldr	r3, [sp, #4]
8780270e:	1e5a      	subs	r2, r3, #1
87802710:	9201      	str	r2, [sp, #4]
87802712:	2b00      	cmp	r3, #0
87802714:	d1f4      	bne.n	87802700 <Delay_ms+0xc>
87802716:	b002      	add	sp, #8
87802718:	4770      	bx	lr
8780271a:	bf00      	nop

8780271c <LED_Init>:
8780271c:	2200      	movs	r2, #0
8780271e:	f2c0 220e 	movt	r2, #526	@ 0x20e
87802722:	f44f 4340 	mov.w	r3, #49152	@ 0xc000
87802726:	f2c0 2309 	movt	r3, #521	@ 0x209
8780272a:	2005      	movs	r0, #5
8780272c:	2108      	movs	r1, #8
8780272e:	6690      	str	r0, [r2, #104]	@ 0x68
87802730:	f241 00b0 	movw	r0, #4272	@ 0x10b0
87802734:	f8c2 02f4 	str.w	r0, [r2, #756]	@ 0x2f4
87802738:	6059      	str	r1, [r3, #4]
8780273a:	681a      	ldr	r2, [r3, #0]
8780273c:	430a      	orrs	r2, r1
8780273e:	601a      	str	r2, [r3, #0]
87802740:	4770      	bx	lr
87802742:	bf00      	nop

87802744 <LED_ON>:
87802744:	f44f 4340 	mov.w	r3, #49152	@ 0xc000
87802748:	f2c0 2309 	movt	r3, #521	@ 0x209
8780274c:	681a      	ldr	r2, [r3, #0]
8780274e:	f022 0208 	bic.w	r2, r2, #8
87802752:	601a      	str	r2, [r3, #0]
87802754:	4770      	bx	lr
87802756:	bf00      	nop

87802758 <LED_OFF>:
87802758:	f44f 4340 	mov.w	r3, #49152	@ 0xc000
8780275c:	f2c0 2309 	movt	r3, #521	@ 0x209
87802760:	681a      	ldr	r2, [r3, #0]
87802762:	f042 0208 	orr.w	r2, r2, #8
87802766:	601a      	str	r2, [r3, #0]
87802768:	4770      	bx	lr
8780276a:	bf00      	nop

8780276c <LED_Switch>:
8780276c:	b950      	cbnz	r0, 87802784 <LED_Switch+0x18>
8780276e:	2901      	cmp	r1, #1
87802770:	d009      	beq.n	87802786 <LED_Switch+0x1a>
87802772:	b939      	cbnz	r1, 87802784 <LED_Switch+0x18>
87802774:	f44f 4340 	mov.w	r3, #49152	@ 0xc000
87802778:	f2c0 2309 	movt	r3, #521	@ 0x209
8780277c:	681a      	ldr	r2, [r3, #0]
8780277e:	f042 0208 	orr.w	r2, r2, #8
87802782:	601a      	str	r2, [r3, #0]
87802784:	4770      	bx	lr
87802786:	f44f 4340 	mov.w	r3, #49152	@ 0xc000
8780278a:	f2c0 2309 	movt	r3, #521	@ 0x209
8780278e:	681a      	ldr	r2, [r3, #0]
87802790:	f022 0208 	bic.w	r2, r2, #8
87802794:	601a      	str	r2, [r3, #0]
87802796:	4770      	bx	lr

87802798 <Beep_Init>:
87802798:	b500      	push	{lr}
8780279a:	2300      	movs	r3, #0
8780279c:	f2c0 230e 	movt	r3, #526	@ 0x20e
878027a0:	b087      	sub	sp, #28
878027a2:	2101      	movs	r1, #1
878027a4:	f04f 0c05 	mov.w	ip, #5
878027a8:	f241 02b0 	movw	r2, #4272	@ 0x10b0
878027ac:	f8c3 c070 	str.w	ip, [r3, #112]	@ 0x70
878027b0:	f44f 4040 	mov.w	r0, #49152	@ 0xc000
878027b4:	f2c0 200a 	movt	r0, #522	@ 0x20a
878027b8:	f8c3 22fc 	str.w	r2, [r3, #764]	@ 0x2fc
878027bc:	aa03      	add	r2, sp, #12
878027be:	9001      	str	r0, [sp, #4]
878027c0:	9103      	str	r1, [sp, #12]
878027c2:	f88d 1010 	strb.w	r1, [sp, #16]
878027c6:	f000 f8f1 	bl	878029ac <gpio_init>
878027ca:	2101      	movs	r1, #1
878027cc:	9801      	ldr	r0, [sp, #4]
878027ce:	460a      	mov	r2, r1
878027d0:	f000 f87e 	bl	878028d0 <gpio_pinwrite>
878027d4:	b007      	add	sp, #28
878027d6:	bd00      	pop	{pc}

878027d8 <Beep_Switch>:
878027d8:	4601      	mov	r1, r0
878027da:	b110      	cbz	r0, 878027e2 <Beep_Switch+0xa>
878027dc:	2801      	cmp	r0, #1
878027de:	d008      	beq.n	878027f2 <Beep_Switch+0x1a>
878027e0:	4770      	bx	lr
878027e2:	2201      	movs	r2, #1
878027e4:	f44f 4040 	mov.w	r0, #49152	@ 0xc000
878027e8:	f2c0 200a 	movt	r0, #522	@ 0x20a
878027ec:	4611      	mov	r1, r2
878027ee:	f000 b86f 	b.w	878028d0 <gpio_pinwrite>
878027f2:	f44f 4040 	mov.w	r0, #49152	@ 0xc000
878027f6:	f2c0 200a 	movt	r0, #522	@ 0x20a
878027fa:	2200      	movs	r2, #0
878027fc:	f000 b868 	b.w	878028d0 <gpio_pinwrite>

87802800 <Key_Init>:
87802800:	b500      	push	{lr}
87802802:	2300      	movs	r3, #0
87802804:	f2c0 230e 	movt	r3, #526	@ 0x20e
87802808:	b085      	sub	sp, #20
8780280a:	2205      	movs	r2, #5
8780280c:	2180      	movs	r1, #128	@ 0x80
8780280e:	f44f 4040 	mov.w	r0, #49152	@ 0xc000
87802812:	f2c0 2009 	movt	r0, #521	@ 0x209
87802816:	f8c3 208c 	str.w	r2, [r3, #140]	@ 0x8c
8780281a:	f8c3 1318 	str.w	r1, [r3, #792]	@ 0x318
8780281e:	aa01      	add	r2, sp, #4
87802820:	2112      	movs	r1, #18
87802822:	2300      	movs	r3, #0
87802824:	9301      	str	r3, [sp, #4]
87802826:	f000 f8c1 	bl	878029ac <gpio_init>
8780282a:	b005      	add	sp, #20
8780282c:	bd00      	pop	{pc}
8780282e:	bf00      	nop

87802830 <Key_Read>:
87802830:	f44f 4040 	mov.w	r0, #49152	@ 0xc000
87802834:	f2c0 2009 	movt	r0, #521	@ 0x209
87802838:	2112      	movs	r1, #18
8780283a:	f000 b855 	b.w	878028e8 <gpio_pinread>
8780283e:	bf00      	nop

87802840 <Key_GetValue>:
87802840:	4a21      	ldr	r2, [pc, #132]	@ (878028c8 <Key_GetValue+0x88>)
87802842:	b500      	push	{lr}
87802844:	447a      	add	r2, pc
87802846:	b083      	sub	sp, #12
87802848:	7813      	ldrb	r3, [r2, #0]
8780284a:	2b01      	cmp	r3, #1
8780284c:	d003      	beq.n	87802856 <Key_GetValue+0x16>
8780284e:	b17b      	cbz	r3, 87802870 <Key_GetValue+0x30>
87802850:	2000      	movs	r0, #0
87802852:	b003      	add	sp, #12
87802854:	bd00      	pop	{pc}
87802856:	2112      	movs	r1, #18
87802858:	f44f 4040 	mov.w	r0, #49152	@ 0xc000
8780285c:	f2c0 2009 	movt	r0, #521	@ 0x209
87802860:	9200      	str	r2, [sp, #0]
87802862:	f000 f841 	bl	878028e8 <gpio_pinread>
87802866:	9a00      	ldr	r2, [sp, #0]
87802868:	b1d8      	cbz	r0, 878028a2 <Key_GetValue+0x62>
8780286a:	7813      	ldrb	r3, [r2, #0]
8780286c:	2b00      	cmp	r3, #0
8780286e:	d1ef      	bne.n	87802850 <Key_GetValue+0x10>
87802870:	2112      	movs	r1, #18
87802872:	f44f 4040 	mov.w	r0, #49152	@ 0xc000
87802876:	f2c0 2009 	movt	r0, #521	@ 0x209
8780287a:	f000 f835 	bl	878028e8 <gpio_pinread>
8780287e:	2801      	cmp	r0, #1
87802880:	d1e6      	bne.n	87802850 <Key_GetValue+0x10>
87802882:	9000      	str	r0, [sp, #0]
87802884:	200a      	movs	r0, #10
87802886:	f7ff ff35 	bl	878026f4 <Delay_ms>
8780288a:	4a10      	ldr	r2, [pc, #64]	@ (878028cc <Key_GetValue+0x8c>)
8780288c:	9b00      	ldr	r3, [sp, #0]
8780288e:	f44f 4040 	mov.w	r0, #49152	@ 0xc000
87802892:	f2c0 2009 	movt	r0, #521	@ 0x209
87802896:	447a      	add	r2, pc
87802898:	2112      	movs	r1, #18
8780289a:	7013      	strb	r3, [r2, #0]
8780289c:	f000 f824 	bl	878028e8 <gpio_pinread>
878028a0:	e7d6      	b.n	87802850 <Key_GetValue+0x10>
878028a2:	e9cd 2000 	strd	r2, r0, [sp]
878028a6:	200a      	movs	r0, #10
878028a8:	f7ff ff24 	bl	878026f4 <Delay_ms>
878028ac:	2112      	movs	r1, #18
878028ae:	e9dd 2300 	ldrd	r2, r3, [sp]
878028b2:	f44f 4040 	mov.w	r0, #49152	@ 0xc000
878028b6:	f2c0 2009 	movt	r0, #521	@ 0x209
878028ba:	7013      	strb	r3, [r2, #0]
878028bc:	f000 f814 	bl	878028e8 <gpio_pinread>
878028c0:	fab0 f080 	clz	r0, r0
878028c4:	0940      	lsrs	r0, r0, #5
878028c6:	e7c4      	b.n	87802852 <Key_GetValue+0x12>
878028c8:	00007638 	andeq	r7, r0, r8, lsr r6
878028cc:	000075e6 	andeq	r7, r0, r6, ror #11

878028d0 <gpio_pinwrite>:
878028d0:	2301      	movs	r3, #1
878028d2:	408b      	lsls	r3, r1
878028d4:	b922      	cbnz	r2, 878028e0 <gpio_pinwrite+0x10>
878028d6:	6802      	ldr	r2, [r0, #0]
878028d8:	ea22 0303 	bic.w	r3, r2, r3
878028dc:	6003      	str	r3, [r0, #0]
878028de:	4770      	bx	lr
878028e0:	6802      	ldr	r2, [r0, #0]
878028e2:	4313      	orrs	r3, r2
878028e4:	6003      	str	r3, [r0, #0]
878028e6:	4770      	bx	lr

878028e8 <gpio_pinread>:
878028e8:	6800      	ldr	r0, [r0, #0]
878028ea:	40c8      	lsrs	r0, r1
878028ec:	f000 0001 	and.w	r0, r0, #1
878028f0:	4770      	bx	lr
878028f2:	bf00      	nop

878028f4 <gpio_enable_interrupt>:
878028f4:	2301      	movs	r3, #1
878028f6:	6942      	ldr	r2, [r0, #20]
878028f8:	408b      	lsls	r3, r1
878028fa:	4313      	orrs	r3, r2
878028fc:	6143      	str	r3, [r0, #20]
878028fe:	4770      	bx	lr

87802900 <gpio_disable_interrupt>:
87802900:	2301      	movs	r3, #1
87802902:	408b      	lsls	r3, r1
87802904:	6941      	ldr	r1, [r0, #20]
87802906:	ea21 0103 	bic.w	r1, r1, r3
8780290a:	6141      	str	r1, [r0, #20]
8780290c:	4770      	bx	lr
8780290e:	bf00      	nop

87802910 <gpio_clear_interrupt_flag>:
87802910:	2301      	movs	r3, #1
87802912:	408b      	lsls	r3, r1
87802914:	6981      	ldr	r1, [r0, #24]
87802916:	ea21 0103 	bic.w	r1, r1, r3
8780291a:	6181      	str	r1, [r0, #24]
8780291c:	4770      	bx	lr
8780291e:	bf00      	nop

87802920 <gpio_get_interrupt_flag>:
87802920:	6980      	ldr	r0, [r0, #24]
87802922:	40c8      	lsrs	r0, r1
87802924:	f000 0001 	and.w	r0, r0, #1
87802928:	4770      	bx	lr
8780292a:	bf00      	nop

8780292c <gpio_interrupt_init>:
8780292c:	f04f 0c01 	mov.w	ip, #1
87802930:	69c3      	ldr	r3, [r0, #28]
87802932:	290f      	cmp	r1, #15
87802934:	f102 32ff 	add.w	r2, r2, #4294967295	@ 0xffffffff
87802938:	fa0c fc01 	lsl.w	ip, ip, r1
8780293c:	bfc8      	it	gt
8780293e:	3910      	subgt	r1, #16
87802940:	ea23 030c 	bic.w	r3, r3, ip
87802944:	61c3      	str	r3, [r0, #28]
87802946:	bfd4      	ite	le
87802948:	300c      	addle	r0, #12
8780294a:	3010      	addgt	r0, #16
8780294c:	2a04      	cmp	r2, #4
8780294e:	d80e      	bhi.n	8780296e <gpio_interrupt_init+0x42>
87802950:	e8df f002 	tbb	[pc, r2]
87802954:	0d0e1d23 	stceq	13, cr1, [lr, #-140]	@ 0xffffff74
87802958:	00490003 	subeq	r0, r9, r3
8780295c:	2303      	movs	r3, #3
8780295e:	6802      	ldr	r2, [r0, #0]
87802960:	408b      	lsls	r3, r1
87802962:	ea22 0203 	bic.w	r2, r2, r3
87802966:	6002      	str	r2, [r0, #0]
87802968:	6802      	ldr	r2, [r0, #0]
8780296a:	4313      	orrs	r3, r2
8780296c:	6003      	str	r3, [r0, #0]
8780296e:	4770      	bx	lr
87802970:	6802      	ldr	r2, [r0, #0]
87802972:	0049      	lsls	r1, r1, #1
87802974:	f04f 0c03 	mov.w	ip, #3
87802978:	2302      	movs	r3, #2
8780297a:	fa0c fc01 	lsl.w	ip, ip, r1
8780297e:	ea22 020c 	bic.w	r2, r2, ip
87802982:	6002      	str	r2, [r0, #0]
87802984:	408b      	lsls	r3, r1
87802986:	6802      	ldr	r2, [r0, #0]
87802988:	4313      	orrs	r3, r2
8780298a:	6003      	str	r3, [r0, #0]
8780298c:	4770      	bx	lr
8780298e:	6802      	ldr	r2, [r0, #0]
87802990:	0049      	lsls	r1, r1, #1
87802992:	f04f 0c03 	mov.w	ip, #3
87802996:	2301      	movs	r3, #1
87802998:	e7ef      	b.n	8780297a <gpio_interrupt_init+0x4e>
8780299a:	0049      	lsls	r1, r1, #1
8780299c:	2203      	movs	r2, #3
8780299e:	6803      	ldr	r3, [r0, #0]
878029a0:	408a      	lsls	r2, r1
878029a2:	ea23 0302 	bic.w	r3, r3, r2
878029a6:	6003      	str	r3, [r0, #0]
878029a8:	4770      	bx	lr
878029aa:	bf00      	nop

878029ac <gpio_init>:
878029ac:	b410      	push	{r4}
878029ae:	2301      	movs	r3, #1
878029b0:	6814      	ldr	r4, [r2, #0]
878029b2:	f8d0 c004 	ldr.w	ip, [r0, #4]
878029b6:	408b      	lsls	r3, r1
878029b8:	b934      	cbnz	r4, 878029c8 <gpio_init+0x1c>
878029ba:	ea2c 0303 	bic.w	r3, ip, r3
878029be:	6892      	ldr	r2, [r2, #8]
878029c0:	bc10      	pop	{r4}
878029c2:	6043      	str	r3, [r0, #4]
878029c4:	f7ff bfb2 	b.w	8780292c <gpio_interrupt_init>
878029c8:	ea4c 0c03 	orr.w	ip, ip, r3
878029cc:	f8c0 c004 	str.w	ip, [r0, #4]
878029d0:	f892 c004 	ldrb.w	ip, [r2, #4]
878029d4:	f1bc 0f00 	cmp.w	ip, #0
878029d8:	d108      	bne.n	878029ec <gpio_init+0x40>
878029da:	f8d0 c000 	ldr.w	ip, [r0]
878029de:	bc10      	pop	{r4}
878029e0:	ea2c 0303 	bic.w	r3, ip, r3
878029e4:	6003      	str	r3, [r0, #0]
878029e6:	6892      	ldr	r2, [r2, #8]
878029e8:	f7ff bfa0 	b.w	8780292c <gpio_interrupt_init>
878029ec:	f8d0 c000 	ldr.w	ip, [r0]
878029f0:	bc10      	pop	{r4}
878029f2:	ea4c 0303 	orr.w	r3, ip, r3
878029f6:	6003      	str	r3, [r0, #0]
878029f8:	6892      	ldr	r2, [r2, #8]
878029fa:	f7ff bf97 	b.w	8780292c <gpio_interrupt_init>
878029fe:	bf00      	nop

87802a00 <gpio_io18_irq_handler_t>:
87802a00:	200a      	movs	r0, #10
87802a02:	b508      	push	{r3, lr}
87802a04:	f7ff fe76 	bl	878026f4 <Delay_ms>
87802a08:	f44f 4040 	mov.w	r0, #49152	@ 0xc000
87802a0c:	f2c0 2009 	movt	r0, #521	@ 0x209
87802a10:	2112      	movs	r1, #18
87802a12:	f7ff ff85 	bl	87802920 <gpio_get_interrupt_flag>
87802a16:	b900      	cbnz	r0, 87802a1a <gpio_io18_irq_handler_t+0x1a>
87802a18:	bd08      	pop	{r3, pc}
87802a1a:	4b09      	ldr	r3, [pc, #36]	@ (87802a40 <gpio_io18_irq_handler_t+0x40>)
87802a1c:	447b      	add	r3, pc
87802a1e:	7818      	ldrb	r0, [r3, #0]
87802a20:	fab0 f080 	clz	r0, r0
87802a24:	0940      	lsrs	r0, r0, #5
87802a26:	7018      	strb	r0, [r3, #0]
87802a28:	f7ff fed6 	bl	878027d8 <Beep_Switch>
87802a2c:	f44f 4040 	mov.w	r0, #49152	@ 0xc000
87802a30:	f2c0 2009 	movt	r0, #521	@ 0x209
87802a34:	2112      	movs	r1, #18
87802a36:	e8bd 4008 	ldmia.w	sp!, {r3, lr}
87802a3a:	f7ff bf69 	b.w	87802910 <gpio_clear_interrupt_flag>
87802a3e:	bf00      	nop
87802a40:	00007c68 	andeq	r7, r0, r8, ror #24

87802a44 <Exit_Init>:
87802a44:	b530      	push	{r4, r5, lr}
87802a46:	2300      	movs	r3, #0
87802a48:	f2c0 230e 	movt	r3, #526	@ 0x20e
87802a4c:	b085      	sub	sp, #20
87802a4e:	f44f 4440 	mov.w	r4, #49152	@ 0xc000
87802a52:	f2c0 2409 	movt	r4, #521	@ 0x209
87802a56:	2105      	movs	r1, #5
87802a58:	2080      	movs	r0, #128	@ 0x80
87802a5a:	f8c3 108c 	str.w	r1, [r3, #140]	@ 0x8c
87802a5e:	aa01      	add	r2, sp, #4
87802a60:	f8c3 0318 	str.w	r0, [r3, #792]	@ 0x318
87802a64:	9103      	str	r1, [sp, #12]
87802a66:	4620      	mov	r0, r4
87802a68:	2112      	movs	r1, #18
87802a6a:	2500      	movs	r5, #0
87802a6c:	9501      	str	r5, [sp, #4]
87802a6e:	f88d 5008 	strb.w	r5, [sp, #8]
87802a72:	f7ff ff9b 	bl	878029ac <gpio_init>
87802a76:	ee9f 3f10 	mrc	15, 4, r3, cr15, cr0, {0}
87802a7a:	f36f 030f 	bfc	r3, #0, #16
87802a7e:	4908      	ldr	r1, [pc, #32]	@ (87802aa0 <Exit_Init+0x5c>)
87802a80:	f503 5380 	add.w	r3, r3, #4096	@ 0x1000
87802a84:	462a      	mov	r2, r5
87802a86:	2008      	movs	r0, #8
87802a88:	4479      	add	r1, pc
87802a8a:	f8c3 010c 	str.w	r0, [r3, #268]	@ 0x10c
87802a8e:	2063      	movs	r0, #99	@ 0x63
87802a90:	f000 f92a 	bl	87802ce8 <system_register_irq_handler>
87802a94:	2112      	movs	r1, #18
87802a96:	4620      	mov	r0, r4
87802a98:	f7ff ff2c 	bl	878028f4 <gpio_enable_interrupt>
87802a9c:	b005      	add	sp, #20
87802a9e:	bd30      	pop	{r4, r5, pc}
87802aa0:	ffffff75 			@ <UNDEFINED> instruction: 0xffffff75

87802aa4 <EPIT1_IRQHandler>:
87802aa4:	b508      	push	{r3, lr}
87802aa6:	2200      	movs	r2, #0
87802aa8:	f2c0 220d 	movt	r2, #525	@ 0x20d
87802aac:	4b0a      	ldr	r3, [pc, #40]	@ (87802ad8 <EPIT1_IRQHandler+0x34>)
87802aae:	447b      	add	r3, pc
87802ab0:	7819      	ldrb	r1, [r3, #0]
87802ab2:	fab1 f181 	clz	r1, r1
87802ab6:	0949      	lsrs	r1, r1, #5
87802ab8:	7019      	strb	r1, [r3, #0]
87802aba:	6853      	ldr	r3, [r2, #4]
87802abc:	07db      	lsls	r3, r3, #31
87802abe:	d407      	bmi.n	87802ad0 <EPIT1_IRQHandler+0x2c>
87802ac0:	2300      	movs	r3, #0
87802ac2:	f2c0 230d 	movt	r3, #525	@ 0x20d
87802ac6:	685a      	ldr	r2, [r3, #4]
87802ac8:	f042 0201 	orr.w	r2, r2, #1
87802acc:	605a      	str	r2, [r3, #4]
87802ace:	bd08      	pop	{r3, pc}
87802ad0:	2000      	movs	r0, #0
87802ad2:	f7ff fe4b 	bl	8780276c <LED_Switch>
87802ad6:	e7f3      	b.n	87802ac0 <EPIT1_IRQHandler+0x1c>
87802ad8:	00007bd7 	ldrdeq	r7, [r0], -r7	@ <UNPREDICTABLE>

87802adc <EPIT1_Init>:
87802adc:	b510      	push	{r4, lr}
87802ade:	f640 73ff 	movw	r3, #4095	@ 0xfff
87802ae2:	2400      	movs	r4, #0
87802ae4:	f2c0 240d 	movt	r4, #525	@ 0x20d
87802ae8:	4298      	cmp	r0, r3
87802aea:	bf28      	it	cs
87802aec:	4618      	movcs	r0, r3
87802aee:	230e      	movs	r3, #14
87802af0:	f2c0 1300 	movt	r3, #256	@ 0x100
87802af4:	2200      	movs	r2, #0
87802af6:	ea43 1300 	orr.w	r3, r3, r0, lsl #4
87802afa:	6022      	str	r2, [r4, #0]
87802afc:	6023      	str	r3, [r4, #0]
87802afe:	60a1      	str	r1, [r4, #8]
87802b00:	60e2      	str	r2, [r4, #12]
87802b02:	ee9f 3f10 	mrc	15, 4, r3, cr15, cr0, {0}
87802b06:	f36f 030f 	bfc	r3, #0, #16
87802b0a:	4908      	ldr	r1, [pc, #32]	@ (87802b2c <EPIT1_Init+0x50>)
87802b0c:	f503 5380 	add.w	r3, r3, #4096	@ 0x1000
87802b10:	f04f 7080 	mov.w	r0, #16777216	@ 0x1000000
87802b14:	4479      	add	r1, pc
87802b16:	f8c3 0108 	str.w	r0, [r3, #264]	@ 0x108
87802b1a:	2058      	movs	r0, #88	@ 0x58
87802b1c:	f000 f8e4 	bl	87802ce8 <system_register_irq_handler>
87802b20:	6823      	ldr	r3, [r4, #0]
87802b22:	f043 0301 	orr.w	r3, r3, #1
87802b26:	6023      	str	r3, [r4, #0]
87802b28:	bd10      	pop	{r4, pc}
87802b2a:	bf00      	nop
87802b2c:	ffffff8d 			@ <UNDEFINED> instruction: 0xffffff8d

87802b30 <keyfilter_irq_handler_t>:
87802b30:	2300      	movs	r3, #0
87802b32:	f2c0 230d 	movt	r3, #525	@ 0x20d
87802b36:	f44f 5c91 	mov.w	ip, #4640	@ 0x1220
87802b3a:	f2c0 0c0a 	movt	ip, #10
87802b3e:	f44f 4040 	mov.w	r0, #49152	@ 0xc000
87802b42:	f2c0 2009 	movt	r0, #521	@ 0x209
87802b46:	681a      	ldr	r2, [r3, #0]
87802b48:	2112      	movs	r1, #18
87802b4a:	f022 0201 	bic.w	r2, r2, #1
87802b4e:	601a      	str	r2, [r3, #0]
87802b50:	f8c3 c008 	str.w	ip, [r3, #8]
87802b54:	681a      	ldr	r2, [r3, #0]
87802b56:	f042 0201 	orr.w	r2, r2, #1
87802b5a:	601a      	str	r2, [r3, #0]
87802b5c:	f7ff bed8 	b.w	87802910 <gpio_clear_interrupt_flag>

87802b60 <KeyFilter_Init>:
87802b60:	b570      	push	{r4, r5, r6, lr}
87802b62:	2300      	movs	r3, #0
87802b64:	f2c0 230e 	movt	r3, #526	@ 0x20e
87802b68:	b086      	sub	sp, #24
87802b6a:	4e27      	ldr	r6, [pc, #156]	@ (87802c08 <KeyFilter_Init+0xa8>)
87802b6c:	f44f 4440 	mov.w	r4, #49152	@ 0xc000
87802b70:	f2c0 2409 	movt	r4, #521	@ 0x209
87802b74:	2105      	movs	r1, #5
87802b76:	2080      	movs	r0, #128	@ 0x80
87802b78:	f8c3 108c 	str.w	r1, [r3, #140]	@ 0x8c
87802b7c:	aa03      	add	r2, sp, #12
87802b7e:	f8c3 0318 	str.w	r0, [r3, #792]	@ 0x318
87802b82:	4620      	mov	r0, r4
87802b84:	9105      	str	r1, [sp, #20]
87802b86:	2112      	movs	r1, #18
87802b88:	2500      	movs	r5, #0
87802b8a:	447e      	add	r6, pc
87802b8c:	9503      	str	r5, [sp, #12]
87802b8e:	f88d 5010 	strb.w	r5, [sp, #16]
87802b92:	f7ff ff0b 	bl	878029ac <gpio_init>
87802b96:	ee9f 3f10 	mrc	15, 4, r3, cr15, cr0, {0}
87802b9a:	f36f 030f 	bfc	r3, #0, #16
87802b9e:	491b      	ldr	r1, [pc, #108]	@ (87802c0c <KeyFilter_Init+0xac>)
87802ba0:	f503 5380 	add.w	r3, r3, #4096	@ 0x1000
87802ba4:	2208      	movs	r2, #8
87802ba6:	4479      	add	r1, pc
87802ba8:	2063      	movs	r0, #99	@ 0x63
87802baa:	f8c3 210c 	str.w	r2, [r3, #268]	@ 0x10c
87802bae:	462a      	mov	r2, r5
87802bb0:	f000 f89a 	bl	87802ce8 <system_register_irq_handler>
87802bb4:	4620      	mov	r0, r4
87802bb6:	462c      	mov	r4, r5
87802bb8:	2112      	movs	r1, #18
87802bba:	f2c0 240d 	movt	r4, #525	@ 0x20d
87802bbe:	f7ff fe99 	bl	878028f4 <gpio_enable_interrupt>
87802bc2:	220e      	movs	r2, #14
87802bc4:	f2c0 1200 	movt	r2, #256	@ 0x100
87802bc8:	f44f 5391 	mov.w	r3, #4640	@ 0x1220
87802bcc:	f2c0 030a 	movt	r3, #10
87802bd0:	6025      	str	r5, [r4, #0]
87802bd2:	6022      	str	r2, [r4, #0]
87802bd4:	60a3      	str	r3, [r4, #8]
87802bd6:	60e5      	str	r5, [r4, #12]
87802bd8:	ee9f 3f10 	mrc	15, 4, r3, cr15, cr0, {0}
87802bdc:	f36f 030f 	bfc	r3, #0, #16
87802be0:	f04f 7180 	mov.w	r1, #16777216	@ 0x1000000
87802be4:	f503 5380 	add.w	r3, r3, #4096	@ 0x1000
87802be8:	462a      	mov	r2, r5
87802bea:	2058      	movs	r0, #88	@ 0x58
87802bec:	f8c3 1108 	str.w	r1, [r3, #264]	@ 0x108
87802bf0:	4b07      	ldr	r3, [pc, #28]	@ (87802c10 <KeyFilter_Init+0xb0>)
87802bf2:	58f3      	ldr	r3, [r6, r3]
87802bf4:	9301      	str	r3, [sp, #4]
87802bf6:	4619      	mov	r1, r3
87802bf8:	f000 f876 	bl	87802ce8 <system_register_irq_handler>
87802bfc:	6823      	ldr	r3, [r4, #0]
87802bfe:	f043 0301 	orr.w	r3, r3, #1
87802c02:	6023      	str	r3, [r4, #0]
87802c04:	b006      	add	sp, #24
87802c06:	bd70      	pop	{r4, r5, r6, pc}
87802c08:	ffffd472 			@ <UNDEFINED> instruction: 0xffffd472
87802c0c:	ffffff87 			@ <UNDEFINED> instruction: 0xffffff87
87802c10:	0000017c 	andeq	r0, r0, ip, ror r1

87802c14 <keyfilter_timer_init>:
87802c14:	b510      	push	{r4, lr}
87802c16:	2400      	movs	r4, #0
87802c18:	f2c0 240d 	movt	r4, #525	@ 0x20d
87802c1c:	4910      	ldr	r1, [pc, #64]	@ (87802c60 <keyfilter_timer_init+0x4c>)
87802c1e:	b082      	sub	sp, #8
87802c20:	2200      	movs	r2, #0
87802c22:	230e      	movs	r3, #14
87802c24:	f2c0 1300 	movt	r3, #256	@ 0x100
87802c28:	6022      	str	r2, [r4, #0]
87802c2a:	4479      	add	r1, pc
87802c2c:	6023      	str	r3, [r4, #0]
87802c2e:	60a0      	str	r0, [r4, #8]
87802c30:	60e2      	str	r2, [r4, #12]
87802c32:	ee9f 3f10 	mrc	15, 4, r3, cr15, cr0, {0}
87802c36:	f36f 030f 	bfc	r3, #0, #16
87802c3a:	f04f 7080 	mov.w	r0, #16777216	@ 0x1000000
87802c3e:	f503 5380 	add.w	r3, r3, #4096	@ 0x1000
87802c42:	f8c3 0108 	str.w	r0, [r3, #264]	@ 0x108
87802c46:	2058      	movs	r0, #88	@ 0x58
87802c48:	4b06      	ldr	r3, [pc, #24]	@ (87802c64 <keyfilter_timer_init+0x50>)
87802c4a:	58cb      	ldr	r3, [r1, r3]
87802c4c:	9301      	str	r3, [sp, #4]
87802c4e:	4619      	mov	r1, r3
87802c50:	f000 f84a 	bl	87802ce8 <system_register_irq_handler>
87802c54:	6823      	ldr	r3, [r4, #0]
87802c56:	f043 0301 	orr.w	r3, r3, #1
87802c5a:	6023      	str	r3, [r4, #0]
87802c5c:	b002      	add	sp, #8
87802c5e:	bd10      	pop	{r4, pc}
87802c60:	ffffd3d2 			@ <UNDEFINED> instruction: 0xffffd3d2
87802c64:	0000017c 	andeq	r0, r0, ip, ror r1

87802c68 <keyfilter_timer_stop>:
87802c68:	2300      	movs	r3, #0
87802c6a:	f2c0 230d 	movt	r3, #525	@ 0x20d
87802c6e:	681a      	ldr	r2, [r3, #0]
87802c70:	f022 0201 	bic.w	r2, r2, #1
87802c74:	601a      	str	r2, [r3, #0]
87802c76:	4770      	bx	lr

87802c78 <keyfilter_timer_restart>:
87802c78:	2300      	movs	r3, #0
87802c7a:	f2c0 230d 	movt	r3, #525	@ 0x20d
87802c7e:	681a      	ldr	r2, [r3, #0]
87802c80:	f022 0201 	bic.w	r2, r2, #1
87802c84:	601a      	str	r2, [r3, #0]
87802c86:	6098      	str	r0, [r3, #8]
87802c88:	681a      	ldr	r2, [r3, #0]
87802c8a:	f042 0201 	orr.w	r2, r2, #1
87802c8e:	601a      	str	r2, [r3, #0]
87802c90:	4770      	bx	lr
87802c92:	bf00      	nop

87802c94 <keyfilter_EPIT1_IRQHandler>:
87802c94:	b508      	push	{r3, lr}
87802c96:	2300      	movs	r3, #0
87802c98:	f2c0 230d 	movt	r3, #525	@ 0x20d
87802c9c:	685a      	ldr	r2, [r3, #4]
87802c9e:	07d2      	lsls	r2, r2, #31
87802ca0:	d407      	bmi.n	87802cb2 <keyfilter_EPIT1_IRQHandler+0x1e>
87802ca2:	2300      	movs	r3, #0
87802ca4:	f2c0 230d 	movt	r3, #525	@ 0x20d
87802ca8:	685a      	ldr	r2, [r3, #4]
87802caa:	f042 0201 	orr.w	r2, r2, #1
87802cae:	605a      	str	r2, [r3, #4]
87802cb0:	bd08      	pop	{r3, pc}
87802cb2:	681a      	ldr	r2, [r3, #0]
87802cb4:	f44f 4040 	mov.w	r0, #49152	@ 0xc000
87802cb8:	f2c0 2009 	movt	r0, #521	@ 0x209
87802cbc:	2112      	movs	r1, #18
87802cbe:	f022 0201 	bic.w	r2, r2, #1
87802cc2:	601a      	str	r2, [r3, #0]
87802cc4:	f7ff fe10 	bl	878028e8 <gpio_pinread>
87802cc8:	2800      	cmp	r0, #0
87802cca:	d1ea      	bne.n	87802ca2 <keyfilter_EPIT1_IRQHandler+0xe>
87802ccc:	4b04      	ldr	r3, [pc, #16]	@ (87802ce0 <keyfilter_EPIT1_IRQHandler+0x4c>)
87802cce:	447b      	add	r3, pc
87802cd0:	7818      	ldrb	r0, [r3, #0]
87802cd2:	fab0 f080 	clz	r0, r0
87802cd6:	0940      	lsrs	r0, r0, #5
87802cd8:	7018      	strb	r0, [r3, #0]
87802cda:	f7ff fd7d 	bl	878027d8 <Beep_Switch>
87802cde:	e7e0      	b.n	87802ca2 <keyfilter_EPIT1_IRQHandler+0xe>
87802ce0:	000079b8 			@ <UNDEFINED> instruction: 0x000079b8

87802ce4 <default_handler_t>:
87802ce4:	e7fe      	b.n	87802ce4 <default_handler_t>
87802ce6:	bf00      	nop

87802ce8 <system_register_irq_handler>:
87802ce8:	289f      	cmp	r0, #159	@ 0x9f
87802cea:	dc07      	bgt.n	87802cfc <system_register_irq_handler+0x14>
87802cec:	4b04      	ldr	r3, [pc, #16]	@ (87802d00 <system_register_irq_handler+0x18>)
87802cee:	447b      	add	r3, pc
87802cf0:	eb03 0cc0 	add.w	ip, r3, r0, lsl #3
87802cf4:	f843 1030 	str.w	r1, [r3, r0, lsl #3]
87802cf8:	f8cc 2004 	str.w	r2, [ip, #4]
87802cfc:	4770      	bx	lr
87802cfe:	bf00      	nop
87802d00:	0000799a 	muleq	r0, sl, r9

87802d04 <INT_Init>:
87802d04:	b500      	push	{lr}
87802d06:	ee9f 2f10 	mrc	15, 4, r2, cr15, cr0, {0}
87802d0a:	f36f 020f 	bfc	r2, #0, #16
87802d0e:	2300      	movs	r3, #0
87802d10:	f502 5e80 	add.w	lr, r2, #4096	@ 0x1000
87802d14:	f04f 3cff 	mov.w	ip, #4294967295	@ 0xffffffff
87802d18:	f8de 0004 	ldr.w	r0, [lr, #4]
87802d1c:	f000 001f 	and.w	r0, r0, #31
87802d20:	3001      	adds	r0, #1
87802d22:	f503 618c 	add.w	r1, r3, #1120	@ 0x460
87802d26:	3301      	adds	r3, #1
87802d28:	4298      	cmp	r0, r3
87802d2a:	f842 c021 	str.w	ip, [r2, r1, lsl #2]
87802d2e:	d1f8      	bne.n	87802d22 <INT_Init+0x1e>
87802d30:	4810      	ldr	r0, [pc, #64]	@ (87802d74 <INT_Init+0x70>)
87802d32:	f502 5100 	add.w	r1, r2, #8192	@ 0x2000
87802d36:	23f8      	movs	r3, #248	@ 0xf8
87802d38:	2200      	movs	r2, #0
87802d3a:	4478      	add	r0, pc
87802d3c:	f04f 0c01 	mov.w	ip, #1
87802d40:	604b      	str	r3, [r1, #4]
87802d42:	2302      	movs	r3, #2
87802d44:	608b      	str	r3, [r1, #8]
87802d46:	4603      	mov	r3, r0
87802d48:	f8c0 2500 	str.w	r2, [r0, #1280]	@ 0x500
87802d4c:	480a      	ldr	r0, [pc, #40]	@ (87802d78 <INT_Init+0x74>)
87802d4e:	f8ce c000 	str.w	ip, [lr]
87802d52:	4478      	add	r0, pc
87802d54:	f8c1 c000 	str.w	ip, [r1]
87802d58:	f503 61a0 	add.w	r1, r3, #1280	@ 0x500
87802d5c:	e9c3 0200 	strd	r0, r2, [r3]
87802d60:	3308      	adds	r3, #8
87802d62:	4299      	cmp	r1, r3
87802d64:	d1fa      	bne.n	87802d5c <INT_Init+0x58>
87802d66:	2300      	movs	r3, #0
87802d68:	f2c8 7380 	movt	r3, #34688	@ 0x8780
87802d6c:	ee0c 3f10 	mcr	15, 0, r3, cr12, cr0, {0}
87802d70:	bd00      	pop	{pc}
87802d72:	bf00      	nop
87802d74:	0000794e 	andeq	r7, r0, lr, asr #18
87802d78:	ffffff8f 			@ <UNDEFINED> instruction: 0xffffff8f

87802d7c <system_irqhandler>:
87802d7c:	b530      	push	{r4, r5, lr}
87802d7e:	f3c0 0509 	ubfx	r5, r0, #0, #10
87802d82:	2d9f      	cmp	r5, #159	@ 0x9f
87802d84:	b083      	sub	sp, #12
87802d86:	bf88      	it	hi
87802d88:	00eb      	lslhi	r3, r5, #3
87802d8a:	d80a      	bhi.n	87802da2 <system_irqhandler+0x26>
87802d8c:	4a0f      	ldr	r2, [pc, #60]	@ (87802dcc <system_irqhandler+0x50>)
87802d8e:	00eb      	lsls	r3, r5, #3
87802d90:	4628      	mov	r0, r5
87802d92:	9301      	str	r3, [sp, #4]
87802d94:	447a      	add	r2, pc
87802d96:	18d1      	adds	r1, r2, r3
87802d98:	f852 2035 	ldr.w	r2, [r2, r5, lsl #3]
87802d9c:	6849      	ldr	r1, [r1, #4]
87802d9e:	4790      	blx	r2
87802da0:	9b01      	ldr	r3, [sp, #4]
87802da2:	4c0b      	ldr	r4, [pc, #44]	@ (87802dd0 <system_irqhandler+0x54>)
87802da4:	4628      	mov	r0, r5
87802da6:	447c      	add	r4, pc
87802da8:	4423      	add	r3, r4
87802daa:	f8d4 2500 	ldr.w	r2, [r4, #1280]	@ 0x500
87802dae:	6859      	ldr	r1, [r3, #4]
87802db0:	f854 5035 	ldr.w	r5, [r4, r5, lsl #3]
87802db4:	3201      	adds	r2, #1
87802db6:	f8c4 2500 	str.w	r2, [r4, #1280]	@ 0x500
87802dba:	47a8      	blx	r5
87802dbc:	f8d4 3500 	ldr.w	r3, [r4, #1280]	@ 0x500
87802dc0:	3b01      	subs	r3, #1
87802dc2:	f8c4 3500 	str.w	r3, [r4, #1280]	@ 0x500
87802dc6:	b003      	add	sp, #12
87802dc8:	bd30      	pop	{r4, r5, pc}
87802dca:	bf00      	nop
87802dcc:	000078f4 	strdeq	r7, [r0], -r4
87802dd0:	000078e2 	andeq	r7, r0, r2, ror #17

87802dd4 <default_handler>:
87802dd4:	4770      	bx	lr
87802dd6:	bf00      	nop

87802dd8 <LCD_PixelClock_Init>:
87802dd8:	f44f 4c00 	mov.w	ip, #32768	@ 0x8000
87802ddc:	f2c0 2c0c 	movt	ip, #524	@ 0x20c
87802de0:	2300      	movs	r3, #0
87802de2:	ea40 1001 	orr.w	r0, r0, r1, lsl #4
87802de6:	ea40 2002 	orr.w	r0, r0, r2, lsl #8
87802dea:	3901      	subs	r1, #1
87802dec:	f8cc 30b0 	str.w	r3, [ip, #176]	@ 0xb0
87802df0:	f440 1081 	orr.w	r0, r0, #1056768	@ 0x102000
87802df4:	f8cc 30c0 	str.w	r3, [ip, #192]	@ 0xc0
87802df8:	3a01      	subs	r2, #1
87802dfa:	f8dc 30a0 	ldr.w	r3, [ip, #160]	@ 0xa0
87802dfe:	4318      	orrs	r0, r3
87802e00:	f8cc 00a0 	str.w	r0, [ip, #160]	@ 0xa0
87802e04:	f44f 4380 	mov.w	r3, #16384	@ 0x4000
87802e08:	f2c0 230c 	movt	r3, #524	@ 0x20c
87802e0c:	f8dc 0170 	ldr.w	r0, [ip, #368]	@ 0x170
87802e10:	f020 4040 	bic.w	r0, r0, #3221225472	@ 0xc0000000
87802e14:	f8cc 0170 	str.w	r0, [ip, #368]	@ 0x170
87802e18:	6b98      	ldr	r0, [r3, #56]	@ 0x38
87802e1a:	f420 3060 	bic.w	r0, r0, #229376	@ 0x38000
87802e1e:	6398      	str	r0, [r3, #56]	@ 0x38
87802e20:	6b98      	ldr	r0, [r3, #56]	@ 0x38
87802e22:	f440 3080 	orr.w	r0, r0, #65536	@ 0x10000
87802e26:	6398      	str	r0, [r3, #56]	@ 0x38
87802e28:	6b98      	ldr	r0, [r3, #56]	@ 0x38
87802e2a:	f420 40e0 	bic.w	r0, r0, #28672	@ 0x7000
87802e2e:	6398      	str	r0, [r3, #56]	@ 0x38
87802e30:	6b98      	ldr	r0, [r3, #56]	@ 0x38
87802e32:	ea40 3101 	orr.w	r1, r0, r1, lsl #12
87802e36:	6399      	str	r1, [r3, #56]	@ 0x38
87802e38:	6999      	ldr	r1, [r3, #24]
87802e3a:	f021 7160 	bic.w	r1, r1, #58720256	@ 0x3800000
87802e3e:	6199      	str	r1, [r3, #24]
87802e40:	6999      	ldr	r1, [r3, #24]
87802e42:	ea41 52c2 	orr.w	r2, r1, r2, lsl #23
87802e46:	619a      	str	r2, [r3, #24]
87802e48:	6b9a      	ldr	r2, [r3, #56]	@ 0x38
87802e4a:	f422 6260 	bic.w	r2, r2, #3584	@ 0xe00
87802e4e:	639a      	str	r2, [r3, #56]	@ 0x38
87802e50:	6b9a      	ldr	r2, [r3, #56]	@ 0x38
87802e52:	639a      	str	r2, [r3, #56]	@ 0x38
87802e54:	4770      	bx	lr
87802e56:	bf00      	nop

87802e58 <LCD_Read_PanelID>:
87802e58:	b570      	push	{r4, r5, r6, lr}
87802e5a:	2400      	movs	r4, #0
87802e5c:	f2c0 240e 	movt	r4, #526	@ 0x20e
87802e60:	b084      	sub	sp, #16
87802e62:	2605      	movs	r6, #5
87802e64:	2301      	movs	r3, #1
87802e66:	aa01      	add	r2, sp, #4
87802e68:	2103      	movs	r1, #3
87802e6a:	f44f 4080 	mov.w	r0, #16384	@ 0x4000
87802e6e:	f2c0 200a 	movt	r0, #522	@ 0x20a
87802e72:	9301      	str	r3, [sp, #4]
87802e74:	f88d 3008 	strb.w	r3, [sp, #8]
87802e78:	f241 03b0 	movw	r3, #4272	@ 0x10b0
87802e7c:	f8c4 6110 	str.w	r6, [r4, #272]	@ 0x110
87802e80:	f8c4 339c 	str.w	r3, [r4, #924]	@ 0x39c
87802e84:	f7ff fd92 	bl	878029ac <gpio_init>
87802e88:	2380      	movs	r3, #128	@ 0x80
87802e8a:	f8c4 6134 	str.w	r6, [r4, #308]	@ 0x134
87802e8e:	aa01      	add	r2, sp, #4
87802e90:	f8c4 6154 	str.w	r6, [r4, #340]	@ 0x154
87802e94:	210c      	movs	r1, #12
87802e96:	f8c4 6174 	str.w	r6, [r4, #372]	@ 0x174
87802e9a:	f44f 4080 	mov.w	r0, #16384	@ 0x4000
87802e9e:	f2c0 200a 	movt	r0, #522	@ 0x20a
87802ea2:	f8c4 33c0 	str.w	r3, [r4, #960]	@ 0x3c0
87802ea6:	f8c4 33e0 	str.w	r3, [r4, #992]	@ 0x3e0
87802eaa:	f8c4 3400 	str.w	r3, [r4, #1024]	@ 0x400
87802eae:	2400      	movs	r4, #0
87802eb0:	9401      	str	r4, [sp, #4]
87802eb2:	f7ff fd7b 	bl	878029ac <gpio_init>
87802eb6:	aa01      	add	r2, sp, #4
87802eb8:	2114      	movs	r1, #20
87802eba:	f44f 4080 	mov.w	r0, #16384	@ 0x4000
87802ebe:	f2c0 200a 	movt	r0, #522	@ 0x20a
87802ec2:	f7ff fd73 	bl	878029ac <gpio_init>
87802ec6:	aa01      	add	r2, sp, #4
87802ec8:	211c      	movs	r1, #28
87802eca:	f44f 4080 	mov.w	r0, #16384	@ 0x4000
87802ece:	f2c0 200a 	movt	r0, #522	@ 0x20a
87802ed2:	f7ff fd6b 	bl	878029ac <gpio_init>
87802ed6:	211c      	movs	r1, #28
87802ed8:	f44f 4080 	mov.w	r0, #16384	@ 0x4000
87802edc:	f2c0 200a 	movt	r0, #522	@ 0x20a
87802ee0:	f7ff fd02 	bl	878028e8 <gpio_pinread>
87802ee4:	2114      	movs	r1, #20
87802ee6:	b2c5      	uxtb	r5, r0
87802ee8:	f44f 4080 	mov.w	r0, #16384	@ 0x4000
87802eec:	f2c0 200a 	movt	r0, #522	@ 0x20a
87802ef0:	f7ff fcfa 	bl	878028e8 <gpio_pinread>
87802ef4:	4606      	mov	r6, r0
87802ef6:	211c      	movs	r1, #28
87802ef8:	f44f 4080 	mov.w	r0, #16384	@ 0x4000
87802efc:	f2c0 200a 	movt	r0, #522	@ 0x20a
87802f00:	f7ff fcf2 	bl	878028e8 <gpio_pinread>
87802f04:	0073      	lsls	r3, r6, #1
87802f06:	0082      	lsls	r2, r0, #2
87802f08:	f403 73ff 	and.w	r3, r3, #510	@ 0x1fe
87802f0c:	f402 727f 	and.w	r2, r2, #1020	@ 0x3fc
87802f10:	4313      	orrs	r3, r2
87802f12:	432b      	orrs	r3, r5
87802f14:	2b05      	cmp	r3, #5
87802f16:	bf88      	it	hi
87802f18:	4620      	movhi	r0, r4
87802f1a:	d803      	bhi.n	87802f24 <LCD_Read_PanelID+0xcc>
87802f1c:	4a02      	ldr	r2, [pc, #8]	@ (87802f28 <LCD_Read_PanelID+0xd0>)
87802f1e:	447a      	add	r2, pc
87802f20:	f832 0013 	ldrh.w	r0, [r2, r3, lsl #1]
87802f24:	b004      	add	sp, #16
87802f26:	bd70      	pop	{r4, r5, r6, pc}
87802f28:	000026c2 	andeq	r2, r0, r2, asr #13

87802f2c <LCD_GPIO_Init>:
87802f2c:	b510      	push	{r4, lr}
87802f2e:	2300      	movs	r3, #0
87802f30:	f2c0 230e 	movt	r3, #526	@ 0x20e
87802f34:	b086      	sub	sp, #24
87802f36:	2200      	movs	r2, #0
87802f38:	21b9      	movs	r1, #185	@ 0xb9
87802f3a:	2405      	movs	r4, #5
87802f3c:	f8c3 2118 	str.w	r2, [r3, #280]	@ 0x118
87802f40:	f44f 4040 	mov.w	r0, #49152	@ 0xc000
87802f44:	f2c0 2009 	movt	r0, #521	@ 0x209
87802f48:	f8c3 211c 	str.w	r2, [r3, #284]	@ 0x11c
87802f4c:	f8c3 2120 	str.w	r2, [r3, #288]	@ 0x120
87802f50:	f8c3 2124 	str.w	r2, [r3, #292]	@ 0x124
87802f54:	f8c3 2108 	str.w	r2, [r3, #264]	@ 0x108
87802f58:	f8c3 210c 	str.w	r2, [r3, #268]	@ 0x10c
87802f5c:	f8c3 25dc 	str.w	r2, [r3, #1500]	@ 0x5dc
87802f60:	f8c3 2110 	str.w	r2, [r3, #272]	@ 0x110
87802f64:	aa03      	add	r2, sp, #12
87802f66:	67dc      	str	r4, [r3, #124]	@ 0x7c
87802f68:	2401      	movs	r4, #1
87802f6a:	f8c3 13a4 	str.w	r1, [r3, #932]	@ 0x3a4
87802f6e:	f8c3 13a8 	str.w	r1, [r3, #936]	@ 0x3a8
87802f72:	f8c3 1390 	str.w	r1, [r3, #912]	@ 0x390
87802f76:	f8c3 1394 	str.w	r1, [r3, #916]	@ 0x394
87802f7a:	f8c3 1398 	str.w	r1, [r3, #920]	@ 0x398
87802f7e:	f8c3 139c 	str.w	r1, [r3, #924]	@ 0x39c
87802f82:	f8c3 1308 	str.w	r1, [r3, #776]	@ 0x308
87802f86:	2108      	movs	r1, #8
87802f88:	9001      	str	r0, [sp, #4]
87802f8a:	9403      	str	r4, [sp, #12]
87802f8c:	f88d 4010 	strb.w	r4, [sp, #16]
87802f90:	f7ff fd0c 	bl	878029ac <gpio_init>
87802f94:	9801      	ldr	r0, [sp, #4]
87802f96:	4622      	mov	r2, r4
87802f98:	2108      	movs	r1, #8
87802f9a:	f7ff fc99 	bl	878028d0 <gpio_pinwrite>
87802f9e:	b006      	add	sp, #24
87802fa0:	bd10      	pop	{r4, pc}
87802fa2:	bf00      	nop

87802fa4 <LCD_Init>:
87802fa4:	e92d 47f0 	stmdb	sp!, {r4, r5, r6, r7, r8, r9, sl, lr}
87802fa8:	f44f 4400 	mov.w	r4, #32768	@ 0x8000
87802fac:	f2c0 241c 	movt	r4, #540	@ 0x21c
87802fb0:	f7ff ff52 	bl	87802e58 <LCD_Read_PanelID>
87802fb4:	4601      	mov	r1, r0
87802fb6:	4605      	mov	r5, r0
87802fb8:	4857      	ldr	r0, [pc, #348]	@ (87803118 <LCD_Init+0x174>)
87802fba:	4478      	add	r0, pc
87802fbc:	f7fd faba 	bl	87800534 <printf>
87802fc0:	f7ff ffb4 	bl	87802f2c <LCD_GPIO_Init>
87802fc4:	6823      	ldr	r3, [r4, #0]
87802fc6:	2064      	movs	r0, #100	@ 0x64
87802fc8:	f043 4300 	orr.w	r3, r3, #2147483648	@ 0x80000000
87802fcc:	6023      	str	r3, [r4, #0]
87802fce:	f7ff fb91 	bl	878026f4 <Delay_ms>
87802fd2:	6823      	ldr	r3, [r4, #0]
87802fd4:	f244 3242 	movw	r2, #17218	@ 0x4342
87802fd8:	4295      	cmp	r5, r2
87802fda:	f023 4300 	bic.w	r3, r3, #2147483648	@ 0x80000000
87802fde:	6023      	str	r3, [r4, #0]
87802fe0:	d06b      	beq.n	878030ba <LCD_Init+0x116>
87802fe2:	4b4e      	ldr	r3, [pc, #312]	@ (8780311c <LCD_Init+0x178>)
87802fe4:	447b      	add	r3, pc
87802fe6:	f8b3 8002 	ldrh.w	r8, [r3, #2]
87802fea:	8999      	ldrh	r1, [r3, #12]
87802fec:	f8b3 e00e 	ldrh.w	lr, [r3, #14]
87802ff0:	8a1e      	ldrh	r6, [r3, #16]
87802ff2:	88df      	ldrh	r7, [r3, #6]
87802ff4:	891a      	ldrh	r2, [r3, #8]
87802ff6:	440e      	add	r6, r1
87802ff8:	f8b3 9000 	ldrh.w	r9, [r3]
87802ffc:	eb08 0e4e 	add.w	lr, r8, lr, lsl #1
87803000:	443a      	add	r2, r7
87803002:	895b      	ldrh	r3, [r3, #10]
87803004:	448e      	add	lr, r1
87803006:	eb02 4606 	add.w	r6, r2, r6, lsl #16
8780300a:	444a      	add	r2, r9
8780300c:	eb0e 4e81 	add.w	lr, lr, r1, lsl #18
87803010:	ea48 4909 	orr.w	r9, r8, r9, lsl #16
87803014:	eb02 0a03 	add.w	sl, r2, r3
87803018:	f448 2880 	orr.w	r8, r8, #262144	@ 0x40000
8780301c:	4d40      	ldr	r5, [pc, #256]	@ (87803120 <LCD_Init+0x17c>)
8780301e:	f44f 4200 	mov.w	r2, #32768	@ 0x8000
87803022:	f2c0 221c 	movt	r2, #540	@ 0x21c
87803026:	2100      	movs	r1, #0
87803028:	447d      	add	r5, pc
8780302a:	f04f 4309 	mov.w	r3, #2298478592	@ 0x89000000
8780302e:	2004      	movs	r0, #4
87803030:	f04f 14ff 	mov.w	r4, #16711935	@ 0xff00ff
87803034:	7128      	strb	r0, [r5, #4]
87803036:	f640 7021 	movw	r0, #3873	@ 0xf21
8780303a:	f2c0 000a 	movt	r0, #10
8780303e:	61e9      	str	r1, [r5, #28]
87803040:	616b      	str	r3, [r5, #20]
87803042:	61ac      	str	r4, [r5, #24]
87803044:	6011      	str	r1, [r2, #0]
87803046:	f8d2 c000 	ldr.w	ip, [r2]
8780304a:	ea4c 0000 	orr.w	r0, ip, r0
8780304e:	6010      	str	r0, [r2, #0]
87803050:	6111      	str	r1, [r2, #16]
87803052:	2014      	movs	r0, #20
87803054:	f8d2 c010 	ldr.w	ip, [r2, #16]
87803058:	f44c 2ce0 	orr.w	ip, ip, #458752	@ 0x70000
8780305c:	f8c2 c010 	str.w	ip, [r2, #16]
87803060:	6311      	str	r1, [r2, #48]	@ 0x30
87803062:	f8d2 c030 	ldr.w	ip, [r2, #48]	@ 0x30
87803066:	ea4c 0909 	orr.w	r9, ip, r9
8780306a:	f8c2 9030 	str.w	r9, [r2, #48]	@ 0x30
8780306e:	6711      	str	r1, [r2, #112]	@ 0x70
87803070:	6f11      	ldr	r1, [r2, #112]	@ 0x70
87803072:	4339      	orrs	r1, r7
87803074:	f041 5199 	orr.w	r1, r1, #320864256	@ 0x13200000
87803078:	6711      	str	r1, [r2, #112]	@ 0x70
8780307a:	f8c2 a080 	str.w	sl, [r2, #128]	@ 0x80
8780307e:	f8c2 e090 	str.w	lr, [r2, #144]	@ 0x90
87803082:	f8c2 60a0 	str.w	r6, [r2, #160]	@ 0xa0
87803086:	f8c2 80b0 	str.w	r8, [r2, #176]	@ 0xb0
8780308a:	6413      	str	r3, [r2, #64]	@ 0x40
8780308c:	6513      	str	r3, [r2, #80]	@ 0x50
8780308e:	6811      	ldr	r1, [r2, #0]
87803090:	f041 0101 	orr.w	r1, r1, #1
87803094:	6011      	str	r1, [r2, #0]
87803096:	f7ff fb2d 	bl	878026f4 <Delay_ms>
8780309a:	886a      	ldrh	r2, [r5, #2]
8780309c:	8829      	ldrh	r1, [r5, #0]
8780309e:	fb01 f202 	mul.w	r2, r1, r2
878030a2:	b142      	cbz	r2, 878030b6 <LCD_Init+0x112>
878030a4:	f1a2 52ee 	sub.w	r2, r2, #499122176	@ 0x1dc00000
878030a8:	f04f 4309 	mov.w	r3, #2298478592	@ 0x89000000
878030ac:	0092      	lsls	r2, r2, #2
878030ae:	f843 4b04 	str.w	r4, [r3], #4
878030b2:	429a      	cmp	r2, r3
878030b4:	d1fb      	bne.n	878030ae <LCD_Init+0x10a>
878030b6:	e8bd 87f0 	ldmia.w	sp!, {r4, r5, r6, r7, r8, r9, sl, pc}
878030ba:	4b1a      	ldr	r3, [pc, #104]	@ (87803124 <LCD_Init+0x180>)
878030bc:	2208      	movs	r2, #8
878030be:	4611      	mov	r1, r2
878030c0:	201b      	movs	r0, #27
878030c2:	447b      	add	r3, pc
878030c4:	f44f 7488 	mov.w	r4, #272	@ 0x110
878030c8:	f2c0 14e0 	movt	r4, #480	@ 0x1e0
878030cc:	f44f 78f0 	mov.w	r8, #480	@ 0x1e0
878030d0:	f2c0 0804 	movt	r8, #4
878030d4:	2609      	movs	r6, #9
878030d6:	f2c0 0629 	movt	r6, #41	@ 0x29
878030da:	601c      	str	r4, [r3, #0]
878030dc:	2401      	movs	r4, #1
878030de:	f2c0 0408 	movt	r4, #8
878030e2:	f8c3 4006 	str.w	r4, [r3, #6]
878030e6:	4614      	mov	r4, r2
878030e8:	f2c0 0401 	movt	r4, #1
878030ec:	f44f 79f0 	mov.w	r9, #480	@ 0x1e0
878030f0:	f2c0 1910 	movt	r9, #272	@ 0x110
878030f4:	f8c3 400a 	str.w	r4, [r3, #10]
878030f8:	2701      	movs	r7, #1
878030fa:	2405      	movs	r4, #5
878030fc:	f2c0 0428 	movt	r4, #40	@ 0x28
87803100:	f240 1a21 	movw	sl, #289	@ 0x121
87803104:	f8c3 400e 	str.w	r4, [r3, #14]
87803108:	f7ff fe66 	bl	87802dd8 <LCD_PixelClock_Init>
8780310c:	f240 1eeb 	movw	lr, #491	@ 0x1eb
87803110:	f2c0 0e04 	movt	lr, #4
87803114:	e782      	b.n	8780301c <LCD_Init+0x78>
87803116:	bf00      	nop
87803118:	0000250a 	andeq	r2, r0, sl, lsl #10
8780311c:	00007ba8 	andeq	r7, r0, r8, lsr #23
87803120:	00007b64 	andeq	r7, r0, r4, ror #22
87803124:	00007aca 	andeq	r7, r0, sl, asr #21

87803128 <LCD_Reset>:
87803128:	f44f 4300 	mov.w	r3, #32768	@ 0x8000
8780312c:	f2c0 231c 	movt	r3, #540	@ 0x21c
87803130:	681a      	ldr	r2, [r3, #0]
87803132:	f042 4200 	orr.w	r2, r2, #2147483648	@ 0x80000000
87803136:	601a      	str	r2, [r3, #0]
87803138:	4770      	bx	lr
8780313a:	bf00      	nop

8780313c <LCD_Reset_Stop>:
8780313c:	f44f 4300 	mov.w	r3, #32768	@ 0x8000
87803140:	f2c0 231c 	movt	r3, #540	@ 0x21c
87803144:	681a      	ldr	r2, [r3, #0]
87803146:	f022 4200 	bic.w	r2, r2, #2147483648	@ 0x80000000
8780314a:	601a      	str	r2, [r3, #0]
8780314c:	4770      	bx	lr
8780314e:	bf00      	nop

87803150 <LCD_Enable>:
87803150:	f44f 4300 	mov.w	r3, #32768	@ 0x8000
87803154:	f2c0 231c 	movt	r3, #540	@ 0x21c
87803158:	681a      	ldr	r2, [r3, #0]
8780315a:	f042 0201 	orr.w	r2, r2, #1
8780315e:	601a      	str	r2, [r3, #0]
87803160:	4770      	bx	lr
87803162:	bf00      	nop

87803164 <LCD_Clear>:
87803164:	4b08      	ldr	r3, [pc, #32]	@ (87803188 <LCD_Clear+0x24>)
87803166:	447b      	add	r3, pc
87803168:	885a      	ldrh	r2, [r3, #2]
8780316a:	881b      	ldrh	r3, [r3, #0]
8780316c:	fb03 f202 	mul.w	r2, r3, r2
87803170:	b142      	cbz	r2, 87803184 <LCD_Clear+0x20>
87803172:	f1a2 52ee 	sub.w	r2, r2, #499122176	@ 0x1dc00000
87803176:	f04f 4309 	mov.w	r3, #2298478592	@ 0x89000000
8780317a:	0092      	lsls	r2, r2, #2
8780317c:	f843 0b04 	str.w	r0, [r3], #4
87803180:	4293      	cmp	r3, r2
87803182:	d1fb      	bne.n	8780317c <LCD_Clear+0x18>
87803184:	4770      	bx	lr
87803186:	bf00      	nop
87803188:	00007a26 	andeq	r7, r0, r6, lsr #20

8780318c <LCD_DrawLine>:
8780318c:	e92d 4ff0 	stmdb	sp!, {r4, r5, r6, r7, r8, r9, sl, fp, lr}
87803190:	1a16      	subs	r6, r2, r0
87803192:	4d49      	ldr	r5, [pc, #292]	@ (878032b8 <LCD_DrawLine+0x12c>)
87803194:	b085      	sub	sp, #20
87803196:	1a5f      	subs	r7, r3, r1
87803198:	447d      	add	r5, pc
8780319a:	2e00      	cmp	r6, #0
8780319c:	dd4e      	ble.n	8780323c <LCD_DrawLine+0xb0>
8780319e:	2f00      	cmp	r7, #0
878031a0:	bfc8      	it	gt
878031a2:	f04f 0901 	movgt.w	r9, #1
878031a6:	dd3f      	ble.n	87803228 <LCD_DrawLine+0x9c>
878031a8:	42b7      	cmp	r7, r6
878031aa:	463c      	mov	r4, r7
878031ac:	f04f 0801 	mov.w	r8, #1
878031b0:	bfb8      	it	lt
878031b2:	4634      	movlt	r4, r6
878031b4:	eb04 0a08 	add.w	sl, r4, r8
878031b8:	4b40      	ldr	r3, [pc, #256]	@ (878032bc <LCD_DrawLine+0x130>)
878031ba:	58ed      	ldr	r5, [r5, r3]
878031bc:	2300      	movs	r3, #0
878031be:	469e      	mov	lr, r3
878031c0:	e9cd 6702 	strd	r6, r7, [sp, #8]
878031c4:	792a      	ldrb	r2, [r5, #4]
878031c6:	9200      	str	r2, [sp, #0]
878031c8:	886a      	ldrh	r2, [r5, #2]
878031ca:	9201      	str	r2, [sp, #4]
878031cc:	461a      	mov	r2, r3
878031ce:	9e02      	ldr	r6, [sp, #8]
878031d0:	fa1f fb81 	uxth.w	fp, r1
878031d4:	fa1f fc80 	uxth.w	ip, r0
878031d8:	f10e 0e01 	add.w	lr, lr, #1
878031dc:	4432      	add	r2, r6
878031de:	9e03      	ldr	r6, [sp, #12]
878031e0:	42a2      	cmp	r2, r4
878031e2:	fa1f fe8e 	uxth.w	lr, lr
878031e6:	4433      	add	r3, r6
878031e8:	9e01      	ldr	r6, [sp, #4]
878031ea:	fb06 cc0b 	mla	ip, r6, fp, ip
878031ee:	9e00      	ldr	r6, [sp, #0]
878031f0:	eba2 0b04 	sub.w	fp, r2, r4
878031f4:	bfc8      	it	gt
878031f6:	465a      	movgt	r2, fp
878031f8:	eb00 0b09 	add.w	fp, r0, r9
878031fc:	bfc8      	it	gt
878031fe:	4658      	movgt	r0, fp
87803200:	42a3      	cmp	r3, r4
87803202:	fb06 fc0c 	mul.w	ip, r6, ip
87803206:	e9d5 6705 	ldrd	r6, r7, [r5, #20]
8780320a:	f84c 7006 	str.w	r7, [ip, r6]
8780320e:	eba3 0c04 	sub.w	ip, r3, r4
87803212:	bfc8      	it	gt
87803214:	4663      	movgt	r3, ip
87803216:	eb01 0c08 	add.w	ip, r1, r8
8780321a:	bfc8      	it	gt
8780321c:	4661      	movgt	r1, ip
8780321e:	45f2      	cmp	sl, lr
87803220:	dad5      	bge.n	878031ce <LCD_DrawLine+0x42>
87803222:	b005      	add	sp, #20
87803224:	e8bd 8ff0 	ldmia.w	sp!, {r4, r5, r6, r7, r8, r9, sl, fp, pc}
87803228:	d123      	bne.n	87803272 <LCD_DrawLine+0xe6>
8780322a:	f106 0a01 	add.w	sl, r6, #1
8780322e:	4634      	mov	r4, r6
87803230:	f04f 0901 	mov.w	r9, #1
87803234:	f04f 0800 	mov.w	r8, #0
87803238:	4647      	mov	r7, r8
8780323a:	e7bd      	b.n	878031b8 <LCD_DrawLine+0x2c>
8780323c:	d109      	bne.n	87803252 <LCD_DrawLine+0xc6>
8780323e:	2f00      	cmp	r7, #0
87803240:	bfc8      	it	gt
87803242:	46b1      	movgt	r9, r6
87803244:	dcb0      	bgt.n	878031a8 <LCD_DrawLine+0x1c>
87803246:	d12d      	bne.n	878032a4 <LCD_DrawLine+0x118>
87803248:	4634      	mov	r4, r6
8780324a:	46b1      	mov	r9, r6
8780324c:	f04f 0a01 	mov.w	sl, #1
87803250:	e7f0      	b.n	87803234 <LCD_DrawLine+0xa8>
87803252:	2f00      	cmp	r7, #0
87803254:	eba0 0602 	sub.w	r6, r0, r2
87803258:	bfc8      	it	gt
8780325a:	f04f 39ff 	movgt.w	r9, #4294967295	@ 0xffffffff
8780325e:	dca3      	bgt.n	878031a8 <LCD_DrawLine+0x1c>
87803260:	d113      	bne.n	8780328a <LCD_DrawLine+0xfe>
87803262:	ea26 74e6 	bic.w	r4, r6, r6, asr #31
87803266:	46b8      	mov	r8, r7
87803268:	f104 0a01 	add.w	sl, r4, #1
8780326c:	f04f 39ff 	mov.w	r9, #4294967295	@ 0xffffffff
87803270:	e7a2      	b.n	878031b8 <LCD_DrawLine+0x2c>
87803272:	1acf      	subs	r7, r1, r3
87803274:	4634      	mov	r4, r6
87803276:	42be      	cmp	r6, r7
87803278:	f04f 0901 	mov.w	r9, #1
8780327c:	bfb8      	it	lt
8780327e:	463c      	movlt	r4, r7
87803280:	f04f 38ff 	mov.w	r8, #4294967295	@ 0xffffffff
87803284:	eb04 0a09 	add.w	sl, r4, r9
87803288:	e796      	b.n	878031b8 <LCD_DrawLine+0x2c>
8780328a:	1acf      	subs	r7, r1, r3
8780328c:	4634      	mov	r4, r6
8780328e:	42be      	cmp	r6, r7
87803290:	bfb8      	it	lt
87803292:	463c      	movlt	r4, r7
87803294:	1c63      	adds	r3, r4, #1
87803296:	dbc4      	blt.n	87803222 <LCD_DrawLine+0x96>
87803298:	f04f 38ff 	mov.w	r8, #4294967295	@ 0xffffffff
8780329c:	f104 0a01 	add.w	sl, r4, #1
878032a0:	46c1      	mov	r9, r8
878032a2:	e789      	b.n	878031b8 <LCD_DrawLine+0x2c>
878032a4:	1acf      	subs	r7, r1, r3
878032a6:	46b1      	mov	r9, r6
878032a8:	f04f 38ff 	mov.w	r8, #4294967295	@ 0xffffffff
878032ac:	ea27 74e7 	bic.w	r4, r7, r7, asr #31
878032b0:	f104 0a01 	add.w	sl, r4, #1
878032b4:	e780      	b.n	878031b8 <LCD_DrawLine+0x2c>
878032b6:	bf00      	nop
878032b8:	ffffce64 			@ <UNDEFINED> instruction: 0xffffce64
878032bc:	00000180 	andeq	r0, r0, r0, lsl #3

878032c0 <LCD_DrawRectangle>:
878032c0:	e92d 41f0 	stmdb	sp!, {r4, r5, r6, r7, r8, lr}
878032c4:	461c      	mov	r4, r3
878032c6:	4606      	mov	r6, r0
878032c8:	460d      	mov	r5, r1
878032ca:	460b      	mov	r3, r1
878032cc:	4617      	mov	r7, r2
878032ce:	f7ff ff5d 	bl	8780318c <LCD_DrawLine>
878032d2:	4623      	mov	r3, r4
878032d4:	4632      	mov	r2, r6
878032d6:	4629      	mov	r1, r5
878032d8:	4630      	mov	r0, r6
878032da:	f7ff ff57 	bl	8780318c <LCD_DrawLine>
878032de:	4623      	mov	r3, r4
878032e0:	463a      	mov	r2, r7
878032e2:	4621      	mov	r1, r4
878032e4:	4630      	mov	r0, r6
878032e6:	f7ff ff51 	bl	8780318c <LCD_DrawLine>
878032ea:	4623      	mov	r3, r4
878032ec:	463a      	mov	r2, r7
878032ee:	4629      	mov	r1, r5
878032f0:	4638      	mov	r0, r7
878032f2:	e8bd 41f0 	ldmia.w	sp!, {r4, r5, r6, r7, r8, lr}
878032f6:	f7ff bf49 	b.w	8780318c <LCD_DrawLine>
878032fa:	bf00      	nop

878032fc <LCD_Draw_Circle>:
878032fc:	e92d 4ff0 	stmdb	sp!, {r4, r5, r6, r7, r8, r9, sl, fp, lr}
87803300:	4b43      	ldr	r3, [pc, #268]	@ (87803410 <LCD_Draw_Circle+0x114>)
87803302:	b087      	sub	sp, #28
87803304:	447b      	add	r3, pc
87803306:	9100      	str	r1, [sp, #0]
87803308:	2a00      	cmp	r2, #0
8780330a:	d07e      	beq.n	8780340a <LCD_Draw_Circle+0x10e>
8780330c:	f1c2 0701 	rsb	r7, r2, #1
87803310:	4693      	mov	fp, r2
87803312:	4a40      	ldr	r2, [pc, #256]	@ (87803414 <LCD_Draw_Circle+0x118>)
87803314:	4681      	mov	r9, r0
87803316:	2000      	movs	r0, #0
87803318:	5899      	ldr	r1, [r3, r2]
8780331a:	9701      	str	r7, [sp, #4]
8780331c:	790d      	ldrb	r5, [r1, #4]
8780331e:	f8b1 8002 	ldrh.w	r8, [r1, #2]
87803322:	9b00      	ldr	r3, [sp, #0]
87803324:	eba0 0c0b 	sub.w	ip, r0, fp
87803328:	698e      	ldr	r6, [r1, #24]
8780332a:	eb09 0400 	add.w	r4, r9, r0
8780332e:	eb03 020b 	add.w	r2, r3, fp
87803332:	9602      	str	r6, [sp, #8]
87803334:	9e01      	ldr	r6, [sp, #4]
87803336:	4403      	add	r3, r0
87803338:	b292      	uxth	r2, r2
8780333a:	b29b      	uxth	r3, r3
8780333c:	eb06 0740 	add.w	r7, r6, r0, lsl #1
87803340:	9705      	str	r7, [sp, #20]
87803342:	eb06 074c 	add.w	r7, r6, ip, lsl #1
87803346:	9e00      	ldr	r6, [sp, #0]
87803348:	fb08 f202 	mul.w	r2, r8, r2
8780334c:	eba9 0c00 	sub.w	ip, r9, r0
87803350:	eba6 0e0b 	sub.w	lr, r6, fp
87803354:	9704      	str	r7, [sp, #16]
87803356:	694f      	ldr	r7, [r1, #20]
87803358:	fb08 f303 	mul.w	r3, r8, r3
8780335c:	fa12 fa84 	uxtah	sl, r2, r4
87803360:	fa1f fe8e 	uxth.w	lr, lr
87803364:	9e02      	ldr	r6, [sp, #8]
87803366:	fa12 f28c 	uxtah	r2, r2, ip
8780336a:	fb08 fe0e 	mul.w	lr, r8, lr
8780336e:	fb05 fa0a 	mul.w	sl, r5, sl
87803372:	fb05 f202 	mul.w	r2, r5, r2
87803376:	fa1e fc8c 	uxtah	ip, lr, ip
8780337a:	9203      	str	r2, [sp, #12]
8780337c:	fa1e f484 	uxtah	r4, lr, r4
87803380:	eba9 0e0b 	sub.w	lr, r9, fp
87803384:	f84a 6007 	str.w	r6, [sl, r7]
87803388:	eb09 060b 	add.w	r6, r9, fp
8780338c:	fb05 fa0c 	mul.w	sl, r5, ip
87803390:	9f02      	ldr	r7, [sp, #8]
87803392:	fa13 fc86 	uxtah	ip, r3, r6
87803396:	694a      	ldr	r2, [r1, #20]
87803398:	fa13 f38e 	uxtah	r3, r3, lr
8780339c:	fb05 f404 	mul.w	r4, r5, r4
878033a0:	fb05 fc0c 	mul.w	ip, r5, ip
878033a4:	fb05 f303 	mul.w	r3, r5, r3
878033a8:	f84c 7002 	str.w	r7, [ip, r2]
878033ac:	9f03      	ldr	r7, [sp, #12]
878033ae:	e9d1 2c05 	ldrd	r2, ip, [r1, #20]
878033b2:	f847 c002 	str.w	ip, [r7, r2]
878033b6:	9a00      	ldr	r2, [sp, #0]
878033b8:	1a12      	subs	r2, r2, r0
878033ba:	3001      	adds	r0, #1
878033bc:	b292      	uxth	r2, r2
878033be:	fb08 f202 	mul.w	r2, r8, r2
878033c2:	fa12 fe8e 	uxtah	lr, r2, lr
878033c6:	fa12 f686 	uxtah	r6, r2, r6
878033ca:	694a      	ldr	r2, [r1, #20]
878033cc:	fb05 fe0e 	mul.w	lr, r5, lr
878033d0:	f843 c002 	str.w	ip, [r3, r2]
878033d4:	fb05 f606 	mul.w	r6, r5, r6
878033d8:	e9d1 3205 	ldrd	r3, r2, [r1, #20]
878033dc:	f84a 2003 	str.w	r2, [sl, r3]
878033e0:	694b      	ldr	r3, [r1, #20]
878033e2:	f84e 2003 	str.w	r2, [lr, r3]
878033e6:	e9d1 3205 	ldrd	r3, r2, [r1, #20]
878033ea:	50e2      	str	r2, [r4, r3]
878033ec:	694b      	ldr	r3, [r1, #20]
878033ee:	50f2      	str	r2, [r6, r3]
878033f0:	9e01      	ldr	r6, [sp, #4]
878033f2:	2e00      	cmp	r6, #0
878033f4:	bfab      	itete	ge
878033f6:	f10b 3bff 	addge.w	fp, fp, #4294967295	@ 0xffffffff
878033fa:	9f05      	ldrlt	r7, [sp, #20]
878033fc:	9f04      	ldrge	r7, [sp, #16]
878033fe:	3703      	addlt	r7, #3
87803400:	bfa8      	it	ge
87803402:	3705      	addge	r7, #5
87803404:	4583      	cmp	fp, r0
87803406:	9701      	str	r7, [sp, #4]
87803408:	dc8b      	bgt.n	87803322 <LCD_Draw_Circle+0x26>
8780340a:	b007      	add	sp, #28
8780340c:	e8bd 8ff0 	ldmia.w	sp!, {r4, r5, r6, r7, r8, r9, sl, fp, pc}
87803410:	ffffccf8 			@ <UNDEFINED> instruction: 0xffffccf8
87803414:	00000180 	andeq	r0, r0, r0, lsl #3

87803418 <LCD_ShowChar>:
87803418:	e92d 4ff0 	stmdb	sp!, {r4, r5, r6, r7, r8, r9, sl, fp, lr}
8780341c:	461c      	mov	r4, r3
8780341e:	f013 0307 	ands.w	r3, r3, #7
87803422:	b089      	sub	sp, #36	@ 0x24
87803424:	bf18      	it	ne
87803426:	2301      	movne	r3, #1
87803428:	468b      	mov	fp, r1
8780342a:	eb03 03d4 	add.w	r3, r3, r4, lsr #3
8780342e:	9106      	str	r1, [sp, #24]
87803430:	0861      	lsrs	r1, r4, #1
87803432:	f89d 7048 	ldrb.w	r7, [sp, #72]	@ 0x48
87803436:	fb13 f301 	smulbb	r3, r3, r1
8780343a:	494b      	ldr	r1, [pc, #300]	@ (87803568 <LCD_ShowChar+0x150>)
8780343c:	f013 03ff 	ands.w	r3, r3, #255	@ 0xff
87803440:	4479      	add	r1, pc
87803442:	d042      	beq.n	878034ca <LCD_ShowChar+0xb2>
87803444:	4d49      	ldr	r5, [pc, #292]	@ (8780356c <LCD_ShowChar+0x154>)
87803446:	3a20      	subs	r2, #32
87803448:	4e49      	ldr	r6, [pc, #292]	@ (87803570 <LCD_ShowChar+0x158>)
8780344a:	b2d2      	uxtb	r2, r2
8780344c:	447e      	add	r6, pc
8780344e:	f851 e005 	ldr.w	lr, [r1, r5]
87803452:	210c      	movs	r1, #12
87803454:	2524      	movs	r5, #36	@ 0x24
87803456:	fb01 6a02 	mla	sl, r1, r2, r6
8780345a:	f606 2164 	addw	r1, r6, #2660	@ 0xa64
8780345e:	f206 4674 	addw	r6, r6, #1140	@ 0x474
87803462:	f89e 9004 	ldrb.w	r9, [lr, #4]
87803466:	eb06 1602 	add.w	r6, r6, r2, lsl #4
8780346a:	f8be 8000 	ldrh.w	r8, [lr]
8780346e:	4433      	add	r3, r6
87803470:	9307      	str	r3, [sp, #28]
87803472:	4b40      	ldr	r3, [pc, #256]	@ (87803574 <LCD_ShowChar+0x15c>)
87803474:	fb05 1502 	mla	r5, r5, r2, r1
87803478:	9501      	str	r5, [sp, #4]
8780347a:	447b      	add	r3, pc
8780347c:	eb03 13c2 	add.w	r3, r3, r2, lsl #7
87803480:	9302      	str	r3, [sp, #8]
87803482:	f8be 3002 	ldrh.w	r3, [lr, #2]
87803486:	f1a4 020c 	sub.w	r2, r4, #12
8780348a:	9205      	str	r2, [sp, #20]
8780348c:	9905      	ldr	r1, [sp, #20]
8780348e:	2914      	cmp	r1, #20
87803490:	d81b      	bhi.n	878034ca <LCD_ShowChar+0xb2>
87803492:	e8df f001 	tbb	[pc, r1]
87803496:	1a1a1a5a 	bne	87e89e06 <__bss_end+0x67f204>
8780349a:	1a1a1a57 	bne	87e89dfe <__bss_end+0x67f1fc>
8780349e:	1a1a1a1a 	bne	87e89d0e <__bss_end+0x67f10c>
878034a2:	1a1a1a53 	bne	87e89df6 <__bss_end+0x67f1f4>
878034a6:	1a1a1a1a 	bne	87e89d16 <__bss_end+0x67f114>
878034aa:	e9dd001d 	ldmib	sp, {r0, r2, r3, r4}^
878034ae:	a603      	add	r6, pc, #12	@ (adr r6, 878034bc <LCD_ShowChar+0xa4>)
878034b0:	9f00      	ldr	r7, [sp, #0]
878034b2:	9a01      	ldr	r2, [sp, #4]
878034b4:	3601      	adds	r6, #1
878034b6:	f10a 0a01 	add.w	sl, sl, #1
878034ba:	3201      	adds	r2, #1
878034bc:	9201      	str	r2, [sp, #4]
878034be:	9a02      	ldr	r2, [sp, #8]
878034c0:	3201      	adds	r2, #1
878034c2:	9202      	str	r2, [sp, #8]
878034c4:	9a07      	ldr	r2, [sp, #28]
878034c6:	4296      	cmp	r6, r2
878034c8:	d1e0      	bne.n	8780348c <LCD_ShowChar+0x74>
878034ca:	b009      	add	sp, #36	@ 0x24
878034cc:	e8bd 8ff0 	ldmia.w	sp!, {r4, r5, r6, r7, r8, r9, sl, fp, pc}
878034d0:	9a02      	ldr	r2, [sp, #8]
878034d2:	7812      	ldrb	r2, [r2, #0]
878034d4:	9200      	str	r2, [sp, #0]
878034d6:	f10b 0501 	add.w	r5, fp, #1
878034da:	9a06      	ldr	r2, [sp, #24]
878034dc:	f10b 0c08 	add.w	ip, fp, #8
878034e0:	f8cd a00c 	str.w	sl, [sp, #12]
878034e4:	b2a9      	uxth	r1, r5
878034e6:	9604      	str	r6, [sp, #16]
878034e8:	1a89      	subs	r1, r1, r2
878034ea:	fa1f fc8c 	uxth.w	ip, ip
878034ee:	9a00      	ldr	r2, [sp, #0]
878034f0:	9700      	str	r7, [sp, #0]
878034f2:	e018      	b.n	87803526 <LCD_ShowChar+0x10e>
878034f4:	9e00      	ldr	r6, [sp, #0]
878034f6:	fb03 0b0b 	mla	fp, r3, fp, r0
878034fa:	b93e      	cbnz	r6, 8780350c <LCD_ShowChar+0xf4>
878034fc:	fb09 fb0b 	mul.w	fp, r9, fp
87803500:	f8de 6014 	ldr.w	r6, [lr, #20]
87803504:	f8de 701c 	ldr.w	r7, [lr, #28]
87803508:	f84b 7006 	str.w	r7, [fp, r6]
8780350c:	fa1f fb85 	uxth.w	fp, r5
87803510:	0052      	lsls	r2, r2, #1
87803512:	45d8      	cmp	r8, fp
87803514:	d9d9      	bls.n	878034ca <LCD_ShowChar+0xb2>
87803516:	428c      	cmp	r4, r1
87803518:	d01b      	beq.n	87803552 <LCD_ShowChar+0x13a>
8780351a:	b2d2      	uxtb	r2, r2
8780351c:	3101      	adds	r1, #1
8780351e:	45dc      	cmp	ip, fp
87803520:	d0c4      	beq.n	878034ac <LCD_ShowChar+0x94>
87803522:	f10b 0501 	add.w	r5, fp, #1
87803526:	fb03 0a0b 	mla	sl, r3, fp, r0
8780352a:	0616      	lsls	r6, r2, #24
8780352c:	d5e2      	bpl.n	878034f4 <LCD_ShowChar+0xdc>
8780352e:	fb09 fa0a 	mul.w	sl, r9, sl
87803532:	e9de 6705 	ldrd	r6, r7, [lr, #20]
87803536:	f84a 7006 	str.w	r7, [sl, r6]
8780353a:	e7e7      	b.n	8780350c <LCD_ShowChar+0xf4>
8780353c:	9a01      	ldr	r2, [sp, #4]
8780353e:	7812      	ldrb	r2, [r2, #0]
87803540:	9200      	str	r2, [sp, #0]
87803542:	e7c8      	b.n	878034d6 <LCD_ShowChar+0xbe>
87803544:	7832      	ldrb	r2, [r6, #0]
87803546:	9200      	str	r2, [sp, #0]
87803548:	e7c5      	b.n	878034d6 <LCD_ShowChar+0xbe>
8780354a:	f89a 2000 	ldrb.w	r2, [sl]
8780354e:	9200      	str	r2, [sp, #0]
87803550:	e7c1      	b.n	878034d6 <LCD_ShowChar+0xbe>
87803552:	3001      	adds	r0, #1
87803554:	9f00      	ldr	r7, [sp, #0]
87803556:	e9dd a603 	ldrd	sl, r6, [sp, #12]
8780355a:	b280      	uxth	r0, r0
8780355c:	4298      	cmp	r0, r3
8780355e:	d2b4      	bcs.n	878034ca <LCD_ShowChar+0xb2>
87803560:	f8dd b018 	ldr.w	fp, [sp, #24]
87803564:	e7a5      	b.n	878034b2 <LCD_ShowChar+0x9a>
87803566:	bf00      	nop
87803568:	ffffcbbc 			@ <UNDEFINED> instruction: 0xffffcbbc
8780356c:	00000180 	andeq	r0, r0, r0, lsl #3
87803570:	000021a0 	andeq	r2, r0, r0, lsr #3
87803574:	00003932 	andeq	r3, r0, r2, lsr r9

87803578 <LCD_Pow>:
87803578:	b149      	cbz	r1, 8780358e <LCD_Pow+0x16>
8780357a:	3901      	subs	r1, #1
8780357c:	2301      	movs	r3, #1
8780357e:	3901      	subs	r1, #1
87803580:	fb00 f303 	mul.w	r3, r0, r3
87803584:	b2c9      	uxtb	r1, r1
87803586:	29ff      	cmp	r1, #255	@ 0xff
87803588:	d1f9      	bne.n	8780357e <LCD_Pow+0x6>
8780358a:	4618      	mov	r0, r3
8780358c:	4770      	bx	lr
8780358e:	2301      	movs	r3, #1
87803590:	4618      	mov	r0, r3
87803592:	4770      	bx	lr

87803594 <LCD_ShowNum>:
87803594:	e92d 4ff0 	stmdb	sp!, {r4, r5, r6, r7, r8, r9, sl, fp, lr}
87803598:	b085      	sub	sp, #20
8780359a:	f89d 9038 	ldrb.w	r9, [sp, #56]	@ 0x38
8780359e:	b3b3      	cbz	r3, 8780360e <LCD_ShowNum+0x7a>
878035a0:	2500      	movs	r5, #0
878035a2:	f64c 4acd 	movw	sl, #52429	@ 0xcccd
878035a6:	f6cc 4acc 	movt	sl, #52428	@ 0xcccc
878035aa:	461e      	mov	r6, r3
878035ac:	4680      	mov	r8, r0
878035ae:	ea4f 0b59 	mov.w	fp, r9, lsr #1
878035b2:	462f      	mov	r7, r5
878035b4:	240a      	movs	r4, #10
878035b6:	e9cd 1202 	strd	r1, r2, [sp, #8]
878035ba:	1b73      	subs	r3, r6, r5
878035bc:	b2db      	uxtb	r3, r3
878035be:	2b01      	cmp	r3, #1
878035c0:	d028      	beq.n	87803614 <LCD_ShowNum+0x80>
878035c2:	1eb3      	subs	r3, r6, #2
878035c4:	2101      	movs	r1, #1
878035c6:	1b5b      	subs	r3, r3, r5
878035c8:	3b01      	subs	r3, #1
878035ca:	fb04 f101 	mul.w	r1, r4, r1
878035ce:	b2db      	uxtb	r3, r3
878035d0:	2bff      	cmp	r3, #255	@ 0xff
878035d2:	d1f9      	bne.n	878035c8 <LCD_ShowNum+0x34>
878035d4:	9803      	ldr	r0, [sp, #12]
878035d6:	f001 fc37 	bl	87804e48 <__udivsi3>
878035da:	4601      	mov	r1, r0
878035dc:	fbaa 3201 	umull	r3, r2, sl, r1
878035e0:	fb15 830b 	smlabb	r3, r5, fp, r8
878035e4:	08d2      	lsrs	r2, r2, #3
878035e6:	b298      	uxth	r0, r3
878035e8:	fb04 1212 	mls	r2, r4, r2, r1
878035ec:	b927      	cbnz	r7, 878035f8 <LCD_ShowNum+0x64>
878035ee:	1e73      	subs	r3, r6, #1
878035f0:	42ab      	cmp	r3, r5
878035f2:	dd01      	ble.n	878035f8 <LCD_ShowNum+0x64>
878035f4:	b182      	cbz	r2, 87803618 <LCD_ShowNum+0x84>
878035f6:	2701      	movs	r7, #1
878035f8:	3230      	adds	r2, #48	@ 0x30
878035fa:	2300      	movs	r3, #0
878035fc:	9902      	ldr	r1, [sp, #8]
878035fe:	9300      	str	r3, [sp, #0]
87803600:	b2d2      	uxtb	r2, r2
87803602:	464b      	mov	r3, r9
87803604:	f7ff ff08 	bl	87803418 <LCD_ShowChar>
87803608:	3501      	adds	r5, #1
8780360a:	42ae      	cmp	r6, r5
8780360c:	d1d5      	bne.n	878035ba <LCD_ShowNum+0x26>
8780360e:	b005      	add	sp, #20
87803610:	e8bd 8ff0 	ldmia.w	sp!, {r4, r5, r6, r7, r8, r9, sl, fp, pc}
87803614:	9903      	ldr	r1, [sp, #12]
87803616:	e7e1      	b.n	878035dc <LCD_ShowNum+0x48>
87803618:	9902      	ldr	r1, [sp, #8]
8780361a:	464b      	mov	r3, r9
8780361c:	2220      	movs	r2, #32
8780361e:	9700      	str	r7, [sp, #0]
87803620:	f7ff fefa 	bl	87803418 <LCD_ShowChar>
87803624:	e7f0      	b.n	87803608 <LCD_ShowNum+0x74>
87803626:	bf00      	nop

87803628 <LCD_ShowXNum>:
87803628:	e92d 4ff0 	stmdb	sp!, {r4, r5, r6, r7, r8, r9, sl, fp, lr}
8780362c:	b087      	sub	sp, #28
8780362e:	f89d c040 	ldrb.w	ip, [sp, #64]	@ 0x40
87803632:	f89d 9044 	ldrb.w	r9, [sp, #68]	@ 0x44
87803636:	2b00      	cmp	r3, #0
87803638:	d03a      	beq.n	878036b0 <LCD_ShowXNum+0x88>
8780363a:	2500      	movs	r5, #0
8780363c:	f64c 4bcd 	movw	fp, #52429	@ 0xcccd
87803640:	f6cc 4bcc 	movt	fp, #52428	@ 0xcccc
87803644:	ea4f 0a5c 	mov.w	sl, ip, lsr #1
87803648:	240a      	movs	r4, #10
8780364a:	4680      	mov	r8, r0
8780364c:	462f      	mov	r7, r5
8780364e:	461e      	mov	r6, r3
87803650:	e9cd 1202 	strd	r1, r2, [sp, #8]
87803654:	fa4f f389 	sxtb.w	r3, r9
87803658:	e9cd c304 	strd	ip, r3, [sp, #16]
8780365c:	1b73      	subs	r3, r6, r5
8780365e:	b2db      	uxtb	r3, r3
87803660:	2b01      	cmp	r3, #1
87803662:	d033      	beq.n	878036cc <LCD_ShowXNum+0xa4>
87803664:	1eb3      	subs	r3, r6, #2
87803666:	2101      	movs	r1, #1
87803668:	1b5b      	subs	r3, r3, r5
8780366a:	3b01      	subs	r3, #1
8780366c:	fb04 f101 	mul.w	r1, r4, r1
87803670:	b2db      	uxtb	r3, r3
87803672:	2bff      	cmp	r3, #255	@ 0xff
87803674:	d1f9      	bne.n	8780366a <LCD_ShowXNum+0x42>
87803676:	9803      	ldr	r0, [sp, #12]
87803678:	f001 fbe6 	bl	87804e48 <__udivsi3>
8780367c:	fbab 3200 	umull	r3, r2, fp, r0
87803680:	f009 0301 	and.w	r3, r9, #1
87803684:	08d2      	lsrs	r2, r2, #3
87803686:	fb04 0212 	mls	r2, r4, r2, r0
8780368a:	fb15 800a 	smlabb	r0, r5, sl, r8
8780368e:	b280      	uxth	r0, r0
87803690:	b927      	cbnz	r7, 8780369c <LCD_ShowXNum+0x74>
87803692:	1e71      	subs	r1, r6, #1
87803694:	42a9      	cmp	r1, r5
87803696:	dd01      	ble.n	8780369c <LCD_ShowXNum+0x74>
87803698:	b16a      	cbz	r2, 878036b6 <LCD_ShowXNum+0x8e>
8780369a:	2701      	movs	r7, #1
8780369c:	3230      	adds	r2, #48	@ 0x30
8780369e:	9300      	str	r3, [sp, #0]
878036a0:	9902      	ldr	r1, [sp, #8]
878036a2:	9b04      	ldr	r3, [sp, #16]
878036a4:	b2d2      	uxtb	r2, r2
878036a6:	f7ff feb7 	bl	87803418 <LCD_ShowChar>
878036aa:	3501      	adds	r5, #1
878036ac:	42ae      	cmp	r6, r5
878036ae:	d1d5      	bne.n	8780365c <LCD_ShowXNum+0x34>
878036b0:	b007      	add	sp, #28
878036b2:	e8bd 8ff0 	ldmia.w	sp!, {r4, r5, r6, r7, r8, r9, sl, fp, pc}
878036b6:	9a05      	ldr	r2, [sp, #20]
878036b8:	9300      	str	r3, [sp, #0]
878036ba:	42ba      	cmp	r2, r7
878036bc:	9b04      	ldr	r3, [sp, #16]
878036be:	9902      	ldr	r1, [sp, #8]
878036c0:	bfb4      	ite	lt
878036c2:	2230      	movlt	r2, #48	@ 0x30
878036c4:	2220      	movge	r2, #32
878036c6:	f7ff fea7 	bl	87803418 <LCD_ShowChar>
878036ca:	e7ee      	b.n	878036aa <LCD_ShowXNum+0x82>
878036cc:	9803      	ldr	r0, [sp, #12]
878036ce:	e7d5      	b.n	8780367c <LCD_ShowXNum+0x54>

878036d0 <LCD_ShowString>:
878036d0:	e92d 4ff0 	stmdb	sp!, {r4, r5, r6, r7, r8, r9, sl, fp, lr}
878036d4:	4692      	mov	sl, r2
878036d6:	460d      	mov	r5, r1
878036d8:	b085      	sub	sp, #20
878036da:	f8dd 803c 	ldr.w	r8, [sp, #60]	@ 0x3c
878036de:	f89d 6038 	ldrb.w	r6, [sp, #56]	@ 0x38
878036e2:	f898 2000 	ldrb.w	r2, [r8]
878036e6:	f1a2 0120 	sub.w	r1, r2, #32
878036ea:	295e      	cmp	r1, #94	@ 0x5e
878036ec:	d825      	bhi.n	8780373a <LCD_ShowString+0x6a>
878036ee:	442b      	add	r3, r5
878036f0:	4482      	add	sl, r0
878036f2:	4604      	mov	r4, r0
878036f4:	fa5f fb80 	uxtb.w	fp, r0
878036f8:	fa1f f983 	uxth.w	r9, r3
878036fc:	fa1f fa8a 	uxth.w	sl, sl
87803700:	0873      	lsrs	r3, r6, #1
87803702:	9303      	str	r3, [sp, #12]
87803704:	e00b      	b.n	8780371e <LCD_ShowString+0x4e>
87803706:	9700      	str	r7, [sp, #0]
87803708:	f7ff fe86 	bl	87803418 <LCD_ShowChar>
8780370c:	9b03      	ldr	r3, [sp, #12]
8780370e:	f818 2f01 	ldrb.w	r2, [r8, #1]!
87803712:	441c      	add	r4, r3
87803714:	f1a2 0320 	sub.w	r3, r2, #32
87803718:	b2a4      	uxth	r4, r4
8780371a:	2b5e      	cmp	r3, #94	@ 0x5e
8780371c:	d80d      	bhi.n	8780373a <LCD_ShowString+0x6a>
8780371e:	1971      	adds	r1, r6, r5
87803720:	2700      	movs	r7, #0
87803722:	4633      	mov	r3, r6
87803724:	b289      	uxth	r1, r1
87803726:	45a2      	cmp	sl, r4
87803728:	bf98      	it	ls
8780372a:	460d      	movls	r5, r1
8780372c:	45a2      	cmp	sl, r4
8780372e:	bf98      	it	ls
87803730:	465c      	movls	r4, fp
87803732:	4629      	mov	r1, r5
87803734:	4620      	mov	r0, r4
87803736:	454d      	cmp	r5, r9
87803738:	d3e5      	bcc.n	87803706 <LCD_ShowString+0x36>
8780373a:	b005      	add	sp, #20
8780373c:	e8bd 8ff0 	ldmia.w	sp!, {r4, r5, r6, r7, r8, r9, sl, fp, pc}

87803740 <UART_IO_Init>:
87803740:	2300      	movs	r3, #0
87803742:	f2c0 230e 	movt	r3, #526	@ 0x20e
87803746:	2100      	movs	r1, #0
87803748:	f241 02b0 	movw	r2, #4272	@ 0x10b0
8780374c:	2003      	movs	r0, #3
8780374e:	f8c3 1084 	str.w	r1, [r3, #132]	@ 0x84
87803752:	f8c3 1088 	str.w	r1, [r3, #136]	@ 0x88
87803756:	f8c3 0624 	str.w	r0, [r3, #1572]	@ 0x624
8780375a:	f8c3 2310 	str.w	r2, [r3, #784]	@ 0x310
8780375e:	f8c3 2314 	str.w	r2, [r3, #788]	@ 0x314
87803762:	4770      	bx	lr

87803764 <UART_SetBaudrate>:
87803764:	e92d 4ff0 	stmdb	sp!, {r4, r5, r6, r7, r8, r9, sl, fp, lr}
87803768:	460d      	mov	r5, r1
8780376a:	4682      	mov	sl, r0
8780376c:	b085      	sub	sp, #20
8780376e:	4693      	mov	fp, r2
87803770:	010e      	lsls	r6, r1, #4
87803772:	f000 80ca 	beq.w	8780390a <UART_SetBaudrate+0x1a6>
87803776:	4634      	mov	r4, r6
87803778:	4610      	mov	r0, r2
8780377a:	4621      	mov	r1, r4
8780377c:	f001 fc92 	bl	878050a4 <__aeabi_uidivmod>
87803780:	4620      	mov	r0, r4
87803782:	460c      	mov	r4, r1
87803784:	2900      	cmp	r1, #0
87803786:	d1f8      	bne.n	8780377a <UART_SetBaudrate+0x16>
87803788:	4601      	mov	r1, r0
8780378a:	4607      	mov	r7, r0
8780378c:	4658      	mov	r0, fp
8780378e:	f001 fb5b 	bl	87804e48 <__udivsi3>
87803792:	4639      	mov	r1, r7
87803794:	4680      	mov	r8, r0
87803796:	4630      	mov	r0, r6
87803798:	f001 fb56 	bl	87804e48 <__udivsi3>
8780379c:	4606      	mov	r6, r0
8780379e:	f64f 73f9 	movw	r3, #65529	@ 0xfff9
878037a2:	f2c0 0306 	movt	r3, #6
878037a6:	465c      	mov	r4, fp
878037a8:	4598      	cmp	r8, r3
878037aa:	bf98      	it	ls
878037ac:	f5b6 3f80 	cmpls.w	r6, #65536	@ 0x10000
878037b0:	d37c      	bcc.n	878038ac <UART_SetBaudrate+0x148>
878037b2:	f108 32ff 	add.w	r2, r8, #4294967295	@ 0xffffffff
878037b6:	f646 53b9 	movw	r3, #28089	@ 0x6db9
878037ba:	f2c2 4393 	movt	r3, #9363	@ 0x2493
878037be:	4640      	mov	r0, r8
878037c0:	fba3 1302 	umull	r1, r3, r3, r2
878037c4:	1ad2      	subs	r2, r2, r3
878037c6:	eb03 0752 	add.w	r7, r3, r2, lsr #1
878037ca:	1e73      	subs	r3, r6, #1
878037cc:	f248 0201 	movw	r2, #32769	@ 0x8001
878037d0:	f2c8 0200 	movt	r2, #32768	@ 0x8000
878037d4:	0cbf      	lsrs	r7, r7, #18
878037d6:	3701      	adds	r7, #1
878037d8:	fba2 2303 	umull	r2, r3, r2, r3
878037dc:	0bdb      	lsrs	r3, r3, #15
878037de:	3301      	adds	r3, #1
878037e0:	429f      	cmp	r7, r3
878037e2:	bf38      	it	cc
878037e4:	461f      	movcc	r7, r3
878037e6:	4639      	mov	r1, r7
878037e8:	f001 fb2e 	bl	87804e48 <__udivsi3>
878037ec:	4639      	mov	r1, r7
878037ee:	4681      	mov	r9, r0
878037f0:	4630      	mov	r0, r6
878037f2:	f001 fb29 	bl	87804e48 <__udivsi3>
878037f6:	4547      	cmp	r7, r8
878037f8:	d954      	bls.n	878038a4 <UART_SetBaudrate+0x140>
878037fa:	42b7      	cmp	r7, r6
878037fc:	d976      	bls.n	878038ec <UART_SetBaudrate+0x188>
878037fe:	2301      	movs	r3, #1
87803800:	f04f 0910 	mov.w	r9, #16
87803804:	461e      	mov	r6, r3
87803806:	4698      	mov	r8, r3
87803808:	9301      	str	r3, [sp, #4]
8780380a:	9303      	str	r3, [sp, #12]
8780380c:	2305      	movs	r3, #5
8780380e:	9302      	str	r3, [sp, #8]
87803810:	464a      	mov	r2, r9
87803812:	2300      	movs	r3, #0
87803814:	4620      	mov	r0, r4
87803816:	4619      	mov	r1, r3
87803818:	4614      	mov	r4, r2
8780381a:	4617      	mov	r7, r2
8780381c:	f001 fc4e 	bl	878050bc <__aeabi_uldivmod>
87803820:	2a00      	cmp	r2, #0
87803822:	d1f6      	bne.n	87803812 <UART_SetBaudrate+0xae>
87803824:	4621      	mov	r1, r4
87803826:	4658      	mov	r0, fp
87803828:	f001 fb0e 	bl	87804e48 <__udivsi3>
8780382c:	4639      	mov	r1, r7
8780382e:	4604      	mov	r4, r0
87803830:	4648      	mov	r0, r9
87803832:	f001 fb09 	bl	87804e48 <__udivsi3>
87803836:	4602      	mov	r2, r0
87803838:	9b01      	ldr	r3, [sp, #4]
8780383a:	fba3 0104 	umull	r0, r1, r3, r4
8780383e:	2300      	movs	r3, #0
87803840:	f001 fc3c 	bl	878050bc <__aeabi_uldivmod>
87803844:	42a8      	cmp	r0, r5
87803846:	f171 0200 	sbcs.w	r2, r1, #0
8780384a:	d348      	bcc.n	878038de <UART_SetBaudrate+0x17a>
8780384c:	1b40      	subs	r0, r0, r5
8780384e:	f161 0100 	sbc.w	r1, r1, #0
87803852:	f248 531f 	movw	r3, #34079	@ 0x851f
87803856:	f2c5 13eb 	movt	r3, #20971	@ 0x51eb
8780385a:	fba3 3505 	umull	r3, r5, r3, r5
8780385e:	096d      	lsrs	r5, r5, #5
87803860:	eb05 0545 	add.w	r5, r5, r5, lsl #1
87803864:	42a8      	cmp	r0, r5
87803866:	f171 0100 	sbcs.w	r1, r1, #0
8780386a:	d218      	bcs.n	8780389e <UART_SetBaudrate+0x13a>
8780386c:	f8da 3090 	ldr.w	r3, [sl, #144]	@ 0x90
87803870:	3e01      	subs	r6, #1
87803872:	9a02      	ldr	r2, [sp, #8]
87803874:	4640      	mov	r0, r8
87803876:	f423 7360 	bic.w	r3, r3, #896	@ 0x380
8780387a:	f8ca 3090 	str.w	r3, [sl, #144]	@ 0x90
8780387e:	9903      	ldr	r1, [sp, #12]
87803880:	b2b6      	uxth	r6, r6
87803882:	f8da 3090 	ldr.w	r3, [sl, #144]	@ 0x90
87803886:	ea43 13c2 	orr.w	r3, r3, r2, lsl #7
8780388a:	f8ca 3090 	str.w	r3, [sl, #144]	@ 0x90
8780388e:	f8ca 60a4 	str.w	r6, [sl, #164]	@ 0xa4
87803892:	f001 fad9 	bl	87804e48 <__udivsi3>
87803896:	1e43      	subs	r3, r0, #1
87803898:	b29b      	uxth	r3, r3
8780389a:	f8ca 30a8 	str.w	r3, [sl, #168]	@ 0xa8
8780389e:	b005      	add	sp, #20
878038a0:	e8bd 8ff0 	ldmia.w	sp!, {r4, r5, r6, r7, r8, r9, sl, fp, pc}
878038a4:	42b7      	cmp	r7, r6
878038a6:	d92c      	bls.n	87803902 <UART_SetBaudrate+0x19e>
878038a8:	46c8      	mov	r8, r9
878038aa:	2601      	movs	r6, #1
878038ac:	9601      	str	r6, [sp, #4]
878038ae:	f108 33ff 	add.w	r3, r8, #4294967295	@ 0xffffffff
878038b2:	f248 0201 	movw	r2, #32769	@ 0x8001
878038b6:	f2c8 0200 	movt	r2, #32768	@ 0x8000
878038ba:	fba2 2303 	umull	r2, r3, r2, r3
878038be:	0bdb      	lsrs	r3, r3, #15
878038c0:	1e5a      	subs	r2, r3, #1
878038c2:	3301      	adds	r3, #1
878038c4:	2a05      	cmp	r2, #5
878038c6:	9303      	str	r3, [sp, #12]
878038c8:	d80d      	bhi.n	878038e6 <UART_SetBaudrate+0x182>
878038ca:	4b11      	ldr	r3, [pc, #68]	@ (87803910 <UART_SetBaudrate+0x1ac>)
878038cc:	447b      	add	r3, pc
878038ce:	f853 3022 	ldr.w	r3, [r3, r2, lsl #2]
878038d2:	9302      	str	r3, [sp, #8]
878038d4:	ea5f 1908 	movs.w	r9, r8, lsl #4
878038d8:	d19a      	bne.n	87803810 <UART_SetBaudrate+0xac>
878038da:	464a      	mov	r2, r9
878038dc:	e7ac      	b.n	87803838 <UART_SetBaudrate+0xd4>
878038de:	1a28      	subs	r0, r5, r0
878038e0:	eb61 0141 	sbc.w	r1, r1, r1, lsl #1
878038e4:	e7b5      	b.n	87803852 <UART_SetBaudrate+0xee>
878038e6:	2305      	movs	r3, #5
878038e8:	9302      	str	r3, [sp, #8]
878038ea:	e7f3      	b.n	878038d4 <UART_SetBaudrate+0x170>
878038ec:	f04f 0801 	mov.w	r8, #1
878038f0:	2305      	movs	r3, #5
878038f2:	4606      	mov	r6, r0
878038f4:	f04f 0910 	mov.w	r9, #16
878038f8:	9001      	str	r0, [sp, #4]
878038fa:	f8cd 800c 	str.w	r8, [sp, #12]
878038fe:	9302      	str	r3, [sp, #8]
87803900:	e786      	b.n	87803810 <UART_SetBaudrate+0xac>
87803902:	4606      	mov	r6, r0
87803904:	46c8      	mov	r8, r9
87803906:	9001      	str	r0, [sp, #4]
87803908:	e7d1      	b.n	878038ae <UART_SetBaudrate+0x14a>
8780390a:	4690      	mov	r8, r2
8780390c:	e747      	b.n	8780379e <UART_SetBaudrate+0x3a>
8780390e:	bf00      	nop
87803910:	00006460 	andeq	r6, r0, r0, ror #8

87803914 <UART_Init>:
87803914:	2300      	movs	r3, #0
87803916:	f2c0 230e 	movt	r3, #526	@ 0x20e
8780391a:	b510      	push	{r4, lr}
8780391c:	2400      	movs	r4, #0
8780391e:	f2c0 2402 	movt	r4, #514	@ 0x202
87803922:	2100      	movs	r1, #0
87803924:	f241 02b0 	movw	r2, #4272	@ 0x10b0
87803928:	f8c3 1084 	str.w	r1, [r3, #132]	@ 0x84
8780392c:	2003      	movs	r0, #3
8780392e:	f8c3 1088 	str.w	r1, [r3, #136]	@ 0x88
87803932:	f8c3 0624 	str.w	r0, [r3, #1572]	@ 0x624
87803936:	f8c3 2310 	str.w	r2, [r3, #784]	@ 0x310
8780393a:	f8c3 2314 	str.w	r2, [r3, #788]	@ 0x314
8780393e:	f8d4 3080 	ldr.w	r3, [r4, #128]	@ 0x80
87803942:	f023 0301 	bic.w	r3, r3, #1
87803946:	f8c4 3080 	str.w	r3, [r4, #128]	@ 0x80
8780394a:	f8d4 3084 	ldr.w	r3, [r4, #132]	@ 0x84
8780394e:	f043 0301 	orr.w	r3, r3, #1
87803952:	f8c4 3084 	str.w	r3, [r4, #132]	@ 0x84
87803956:	f8d4 3084 	ldr.w	r3, [r4, #132]	@ 0x84
8780395a:	07db      	lsls	r3, r3, #31
8780395c:	d5fb      	bpl.n	87803956 <UART_Init+0x42>
8780395e:	2300      	movs	r3, #0
87803960:	f8c4 3080 	str.w	r3, [r4, #128]	@ 0x80
87803964:	f44f 4234 	mov.w	r2, #46080	@ 0xb400
87803968:	f2c0 42c4 	movt	r2, #1220	@ 0x4c4
8780396c:	f8d4 3080 	ldr.w	r3, [r4, #128]	@ 0x80
87803970:	f44f 31e1 	mov.w	r1, #115200	@ 0x1c200
87803974:	2000      	movs	r0, #0
87803976:	f2c0 2002 	movt	r0, #514	@ 0x202
8780397a:	f423 4380 	bic.w	r3, r3, #16384	@ 0x4000
8780397e:	f8c4 3080 	str.w	r3, [r4, #128]	@ 0x80
87803982:	f7ff feef 	bl	87803764 <UART_SetBaudrate>
87803986:	f8d4 3080 	ldr.w	r3, [r4, #128]	@ 0x80
8780398a:	f043 0301 	orr.w	r3, r3, #1
8780398e:	f8c4 3080 	str.w	r3, [r4, #128]	@ 0x80
87803992:	bd10      	pop	{r4, pc}

87803994 <UART_Close>:
87803994:	f8d0 3080 	ldr.w	r3, [r0, #128]	@ 0x80
87803998:	f023 0301 	bic.w	r3, r3, #1
8780399c:	f8c0 3080 	str.w	r3, [r0, #128]	@ 0x80
878039a0:	4770      	bx	lr
878039a2:	bf00      	nop

878039a4 <UART_Open>:
878039a4:	f8d0 3080 	ldr.w	r3, [r0, #128]	@ 0x80
878039a8:	f043 0301 	orr.w	r3, r3, #1
878039ac:	f8c0 3080 	str.w	r3, [r0, #128]	@ 0x80
878039b0:	4770      	bx	lr
878039b2:	bf00      	nop

878039b4 <UART_SoftReset>:
878039b4:	f8d0 3084 	ldr.w	r3, [r0, #132]	@ 0x84
878039b8:	f043 0301 	orr.w	r3, r3, #1
878039bc:	f8c0 3084 	str.w	r3, [r0, #132]	@ 0x84
878039c0:	f8d0 3084 	ldr.w	r3, [r0, #132]	@ 0x84
878039c4:	07db      	lsls	r3, r3, #31
878039c6:	d5fb      	bpl.n	878039c0 <UART_SoftReset+0xc>
878039c8:	4770      	bx	lr
878039ca:	bf00      	nop

878039cc <UART_Read>:
878039cc:	f8d0 3098 	ldr.w	r3, [r0, #152]	@ 0x98
878039d0:	075b      	lsls	r3, r3, #29
878039d2:	d5fb      	bpl.n	878039cc <UART_Read>
878039d4:	6800      	ldr	r0, [r0, #0]
878039d6:	b2c0      	uxtb	r0, r0
878039d8:	4770      	bx	lr
878039da:	bf00      	nop

878039dc <UART_Write>:
878039dc:	f8d0 3098 	ldr.w	r3, [r0, #152]	@ 0x98
878039e0:	071b      	lsls	r3, r3, #28
878039e2:	d5fb      	bpl.n	878039dc <UART_Write>
878039e4:	6401      	str	r1, [r0, #64]	@ 0x40
878039e6:	4770      	bx	lr

878039e8 <UART_WriteString>:
878039e8:	780a      	ldrb	r2, [r1, #0]
878039ea:	b142      	cbz	r2, 878039fe <UART_WriteString+0x16>
878039ec:	f8d0 3098 	ldr.w	r3, [r0, #152]	@ 0x98
878039f0:	071b      	lsls	r3, r3, #28
878039f2:	d5fb      	bpl.n	878039ec <UART_WriteString+0x4>
878039f4:	6402      	str	r2, [r0, #64]	@ 0x40
878039f6:	f811 2f01 	ldrb.w	r2, [r1, #1]!
878039fa:	2a00      	cmp	r2, #0
878039fc:	d1f6      	bne.n	878039ec <UART_WriteString+0x4>
878039fe:	4770      	bx	lr

87803a00 <raise>:
87803a00:	4770      	bx	lr
87803a02:	bf00      	nop
87803a04:	0000      	movs	r0, r0
	...

87803a08 <RTC_Enable>:
87803a08:	f44f 4240 	mov.w	r2, #49152	@ 0xc000
87803a0c:	f2c0 220c 	movt	r2, #524	@ 0x20c
87803a10:	6b93      	ldr	r3, [r2, #56]	@ 0x38
87803a12:	f043 0301 	orr.w	r3, r3, #1
87803a16:	6393      	str	r3, [r2, #56]	@ 0x38
87803a18:	6b93      	ldr	r3, [r2, #56]	@ 0x38
87803a1a:	07db      	lsls	r3, r3, #31
87803a1c:	d5fc      	bpl.n	87803a18 <RTC_Enable+0x10>
87803a1e:	4770      	bx	lr

87803a20 <RTC_Disable>:
87803a20:	f44f 4240 	mov.w	r2, #49152	@ 0xc000
87803a24:	f2c0 220c 	movt	r2, #524	@ 0x20c
87803a28:	6b93      	ldr	r3, [r2, #56]	@ 0x38
87803a2a:	f023 0301 	bic.w	r3, r3, #1
87803a2e:	6393      	str	r3, [r2, #56]	@ 0x38
87803a30:	6b93      	ldr	r3, [r2, #56]	@ 0x38
87803a32:	07db      	lsls	r3, r3, #31
87803a34:	d4fc      	bmi.n	87803a30 <RTC_Disable+0x10>
87803a36:	4770      	bx	lr

87803a38 <ETC_isleapyear>:
87803a38:	0783      	lsls	r3, r0, #30
87803a3a:	d10e      	bne.n	87803a5a <ETC_isleapyear+0x22>
87803a3c:	f645 4329 	movw	r3, #23593	@ 0x5c29
87803a40:	f2cc 238f 	movt	r3, #49807	@ 0xc28f
87803a44:	f645 4228 	movw	r2, #23592	@ 0x5c28
87803a48:	f2c0 228f 	movt	r2, #655	@ 0x28f
87803a4c:	fb00 f303 	mul.w	r3, r0, r3
87803a50:	ebb2 0fb3 	cmp.w	r2, r3, ror #2
87803a54:	d201      	bcs.n	87803a5a <ETC_isleapyear+0x22>
87803a56:	2001      	movs	r0, #1
87803a58:	4770      	bx	lr
87803a5a:	f645 4229 	movw	r2, #23593	@ 0x5c29
87803a5e:	f2cc 228f 	movt	r2, #49807	@ 0xc28f
87803a62:	f24d 730a 	movw	r3, #55050	@ 0xd70a
87803a66:	f2c0 03a3 	movt	r3, #163	@ 0xa3
87803a6a:	fb02 f000 	mul.w	r0, r2, r0
87803a6e:	ebb3 1f30 	cmp.w	r3, r0, ror #4
87803a72:	bf2c      	ite	cs
87803a74:	2001      	movcs	r0, #1
87803a76:	2000      	movcc	r0, #0
87803a78:	4770      	bx	lr
87803a7a:	bf00      	nop

87803a7c <RTC_ConvertToSeconds>:
87803a7c:	e92d 41f0 	stmdb	sp!, {r4, r5, r6, r7, r8, lr}
87803a80:	4604      	mov	r4, r0
87803a82:	4e48      	ldr	r6, [pc, #288]	@ (87803ba4 <RTC_ConvertToSeconds+0x128>)
87803a84:	8805      	ldrh	r5, [r0, #0]
87803a86:	b088      	sub	sp, #32
87803a88:	447e      	add	r6, pc
87803a8a:	f10d 0e04 	add.w	lr, sp, #4
87803a8e:	f240 7cb2 	movw	ip, #1970	@ 0x7b2
87803a92:	4565      	cmp	r5, ip
87803a94:	ce0f      	ldmia	r6!, {r0, r1, r2, r3}
87803a96:	e8ae 000f 	stmia.w	lr!, {r0, r1, r2, r3}
87803a9a:	f04f 0300 	mov.w	r3, #0
87803a9e:	e896 0007 	ldmia.w	r6, {r0, r1, r2}
87803aa2:	e8ae 0003 	stmia.w	lr!, {r0, r1}
87803aa6:	f8ae 2000 	strh.w	r2, [lr]
87803aaa:	d979      	bls.n	87803ba0 <RTC_ConvertToSeconds+0x124>
87803aac:	f645 4129 	movw	r1, #23593	@ 0x5c29
87803ab0:	f2cc 218f 	movt	r1, #49807	@ 0xc28f
87803ab4:	f24d 760a 	movw	r6, #55050	@ 0xd70a
87803ab8:	f2c0 06a3 	movt	r6, #163	@ 0xa3
87803abc:	f645 4828 	movw	r8, #23592	@ 0x5c28
87803ac0:	f2c0 288f 	movt	r8, #655	@ 0x28f
87803ac4:	4662      	mov	r2, ip
87803ac6:	461f      	mov	r7, r3
87803ac8:	f240 1e6d 	movw	lr, #365	@ 0x16d
87803acc:	e00a      	b.n	87803ae4 <RTC_ConvertToSeconds+0x68>
87803ace:	ebb8 0fb0 	cmp.w	r8, r0, ror #2
87803ad2:	d20c      	bcs.n	87803aee <RTC_ConvertToSeconds+0x72>
87803ad4:	3201      	adds	r2, #1
87803ad6:	f513 73b7 	adds.w	r3, r3, #366	@ 0x16e
87803ada:	f147 0700 	adc.w	r7, r7, #0
87803ade:	b290      	uxth	r0, r2
87803ae0:	4285      	cmp	r5, r0
87803ae2:	d90f      	bls.n	87803b04 <RTC_ConvertToSeconds+0x88>
87803ae4:	fb01 f002 	mul.w	r0, r1, r2
87803ae8:	f012 0f03 	tst.w	r2, #3
87803aec:	d0ef      	beq.n	87803ace <RTC_ConvertToSeconds+0x52>
87803aee:	ebb6 1f30 	cmp.w	r6, r0, ror #4
87803af2:	d2ef      	bcs.n	87803ad4 <RTC_ConvertToSeconds+0x58>
87803af4:	3201      	adds	r2, #1
87803af6:	eb13 030e 	adds.w	r3, r3, lr
87803afa:	f147 0700 	adc.w	r7, r7, #0
87803afe:	b290      	uxth	r0, r2
87803b00:	4285      	cmp	r5, r0
87803b02:	d8ef      	bhi.n	87803ae4 <RTC_ConvertToSeconds+0x68>
87803b04:	78a2      	ldrb	r2, [r4, #2]
87803b06:	eb0d 0142 	add.w	r1, sp, r2, lsl #1
87803b0a:	888e      	ldrh	r6, [r1, #4]
87803b0c:	18f6      	adds	r6, r6, r3
87803b0e:	f147 0700 	adc.w	r7, r7, #0
87803b12:	07ab      	lsls	r3, r5, #30
87803b14:	d134      	bne.n	87803b80 <RTC_ConvertToSeconds+0x104>
87803b16:	f645 4329 	movw	r3, #23593	@ 0x5c29
87803b1a:	f2cc 238f 	movt	r3, #49807	@ 0xc28f
87803b1e:	f645 4128 	movw	r1, #23592	@ 0x5c28
87803b22:	f2c0 218f 	movt	r1, #655	@ 0x28f
87803b26:	fb05 f303 	mul.w	r3, r5, r3
87803b2a:	ebb1 0fb3 	cmp.w	r1, r3, ror #2
87803b2e:	d227      	bcs.n	87803b80 <RTC_ConvertToSeconds+0x104>
87803b30:	2a02      	cmp	r2, #2
87803b32:	d903      	bls.n	87803b3c <RTC_ConvertToSeconds+0xc0>
87803b34:	1c73      	adds	r3, r6, #1
87803b36:	461e      	mov	r6, r3
87803b38:	f147 0700 	adc.w	r7, r7, #0
87803b3c:	7963      	ldrb	r3, [r4, #5]
87803b3e:	f44f 6161 	mov.w	r1, #3600	@ 0xe10
87803b42:	f894 e004 	ldrb.w	lr, [r4, #4]
87803b46:	f44f 4ca3 	mov.w	ip, #20864	@ 0x5180
87803b4a:	f2c0 0c01 	movt	ip, #1
87803b4e:	79a0      	ldrb	r0, [r4, #6]
87803b50:	ebc3 1303 	rsb	r3, r3, r3, lsl #4
87803b54:	78e2      	ldrb	r2, [r4, #3]
87803b56:	17dd      	asrs	r5, r3, #31
87803b58:	009c      	lsls	r4, r3, #2
87803b5a:	3a01      	subs	r2, #1
87803b5c:	fbce 4581 	smlalbb	r4, r5, lr, r1
87803b60:	1820      	adds	r0, r4, r0
87803b62:	f145 0100 	adc.w	r1, r5, #0
87803b66:	1993      	adds	r3, r2, r6
87803b68:	eb47 77e2 	adc.w	r7, r7, r2, asr #31
87803b6c:	fba3 320c 	umull	r3, r2, r3, ip
87803b70:	18c0      	adds	r0, r0, r3
87803b72:	fb0c 2207 	mla	r2, ip, r7, r2
87803b76:	eb42 0101 	adc.w	r1, r2, r1
87803b7a:	b008      	add	sp, #32
87803b7c:	e8bd 81f0 	ldmia.w	sp!, {r4, r5, r6, r7, r8, pc}
87803b80:	f645 4329 	movw	r3, #23593	@ 0x5c29
87803b84:	f2cc 238f 	movt	r3, #49807	@ 0xc28f
87803b88:	f24d 710a 	movw	r1, #55050	@ 0xd70a
87803b8c:	f2c0 01a3 	movt	r1, #163	@ 0xa3
87803b90:	fb05 f303 	mul.w	r3, r5, r3
87803b94:	ebb1 1f33 	cmp.w	r1, r3, ror #4
87803b98:	d3d0      	bcc.n	87803b3c <RTC_ConvertToSeconds+0xc0>
87803b9a:	2a02      	cmp	r2, #2
87803b9c:	d9ce      	bls.n	87803b3c <RTC_ConvertToSeconds+0xc0>
87803b9e:	e7c9      	b.n	87803b34 <RTC_ConvertToSeconds+0xb8>
87803ba0:	461f      	mov	r7, r3
87803ba2:	e7af      	b.n	87803b04 <RTC_ConvertToSeconds+0x88>
87803ba4:	000062bc 			@ <UNDEFINED> instruction: 0x000062bc

87803ba8 <RTC_SetTime>:
87803ba8:	b538      	push	{r3, r4, r5, lr}
87803baa:	f44f 4440 	mov.w	r4, #49152	@ 0xc000
87803bae:	f2c0 240c 	movt	r4, #524	@ 0x20c
87803bb2:	f7ff ff63 	bl	87803a7c <RTC_ConvertToSeconds>
87803bb6:	0c43      	lsrs	r3, r0, #17
87803bb8:	ea43 33c1 	orr.w	r3, r3, r1, lsl #15
87803bbc:	03c0      	lsls	r0, r0, #15
87803bbe:	6ba5      	ldr	r5, [r4, #56]	@ 0x38
87803bc0:	6523      	str	r3, [r4, #80]	@ 0x50
87803bc2:	6560      	str	r0, [r4, #84]	@ 0x54
87803bc4:	6ba3      	ldr	r3, [r4, #56]	@ 0x38
87803bc6:	f023 0301 	bic.w	r3, r3, #1
87803bca:	63a3      	str	r3, [r4, #56]	@ 0x38
87803bcc:	6ba3      	ldr	r3, [r4, #56]	@ 0x38
87803bce:	07d9      	lsls	r1, r3, #31
87803bd0:	d4fc      	bmi.n	87803bcc <RTC_SetTime+0x24>
87803bd2:	07ea      	lsls	r2, r5, #31
87803bd4:	d50a      	bpl.n	87803bec <RTC_SetTime+0x44>
87803bd6:	6ba3      	ldr	r3, [r4, #56]	@ 0x38
87803bd8:	f44f 4240 	mov.w	r2, #49152	@ 0xc000
87803bdc:	f2c0 220c 	movt	r2, #524	@ 0x20c
87803be0:	f043 0301 	orr.w	r3, r3, #1
87803be4:	63a3      	str	r3, [r4, #56]	@ 0x38
87803be6:	6b93      	ldr	r3, [r2, #56]	@ 0x38
87803be8:	07db      	lsls	r3, r3, #31
87803bea:	d5fc      	bpl.n	87803be6 <RTC_SetTime+0x3e>
87803bec:	bd38      	pop	{r3, r4, r5, pc}
87803bee:	bf00      	nop

87803bf0 <RTC_Init>:
87803bf0:	b510      	push	{r4, lr}
87803bf2:	f44f 4440 	mov.w	r4, #49152	@ 0xc000
87803bf6:	f2c0 240c 	movt	r4, #524	@ 0x20c
87803bfa:	b082      	sub	sp, #8
87803bfc:	2100      	movs	r1, #0
87803bfe:	4668      	mov	r0, sp
87803c00:	f240 7cea 	movw	ip, #2026	@ 0x7ea
87803c04:	6863      	ldr	r3, [r4, #4]
87803c06:	f241 3205 	movw	r2, #4869	@ 0x1305
87803c0a:	f2c3 220a 	movt	r2, #12810	@ 0x320a
87803c0e:	f043 4300 	orr.w	r3, r3, #2147483648	@ 0x80000000
87803c12:	f443 7380 	orr.w	r3, r3, #256	@ 0x100
87803c16:	6063      	str	r3, [r4, #4]
87803c18:	f8ad c000 	strh.w	ip, [sp]
87803c1c:	f8cd 2002 	str.w	r2, [sp, #2]
87803c20:	f88d 1006 	strb.w	r1, [sp, #6]
87803c24:	f7ff ffc0 	bl	87803ba8 <RTC_SetTime>
87803c28:	6ba3      	ldr	r3, [r4, #56]	@ 0x38
87803c2a:	f043 0301 	orr.w	r3, r3, #1
87803c2e:	63a3      	str	r3, [r4, #56]	@ 0x38
87803c30:	6ba3      	ldr	r3, [r4, #56]	@ 0x38
87803c32:	07db      	lsls	r3, r3, #31
87803c34:	d5fc      	bpl.n	87803c30 <RTC_Init+0x40>
87803c36:	b002      	add	sp, #8
87803c38:	bd10      	pop	{r4, pc}
87803c3a:	bf00      	nop

87803c3c <RTC_GetSeconds>:
87803c3c:	f44f 4340 	mov.w	r3, #49152	@ 0xc000
87803c40:	f2c0 230c 	movt	r3, #524	@ 0x20c
87803c44:	2100      	movs	r1, #0
87803c46:	6d18      	ldr	r0, [r3, #80]	@ 0x50
87803c48:	6d5b      	ldr	r3, [r3, #84]	@ 0x54
87803c4a:	0bdb      	lsrs	r3, r3, #15
87803c4c:	ea43 4040 	orr.w	r0, r3, r0, lsl #17
87803c50:	4770      	bx	lr
87803c52:	bf00      	nop

87803c54 <RTC_GetTime>:
87803c54:	f44f 4140 	mov.w	r1, #49152	@ 0xc000
87803c58:	f2c0 210c 	movt	r1, #524	@ 0x20c
87803c5c:	e92d 4ff0 	stmdb	sp!, {r4, r5, r6, r7, r8, r9, sl, fp, lr}
87803c60:	4681      	mov	r9, r0
87803c62:	2600      	movs	r6, #0
87803c64:	6d08      	ldr	r0, [r1, #80]	@ 0x50
87803c66:	b083      	sub	sp, #12
87803c68:	6d4f      	ldr	r7, [r1, #84]	@ 0x54
87803c6a:	4631      	mov	r1, r6
87803c6c:	a370      	add	r3, pc, #448	@ (adr r3, 87803e30 <RTC_GetTime+0x1dc>)
87803c6e:	e9d3 2300 	ldrd	r2, r3, [r3]
87803c72:	f04f 35ee 	mov.w	r5, #4008636142	@ 0xeeeeeeee
87803c76:	0bff      	lsrs	r7, r7, #15
87803c78:	ea47 4740 	orr.w	r7, r7, r0, lsl #17
87803c7c:	4638      	mov	r0, r7
87803c7e:	f001 fa1d 	bl	878050bc <__aeabi_uldivmod>
87803c82:	19ba      	adds	r2, r7, r6
87803c84:	f648 0389 	movw	r3, #34953	@ 0x8889
87803c88:	f6c8 0388 	movt	r3, #34952	@ 0x8888
87803c8c:	f200 70b2 	addw	r0, r0, #1970	@ 0x7b2
87803c90:	f8a9 0000 	strh.w	r0, [r9]
87803c94:	fba3 1302 	umull	r1, r3, r3, r2
87803c98:	08db      	lsrs	r3, r3, #3
87803c9a:	ebc3 1303 	rsb	r3, r3, r3, lsl #4
87803c9e:	1ad3      	subs	r3, r2, r3
87803ca0:	f64e 62ef 	movw	r2, #61167	@ 0xeeef
87803ca4:	f6ce 62ee 	movt	r2, #61166	@ 0xeeee
87803ca8:	1afc      	subs	r4, r7, r3
87803caa:	eb60 0000 	sbc.w	r0, r0, r0
87803cae:	fb04 f505 	mul.w	r5, r4, r5
87803cb2:	fb02 5500 	mla	r5, r2, r0, r5
87803cb6:	4638      	mov	r0, r7
87803cb8:	fba4 4102 	umull	r4, r1, r4, r2
87803cbc:	440d      	add	r5, r1
87803cbe:	f004 0203 	and.w	r2, r4, #3
87803cc2:	210f      	movs	r1, #15
87803cc4:	08a4      	lsrs	r4, r4, #2
87803cc6:	ea44 7485 	orr.w	r4, r4, r5, lsl #30
87803cca:	08ad      	lsrs	r5, r5, #2
87803ccc:	fba2 2101 	umull	r2, r1, r2, r1
87803cd0:	4631      	mov	r1, r6
87803cd2:	18d3      	adds	r3, r2, r3
87803cd4:	f44f 420d 	mov.w	r2, #36096	@ 0x8d00
87803cd8:	f2c0 0227 	movt	r2, #39	@ 0x27
87803cdc:	9301      	str	r3, [sp, #4]
87803cde:	2300      	movs	r3, #0
87803ce0:	f001 f9ec 	bl	878050bc <__aeabi_uldivmod>
87803ce4:	1843      	adds	r3, r0, r1
87803ce6:	4688      	mov	r8, r1
87803ce8:	bf34      	ite	cc
87803cea:	4631      	movcc	r1, r6
87803cec:	2101      	movcs	r1, #1
87803cee:	f64a 2eab 	movw	lr, #43691	@ 0xaaab
87803cf2:	f6ca 2eaa 	movt	lr, #43690	@ 0xaaaa
87803cf6:	440b      	add	r3, r1
87803cf8:	4602      	mov	r2, r0
87803cfa:	f04f 3caa 	mov.w	ip, #2863311530	@ 0xaaaaaaaa
87803cfe:	4638      	mov	r0, r7
87803d00:	2100      	movs	r1, #0
87803d02:	fbae ab03 	umull	sl, fp, lr, r3
87803d06:	f02b 0a01 	bic.w	sl, fp, #1
87803d0a:	eb0a 0a5b 	add.w	sl, sl, fp, lsr #1
87803d0e:	eba3 030a 	sub.w	r3, r3, sl
87803d12:	f04f 3aee 	mov.w	sl, #4008636142	@ 0xeeeeeeee
87803d16:	1ad3      	subs	r3, r2, r3
87803d18:	f168 0800 	sbc.w	r8, r8, #0
87803d1c:	fb0c fc03 	mul.w	ip, ip, r3
87803d20:	fb0e cc08 	mla	ip, lr, r8, ip
87803d24:	f648 0889 	movw	r8, #34953	@ 0x8889
87803d28:	f6c8 0888 	movt	r8, #34952	@ 0x8888
87803d2c:	fba3 3e0e 	umull	r3, lr, r3, lr
87803d30:	44f4      	add	ip, lr
87803d32:	089b      	lsrs	r3, r3, #2
87803d34:	ea43 738c 	orr.w	r3, r3, ip, lsl #30
87803d38:	eb03 0343 	add.w	r3, r3, r3, lsl #1
87803d3c:	eba2 0283 	sub.w	r2, r2, r3, lsl #2
87803d40:	2300      	movs	r3, #0
87803d42:	3201      	adds	r2, #1
87803d44:	f362 0607 	bfi	r6, r2, #0, #8
87803d48:	f44f 42a3 	mov.w	r2, #20864	@ 0x5180
87803d4c:	f2c0 0201 	movt	r2, #1
87803d50:	f001 f9b4 	bl	878050bc <__aeabi_uldivmod>
87803d54:	4684      	mov	ip, r0
87803d56:	eb1c 0201 	adds.w	r2, ip, r1
87803d5a:	4638      	mov	r0, r7
87803d5c:	f142 0200 	adc.w	r2, r2, #0
87803d60:	f64e 67ef 	movw	r7, #61167	@ 0xeeef
87803d64:	f6ce 67ee 	movt	r7, #61166	@ 0xeeee
87803d68:	460b      	mov	r3, r1
87803d6a:	2100      	movs	r1, #0
87803d6c:	fba8 be02 	umull	fp, lr, r8, r2
87803d70:	ea4f 0ede 	mov.w	lr, lr, lsr #3
87803d74:	ebce 1e0e 	rsb	lr, lr, lr, lsl #4
87803d78:	eba2 020e 	sub.w	r2, r2, lr
87803d7c:	ebbc 0202 	subs.w	r2, ip, r2
87803d80:	f163 0e00 	sbc.w	lr, r3, #0
87803d84:	1963      	adds	r3, r4, r5
87803d86:	f143 0300 	adc.w	r3, r3, #0
87803d8a:	fba2 2b07 	umull	r2, fp, r2, r7
87803d8e:	0852      	lsrs	r2, r2, #1
87803d90:	fb07 bb0e 	mla	fp, r7, lr, fp
87803d94:	ea42 72cb 	orr.w	r2, r2, fp, lsl #31
87803d98:	ebc2 1202 	rsb	r2, r2, r2, lsl #4
87803d9c:	ebac 0c42 	sub.w	ip, ip, r2, lsl #1
87803da0:	f10c 0c01 	add.w	ip, ip, #1
87803da4:	f36c 260f 	bfi	r6, ip, #8, #8
87803da8:	fba8 c203 	umull	ip, r2, r8, r3
87803dac:	08d2      	lsrs	r2, r2, #3
87803dae:	ebc2 1202 	rsb	r2, r2, r2, lsl #4
87803db2:	1a9b      	subs	r3, r3, r2
87803db4:	1ae3      	subs	r3, r4, r3
87803db6:	f165 0500 	sbc.w	r5, r5, #0
87803dba:	fb0a f203 	mul.w	r2, sl, r3
87803dbe:	fb07 2205 	mla	r2, r7, r5, r2
87803dc2:	fba3 3507 	umull	r3, r5, r3, r7
87803dc6:	442a      	add	r2, r5
87803dc8:	089b      	lsrs	r3, r3, #2
87803dca:	ea43 7382 	orr.w	r3, r3, r2, lsl #30
87803dce:	f44f 6261 	mov.w	r2, #3600	@ 0xe10
87803dd2:	ebc3 1303 	rsb	r3, r3, r3, lsl #4
87803dd6:	eba4 0483 	sub.w	r4, r4, r3, lsl #2
87803dda:	2300      	movs	r3, #0
87803ddc:	f001 f96e 	bl	878050bc <__aeabi_uldivmod>
87803de0:	9b01      	ldr	r3, [sp, #4]
87803de2:	f889 3006 	strb.w	r3, [r9, #6]
87803de6:	1843      	adds	r3, r0, r1
87803de8:	f143 0300 	adc.w	r3, r3, #0
87803dec:	f364 4617 	bfi	r6, r4, #16, #8
87803df0:	fba8 2803 	umull	r2, r8, r8, r3
87803df4:	ea4f 08d8 	mov.w	r8, r8, lsr #3
87803df8:	ebc8 1808 	rsb	r8, r8, r8, lsl #4
87803dfc:	eba3 0308 	sub.w	r3, r3, r8
87803e00:	1ac3      	subs	r3, r0, r3
87803e02:	f161 0100 	sbc.w	r1, r1, #0
87803e06:	fb0a fa03 	mul.w	sl, sl, r3
87803e0a:	fb07 aa01 	mla	sl, r7, r1, sl
87803e0e:	fba3 3707 	umull	r3, r7, r3, r7
87803e12:	44ba      	add	sl, r7
87803e14:	089b      	lsrs	r3, r3, #2
87803e16:	ea43 738a 	orr.w	r3, r3, sl, lsl #30
87803e1a:	ebc3 1303 	rsb	r3, r3, r3, lsl #4
87803e1e:	eba0 0083 	sub.w	r0, r0, r3, lsl #2
87803e22:	f360 661f 	bfi	r6, r0, #24, #8
87803e26:	f8c9 6002 	str.w	r6, [r9, #2]
87803e2a:	b003      	add	sp, #12
87803e2c:	e8bd 8ff0 	ldmia.w	sp!, {r4, r5, r6, r7, r8, r9, sl, fp, pc}
87803e30:	01e13380 	mvneq	r3, r0, lsl #7
87803e34:	00000000 	andeq	r0, r0, r0

87803e38 <I2C_Init>:
87803e38:	8903      	ldrh	r3, [r0, #8]
87803e3a:	2215      	movs	r2, #21
87803e3c:	f023 0380 	bic.w	r3, r3, #128	@ 0x80
87803e40:	8103      	strh	r3, [r0, #8]
87803e42:	8082      	strh	r2, [r0, #4]
87803e44:	8903      	ldrh	r3, [r0, #8]
87803e46:	f043 0380 	orr.w	r3, r3, #128	@ 0x80
87803e4a:	8103      	strh	r3, [r0, #8]
87803e4c:	4770      	bx	lr
87803e4e:	bf00      	nop

87803e50 <I2C_Start>:
87803e50:	8983      	ldrh	r3, [r0, #12]
87803e52:	4684      	mov	ip, r0
87803e54:	f013 0020 	ands.w	r0, r3, #32
87803e58:	d10d      	bne.n	87803e76 <I2C_Start+0x26>
87803e5a:	f8bc 3008 	ldrh.w	r3, [ip, #8]
87803e5e:	0049      	lsls	r1, r1, #1
87803e60:	2a01      	cmp	r2, #1
87803e62:	bf08      	it	eq
87803e64:	f041 0101 	orreq.w	r1, r1, #1
87803e68:	f043 03a0 	orr.w	r3, r3, #160	@ 0xa0
87803e6c:	f8ac 3008 	strh.w	r3, [ip, #8]
87803e70:	f8ac 1010 	strh.w	r1, [ip, #16]
87803e74:	4770      	bx	lr
87803e76:	2001      	movs	r0, #1
87803e78:	4770      	bx	lr
87803e7a:	bf00      	nop

87803e7c <I2C_Master_Stop>:
87803e7c:	8902      	ldrh	r2, [r0, #8]
87803e7e:	f64f 73ff 	movw	r3, #65535	@ 0xffff
87803e82:	f022 0238 	bic.w	r2, r2, #56	@ 0x38
87803e86:	8102      	strh	r2, [r0, #8]
87803e88:	e001      	b.n	87803e8e <I2C_Master_Stop+0x12>
87803e8a:	b29b      	uxth	r3, r3
87803e8c:	b133      	cbz	r3, 87803e9c <I2C_Master_Stop+0x20>
87803e8e:	8982      	ldrh	r2, [r0, #12]
87803e90:	3b01      	subs	r3, #1
87803e92:	f012 0220 	ands.w	r2, r2, #32
87803e96:	d1f8      	bne.n	87803e8a <I2C_Master_Stop+0xe>
87803e98:	4610      	mov	r0, r2
87803e9a:	4770      	bx	lr
87803e9c:	2005      	movs	r0, #5
87803e9e:	4770      	bx	lr

87803ea0 <I2C_Master_Repeat_Start>:
87803ea0:	4603      	mov	r3, r0
87803ea2:	8980      	ldrh	r0, [r0, #12]
87803ea4:	0680      	lsls	r0, r0, #26
87803ea6:	d411      	bmi.n	87803ecc <I2C_Master_Repeat_Start+0x2c>
87803ea8:	8918      	ldrh	r0, [r3, #8]
87803eaa:	f010 0020 	ands.w	r0, r0, #32
87803eae:	d00e      	beq.n	87803ece <I2C_Master_Repeat_Start+0x2e>
87803eb0:	f8b3 c008 	ldrh.w	ip, [r3, #8]
87803eb4:	0049      	lsls	r1, r1, #1
87803eb6:	2a01      	cmp	r2, #1
87803eb8:	bf08      	it	eq
87803eba:	f041 0101 	orreq.w	r1, r1, #1
87803ebe:	2001      	movs	r0, #1
87803ec0:	f04c 0c14 	orr.w	ip, ip, #20
87803ec4:	f8a3 c008 	strh.w	ip, [r3, #8]
87803ec8:	8219      	strh	r1, [r3, #16]
87803eca:	4770      	bx	lr
87803ecc:	2000      	movs	r0, #0
87803ece:	4770      	bx	lr

87803ed0 <I2C_Check_And_Clear_Error>:
87803ed0:	4603      	mov	r3, r0
87803ed2:	06ca      	lsls	r2, r1, #27
87803ed4:	d405      	bmi.n	87803ee2 <I2C_Check_And_Clear_Error+0x12>
87803ed6:	f011 0f01 	tst.w	r1, #1
87803eda:	bf14      	ite	ne
87803edc:	2003      	movne	r0, #3
87803ede:	2000      	moveq	r0, #0
87803ee0:	4770      	bx	lr
87803ee2:	8982      	ldrh	r2, [r0, #12]
87803ee4:	2004      	movs	r0, #4
87803ee6:	f022 0210 	bic.w	r2, r2, #16
87803eea:	819a      	strh	r2, [r3, #12]
87803eec:	891a      	ldrh	r2, [r3, #8]
87803eee:	f022 0280 	bic.w	r2, r2, #128	@ 0x80
87803ef2:	811a      	strh	r2, [r3, #8]
87803ef4:	891a      	ldrh	r2, [r3, #8]
87803ef6:	f042 0280 	orr.w	r2, r2, #128	@ 0x80
87803efa:	811a      	strh	r2, [r3, #8]
87803efc:	4770      	bx	lr
87803efe:	bf00      	nop

87803f00 <I2C_Master_Write>:
87803f00:	8983      	ldrh	r3, [r0, #12]
87803f02:	061b      	lsls	r3, r3, #24
87803f04:	d5fc      	bpl.n	87803f00 <I2C_Master_Write>
87803f06:	8983      	ldrh	r3, [r0, #12]
87803f08:	f102 3cff 	add.w	ip, r2, #4294967295	@ 0xffffffff
87803f0c:	448c      	add	ip, r1
87803f0e:	1e4a      	subs	r2, r1, #1
87803f10:	f023 0301 	bic.w	r3, r3, #1
87803f14:	8183      	strh	r3, [r0, #12]
87803f16:	8983      	ldrh	r3, [r0, #12]
87803f18:	f043 0380 	orr.w	r3, r3, #128	@ 0x80
87803f1c:	8183      	strh	r3, [r0, #12]
87803f1e:	4562      	cmp	r2, ip
87803f20:	d00f      	beq.n	87803f42 <I2C_Master_Write+0x42>
87803f22:	f812 3f01 	ldrb.w	r3, [r2, #1]!
87803f26:	8203      	strh	r3, [r0, #16]
87803f28:	8983      	ldrh	r3, [r0, #12]
87803f2a:	0799      	lsls	r1, r3, #30
87803f2c:	d5fc      	bpl.n	87803f28 <I2C_Master_Write+0x28>
87803f2e:	8983      	ldrh	r3, [r0, #12]
87803f30:	f023 0302 	bic.w	r3, r3, #2
87803f34:	8183      	strh	r3, [r0, #12]
87803f36:	8983      	ldrh	r3, [r0, #12]
87803f38:	b299      	uxth	r1, r3
87803f3a:	06db      	lsls	r3, r3, #27
87803f3c:	d406      	bmi.n	87803f4c <I2C_Master_Write+0x4c>
87803f3e:	07cb      	lsls	r3, r1, #31
87803f40:	d5ed      	bpl.n	87803f1e <I2C_Master_Write+0x1e>
87803f42:	8983      	ldrh	r3, [r0, #12]
87803f44:	f023 0302 	bic.w	r3, r3, #2
87803f48:	8183      	strh	r3, [r0, #12]
87803f4a:	4770      	bx	lr
87803f4c:	8983      	ldrh	r3, [r0, #12]
87803f4e:	f023 0310 	bic.w	r3, r3, #16
87803f52:	8183      	strh	r3, [r0, #12]
87803f54:	8903      	ldrh	r3, [r0, #8]
87803f56:	f023 0380 	bic.w	r3, r3, #128	@ 0x80
87803f5a:	8103      	strh	r3, [r0, #8]
87803f5c:	8903      	ldrh	r3, [r0, #8]
87803f5e:	f043 0380 	orr.w	r3, r3, #128	@ 0x80
87803f62:	8103      	strh	r3, [r0, #8]
87803f64:	8983      	ldrh	r3, [r0, #12]
87803f66:	f023 0302 	bic.w	r3, r3, #2
87803f6a:	8183      	strh	r3, [r0, #12]
87803f6c:	4770      	bx	lr
87803f6e:	bf00      	nop

87803f70 <I2C_Master_Read>:
87803f70:	b500      	push	{lr}
87803f72:	2300      	movs	r3, #0
87803f74:	b083      	sub	sp, #12
87803f76:	f88d 3007 	strb.w	r3, [sp, #7]
87803f7a:	f89d 3007 	ldrb.w	r3, [sp, #7]
87803f7e:	3301      	adds	r3, #1
87803f80:	f88d 3007 	strb.w	r3, [sp, #7]
87803f84:	8983      	ldrh	r3, [r0, #12]
87803f86:	061b      	lsls	r3, r3, #24
87803f88:	d5fc      	bpl.n	87803f84 <I2C_Master_Read+0x14>
87803f8a:	8983      	ldrh	r3, [r0, #12]
87803f8c:	2a01      	cmp	r2, #1
87803f8e:	f023 0302 	bic.w	r3, r3, #2
87803f92:	8183      	strh	r3, [r0, #12]
87803f94:	8903      	ldrh	r3, [r0, #8]
87803f96:	f023 0310 	bic.w	r3, r3, #16
87803f9a:	8103      	strh	r3, [r0, #8]
87803f9c:	8903      	ldrh	r3, [r0, #8]
87803f9e:	f043 0308 	orr.w	r3, r3, #8
87803fa2:	8103      	strh	r3, [r0, #8]
87803fa4:	d02a      	beq.n	87803ffc <I2C_Master_Read+0x8c>
87803fa6:	b33a      	cbz	r2, 87803ff8 <I2C_Master_Read+0x88>
87803fa8:	f102 3eff 	add.w	lr, r2, #4294967295	@ 0xffffffff
87803fac:	4672      	mov	r2, lr
87803fae:	468c      	mov	ip, r1
87803fb0:	8983      	ldrh	r3, [r0, #12]
87803fb2:	079b      	lsls	r3, r3, #30
87803fb4:	d5fc      	bpl.n	87803fb0 <I2C_Master_Read+0x40>
87803fb6:	8983      	ldrh	r3, [r0, #12]
87803fb8:	f023 0302 	bic.w	r3, r3, #2
87803fbc:	8183      	strh	r3, [r0, #12]
87803fbe:	b15a      	cbz	r2, 87803fd8 <I2C_Master_Read+0x68>
87803fc0:	2a01      	cmp	r2, #1
87803fc2:	f102 32ff 	add.w	r2, r2, #4294967295	@ 0xffffffff
87803fc6:	bf02      	ittt	eq
87803fc8:	8903      	ldrheq	r3, [r0, #8]
87803fca:	f043 0308 	orreq.w	r3, r3, #8
87803fce:	8103      	strheq	r3, [r0, #8]
87803fd0:	8a03      	ldrh	r3, [r0, #16]
87803fd2:	f80c 3b01 	strb.w	r3, [ip], #1
87803fd6:	e7eb      	b.n	87803fb0 <I2C_Master_Read+0x40>
87803fd8:	8902      	ldrh	r2, [r0, #8]
87803fda:	4471      	add	r1, lr
87803fdc:	f64f 73ff 	movw	r3, #65535	@ 0xffff
87803fe0:	f022 0238 	bic.w	r2, r2, #56	@ 0x38
87803fe4:	8102      	strh	r2, [r0, #8]
87803fe6:	e001      	b.n	87803fec <I2C_Master_Read+0x7c>
87803fe8:	b29b      	uxth	r3, r3
87803fea:	b11b      	cbz	r3, 87803ff4 <I2C_Master_Read+0x84>
87803fec:	8982      	ldrh	r2, [r0, #12]
87803fee:	3b01      	subs	r3, #1
87803ff0:	0692      	lsls	r2, r2, #26
87803ff2:	d4f9      	bmi.n	87803fe8 <I2C_Master_Read+0x78>
87803ff4:	8a03      	ldrh	r3, [r0, #16]
87803ff6:	700b      	strb	r3, [r1, #0]
87803ff8:	b003      	add	sp, #12
87803ffa:	bd00      	pop	{pc}
87803ffc:	8903      	ldrh	r3, [r0, #8]
87803ffe:	f04f 0e00 	mov.w	lr, #0
87804002:	f043 0308 	orr.w	r3, r3, #8
87804006:	8103      	strh	r3, [r0, #8]
87804008:	8a03      	ldrh	r3, [r0, #16]
8780400a:	f88d 3007 	strb.w	r3, [sp, #7]
8780400e:	e7cd      	b.n	87803fac <I2C_Master_Read+0x3c>

87804010 <I2C_Master_Transfer>:
87804010:	b5f0      	push	{r4, r5, r6, r7, lr}
87804012:	4603      	mov	r3, r0
87804014:	8982      	ldrh	r2, [r0, #12]
87804016:	684d      	ldr	r5, [r1, #4]
87804018:	b083      	sub	sp, #12
8780401a:	f022 0212 	bic.w	r2, r2, #18
8780401e:	8182      	strh	r2, [r0, #12]
87804020:	899a      	ldrh	r2, [r3, #12]
87804022:	0616      	lsls	r6, r2, #24
87804024:	d5fc      	bpl.n	87804020 <I2C_Master_Transfer+0x10>
87804026:	f891 e00c 	ldrb.w	lr, [r1, #12]
8780402a:	f1be 0200 	subs.w	r2, lr, #0
8780402e:	bf18      	it	ne
87804030:	2201      	movne	r2, #1
87804032:	2d01      	cmp	r5, #1
87804034:	bf18      	it	ne
87804036:	2200      	movne	r2, #0
87804038:	2a00      	cmp	r2, #0
8780403a:	899a      	ldrh	r2, [r3, #12]
8780403c:	bf0c      	ite	eq
8780403e:	4628      	moveq	r0, r5
87804040:	2000      	movne	r0, #0
87804042:	0694      	lsls	r4, r2, #26
87804044:	bf48      	it	mi
87804046:	2001      	movmi	r0, #1
87804048:	d44a      	bmi.n	878040e0 <I2C_Master_Transfer+0xd0>
8780404a:	780a      	ldrb	r2, [r1, #0]
8780404c:	0054      	lsls	r4, r2, #1
8780404e:	0057      	lsls	r7, r2, #1
87804050:	891a      	ldrh	r2, [r3, #8]
87804052:	2801      	cmp	r0, #1
87804054:	bf08      	it	eq
87804056:	f044 0401 	orreq.w	r4, r4, #1
8780405a:	f042 02a0 	orr.w	r2, r2, #160	@ 0xa0
8780405e:	811a      	strh	r2, [r3, #8]
87804060:	821c      	strh	r4, [r3, #16]
87804062:	899a      	ldrh	r2, [r3, #12]
87804064:	0790      	lsls	r0, r2, #30
87804066:	d5fc      	bpl.n	87804062 <I2C_Master_Transfer+0x52>
87804068:	899a      	ldrh	r2, [r3, #12]
8780406a:	b290      	uxth	r0, r2
8780406c:	06d2      	lsls	r2, r2, #27
8780406e:	d47c      	bmi.n	8780416a <I2C_Master_Transfer+0x15a>
87804070:	07c6      	lsls	r6, r0, #31
87804072:	d469      	bmi.n	87804148 <I2C_Master_Transfer+0x138>
87804074:	f1be 0f00 	cmp.w	lr, #0
87804078:	d034      	beq.n	878040e4 <I2C_Master_Transfer+0xd4>
8780407a:	1dce      	adds	r6, r1, #7
8780407c:	f101 0c08 	add.w	ip, r1, #8
87804080:	eb0e 0006 	add.w	r0, lr, r6
87804084:	899a      	ldrh	r2, [r3, #12]
87804086:	f1be 0f02 	cmp.w	lr, #2
8780408a:	f022 0202 	bic.w	r2, r2, #2
8780408e:	819a      	strh	r2, [r3, #12]
87804090:	bf0c      	ite	eq
87804092:	f89c 2000 	ldrbeq.w	r2, [ip]
87804096:	7802      	ldrbne	r2, [r0, #0]
87804098:	821a      	strh	r2, [r3, #16]
8780409a:	899a      	ldrh	r2, [r3, #12]
8780409c:	0794      	lsls	r4, r2, #30
8780409e:	d5fc      	bpl.n	8780409a <I2C_Master_Transfer+0x8a>
878040a0:	899a      	ldrh	r2, [r3, #12]
878040a2:	b294      	uxth	r4, r2
878040a4:	06d2      	lsls	r2, r2, #27
878040a6:	d42d      	bmi.n	87804104 <I2C_Master_Transfer+0xf4>
878040a8:	07e4      	lsls	r4, r4, #31
878040aa:	d44b      	bmi.n	87804144 <I2C_Master_Transfer+0x134>
878040ac:	3801      	subs	r0, #1
878040ae:	f10c 0c01 	add.w	ip, ip, #1
878040b2:	4286      	cmp	r6, r0
878040b4:	d1e6      	bne.n	87804084 <I2C_Master_Transfer+0x74>
878040b6:	2d01      	cmp	r5, #1
878040b8:	d070      	beq.n	8780419c <I2C_Master_Transfer+0x18c>
878040ba:	b915      	cbnz	r5, 878040c2 <I2C_Master_Transfer+0xb2>
878040bc:	694a      	ldr	r2, [r1, #20]
878040be:	2a00      	cmp	r2, #0
878040c0:	d161      	bne.n	87804186 <I2C_Master_Transfer+0x176>
878040c2:	8919      	ldrh	r1, [r3, #8]
878040c4:	f64f 72ff 	movw	r2, #65535	@ 0xffff
878040c8:	f021 0138 	bic.w	r1, r1, #56	@ 0x38
878040cc:	8119      	strh	r1, [r3, #8]
878040ce:	e002      	b.n	878040d6 <I2C_Master_Transfer+0xc6>
878040d0:	b292      	uxth	r2, r2
878040d2:	2a00      	cmp	r2, #0
878040d4:	d060      	beq.n	87804198 <I2C_Master_Transfer+0x188>
878040d6:	8998      	ldrh	r0, [r3, #12]
878040d8:	3a01      	subs	r2, #1
878040da:	f010 0020 	ands.w	r0, r0, #32
878040de:	d1f7      	bne.n	878040d0 <I2C_Master_Transfer+0xc0>
878040e0:	b003      	add	sp, #12
878040e2:	bdf0      	pop	{r4, r5, r6, r7, pc}
878040e4:	2d00      	cmp	r5, #0
878040e6:	d0e9      	beq.n	878040bc <I2C_Master_Transfer+0xac>
878040e8:	2d01      	cmp	r5, #1
878040ea:	d1ea      	bne.n	878040c2 <I2C_Master_Transfer+0xb2>
878040ec:	694a      	ldr	r2, [r1, #20]
878040ee:	2a00      	cmp	r2, #0
878040f0:	d0e7      	beq.n	878040c2 <I2C_Master_Transfer+0xb2>
878040f2:	690c      	ldr	r4, [r1, #16]
878040f4:	4618      	mov	r0, r3
878040f6:	694a      	ldr	r2, [r1, #20]
878040f8:	4621      	mov	r1, r4
878040fa:	9301      	str	r3, [sp, #4]
878040fc:	f7ff ff38 	bl	87803f70 <I2C_Master_Read>
87804100:	9b01      	ldr	r3, [sp, #4]
87804102:	e7de      	b.n	878040c2 <I2C_Master_Transfer+0xb2>
87804104:	899a      	ldrh	r2, [r3, #12]
87804106:	2004      	movs	r0, #4
87804108:	f022 0210 	bic.w	r2, r2, #16
8780410c:	819a      	strh	r2, [r3, #12]
8780410e:	891a      	ldrh	r2, [r3, #8]
87804110:	f022 0280 	bic.w	r2, r2, #128	@ 0x80
87804114:	811a      	strh	r2, [r3, #8]
87804116:	891a      	ldrh	r2, [r3, #8]
87804118:	f042 0280 	orr.w	r2, r2, #128	@ 0x80
8780411c:	811a      	strh	r2, [r3, #8]
8780411e:	8919      	ldrh	r1, [r3, #8]
87804120:	f64f 72ff 	movw	r2, #65535	@ 0xffff
87804124:	3a01      	subs	r2, #1
87804126:	f021 0138 	bic.w	r1, r1, #56	@ 0x38
8780412a:	8119      	strh	r1, [r3, #8]
8780412c:	8999      	ldrh	r1, [r3, #12]
8780412e:	0689      	lsls	r1, r1, #26
87804130:	d5d6      	bpl.n	878040e0 <I2C_Master_Transfer+0xd0>
87804132:	b292      	uxth	r2, r2
87804134:	2a00      	cmp	r2, #0
87804136:	d0d3      	beq.n	878040e0 <I2C_Master_Transfer+0xd0>
87804138:	8999      	ldrh	r1, [r3, #12]
8780413a:	3a01      	subs	r2, #1
8780413c:	0689      	lsls	r1, r1, #26
8780413e:	d4f8      	bmi.n	87804132 <I2C_Master_Transfer+0x122>
87804140:	b003      	add	sp, #12
87804142:	bdf0      	pop	{r4, r5, r6, r7, pc}
87804144:	2003      	movs	r0, #3
87804146:	e7ea      	b.n	8780411e <I2C_Master_Transfer+0x10e>
87804148:	2003      	movs	r0, #3
8780414a:	8919      	ldrh	r1, [r3, #8]
8780414c:	f64f 72ff 	movw	r2, #65535	@ 0xffff
87804150:	f021 0138 	bic.w	r1, r1, #56	@ 0x38
87804154:	8119      	strh	r1, [r3, #8]
87804156:	e002      	b.n	8780415e <I2C_Master_Transfer+0x14e>
87804158:	b292      	uxth	r2, r2
8780415a:	2a00      	cmp	r2, #0
8780415c:	d0c0      	beq.n	878040e0 <I2C_Master_Transfer+0xd0>
8780415e:	8999      	ldrh	r1, [r3, #12]
87804160:	3a01      	subs	r2, #1
87804162:	068d      	lsls	r5, r1, #26
87804164:	d4f8      	bmi.n	87804158 <I2C_Master_Transfer+0x148>
87804166:	b003      	add	sp, #12
87804168:	bdf0      	pop	{r4, r5, r6, r7, pc}
8780416a:	899a      	ldrh	r2, [r3, #12]
8780416c:	2004      	movs	r0, #4
8780416e:	f022 0210 	bic.w	r2, r2, #16
87804172:	819a      	strh	r2, [r3, #12]
87804174:	891a      	ldrh	r2, [r3, #8]
87804176:	f022 0280 	bic.w	r2, r2, #128	@ 0x80
8780417a:	811a      	strh	r2, [r3, #8]
8780417c:	891a      	ldrh	r2, [r3, #8]
8780417e:	f042 0280 	orr.w	r2, r2, #128	@ 0x80
87804182:	811a      	strh	r2, [r3, #8]
87804184:	e7e1      	b.n	8780414a <I2C_Master_Transfer+0x13a>
87804186:	690c      	ldr	r4, [r1, #16]
87804188:	4618      	mov	r0, r3
8780418a:	694a      	ldr	r2, [r1, #20]
8780418c:	4621      	mov	r1, r4
8780418e:	9301      	str	r3, [sp, #4]
87804190:	f7ff feb6 	bl	87803f00 <I2C_Master_Write>
87804194:	9b01      	ldr	r3, [sp, #4]
87804196:	e794      	b.n	878040c2 <I2C_Master_Transfer+0xb2>
87804198:	4610      	mov	r0, r2
8780419a:	e7a1      	b.n	878040e0 <I2C_Master_Transfer+0xd0>
8780419c:	899a      	ldrh	r2, [r3, #12]
8780419e:	f022 0202 	bic.w	r2, r2, #2
878041a2:	819a      	strh	r2, [r3, #12]
878041a4:	899a      	ldrh	r2, [r3, #12]
878041a6:	0692      	lsls	r2, r2, #26
878041a8:	d409      	bmi.n	878041be <I2C_Master_Transfer+0x1ae>
878041aa:	891a      	ldrh	r2, [r3, #8]
878041ac:	0696      	lsls	r6, r2, #26
878041ae:	d506      	bpl.n	878041be <I2C_Master_Transfer+0x1ae>
878041b0:	8918      	ldrh	r0, [r3, #8]
878041b2:	f047 0201 	orr.w	r2, r7, #1
878041b6:	f040 0014 	orr.w	r0, r0, #20
878041ba:	8118      	strh	r0, [r3, #8]
878041bc:	821a      	strh	r2, [r3, #16]
878041be:	899a      	ldrh	r2, [r3, #12]
878041c0:	0795      	lsls	r5, r2, #30
878041c2:	d5fc      	bpl.n	878041be <I2C_Master_Transfer+0x1ae>
878041c4:	899a      	ldrh	r2, [r3, #12]
878041c6:	b290      	uxth	r0, r2
878041c8:	06d4      	lsls	r4, r2, #27
878041ca:	d412      	bmi.n	878041f2 <I2C_Master_Transfer+0x1e2>
878041cc:	07c0      	lsls	r0, r0, #31
878041ce:	d58d      	bpl.n	878040ec <I2C_Master_Transfer+0xdc>
878041d0:	2003      	movs	r0, #3
878041d2:	8919      	ldrh	r1, [r3, #8]
878041d4:	f64f 72ff 	movw	r2, #65535	@ 0xffff
878041d8:	f021 0138 	bic.w	r1, r1, #56	@ 0x38
878041dc:	8119      	strh	r1, [r3, #8]
878041de:	e003      	b.n	878041e8 <I2C_Master_Transfer+0x1d8>
878041e0:	b292      	uxth	r2, r2
878041e2:	2a00      	cmp	r2, #0
878041e4:	f43f af7c 	beq.w	878040e0 <I2C_Master_Transfer+0xd0>
878041e8:	8999      	ldrh	r1, [r3, #12]
878041ea:	3a01      	subs	r2, #1
878041ec:	0689      	lsls	r1, r1, #26
878041ee:	d4f7      	bmi.n	878041e0 <I2C_Master_Transfer+0x1d0>
878041f0:	e776      	b.n	878040e0 <I2C_Master_Transfer+0xd0>
878041f2:	899a      	ldrh	r2, [r3, #12]
878041f4:	2004      	movs	r0, #4
878041f6:	f022 0210 	bic.w	r2, r2, #16
878041fa:	819a      	strh	r2, [r3, #12]
878041fc:	891a      	ldrh	r2, [r3, #8]
878041fe:	f022 0280 	bic.w	r2, r2, #128	@ 0x80
87804202:	811a      	strh	r2, [r3, #8]
87804204:	891a      	ldrh	r2, [r3, #8]
87804206:	f042 0280 	orr.w	r2, r2, #128	@ 0x80
8780420a:	811a      	strh	r2, [r3, #8]
8780420c:	e7e1      	b.n	878041d2 <I2C_Master_Transfer+0x1c2>
8780420e:	bf00      	nop

87804210 <SPI_Init>:
87804210:	2200      	movs	r2, #0
87804212:	6082      	str	r2, [r0, #8]
87804214:	f44f 5100 	mov.w	r1, #8192	@ 0x2000
87804218:	6883      	ldr	r3, [r0, #8]
8780421a:	f443 03e0 	orr.w	r3, r3, #7340032	@ 0x700000
8780421e:	f043 0319 	orr.w	r3, r3, #25
87804222:	6083      	str	r3, [r0, #8]
87804224:	60c2      	str	r2, [r0, #12]
87804226:	61c1      	str	r1, [r0, #28]
87804228:	6883      	ldr	r3, [r0, #8]
8780422a:	f423 437f 	bic.w	r3, r3, #65280	@ 0xff00
8780422e:	6083      	str	r3, [r0, #8]
87804230:	6883      	ldr	r3, [r0, #8]
87804232:	f443 4310 	orr.w	r3, r3, #36864	@ 0x9000
87804236:	6083      	str	r3, [r0, #8]
87804238:	4770      	bx	lr
8780423a:	bf00      	nop

8780423c <SPI_ReadWriteByte>:
8780423c:	6883      	ldr	r3, [r0, #8]
8780423e:	f423 2340 	bic.w	r3, r3, #786432	@ 0xc0000
87804242:	6083      	str	r3, [r0, #8]
87804244:	6883      	ldr	r3, [r0, #8]
87804246:	6083      	str	r3, [r0, #8]
87804248:	6983      	ldr	r3, [r0, #24]
8780424a:	07da      	lsls	r2, r3, #31
8780424c:	d5fc      	bpl.n	87804248 <SPI_ReadWriteByte+0xc>
8780424e:	6041      	str	r1, [r0, #4]
87804250:	6983      	ldr	r3, [r0, #24]
87804252:	071b      	lsls	r3, r3, #28
87804254:	d5fc      	bpl.n	87804250 <SPI_ReadWriteByte+0x14>
87804256:	6800      	ldr	r0, [r0, #0]
87804258:	b2c0      	uxtb	r0, r0
8780425a:	4770      	bx	lr

8780425c <pwm1_irq_handler_t>:
8780425c:	f04f 7202 	mov.w	r2, #34078720	@ 0x2080000
87804260:	6853      	ldr	r3, [r2, #4]
87804262:	071b      	lsls	r3, r3, #28
87804264:	d517      	bpl.n	87804296 <pwm1_irq_handler_t+0x3a>
87804266:	6913      	ldr	r3, [r2, #16]
87804268:	2132      	movs	r1, #50	@ 0x32
8780426a:	eddf 6a0b 	vldr	s13, [pc, #44]	@ 87804298 <pwm1_irq_handler_t+0x3c>
8780426e:	3302      	adds	r3, #2
87804270:	b29b      	uxth	r3, r3
87804272:	fb01 f303 	mul.w	r3, r1, r3
87804276:	ee07 3a90 	vmov	s15, r3
8780427a:	eef8 7ae7 	vcvt.f32.s32	s15, s15
8780427e:	ee87 7aa6 	vdiv.f32	s14, s15, s13
87804282:	eefc 7ac7 	vcvt.u32.f32	s15, s14
87804286:	ee17 3a90 	vmov	r3, s15
8780428a:	b29b      	uxth	r3, r3
8780428c:	6013      	str	r3, [r2, #0]
8780428e:	6853      	ldr	r3, [r2, #4]
87804290:	f043 0308 	orr.w	r3, r3, #8
87804294:	6053      	str	r3, [r2, #4]
87804296:	4770      	bx	lr
87804298:	42c80000 	sbcmi	r0, r8, #0

8780429c <PWM_Init>:
8780429c:	b510      	push	{r4, lr}
8780429e:	f04f 7402 	mov.w	r4, #34078720	@ 0x2080000
878042a2:	2200      	movs	r2, #0
878042a4:	f240 30e6 	movw	r0, #998	@ 0x3e6
878042a8:	2132      	movs	r1, #50	@ 0x32
878042aa:	6022      	str	r2, [r4, #0]
878042ac:	eddf 6a1d 	vldr	s13, [pc, #116]	@ 87804324 <PWM_Init+0x88>
878042b0:	6823      	ldr	r3, [r4, #0]
878042b2:	f443 3380 	orr.w	r3, r3, #65536	@ 0x10000
878042b6:	6023      	str	r3, [r4, #0]
878042b8:	6823      	ldr	r3, [r4, #0]
878042ba:	f443 6382 	orr.w	r3, r3, #1040	@ 0x410
878042be:	6023      	str	r3, [r4, #0]
878042c0:	6823      	ldr	r3, [r4, #0]
878042c2:	f043 6380 	orr.w	r3, r3, #67108864	@ 0x4000000
878042c6:	6023      	str	r3, [r4, #0]
878042c8:	6120      	str	r0, [r4, #16]
878042ca:	6923      	ldr	r3, [r4, #16]
878042cc:	3302      	adds	r3, #2
878042ce:	b29b      	uxth	r3, r3
878042d0:	fb01 f303 	mul.w	r3, r1, r3
878042d4:	ee07 3a90 	vmov	s15, r3
878042d8:	eef8 7ae7 	vcvt.f32.s32	s15, s15
878042dc:	ee87 7aa6 	vdiv.f32	s14, s15, s13
878042e0:	eefc 7ac7 	vcvt.u32.f32	s15, s14
878042e4:	ee17 3a90 	vmov	r3, s15
878042e8:	b29b      	uxth	r3, r3
878042ea:	6023      	str	r3, [r4, #0]
878042ec:	68a3      	ldr	r3, [r4, #8]
878042ee:	f043 0301 	orr.w	r3, r3, #1
878042f2:	60a3      	str	r3, [r4, #8]
878042f4:	ee9f 3f10 	mrc	15, 4, r3, cr15, cr0, {0}
878042f8:	f36f 030f 	bfc	r3, #0, #16
878042fc:	490a      	ldr	r1, [pc, #40]	@ (87804328 <PWM_Init+0x8c>)
878042fe:	f503 5380 	add.w	r3, r3, #4096	@ 0x1000
87804302:	f44f 2000 	mov.w	r0, #524288	@ 0x80000
87804306:	4479      	add	r1, pc
87804308:	f8c3 010c 	str.w	r0, [r3, #268]	@ 0x10c
8780430c:	2073      	movs	r0, #115	@ 0x73
8780430e:	f7fe fceb 	bl	87802ce8 <system_register_irq_handler>
87804312:	f64f 73ff 	movw	r3, #65535	@ 0xffff
87804316:	6063      	str	r3, [r4, #4]
87804318:	6823      	ldr	r3, [r4, #0]
8780431a:	f043 0301 	orr.w	r3, r3, #1
8780431e:	6023      	str	r3, [r4, #0]
87804320:	bd10      	pop	{r4, pc}
87804322:	bf00      	nop
87804324:	42c80000 	sbcmi	r0, r8, #0
87804328:	ffffff53 			@ <UNDEFINED> instruction: 0xffffff53

8780432c <PWM1_SetPeriod>:
8780432c:	f04f 7302 	mov.w	r3, #34078720	@ 0x2080000
87804330:	2801      	cmp	r0, #1
87804332:	bf8c      	ite	hi
87804334:	3802      	subhi	r0, #2
87804336:	2002      	movls	r0, #2
87804338:	6118      	str	r0, [r3, #16]
8780433a:	4770      	bx	lr

8780433c <PWM1_SetDutyCycle>:
8780433c:	f04f 7202 	mov.w	r2, #34078720	@ 0x2080000
87804340:	eddf 6a09 	vldr	s13, [pc, #36]	@ 87804368 <PWM1_SetDutyCycle+0x2c>
87804344:	6913      	ldr	r3, [r2, #16]
87804346:	3302      	adds	r3, #2
87804348:	b29b      	uxth	r3, r3
8780434a:	fb00 f303 	mul.w	r3, r0, r3
8780434e:	ee07 3a90 	vmov	s15, r3
87804352:	eef8 7ae7 	vcvt.f32.s32	s15, s15
87804356:	ee87 7aa6 	vdiv.f32	s14, s15, s13
8780435a:	eefc 7ac7 	vcvt.u32.f32	s15, s14
8780435e:	ee17 3a90 	vmov	r3, s15
87804362:	b29b      	uxth	r3, r3
87804364:	6013      	str	r3, [r2, #0]
87804366:	4770      	bx	lr
87804368:	42c80000 	sbcmi	r0, r8, #0

8780436c <AP3216C_Init>:
8780436c:	e92d 43f0 	stmdb	sp!, {r4, r5, r6, r7, r8, r9, lr}
87804370:	2300      	movs	r3, #0
87804372:	f2c0 230e 	movt	r3, #526	@ 0x20e
87804376:	b089      	sub	sp, #36	@ 0x24
87804378:	2600      	movs	r6, #0
8780437a:	f2c0 261a 	movt	r6, #538	@ 0x21a
8780437e:	2401      	movs	r4, #1
87804380:	f247 02b0 	movw	r2, #28848	@ 0x70b0
87804384:	af02      	add	r7, sp, #8
87804386:	2112      	movs	r1, #18
87804388:	4630      	mov	r0, r6
8780438a:	f8c3 10b4 	str.w	r1, [r3, #180]	@ 0xb4
8780438e:	2500      	movs	r5, #0
87804390:	f8c3 45a4 	str.w	r4, [r3, #1444]	@ 0x5a4
87804394:	f04f 081e 	mov.w	r8, #30
87804398:	f8c3 22fc 	str.w	r2, [r3, #764]	@ 0x2fc
8780439c:	f10d 0907 	add.w	r9, sp, #7
878043a0:	f8c3 10b8 	str.w	r1, [r3, #184]	@ 0xb8
878043a4:	2102      	movs	r1, #2
878043a6:	f8c3 15a8 	str.w	r1, [r3, #1448]	@ 0x5a8
878043aa:	f8c3 22fc 	str.w	r2, [r3, #764]	@ 0x2fc
878043ae:	f7ff fd43 	bl	87803e38 <I2C_Init>
878043b2:	4639      	mov	r1, r7
878043b4:	4630      	mov	r0, r6
878043b6:	2304      	movs	r3, #4
878043b8:	f8cd 9018 	str.w	r9, [sp, #24]
878043bc:	f88d 3007 	strb.w	r3, [sp, #7]
878043c0:	9504      	str	r5, [sp, #16]
878043c2:	f88d 4014 	strb.w	r4, [sp, #20]
878043c6:	f88d 8008 	strb.w	r8, [sp, #8]
878043ca:	9503      	str	r5, [sp, #12]
878043cc:	9407      	str	r4, [sp, #28]
878043ce:	f7ff fe1f 	bl	87804010 <I2C_Master_Transfer>
878043d2:	2064      	movs	r0, #100	@ 0x64
878043d4:	f7fe f98e 	bl	878026f4 <Delay_ms>
878043d8:	4639      	mov	r1, r7
878043da:	4630      	mov	r0, r6
878043dc:	2303      	movs	r3, #3
878043de:	f8cd 9018 	str.w	r9, [sp, #24]
878043e2:	f88d 3007 	strb.w	r3, [sp, #7]
878043e6:	f88d 8008 	strb.w	r8, [sp, #8]
878043ea:	9504      	str	r5, [sp, #16]
878043ec:	f88d 4014 	strb.w	r4, [sp, #20]
878043f0:	9407      	str	r4, [sp, #28]
878043f2:	9503      	str	r5, [sp, #12]
878043f4:	f7ff fe0c 	bl	87804010 <I2C_Master_Transfer>
878043f8:	4639      	mov	r1, r7
878043fa:	4630      	mov	r0, r6
878043fc:	f8cd 9018 	str.w	r9, [sp, #24]
87804400:	f88d 8008 	strb.w	r8, [sp, #8]
87804404:	f88d 5007 	strb.w	r5, [sp, #7]
87804408:	9504      	str	r5, [sp, #16]
8780440a:	9407      	str	r4, [sp, #28]
8780440c:	9403      	str	r4, [sp, #12]
8780440e:	f88d 4014 	strb.w	r4, [sp, #20]
87804412:	f7ff fdfd 	bl	87804010 <I2C_Master_Transfer>
87804416:	4804      	ldr	r0, [pc, #16]	@ (87804428 <AP3216C_Init+0xbc>)
87804418:	f89d 1007 	ldrb.w	r1, [sp, #7]
8780441c:	4478      	add	r0, pc
8780441e:	b009      	add	sp, #36	@ 0x24
87804420:	e8bd 43f0 	ldmia.w	sp!, {r4, r5, r6, r7, r8, r9, lr}
87804424:	f7fc b886 	b.w	87800534 <printf>
87804428:	000010b8 	strheq	r1, [r0], -r8

8780442c <AP3216C_ReadByte>:
8780442c:	b500      	push	{lr}
8780442e:	460a      	mov	r2, r1
87804430:	2301      	movs	r3, #1
87804432:	b089      	sub	sp, #36	@ 0x24
87804434:	f04f 0c00 	mov.w	ip, #0
87804438:	a902      	add	r1, sp, #8
8780443a:	f88d 0008 	strb.w	r0, [sp, #8]
8780443e:	2000      	movs	r0, #0
87804440:	f2c0 201a 	movt	r0, #538	@ 0x21a
87804444:	9204      	str	r2, [sp, #16]
87804446:	f88d c007 	strb.w	ip, [sp, #7]
8780444a:	f10d 0207 	add.w	r2, sp, #7
8780444e:	9303      	str	r3, [sp, #12]
87804450:	9206      	str	r2, [sp, #24]
87804452:	f88d 3014 	strb.w	r3, [sp, #20]
87804456:	9307      	str	r3, [sp, #28]
87804458:	f7ff fdda 	bl	87804010 <I2C_Master_Transfer>
8780445c:	f89d 0007 	ldrb.w	r0, [sp, #7]
87804460:	b009      	add	sp, #36	@ 0x24
87804462:	bd00      	pop	{pc}

87804464 <AP3216C_WriteByte>:
87804464:	b500      	push	{lr}
87804466:	460b      	mov	r3, r1
87804468:	f04f 0c01 	mov.w	ip, #1
8780446c:	b089      	sub	sp, #36	@ 0x24
8780446e:	a902      	add	r1, sp, #8
87804470:	f88d 0008 	strb.w	r0, [sp, #8]
87804474:	2000      	movs	r0, #0
87804476:	f2c0 201a 	movt	r0, #538	@ 0x21a
8780447a:	9304      	str	r3, [sp, #16]
8780447c:	f88d 2007 	strb.w	r2, [sp, #7]
87804480:	f10d 0307 	add.w	r3, sp, #7
87804484:	f88d c014 	strb.w	ip, [sp, #20]
87804488:	9306      	str	r3, [sp, #24]
8780448a:	2300      	movs	r3, #0
8780448c:	f8cd c01c 	str.w	ip, [sp, #28]
87804490:	9303      	str	r3, [sp, #12]
87804492:	f7ff fdbd 	bl	87804010 <I2C_Master_Transfer>
87804496:	3800      	subs	r0, #0
87804498:	bf18      	it	ne
8780449a:	2001      	movne	r0, #1
8780449c:	b009      	add	sp, #36	@ 0x24
8780449e:	bd00      	pop	{pc}

878044a0 <AP3216C_ReadData>:
878044a0:	e92d 4ff0 	stmdb	sp!, {r4, r5, r6, r7, r8, r9, sl, fp, lr}
878044a4:	2400      	movs	r4, #0
878044a6:	f2c0 241a 	movt	r4, #538	@ 0x21a
878044aa:	b08d      	sub	sp, #52	@ 0x34
878044ac:	4683      	mov	fp, r0
878044ae:	f10d 050f 	add.w	r5, sp, #15
878044b2:	f04f 090a 	mov.w	r9, #10
878044b6:	46aa      	mov	sl, r5
878044b8:	2600      	movs	r6, #0
878044ba:	271e      	movs	r7, #30
878044bc:	e9cd 1200 	strd	r1, r2, [sp]
878044c0:	a906      	add	r1, sp, #24
878044c2:	4620      	mov	r0, r4
878044c4:	2301      	movs	r3, #1
878044c6:	950a      	str	r5, [sp, #40]	@ 0x28
878044c8:	f8cd 9020 	str.w	r9, [sp, #32]
878044cc:	f109 0901 	add.w	r9, r9, #1
878044d0:	930b      	str	r3, [sp, #44]	@ 0x2c
878044d2:	9307      	str	r3, [sp, #28]
878044d4:	f88d 3024 	strb.w	r3, [sp, #36]	@ 0x24
878044d8:	f88d 600f 	strb.w	r6, [sp, #15]
878044dc:	f88d 7018 	strb.w	r7, [sp, #24]
878044e0:	f7ff fd96 	bl	87804010 <I2C_Master_Transfer>
878044e4:	f89d 300f 	ldrb.w	r3, [sp, #15]
878044e8:	f1b9 0f10 	cmp.w	r9, #16
878044ec:	f80a 3f01 	strb.w	r3, [sl, #1]!
878044f0:	d1e6      	bne.n	878044c0 <AP3216C_ReadData+0x20>
878044f2:	f89d 3010 	ldrb.w	r3, [sp, #16]
878044f6:	2b80      	cmp	r3, #128	@ 0x80
878044f8:	bf04      	itt	eq
878044fa:	f8ab 6000 	strheq.w	r6, [fp]
878044fe:	2300      	moveq	r3, #0
87804500:	d011      	beq.n	87804526 <AP3216C_ReadData+0x86>
87804502:	f89d 2011 	ldrb.w	r2, [sp, #17]
87804506:	f003 0303 	and.w	r3, r3, #3
8780450a:	ea43 0382 	orr.w	r3, r3, r2, lsl #2
8780450e:	f89d 2015 	ldrb.w	r2, [sp, #21]
87804512:	f8ab 3000 	strh.w	r3, [fp]
87804516:	f89d 3014 	ldrb.w	r3, [sp, #20]
8780451a:	0112      	lsls	r2, r2, #4
8780451c:	f003 030f 	and.w	r3, r3, #15
87804520:	f402 727c 	and.w	r2, r2, #1008	@ 0x3f0
87804524:	4313      	orrs	r3, r2
87804526:	9900      	ldr	r1, [sp, #0]
87804528:	f8bd 2012 	ldrh.w	r2, [sp, #18]
8780452c:	800b      	strh	r3, [r1, #0]
8780452e:	9b01      	ldr	r3, [sp, #4]
87804530:	801a      	strh	r2, [r3, #0]
87804532:	b00d      	add	sp, #52	@ 0x34
87804534:	e8bd 8ff0 	ldmia.w	sp!, {r4, r5, r6, r7, r8, r9, sl, fp, pc}

87804538 <ICM20608_Init>:
87804538:	e92d 43f0 	stmdb	sp!, {r4, r5, r6, r7, r8, r9, lr}
8780453c:	2300      	movs	r3, #0
8780453e:	f2c0 230e 	movt	r3, #526	@ 0x20e
87804542:	b085      	sub	sp, #20
87804544:	2600      	movs	r6, #0
87804546:	4635      	mov	r5, r6
87804548:	f44f 4440 	mov.w	r4, #49152	@ 0xc000
8780454c:	f2c0 2409 	movt	r4, #521	@ 0x209
87804550:	f2c0 2501 	movt	r5, #513	@ 0x201
87804554:	f04f 0818 	mov.w	r8, #24
87804558:	f241 02b0 	movw	r2, #4272	@ 0x10b0
8780455c:	f8c3 8098 	str.w	r8, [r3, #152]	@ 0x98
87804560:	4620      	mov	r0, r4
87804562:	f8c3 6554 	str.w	r6, [r3, #1364]	@ 0x554
87804566:	2105      	movs	r1, #5
87804568:	f8c3 809c 	str.w	r8, [r3, #156]	@ 0x9c
8780456c:	2701      	movs	r7, #1
8780456e:	f8c3 655c 	str.w	r6, [r3, #1372]	@ 0x55c
87804572:	f8c3 80a0 	str.w	r8, [r3, #160]	@ 0xa0
87804576:	f8c3 6558 	str.w	r6, [r3, #1368]	@ 0x558
8780457a:	f8c3 2324 	str.w	r2, [r3, #804]	@ 0x324
8780457e:	f8c3 2328 	str.w	r2, [r3, #808]	@ 0x328
87804582:	f8c3 232c 	str.w	r2, [r3, #812]	@ 0x32c
87804586:	f8c3 1094 	str.w	r1, [r3, #148]	@ 0x94
8780458a:	2114      	movs	r1, #20
8780458c:	f8c3 2320 	str.w	r2, [r3, #800]	@ 0x320
87804590:	aa01      	add	r2, sp, #4
87804592:	f88d 6008 	strb.w	r6, [sp, #8]
87804596:	9701      	str	r7, [sp, #4]
87804598:	f7fe fa08 	bl	878029ac <gpio_init>
8780459c:	4628      	mov	r0, r5
8780459e:	f7ff fe37 	bl	87804210 <SPI_Init>
878045a2:	4632      	mov	r2, r6
878045a4:	4620      	mov	r0, r4
878045a6:	2114      	movs	r1, #20
878045a8:	f7fe f992 	bl	878028d0 <gpio_pinwrite>
878045ac:	21f5      	movs	r1, #245	@ 0xf5
878045ae:	4628      	mov	r0, r5
878045b0:	f7ff fe44 	bl	8780423c <SPI_ReadWriteByte>
878045b4:	21ff      	movs	r1, #255	@ 0xff
878045b6:	4628      	mov	r0, r5
878045b8:	f7ff fe40 	bl	8780423c <SPI_ReadWriteByte>
878045bc:	463a      	mov	r2, r7
878045be:	4681      	mov	r9, r0
878045c0:	2114      	movs	r1, #20
878045c2:	4620      	mov	r0, r4
878045c4:	f7fe f984 	bl	878028d0 <gpio_pinwrite>
878045c8:	4860      	ldr	r0, [pc, #384]	@ (8780474c <ICM20608_Init+0x214>)
878045ca:	4649      	mov	r1, r9
878045cc:	4478      	add	r0, pc
878045ce:	f7fb ffb1 	bl	87800534 <printf>
878045d2:	4632      	mov	r2, r6
878045d4:	4620      	mov	r0, r4
878045d6:	2114      	movs	r1, #20
878045d8:	f7fe f97a 	bl	878028d0 <gpio_pinwrite>
878045dc:	216b      	movs	r1, #107	@ 0x6b
878045de:	4628      	mov	r0, r5
878045e0:	f7ff fe2c 	bl	8780423c <SPI_ReadWriteByte>
878045e4:	4631      	mov	r1, r6
878045e6:	4628      	mov	r0, r5
878045e8:	f7ff fe28 	bl	8780423c <SPI_ReadWriteByte>
878045ec:	463a      	mov	r2, r7
878045ee:	2114      	movs	r1, #20
878045f0:	4620      	mov	r0, r4
878045f2:	f7fe f96d 	bl	878028d0 <gpio_pinwrite>
878045f6:	2032      	movs	r0, #50	@ 0x32
878045f8:	f7fe f87c 	bl	878026f4 <Delay_ms>
878045fc:	4632      	mov	r2, r6
878045fe:	4620      	mov	r0, r4
87804600:	2114      	movs	r1, #20
87804602:	f7fe f965 	bl	878028d0 <gpio_pinwrite>
87804606:	216b      	movs	r1, #107	@ 0x6b
87804608:	4628      	mov	r0, r5
8780460a:	f7ff fe17 	bl	8780423c <SPI_ReadWriteByte>
8780460e:	4639      	mov	r1, r7
87804610:	4628      	mov	r0, r5
87804612:	f7ff fe13 	bl	8780423c <SPI_ReadWriteByte>
87804616:	463a      	mov	r2, r7
87804618:	2114      	movs	r1, #20
8780461a:	4620      	mov	r0, r4
8780461c:	f7fe f958 	bl	878028d0 <gpio_pinwrite>
87804620:	2032      	movs	r0, #50	@ 0x32
87804622:	f7fe f867 	bl	878026f4 <Delay_ms>
87804626:	4632      	mov	r2, r6
87804628:	4620      	mov	r0, r4
8780462a:	2114      	movs	r1, #20
8780462c:	f7fe f950 	bl	878028d0 <gpio_pinwrite>
87804630:	2119      	movs	r1, #25
87804632:	4628      	mov	r0, r5
87804634:	f7ff fe02 	bl	8780423c <SPI_ReadWriteByte>
87804638:	4631      	mov	r1, r6
8780463a:	4628      	mov	r0, r5
8780463c:	f7ff fdfe 	bl	8780423c <SPI_ReadWriteByte>
87804640:	463a      	mov	r2, r7
87804642:	4620      	mov	r0, r4
87804644:	2114      	movs	r1, #20
87804646:	f7fe f943 	bl	878028d0 <gpio_pinwrite>
8780464a:	4632      	mov	r2, r6
8780464c:	4620      	mov	r0, r4
8780464e:	2114      	movs	r1, #20
87804650:	f7fe f93e 	bl	878028d0 <gpio_pinwrite>
87804654:	211b      	movs	r1, #27
87804656:	4628      	mov	r0, r5
87804658:	f7ff fdf0 	bl	8780423c <SPI_ReadWriteByte>
8780465c:	4641      	mov	r1, r8
8780465e:	4628      	mov	r0, r5
87804660:	f7ff fdec 	bl	8780423c <SPI_ReadWriteByte>
87804664:	463a      	mov	r2, r7
87804666:	4620      	mov	r0, r4
87804668:	2114      	movs	r1, #20
8780466a:	f7fe f931 	bl	878028d0 <gpio_pinwrite>
8780466e:	4632      	mov	r2, r6
87804670:	4620      	mov	r0, r4
87804672:	2114      	movs	r1, #20
87804674:	f7fe f92c 	bl	878028d0 <gpio_pinwrite>
87804678:	211c      	movs	r1, #28
8780467a:	4628      	mov	r0, r5
8780467c:	f7ff fdde 	bl	8780423c <SPI_ReadWriteByte>
87804680:	4641      	mov	r1, r8
87804682:	4628      	mov	r0, r5
87804684:	f7ff fdda 	bl	8780423c <SPI_ReadWriteByte>
87804688:	463a      	mov	r2, r7
8780468a:	4620      	mov	r0, r4
8780468c:	2114      	movs	r1, #20
8780468e:	f7fe f91f 	bl	878028d0 <gpio_pinwrite>
87804692:	4632      	mov	r2, r6
87804694:	4620      	mov	r0, r4
87804696:	2114      	movs	r1, #20
87804698:	f7fe f91a 	bl	878028d0 <gpio_pinwrite>
8780469c:	211a      	movs	r1, #26
8780469e:	4628      	mov	r0, r5
878046a0:	f7ff fdcc 	bl	8780423c <SPI_ReadWriteByte>
878046a4:	2104      	movs	r1, #4
878046a6:	4628      	mov	r0, r5
878046a8:	f7ff fdc8 	bl	8780423c <SPI_ReadWriteByte>
878046ac:	463a      	mov	r2, r7
878046ae:	4620      	mov	r0, r4
878046b0:	2114      	movs	r1, #20
878046b2:	f7fe f90d 	bl	878028d0 <gpio_pinwrite>
878046b6:	4632      	mov	r2, r6
878046b8:	4620      	mov	r0, r4
878046ba:	2114      	movs	r1, #20
878046bc:	f7fe f908 	bl	878028d0 <gpio_pinwrite>
878046c0:	211d      	movs	r1, #29
878046c2:	4628      	mov	r0, r5
878046c4:	f7ff fdba 	bl	8780423c <SPI_ReadWriteByte>
878046c8:	2104      	movs	r1, #4
878046ca:	4628      	mov	r0, r5
878046cc:	f7ff fdb6 	bl	8780423c <SPI_ReadWriteByte>
878046d0:	463a      	mov	r2, r7
878046d2:	4620      	mov	r0, r4
878046d4:	2114      	movs	r1, #20
878046d6:	f7fe f8fb 	bl	878028d0 <gpio_pinwrite>
878046da:	4632      	mov	r2, r6
878046dc:	4620      	mov	r0, r4
878046de:	2114      	movs	r1, #20
878046e0:	f7fe f8f6 	bl	878028d0 <gpio_pinwrite>
878046e4:	216c      	movs	r1, #108	@ 0x6c
878046e6:	4628      	mov	r0, r5
878046e8:	f7ff fda8 	bl	8780423c <SPI_ReadWriteByte>
878046ec:	4631      	mov	r1, r6
878046ee:	4628      	mov	r0, r5
878046f0:	f7ff fda4 	bl	8780423c <SPI_ReadWriteByte>
878046f4:	463a      	mov	r2, r7
878046f6:	4620      	mov	r0, r4
878046f8:	2114      	movs	r1, #20
878046fa:	f7fe f8e9 	bl	878028d0 <gpio_pinwrite>
878046fe:	4632      	mov	r2, r6
87804700:	4620      	mov	r0, r4
87804702:	2114      	movs	r1, #20
87804704:	f7fe f8e4 	bl	878028d0 <gpio_pinwrite>
87804708:	211e      	movs	r1, #30
8780470a:	4628      	mov	r0, r5
8780470c:	f7ff fd96 	bl	8780423c <SPI_ReadWriteByte>
87804710:	4631      	mov	r1, r6
87804712:	4628      	mov	r0, r5
87804714:	f7ff fd92 	bl	8780423c <SPI_ReadWriteByte>
87804718:	463a      	mov	r2, r7
8780471a:	4620      	mov	r0, r4
8780471c:	2114      	movs	r1, #20
8780471e:	f7fe f8d7 	bl	878028d0 <gpio_pinwrite>
87804722:	4632      	mov	r2, r6
87804724:	4620      	mov	r0, r4
87804726:	2114      	movs	r1, #20
87804728:	f7fe f8d2 	bl	878028d0 <gpio_pinwrite>
8780472c:	2123      	movs	r1, #35	@ 0x23
8780472e:	4628      	mov	r0, r5
87804730:	f7ff fd84 	bl	8780423c <SPI_ReadWriteByte>
87804734:	4631      	mov	r1, r6
87804736:	4628      	mov	r0, r5
87804738:	f7ff fd80 	bl	8780423c <SPI_ReadWriteByte>
8780473c:	463a      	mov	r2, r7
8780473e:	2114      	movs	r1, #20
87804740:	4620      	mov	r0, r4
87804742:	f7fe f8c5 	bl	878028d0 <gpio_pinwrite>
87804746:	b005      	add	sp, #20
87804748:	e8bd 83f0 	ldmia.w	sp!, {r4, r5, r6, r7, r8, r9, pc}
8780474c:	00000f30 	andeq	r0, r0, r0, lsr pc

87804750 <ICM20608_ReadByte>:
87804750:	b570      	push	{r4, r5, r6, lr}
87804752:	f44f 4440 	mov.w	r4, #49152	@ 0xc000
87804756:	f2c0 2409 	movt	r4, #521	@ 0x209
8780475a:	2200      	movs	r2, #0
8780475c:	4606      	mov	r6, r0
8780475e:	2114      	movs	r1, #20
87804760:	4620      	mov	r0, r4
87804762:	2500      	movs	r5, #0
87804764:	f2c0 2501 	movt	r5, #513	@ 0x201
87804768:	f7fe f8b2 	bl	878028d0 <gpio_pinwrite>
8780476c:	f046 0180 	orr.w	r1, r6, #128	@ 0x80
87804770:	4628      	mov	r0, r5
87804772:	f7ff fd63 	bl	8780423c <SPI_ReadWriteByte>
87804776:	21ff      	movs	r1, #255	@ 0xff
87804778:	4628      	mov	r0, r5
8780477a:	f7ff fd5f 	bl	8780423c <SPI_ReadWriteByte>
8780477e:	2201      	movs	r2, #1
87804780:	4605      	mov	r5, r0
87804782:	2114      	movs	r1, #20
87804784:	4620      	mov	r0, r4
87804786:	f7fe f8a3 	bl	878028d0 <gpio_pinwrite>
8780478a:	4628      	mov	r0, r5
8780478c:	bd70      	pop	{r4, r5, r6, pc}
8780478e:	bf00      	nop

87804790 <ICM20608_WriteByte>:
87804790:	b5f8      	push	{r3, r4, r5, r6, r7, lr}
87804792:	f44f 4440 	mov.w	r4, #49152	@ 0xc000
87804796:	f2c0 2409 	movt	r4, #521	@ 0x209
8780479a:	2200      	movs	r2, #0
8780479c:	4607      	mov	r7, r0
8780479e:	460e      	mov	r6, r1
878047a0:	4620      	mov	r0, r4
878047a2:	2114      	movs	r1, #20
878047a4:	2500      	movs	r5, #0
878047a6:	f2c0 2501 	movt	r5, #513	@ 0x201
878047aa:	f7fe f891 	bl	878028d0 <gpio_pinwrite>
878047ae:	f007 017f 	and.w	r1, r7, #127	@ 0x7f
878047b2:	4628      	mov	r0, r5
878047b4:	f7ff fd42 	bl	8780423c <SPI_ReadWriteByte>
878047b8:	4631      	mov	r1, r6
878047ba:	4628      	mov	r0, r5
878047bc:	f7ff fd3e 	bl	8780423c <SPI_ReadWriteByte>
878047c0:	4620      	mov	r0, r4
878047c2:	2201      	movs	r2, #1
878047c4:	2114      	movs	r1, #20
878047c6:	e8bd 40f8 	ldmia.w	sp!, {r3, r4, r5, r6, r7, lr}
878047ca:	f7fe b881 	b.w	878028d0 <gpio_pinwrite>
878047ce:	bf00      	nop

878047d0 <ICM20608_Read_len>:
878047d0:	b570      	push	{r4, r5, r6, lr}
878047d2:	4606      	mov	r6, r0
878047d4:	4615      	mov	r5, r2
878047d6:	460c      	mov	r4, r1
878047d8:	2200      	movs	r2, #0
878047da:	2114      	movs	r1, #20
878047dc:	f44f 4040 	mov.w	r0, #49152	@ 0xc000
878047e0:	f2c0 2009 	movt	r0, #521	@ 0x209
878047e4:	f7fe f874 	bl	878028d0 <gpio_pinwrite>
878047e8:	2000      	movs	r0, #0
878047ea:	f2c0 2001 	movt	r0, #513	@ 0x201
878047ee:	f046 0180 	orr.w	r1, r6, #128	@ 0x80
878047f2:	f7ff fd23 	bl	8780423c <SPI_ReadWriteByte>
878047f6:	b15d      	cbz	r5, 87804810 <ICM20608_Read_len+0x40>
878047f8:	2600      	movs	r6, #0
878047fa:	f2c0 2601 	movt	r6, #513	@ 0x201
878047fe:	4425      	add	r5, r4
87804800:	21ff      	movs	r1, #255	@ 0xff
87804802:	4630      	mov	r0, r6
87804804:	f7ff fd1a 	bl	8780423c <SPI_ReadWriteByte>
87804808:	f804 0b01 	strb.w	r0, [r4], #1
8780480c:	42ac      	cmp	r4, r5
8780480e:	d1f7      	bne.n	87804800 <ICM20608_Read_len+0x30>
87804810:	f44f 4040 	mov.w	r0, #49152	@ 0xc000
87804814:	f2c0 2009 	movt	r0, #521	@ 0x209
87804818:	e8bd 4070 	ldmia.w	sp!, {r4, r5, r6, lr}
8780481c:	2201      	movs	r2, #1
8780481e:	2114      	movs	r1, #20
87804820:	f7fe b856 	b.w	878028d0 <gpio_pinwrite>

87804824 <ICM20608_gyro_Scaleget>:
87804824:	b510      	push	{r4, lr}
87804826:	2200      	movs	r2, #0
87804828:	2114      	movs	r1, #20
8780482a:	f44f 4040 	mov.w	r0, #49152	@ 0xc000
8780482e:	f2c0 2009 	movt	r0, #521	@ 0x209
87804832:	f7fe f84d 	bl	878028d0 <gpio_pinwrite>
87804836:	219b      	movs	r1, #155	@ 0x9b
87804838:	2000      	movs	r0, #0
8780483a:	f2c0 2001 	movt	r0, #513	@ 0x201
8780483e:	f7ff fcfd 	bl	8780423c <SPI_ReadWriteByte>
87804842:	21ff      	movs	r1, #255	@ 0xff
87804844:	2000      	movs	r0, #0
87804846:	f2c0 2001 	movt	r0, #513	@ 0x201
8780484a:	f7ff fcf7 	bl	8780423c <SPI_ReadWriteByte>
8780484e:	4604      	mov	r4, r0
87804850:	2201      	movs	r2, #1
87804852:	2114      	movs	r1, #20
87804854:	f44f 4040 	mov.w	r0, #49152	@ 0xc000
87804858:	f2c0 2009 	movt	r0, #521	@ 0x209
8780485c:	f7fe f838 	bl	878028d0 <gpio_pinwrite>
87804860:	f3c4 00c1 	ubfx	r0, r4, #3, #2
87804864:	3801      	subs	r0, #1
87804866:	b2c0      	uxtb	r0, r0
87804868:	2802      	cmp	r0, #2
8780486a:	bf88      	it	hi
8780486c:	ed9f 0a04 	vldrhi	s0, [pc, #16]	@ 87804880 <ICM20608_gyro_Scaleget+0x5c>
87804870:	d805      	bhi.n	8780487e <ICM20608_gyro_Scaleget+0x5a>
87804872:	4b04      	ldr	r3, [pc, #16]	@ (87804884 <ICM20608_gyro_Scaleget+0x60>)
87804874:	447b      	add	r3, pc
87804876:	eb03 0380 	add.w	r3, r3, r0, lsl #2
8780487a:	ed93 0a00 	vldr	s0, [r3]
8780487e:	bd10      	pop	{r4, pc}
87804880:	43030000 	movwmi	r0, #12288	@ 0x3000
87804884:	000054ec 	andeq	r5, r0, ip, ror #9

87804888 <ICM20608_accel_Scaleget>:
87804888:	b510      	push	{r4, lr}
8780488a:	2200      	movs	r2, #0
8780488c:	2114      	movs	r1, #20
8780488e:	f44f 4040 	mov.w	r0, #49152	@ 0xc000
87804892:	f2c0 2009 	movt	r0, #521	@ 0x209
87804896:	f7fe f81b 	bl	878028d0 <gpio_pinwrite>
8780489a:	219c      	movs	r1, #156	@ 0x9c
8780489c:	2000      	movs	r0, #0
8780489e:	f2c0 2001 	movt	r0, #513	@ 0x201
878048a2:	f7ff fccb 	bl	8780423c <SPI_ReadWriteByte>
878048a6:	21ff      	movs	r1, #255	@ 0xff
878048a8:	2000      	movs	r0, #0
878048aa:	f2c0 2001 	movt	r0, #513	@ 0x201
878048ae:	f7ff fcc5 	bl	8780423c <SPI_ReadWriteByte>
878048b2:	4604      	mov	r4, r0
878048b4:	2201      	movs	r2, #1
878048b6:	2114      	movs	r1, #20
878048b8:	f44f 4040 	mov.w	r0, #49152	@ 0xc000
878048bc:	f2c0 2009 	movt	r0, #521	@ 0x209
878048c0:	f7fe f806 	bl	878028d0 <gpio_pinwrite>
878048c4:	f3c4 00c1 	ubfx	r0, r4, #3, #2
878048c8:	3801      	subs	r0, #1
878048ca:	b2c0      	uxtb	r0, r0
878048cc:	2802      	cmp	r0, #2
878048ce:	bf88      	it	hi
878048d0:	f44f 4080 	movhi.w	r0, #16384	@ 0x4000
878048d4:	d804      	bhi.n	878048e0 <ICM20608_accel_Scaleget+0x58>
878048d6:	4b03      	ldr	r3, [pc, #12]	@ (878048e4 <ICM20608_accel_Scaleget+0x5c>)
878048d8:	447b      	add	r3, pc
878048da:	eb03 0340 	add.w	r3, r3, r0, lsl #1
878048de:	8998      	ldrh	r0, [r3, #12]
878048e0:	bd10      	pop	{r4, pc}
878048e2:	bf00      	nop
878048e4:	00005488 	andeq	r5, r0, r8, lsl #9

878048e8 <ICM20608_Get_data>:
878048e8:	b570      	push	{r4, r5, r6, lr}
878048ea:	2500      	movs	r5, #0
878048ec:	f2c0 2501 	movt	r5, #513	@ 0x201
878048f0:	ed2d 8b04 	vpush	{d8-d9}
878048f4:	b084      	sub	sp, #16
878048f6:	466c      	mov	r4, sp
878048f8:	f10d 060e 	add.w	r6, sp, #14
878048fc:	2200      	movs	r2, #0
878048fe:	2114      	movs	r1, #20
87804900:	f44f 4040 	mov.w	r0, #49152	@ 0xc000
87804904:	f2c0 2009 	movt	r0, #521	@ 0x209
87804908:	f7fd ffe2 	bl	878028d0 <gpio_pinwrite>
8780490c:	21bb      	movs	r1, #187	@ 0xbb
8780490e:	2000      	movs	r0, #0
87804910:	f2c0 2001 	movt	r0, #513	@ 0x201
87804914:	f7ff fc92 	bl	8780423c <SPI_ReadWriteByte>
87804918:	21ff      	movs	r1, #255	@ 0xff
8780491a:	4628      	mov	r0, r5
8780491c:	f7ff fc8e 	bl	8780423c <SPI_ReadWriteByte>
87804920:	f804 0b01 	strb.w	r0, [r4], #1
87804924:	42a6      	cmp	r6, r4
87804926:	d1f7      	bne.n	87804918 <ICM20608_Get_data+0x30>
87804928:	2201      	movs	r2, #1
8780492a:	2114      	movs	r1, #20
8780492c:	4c59      	ldr	r4, [pc, #356]	@ (87804a94 <ICM20608_Get_data+0x1ac>)
8780492e:	f44f 4040 	mov.w	r0, #49152	@ 0xc000
87804932:	f2c0 2009 	movt	r0, #521	@ 0x209
87804936:	ed9f 8a56 	vldr	s16, [pc, #344]	@ 87804a90 <ICM20608_Get_data+0x1a8>
8780493a:	f7fd ffc9 	bl	878028d0 <gpio_pinwrite>
8780493e:	f8bd 3000 	ldrh.w	r3, [sp]
87804942:	f8bd 2002 	ldrh.w	r2, [sp, #2]
87804946:	447c      	add	r4, pc
87804948:	ba5b      	rev16	r3, r3
8780494a:	f8bd 0004 	ldrh.w	r0, [sp, #4]
8780494e:	ba52      	rev16	r2, r2
87804950:	f8bd 1006 	ldrh.w	r1, [sp, #6]
87804954:	b29b      	uxth	r3, r3
87804956:	ee07 3a90 	vmov	s15, r3
8780495a:	b292      	uxth	r2, r2
8780495c:	e9c4 3203 	strd	r3, r2, [r4, #12]
87804960:	f8bd 3008 	ldrh.w	r3, [sp, #8]
87804964:	ba40      	rev16	r0, r0
87804966:	f8bd 200a 	ldrh.w	r2, [sp, #10]
8780496a:	ba49      	rev16	r1, r1
8780496c:	ba5b      	rev16	r3, r3
8780496e:	eef8 8ae7 	vcvt.f32.s32	s17, s15
87804972:	ba52      	rev16	r2, r2
87804974:	b289      	uxth	r1, r1
87804976:	b29b      	uxth	r3, r3
87804978:	6023      	str	r3, [r4, #0]
8780497a:	f8bd 300c 	ldrh.w	r3, [sp, #12]
8780497e:	b292      	uxth	r2, r2
87804980:	61a1      	str	r1, [r4, #24]
87804982:	b280      	uxth	r0, r0
87804984:	ba5b      	rev16	r3, r3
87804986:	6062      	str	r2, [r4, #4]
87804988:	6160      	str	r0, [r4, #20]
8780498a:	b29b      	uxth	r3, r3
8780498c:	60a3      	str	r3, [r4, #8]
8780498e:	f7ff ff7b 	bl	87804888 <ICM20608_accel_Scaleget>
87804992:	ee07 0a10 	vmov	s14, r0
87804996:	edd4 7a04 	vldr	s15, [r4, #16]
8780499a:	eeb8 7ac7 	vcvt.f32.s32	s14, s14
8780499e:	eeb8 9ae7 	vcvt.f32.s32	s18, s15
878049a2:	eec8 7a87 	vdiv.f32	s15, s17, s14
878049a6:	ee67 7a88 	vmul.f32	s15, s15, s16
878049aa:	eefd 7ae7 	vcvt.s32.f32	s15, s15
878049ae:	edc4 7a0a 	vstr	s15, [r4, #40]	@ 0x28
878049b2:	f7ff ff69 	bl	87804888 <ICM20608_accel_Scaleget>
878049b6:	ee07 0a10 	vmov	s14, r0
878049ba:	edd4 7a05 	vldr	s15, [r4, #20]
878049be:	eeb8 7ac7 	vcvt.f32.s32	s14, s14
878049c2:	eef8 8ae7 	vcvt.f32.s32	s17, s15
878049c6:	eec9 7a07 	vdiv.f32	s15, s18, s14
878049ca:	ee67 7a88 	vmul.f32	s15, s15, s16
878049ce:	eefd 7ae7 	vcvt.s32.f32	s15, s15
878049d2:	edc4 7a0b 	vstr	s15, [r4, #44]	@ 0x2c
878049d6:	f7ff ff57 	bl	87804888 <ICM20608_accel_Scaleget>
878049da:	69a3      	ldr	r3, [r4, #24]
878049dc:	ee07 0a90 	vmov	s15, r0
878049e0:	ed9f 2b27 	vldr	d2, [pc, #156]	@ 87804a80 <ICM20608_Get_data+0x198>
878049e4:	eeb3 3b09 	vmov.f64	d3, #57	@ 0x41c80000  25.0
878049e8:	3b19      	subs	r3, #25
878049ea:	ee06 3a10 	vmov	s12, r3
878049ee:	eef8 7ae7 	vcvt.f32.s32	s15, s15
878049f2:	ed9f 4b25 	vldr	d4, [pc, #148]	@ 87804a88 <ICM20608_Get_data+0x1a0>
878049f6:	eeb8 6ac6 	vcvt.f32.s32	s12, s12
878049fa:	eec8 5aa7 	vdiv.f32	s11, s17, s15
878049fe:	edd4 7a00 	vldr	s15, [r4]
87804a02:	eeb7 6ac6 	vcvt.f64.f32	d6, s12
87804a06:	eef8 8ae7 	vcvt.f32.s32	s17, s15
87804a0a:	ee86 7b02 	vdiv.f64	d7, d6, d2
87804a0e:	ee65 6a88 	vmul.f32	s13, s11, s16
87804a12:	eefd 6ae6 	vcvt.s32.f32	s13, s13
87804a16:	edc4 6a0c 	vstr	s13, [r4, #48]	@ 0x30
87804a1a:	ee37 7b03 	vadd.f64	d7, d7, d3
87804a1e:	ee27 7b04 	vmul.f64	d7, d7, d4
87804a22:	eebd 7bc7 	vcvt.s32.f64	s14, d7
87804a26:	ed84 7a0d 	vstr	s14, [r4, #52]	@ 0x34
87804a2a:	f7ff fefb 	bl	87804824 <ICM20608_gyro_Scaleget>
87804a2e:	edd4 7a01 	vldr	s15, [r4, #4]
87804a32:	eeb8 9ae7 	vcvt.f32.s32	s18, s15
87804a36:	eec8 7a80 	vdiv.f32	s15, s17, s0
87804a3a:	ee67 7a88 	vmul.f32	s15, s15, s16
87804a3e:	eefd 7ae7 	vcvt.s32.f32	s15, s15
87804a42:	edc4 7a07 	vstr	s15, [r4, #28]
87804a46:	f7ff feed 	bl	87804824 <ICM20608_gyro_Scaleget>
87804a4a:	edd4 7a02 	vldr	s15, [r4, #8]
87804a4e:	eef8 8ae7 	vcvt.f32.s32	s17, s15
87804a52:	eec9 7a00 	vdiv.f32	s15, s18, s0
87804a56:	ee67 7a88 	vmul.f32	s15, s15, s16
87804a5a:	eefd 7ae7 	vcvt.s32.f32	s15, s15
87804a5e:	edc4 7a08 	vstr	s15, [r4, #32]
87804a62:	f7ff fedf 	bl	87804824 <ICM20608_gyro_Scaleget>
87804a66:	eec8 7a80 	vdiv.f32	s15, s17, s0
87804a6a:	ee67 7a88 	vmul.f32	s15, s15, s16
87804a6e:	eefd 7ae7 	vcvt.s32.f32	s15, s15
87804a72:	edc4 7a09 	vstr	s15, [r4, #36]	@ 0x24
87804a76:	b004      	add	sp, #16
87804a78:	ecbd 8b04 	vpop	{d8-d9}
87804a7c:	bd70      	pop	{r4, r5, r6, pc}
87804a7e:	bf00      	nop
87804a80:	cccccccd 	stclgt	12, cr12, [ip], {205}	@ 0xcd
87804a84:	40746ccc 	rsbsmi	r6, r4, ip, asr #25
87804a88:	00000000 	andeq	r0, r0, r0
87804a8c:	40590000 	subsmi	r0, r9, r0
87804a90:	42c80000 	sbcmi	r0, r8, #0
87804a94:	00006266 	andeq	r6, r0, r6, ror #4

87804a98 <gpio_io9_irq_handler_t>:
87804a98:	b508      	push	{r3, lr}
87804a9a:	4b09      	ldr	r3, [pc, #36]	@ (87804ac0 <gpio_io9_irq_handler_t+0x28>)
87804a9c:	447b      	add	r3, pc
87804a9e:	781b      	ldrb	r3, [r3, #0]
87804aa0:	2b01      	cmp	r3, #1
87804aa2:	d000      	beq.n	87804aa6 <gpio_io9_irq_handler_t+0xe>
87804aa4:	bd08      	pop	{r3, pc}
87804aa6:	4807      	ldr	r0, [pc, #28]	@ (87804ac4 <gpio_io9_irq_handler_t+0x2c>)
87804aa8:	4478      	add	r0, pc
87804aaa:	f7fb fd43 	bl	87800534 <printf>
87804aae:	f44f 4040 	mov.w	r0, #49152	@ 0xc000
87804ab2:	f2c0 2009 	movt	r0, #521	@ 0x209
87804ab6:	2109      	movs	r1, #9
87804ab8:	e8bd 4008 	ldmia.w	sp!, {r3, lr}
87804abc:	f7fd bf28 	b.w	87802910 <gpio_clear_interrupt_flag>
87804ac0:	00006148 	andeq	r6, r0, r8, asr #2
87804ac4:	00000a6c 	andeq	r0, r0, ip, ror #20

87804ac8 <FT5426_Init>:
87804ac8:	e92d 41f0 	stmdb	sp!, {r4, r5, r6, r7, r8, lr}
87804acc:	2300      	movs	r3, #0
87804ace:	f2c0 230e 	movt	r3, #526	@ 0x20e
87804ad2:	b090      	sub	sp, #64	@ 0x40
87804ad4:	f44f 4840 	mov.w	r8, #49152	@ 0xc000
87804ad8:	f2c0 2809 	movt	r8, #521	@ 0x209
87804adc:	2112      	movs	r1, #18
87804ade:	2602      	movs	r6, #2
87804ae0:	f8c3 10bc 	str.w	r1, [r3, #188]	@ 0xbc
87804ae4:	f247 02b0 	movw	r2, #28848	@ 0x70b0
87804ae8:	f8c3 65ac 	str.w	r6, [r3, #1452]	@ 0x5ac
87804aec:	2515      	movs	r5, #21
87804aee:	f8c3 10c0 	str.w	r1, [r3, #192]	@ 0xc0
87804af2:	4640      	mov	r0, r8
87804af4:	f8c3 65b0 	str.w	r6, [r3, #1456]	@ 0x5b0
87804af8:	2109      	movs	r1, #9
87804afa:	f8c3 2348 	str.w	r2, [r3, #840]	@ 0x348
87804afe:	f8c3 234c 	str.w	r2, [r3, #844]	@ 0x34c
87804b02:	f24f 0280 	movw	r2, #61568	@ 0xf080
87804b06:	f8c3 5080 	str.w	r5, [r3, #128]	@ 0x80
87804b0a:	2706      	movs	r7, #6
87804b0c:	f8c3 230c 	str.w	r2, [r3, #780]	@ 0x30c
87804b10:	aa04      	add	r2, sp, #16
87804b12:	2401      	movs	r4, #1
87804b14:	9704      	str	r7, [sp, #16]
87804b16:	f88d 4014 	strb.w	r4, [sp, #20]
87804b1a:	f7fd ff47 	bl	878029ac <gpio_init>
87804b1e:	ee9f 3f10 	mrc	15, 4, r3, cr15, cr0, {0}
87804b22:	f36f 030f 	bfc	r3, #0, #16
87804b26:	493b      	ldr	r1, [pc, #236]	@ (87804c14 <FT5426_Init+0x14c>)
87804b28:	f503 5380 	add.w	r3, r3, #4096	@ 0x1000
87804b2c:	2204      	movs	r2, #4
87804b2e:	4479      	add	r1, pc
87804b30:	2062      	movs	r0, #98	@ 0x62
87804b32:	f8c3 210c 	str.w	r2, [r3, #268]	@ 0x10c
87804b36:	2200      	movs	r2, #0
87804b38:	f7fe f8d6 	bl	87802ce8 <system_register_irq_handler>
87804b3c:	4640      	mov	r0, r8
87804b3e:	2109      	movs	r1, #9
87804b40:	f04f 0838 	mov.w	r8, #56	@ 0x38
87804b44:	f7fd fed6 	bl	878028f4 <gpio_enable_interrupt>
87804b48:	2300      	movs	r3, #0
87804b4a:	f2c0 2329 	movt	r3, #553	@ 0x229
87804b4e:	2109      	movs	r1, #9
87804b50:	f241 02b0 	movw	r2, #4272	@ 0x10b0
87804b54:	62dd      	str	r5, [r3, #44]	@ 0x2c
87804b56:	f44f 4540 	mov.w	r5, #49152	@ 0xc000
87804b5a:	f2c0 250a 	movt	r5, #522	@ 0x20a
87804b5e:	671a      	str	r2, [r3, #112]	@ 0x70
87804b60:	4628      	mov	r0, r5
87804b62:	aa07      	add	r2, sp, #28
87804b64:	9707      	str	r7, [sp, #28]
87804b66:	2700      	movs	r7, #0
87804b68:	f88d 4020 	strb.w	r4, [sp, #32]
87804b6c:	f7fd ff1e 	bl	878029ac <gpio_init>
87804b70:	2200      	movs	r2, #0
87804b72:	2109      	movs	r1, #9
87804b74:	4628      	mov	r0, r5
87804b76:	f7fd feab 	bl	878028d0 <gpio_pinwrite>
87804b7a:	2032      	movs	r0, #50	@ 0x32
87804b7c:	f7fd fdba 	bl	878026f4 <Delay_ms>
87804b80:	4622      	mov	r2, r4
87804b82:	2109      	movs	r1, #9
87804b84:	4628      	mov	r0, r5
87804b86:	f7fd fea3 	bl	878028d0 <gpio_pinwrite>
87804b8a:	f44f 4580 	mov.w	r5, #16384	@ 0x4000
87804b8e:	f2c0 251a 	movt	r5, #538	@ 0x21a
87804b92:	2032      	movs	r0, #50	@ 0x32
87804b94:	f7fd fdae 	bl	878026f4 <Delay_ms>
87804b98:	4628      	mov	r0, r5
87804b9a:	f7ff f94d 	bl	87803e38 <I2C_Init>
87804b9e:	a90a      	add	r1, sp, #40	@ 0x28
87804ba0:	4628      	mov	r0, r5
87804ba2:	940f      	str	r4, [sp, #60]	@ 0x3c
87804ba4:	23a1      	movs	r3, #161	@ 0xa1
87804ba6:	f88d 8028 	strb.w	r8, [sp, #40]	@ 0x28
87804baa:	930c      	str	r3, [sp, #48]	@ 0x30
87804bac:	ab03      	add	r3, sp, #12
87804bae:	940b      	str	r4, [sp, #44]	@ 0x2c
87804bb0:	930e      	str	r3, [sp, #56]	@ 0x38
87804bb2:	f88d 6034 	strb.w	r6, [sp, #52]	@ 0x34
87804bb6:	f7ff fa2b 	bl	87804010 <I2C_Master_Transfer>
87804bba:	4817      	ldr	r0, [pc, #92]	@ (87804c18 <FT5426_Init+0x150>)
87804bbc:	f89d 100d 	ldrb.w	r1, [sp, #13]
87804bc0:	4478      	add	r0, pc
87804bc2:	f7fb fcb7 	bl	87800534 <printf>
87804bc6:	a90a      	add	r1, sp, #40	@ 0x28
87804bc8:	4628      	mov	r0, r5
87804bca:	f10d 030b 	add.w	r3, sp, #11
87804bce:	f88d 8028 	strb.w	r8, [sp, #40]	@ 0x28
87804bd2:	930e      	str	r3, [sp, #56]	@ 0x38
87804bd4:	9301      	str	r3, [sp, #4]
87804bd6:	f88d 700b 	strb.w	r7, [sp, #11]
87804bda:	970c      	str	r7, [sp, #48]	@ 0x30
87804bdc:	f88d 4034 	strb.w	r4, [sp, #52]	@ 0x34
87804be0:	970b      	str	r7, [sp, #44]	@ 0x2c
87804be2:	940f      	str	r4, [sp, #60]	@ 0x3c
87804be4:	f7ff fa14 	bl	87804010 <I2C_Master_Transfer>
87804be8:	9b01      	ldr	r3, [sp, #4]
87804bea:	a90a      	add	r1, sp, #40	@ 0x28
87804bec:	4628      	mov	r0, r5
87804bee:	930e      	str	r3, [sp, #56]	@ 0x38
87804bf0:	f88d 8028 	strb.w	r8, [sp, #40]	@ 0x28
87804bf4:	23a4      	movs	r3, #164	@ 0xa4
87804bf6:	f88d 400b 	strb.w	r4, [sp, #11]
87804bfa:	930c      	str	r3, [sp, #48]	@ 0x30
87804bfc:	f88d 4034 	strb.w	r4, [sp, #52]	@ 0x34
87804c00:	940f      	str	r4, [sp, #60]	@ 0x3c
87804c02:	970b      	str	r7, [sp, #44]	@ 0x2c
87804c04:	f7ff fa04 	bl	87804010 <I2C_Master_Transfer>
87804c08:	4b04      	ldr	r3, [pc, #16]	@ (87804c1c <FT5426_Init+0x154>)
87804c0a:	447b      	add	r3, pc
87804c0c:	701c      	strb	r4, [r3, #0]
87804c0e:	b010      	add	sp, #64	@ 0x40
87804c10:	e8bd 81f0 	ldmia.w	sp!, {r4, r5, r6, r7, r8, pc}
87804c14:	ffffff67 			@ <UNDEFINED> instruction: 0xffffff67
87804c18:	00000964 	andeq	r0, r0, r4, ror #18
87804c1c:	00005fda 	ldrdeq	r5, [r0], -sl

87804c20 <FT5426_WriteByte>:
87804c20:	b500      	push	{lr}
87804c22:	460b      	mov	r3, r1
87804c24:	f04f 0c01 	mov.w	ip, #1
87804c28:	b089      	sub	sp, #36	@ 0x24
87804c2a:	a902      	add	r1, sp, #8
87804c2c:	f88d 0008 	strb.w	r0, [sp, #8]
87804c30:	f44f 4080 	mov.w	r0, #16384	@ 0x4000
87804c34:	f2c0 201a 	movt	r0, #538	@ 0x21a
87804c38:	9304      	str	r3, [sp, #16]
87804c3a:	f88d 2007 	strb.w	r2, [sp, #7]
87804c3e:	f10d 0307 	add.w	r3, sp, #7
87804c42:	f88d c014 	strb.w	ip, [sp, #20]
87804c46:	9306      	str	r3, [sp, #24]
87804c48:	2300      	movs	r3, #0
87804c4a:	f8cd c01c 	str.w	ip, [sp, #28]
87804c4e:	9303      	str	r3, [sp, #12]
87804c50:	f7ff f9de 	bl	87804010 <I2C_Master_Transfer>
87804c54:	3800      	subs	r0, #0
87804c56:	bf18      	it	ne
87804c58:	2001      	movne	r0, #1
87804c5a:	b009      	add	sp, #36	@ 0x24
87804c5c:	bd00      	pop	{pc}
87804c5e:	bf00      	nop

87804c60 <FT5426_ReadByte>:
87804c60:	b500      	push	{lr}
87804c62:	460a      	mov	r2, r1
87804c64:	2301      	movs	r3, #1
87804c66:	b089      	sub	sp, #36	@ 0x24
87804c68:	f04f 0c00 	mov.w	ip, #0
87804c6c:	a902      	add	r1, sp, #8
87804c6e:	f88d 0008 	strb.w	r0, [sp, #8]
87804c72:	f44f 4080 	mov.w	r0, #16384	@ 0x4000
87804c76:	f2c0 201a 	movt	r0, #538	@ 0x21a
87804c7a:	9204      	str	r2, [sp, #16]
87804c7c:	f88d c007 	strb.w	ip, [sp, #7]
87804c80:	f10d 0207 	add.w	r2, sp, #7
87804c84:	9303      	str	r3, [sp, #12]
87804c86:	9206      	str	r2, [sp, #24]
87804c88:	f88d 3014 	strb.w	r3, [sp, #20]
87804c8c:	9307      	str	r3, [sp, #28]
87804c8e:	f7ff f9bf 	bl	87804010 <I2C_Master_Transfer>
87804c92:	f89d 0007 	ldrb.w	r0, [sp, #7]
87804c96:	b009      	add	sp, #36	@ 0x24
87804c98:	bd00      	pop	{pc}
87804c9a:	bf00      	nop

87804c9c <FT5426_Read_lenByte>:
87804c9c:	b500      	push	{lr}
87804c9e:	4686      	mov	lr, r0
87804ca0:	f44f 4080 	mov.w	r0, #16384	@ 0x4000
87804ca4:	f2c0 201a 	movt	r0, #538	@ 0x21a
87804ca8:	b087      	sub	sp, #28
87804caa:	f04f 0c01 	mov.w	ip, #1
87804cae:	9102      	str	r1, [sp, #8]
87804cb0:	4669      	mov	r1, sp
87804cb2:	f8cd c014 	str.w	ip, [sp, #20]
87804cb6:	f88d 200c 	strb.w	r2, [sp, #12]
87804cba:	f8cd c004 	str.w	ip, [sp, #4]
87804cbe:	f88d e000 	strb.w	lr, [sp]
87804cc2:	9304      	str	r3, [sp, #16]
87804cc4:	f7ff f9a4 	bl	87804010 <I2C_Master_Transfer>
87804cc8:	b007      	add	sp, #28
87804cca:	bd00      	pop	{pc}

87804ccc <FT5426_ReadTouchPoint>:
87804ccc:	e92d 43f0 	stmdb	sp!, {r4, r5, r6, r7, r8, r9, lr}
87804cd0:	f44f 4080 	mov.w	r0, #16384	@ 0x4000
87804cd4:	f2c0 201a 	movt	r0, #538	@ 0x21a
87804cd8:	b091      	sub	sp, #68	@ 0x44
87804cda:	4e3f      	ldr	r6, [pc, #252]	@ (87804dd8 <FT5426_ReadTouchPoint+0x10c>)
87804cdc:	ac08      	add	r4, sp, #32
87804cde:	2701      	movs	r7, #1
87804ce0:	4621      	mov	r1, r4
87804ce2:	2302      	movs	r3, #2
87804ce4:	f04f 0938 	mov.w	r9, #56	@ 0x38
87804ce8:	930a      	str	r3, [sp, #40]	@ 0x28
87804cea:	f10d 0808 	add.w	r8, sp, #8
87804cee:	447e      	add	r6, pc
87804cf0:	f8cd 8030 	str.w	r8, [sp, #48]	@ 0x30
87804cf4:	2500      	movs	r5, #0
87804cf6:	9709      	str	r7, [sp, #36]	@ 0x24
87804cf8:	f88d 5008 	strb.w	r5, [sp, #8]
87804cfc:	f88d 702c 	strb.w	r7, [sp, #44]	@ 0x2c
87804d00:	f88d 9020 	strb.w	r9, [sp, #32]
87804d04:	970d      	str	r7, [sp, #52]	@ 0x34
87804d06:	f7ff f983 	bl	87804010 <I2C_Master_Transfer>
87804d0a:	4834      	ldr	r0, [pc, #208]	@ (87804ddc <FT5426_ReadTouchPoint+0x110>)
87804d0c:	f89d 1008 	ldrb.w	r1, [sp, #8]
87804d10:	4478      	add	r0, pc
87804d12:	70b1      	strb	r1, [r6, #2]
87804d14:	f7fb fc0e 	bl	87800534 <printf>
87804d18:	4641      	mov	r1, r8
87804d1a:	f44f 4080 	mov.w	r0, #16384	@ 0x4000
87804d1e:	f2c0 201a 	movt	r0, #538	@ 0x21a
87804d22:	231e      	movs	r3, #30
87804d24:	9707      	str	r7, [sp, #28]
87804d26:	f88d 3014 	strb.w	r3, [sp, #20]
87804d2a:	2303      	movs	r3, #3
87804d2c:	f88d 9008 	strb.w	r9, [sp, #8]
87804d30:	9304      	str	r3, [sp, #16]
87804d32:	9703      	str	r7, [sp, #12]
87804d34:	9406      	str	r4, [sp, #24]
87804d36:	f7ff f96b 	bl	87804010 <I2C_Master_Transfer>
87804d3a:	4829      	ldr	r0, [pc, #164]	@ (87804de0 <FT5426_ReadTouchPoint+0x114>)
87804d3c:	f89d 2023 	ldrb.w	r2, [sp, #35]	@ 0x23
87804d40:	f89d 3022 	ldrb.w	r3, [sp, #34]	@ 0x22
87804d44:	4478      	add	r0, pc
87804d46:	9200      	str	r2, [sp, #0]
87804d48:	f89d 1020 	ldrb.w	r1, [sp, #32]
87804d4c:	f89d 2021 	ldrb.w	r2, [sp, #33]	@ 0x21
87804d50:	f7fb fbf0 	bl	87800534 <printf>
87804d54:	78b3      	ldrb	r3, [r6, #2]
87804d56:	b3b3      	cbz	r3, 87804dc6 <FT5426_ReadTouchPoint+0xfa>
87804d58:	4f22      	ldr	r7, [pc, #136]	@ (87804de4 <FT5426_ReadTouchPoint+0x118>)
87804d5a:	3602      	adds	r6, #2
87804d5c:	f8df 8088 	ldr.w	r8, [pc, #136]	@ 87804de8 <FT5426_ReadTouchPoint+0x11c>
87804d60:	447f      	add	r7, pc
87804d62:	44f8      	add	r8, pc
87804d64:	e00b      	b.n	87804d7e <FT5426_ReadTouchPoint+0xb2>
87804d66:	2a01      	cmp	r2, #1
87804d68:	d027      	beq.n	87804dba <FT5426_ReadTouchPoint+0xee>
87804d6a:	2a02      	cmp	r2, #2
87804d6c:	d02e      	beq.n	87804dcc <FT5426_ReadTouchPoint+0x100>
87804d6e:	4b1f      	ldr	r3, [pc, #124]	@ (87804dec <FT5426_ReadTouchPoint+0x120>)
87804d70:	3501      	adds	r5, #1
87804d72:	3406      	adds	r4, #6
87804d74:	447b      	add	r3, pc
87804d76:	b2ea      	uxtb	r2, r5
87804d78:	789b      	ldrb	r3, [r3, #2]
87804d7a:	4293      	cmp	r3, r2
87804d7c:	d923      	bls.n	87804dc6 <FT5426_ReadTouchPoint+0xfa>
87804d7e:	f894 e000 	ldrb.w	lr, [r4]
87804d82:	462b      	mov	r3, r5
87804d84:	7862      	ldrb	r2, [r4, #1]
87804d86:	4629      	mov	r1, r5
87804d88:	f8b4 c002 	ldrh.w	ip, [r4, #2]
87804d8c:	4638      	mov	r0, r7
87804d8e:	ea42 220e 	orr.w	r2, r2, lr, lsl #8
87804d92:	fa9c fc9c 	rev16.w	ip, ip
87804d96:	f826 2f02 	strh.w	r2, [r6, #2]!
87804d9a:	fa1f fe8c 	uxth.w	lr, ip
87804d9e:	f8a6 c00a 	strh.w	ip, [r6, #10]
87804da2:	f8cd e000 	str.w	lr, [sp]
87804da6:	f7fb fbc5 	bl	87800534 <printf>
87804daa:	7822      	ldrb	r2, [r4, #0]
87804dac:	0992      	lsrs	r2, r2, #6
87804dae:	d1da      	bne.n	87804d66 <FT5426_ReadTouchPoint+0x9a>
87804db0:	4629      	mov	r1, r5
87804db2:	4640      	mov	r0, r8
87804db4:	f7fb fbbe 	bl	87800534 <printf>
87804db8:	e7d9      	b.n	87804d6e <FT5426_ReadTouchPoint+0xa2>
87804dba:	480d      	ldr	r0, [pc, #52]	@ (87804df0 <FT5426_ReadTouchPoint+0x124>)
87804dbc:	4629      	mov	r1, r5
87804dbe:	4478      	add	r0, pc
87804dc0:	f7fb fbb8 	bl	87800534 <printf>
87804dc4:	e7d3      	b.n	87804d6e <FT5426_ReadTouchPoint+0xa2>
87804dc6:	b011      	add	sp, #68	@ 0x44
87804dc8:	e8bd 83f0 	ldmia.w	sp!, {r4, r5, r6, r7, r8, r9, pc}
87804dcc:	4809      	ldr	r0, [pc, #36]	@ (87804df4 <FT5426_ReadTouchPoint+0x128>)
87804dce:	4629      	mov	r1, r5
87804dd0:	4478      	add	r0, pc
87804dd2:	f7fb fbaf 	bl	87800534 <printf>
87804dd6:	e7ca      	b.n	87804d6e <FT5426_ReadTouchPoint+0xa2>
87804dd8:	00005ef6 	strdeq	r5, [r0], -r6
87804ddc:	00000834 	andeq	r0, r0, r4, lsr r8
87804de0:	00000810 	andeq	r0, r0, r0, lsl r8
87804de4:	00000838 	andeq	r0, r0, r8, lsr r8
87804de8:	0000085a 	andeq	r0, r0, sl, asr r8
87804dec:	00005e70 	andeq	r5, r0, r0, ror lr
87804df0:	000007fe 	strdeq	r0, [r0], -lr
87804df4:	000007ec 	andeq	r0, r0, ip, ror #15

87804df8 <BackLight_Init>:
87804df8:	b538      	push	{r3, r4, r5, lr}
87804dfa:	2300      	movs	r3, #0
87804dfc:	f2c0 230e 	movt	r3, #526	@ 0x20e
87804e00:	2110      	movs	r1, #16
87804e02:	f24b 0290 	movw	r2, #45200	@ 0xb090
87804e06:	2404      	movs	r4, #4
87804e08:	4d0c      	ldr	r5, [pc, #48]	@ (87804e3c <BackLight_Init+0x44>)
87804e0a:	67d9      	str	r1, [r3, #124]	@ 0x7c
87804e0c:	f8c3 2308 	str.w	r2, [r3, #776]	@ 0x308
87804e10:	447d      	add	r5, pc
87804e12:	f7ff fa43 	bl	8780429c <PWM_Init>
87804e16:	4b0a      	ldr	r3, [pc, #40]	@ (87804e40 <BackLight_Init+0x48>)
87804e18:	2232      	movs	r2, #50	@ 0x32
87804e1a:	447b      	add	r3, pc
87804e1c:	4610      	mov	r0, r2
87804e1e:	801a      	strh	r2, [r3, #0]
87804e20:	f7ff fa8c 	bl	8780433c <PWM1_SetDutyCycle>
87804e24:	1e63      	subs	r3, r4, #1
87804e26:	f013 04ff 	ands.w	r4, r3, #255	@ 0xff
87804e2a:	d006      	beq.n	87804e3a <BackLight_Init+0x42>
87804e2c:	8828      	ldrh	r0, [r5, #0]
87804e2e:	f7ff fa85 	bl	8780433c <PWM1_SetDutyCycle>
87804e32:	1e63      	subs	r3, r4, #1
87804e34:	f013 04ff 	ands.w	r4, r3, #255	@ 0xff
87804e38:	d1f8      	bne.n	87804e2c <BackLight_Init+0x34>
87804e3a:	bd38      	pop	{r3, r4, r5, pc}
87804e3c:	00005dec 	andeq	r5, r0, ip, ror #27
87804e40:	00005de2 	andeq	r5, r0, r2, ror #27
87804e44:	00000000 	andeq	r0, r0, r0

87804e48 <__udivsi3>:
87804e48:	1e4a      	subs	r2, r1, #1
87804e4a:	bf08      	it	eq
87804e4c:	4770      	bxeq	lr
87804e4e:	f0c0 8124 	bcc.w	8780509a <__udivsi3+0x252>
87804e52:	4288      	cmp	r0, r1
87804e54:	f240 8116 	bls.w	87805084 <__udivsi3+0x23c>
87804e58:	4211      	tst	r1, r2
87804e5a:	f000 8117 	beq.w	8780508c <__udivsi3+0x244>
87804e5e:	fab0 f380 	clz	r3, r0
87804e62:	fab1 f281 	clz	r2, r1
87804e66:	eba2 0303 	sub.w	r3, r2, r3
87804e6a:	f1c3 031f 	rsb	r3, r3, #31
87804e6e:	a204      	add	r2, pc, #16	@ (adr r2, 87804e80 <__udivsi3+0x38>)
87804e70:	eb02 1303 	add.w	r3, r2, r3, lsl #4
87804e74:	f04f 0200 	mov.w	r2, #0
87804e78:	469f      	mov	pc, r3
87804e7a:	bf00      	nop
87804e7c:	f3af 8000 	nop.w
87804e80:	ebb0 7fc1 	cmp.w	r0, r1, lsl #31
87804e84:	bf00      	nop
87804e86:	eb42 0202 	adc.w	r2, r2, r2
87804e8a:	bf28      	it	cs
87804e8c:	eba0 70c1 	subcs.w	r0, r0, r1, lsl #31
87804e90:	ebb0 7f81 	cmp.w	r0, r1, lsl #30
87804e94:	bf00      	nop
87804e96:	eb42 0202 	adc.w	r2, r2, r2
87804e9a:	bf28      	it	cs
87804e9c:	eba0 7081 	subcs.w	r0, r0, r1, lsl #30
87804ea0:	ebb0 7f41 	cmp.w	r0, r1, lsl #29
87804ea4:	bf00      	nop
87804ea6:	eb42 0202 	adc.w	r2, r2, r2
87804eaa:	bf28      	it	cs
87804eac:	eba0 7041 	subcs.w	r0, r0, r1, lsl #29
87804eb0:	ebb0 7f01 	cmp.w	r0, r1, lsl #28
87804eb4:	bf00      	nop
87804eb6:	eb42 0202 	adc.w	r2, r2, r2
87804eba:	bf28      	it	cs
87804ebc:	eba0 7001 	subcs.w	r0, r0, r1, lsl #28
87804ec0:	ebb0 6fc1 	cmp.w	r0, r1, lsl #27
87804ec4:	bf00      	nop
87804ec6:	eb42 0202 	adc.w	r2, r2, r2
87804eca:	bf28      	it	cs
87804ecc:	eba0 60c1 	subcs.w	r0, r0, r1, lsl #27
87804ed0:	ebb0 6f81 	cmp.w	r0, r1, lsl #26
87804ed4:	bf00      	nop
87804ed6:	eb42 0202 	adc.w	r2, r2, r2
87804eda:	bf28      	it	cs
87804edc:	eba0 6081 	subcs.w	r0, r0, r1, lsl #26
87804ee0:	ebb0 6f41 	cmp.w	r0, r1, lsl #25
87804ee4:	bf00      	nop
87804ee6:	eb42 0202 	adc.w	r2, r2, r2
87804eea:	bf28      	it	cs
87804eec:	eba0 6041 	subcs.w	r0, r0, r1, lsl #25
87804ef0:	ebb0 6f01 	cmp.w	r0, r1, lsl #24
87804ef4:	bf00      	nop
87804ef6:	eb42 0202 	adc.w	r2, r2, r2
87804efa:	bf28      	it	cs
87804efc:	eba0 6001 	subcs.w	r0, r0, r1, lsl #24
87804f00:	ebb0 5fc1 	cmp.w	r0, r1, lsl #23
87804f04:	bf00      	nop
87804f06:	eb42 0202 	adc.w	r2, r2, r2
87804f0a:	bf28      	it	cs
87804f0c:	eba0 50c1 	subcs.w	r0, r0, r1, lsl #23
87804f10:	ebb0 5f81 	cmp.w	r0, r1, lsl #22
87804f14:	bf00      	nop
87804f16:	eb42 0202 	adc.w	r2, r2, r2
87804f1a:	bf28      	it	cs
87804f1c:	eba0 5081 	subcs.w	r0, r0, r1, lsl #22
87804f20:	ebb0 5f41 	cmp.w	r0, r1, lsl #21
87804f24:	bf00      	nop
87804f26:	eb42 0202 	adc.w	r2, r2, r2
87804f2a:	bf28      	it	cs
87804f2c:	eba0 5041 	subcs.w	r0, r0, r1, lsl #21
87804f30:	ebb0 5f01 	cmp.w	r0, r1, lsl #20
87804f34:	bf00      	nop
87804f36:	eb42 0202 	adc.w	r2, r2, r2
87804f3a:	bf28      	it	cs
87804f3c:	eba0 5001 	subcs.w	r0, r0, r1, lsl #20
87804f40:	ebb0 4fc1 	cmp.w	r0, r1, lsl #19
87804f44:	bf00      	nop
87804f46:	eb42 0202 	adc.w	r2, r2, r2
87804f4a:	bf28      	it	cs
87804f4c:	eba0 40c1 	subcs.w	r0, r0, r1, lsl #19
87804f50:	ebb0 4f81 	cmp.w	r0, r1, lsl #18
87804f54:	bf00      	nop
87804f56:	eb42 0202 	adc.w	r2, r2, r2
87804f5a:	bf28      	it	cs
87804f5c:	eba0 4081 	subcs.w	r0, r0, r1, lsl #18
87804f60:	ebb0 4f41 	cmp.w	r0, r1, lsl #17
87804f64:	bf00      	nop
87804f66:	eb42 0202 	adc.w	r2, r2, r2
87804f6a:	bf28      	it	cs
87804f6c:	eba0 4041 	subcs.w	r0, r0, r1, lsl #17
87804f70:	ebb0 4f01 	cmp.w	r0, r1, lsl #16
87804f74:	bf00      	nop
87804f76:	eb42 0202 	adc.w	r2, r2, r2
87804f7a:	bf28      	it	cs
87804f7c:	eba0 4001 	subcs.w	r0, r0, r1, lsl #16
87804f80:	ebb0 3fc1 	cmp.w	r0, r1, lsl #15
87804f84:	bf00      	nop
87804f86:	eb42 0202 	adc.w	r2, r2, r2
87804f8a:	bf28      	it	cs
87804f8c:	eba0 30c1 	subcs.w	r0, r0, r1, lsl #15
87804f90:	ebb0 3f81 	cmp.w	r0, r1, lsl #14
87804f94:	bf00      	nop
87804f96:	eb42 0202 	adc.w	r2, r2, r2
87804f9a:	bf28      	it	cs
87804f9c:	eba0 3081 	subcs.w	r0, r0, r1, lsl #14
87804fa0:	ebb0 3f41 	cmp.w	r0, r1, lsl #13
87804fa4:	bf00      	nop
87804fa6:	eb42 0202 	adc.w	r2, r2, r2
87804faa:	bf28      	it	cs
87804fac:	eba0 3041 	subcs.w	r0, r0, r1, lsl #13
87804fb0:	ebb0 3f01 	cmp.w	r0, r1, lsl #12
87804fb4:	bf00      	nop
87804fb6:	eb42 0202 	adc.w	r2, r2, r2
87804fba:	bf28      	it	cs
87804fbc:	eba0 3001 	subcs.w	r0, r0, r1, lsl #12
87804fc0:	ebb0 2fc1 	cmp.w	r0, r1, lsl #11
87804fc4:	bf00      	nop
87804fc6:	eb42 0202 	adc.w	r2, r2, r2
87804fca:	bf28      	it	cs
87804fcc:	eba0 20c1 	subcs.w	r0, r0, r1, lsl #11
87804fd0:	ebb0 2f81 	cmp.w	r0, r1, lsl #10
87804fd4:	bf00      	nop
87804fd6:	eb42 0202 	adc.w	r2, r2, r2
87804fda:	bf28      	it	cs
87804fdc:	eba0 2081 	subcs.w	r0, r0, r1, lsl #10
87804fe0:	ebb0 2f41 	cmp.w	r0, r1, lsl #9
87804fe4:	bf00      	nop
87804fe6:	eb42 0202 	adc.w	r2, r2, r2
87804fea:	bf28      	it	cs
87804fec:	eba0 2041 	subcs.w	r0, r0, r1, lsl #9
87804ff0:	ebb0 2f01 	cmp.w	r0, r1, lsl #8
87804ff4:	bf00      	nop
87804ff6:	eb42 0202 	adc.w	r2, r2, r2
87804ffa:	bf28      	it	cs
87804ffc:	eba0 2001 	subcs.w	r0, r0, r1, lsl #8
87805000:	ebb0 1fc1 	cmp.w	r0, r1, lsl #7
87805004:	bf00      	nop
87805006:	eb42 0202 	adc.w	r2, r2, r2
8780500a:	bf28      	it	cs
8780500c:	eba0 10c1 	subcs.w	r0, r0, r1, lsl #7
87805010:	ebb0 1f81 	cmp.w	r0, r1, lsl #6
87805014:	bf00      	nop
87805016:	eb42 0202 	adc.w	r2, r2, r2
8780501a:	bf28      	it	cs
8780501c:	eba0 1081 	subcs.w	r0, r0, r1, lsl #6
87805020:	ebb0 1f41 	cmp.w	r0, r1, lsl #5
87805024:	bf00      	nop
87805026:	eb42 0202 	adc.w	r2, r2, r2
8780502a:	bf28      	it	cs
8780502c:	eba0 1041 	subcs.w	r0, r0, r1, lsl #5
87805030:	ebb0 1f01 	cmp.w	r0, r1, lsl #4
87805034:	bf00      	nop
87805036:	eb42 0202 	adc.w	r2, r2, r2
8780503a:	bf28      	it	cs
8780503c:	eba0 1001 	subcs.w	r0, r0, r1, lsl #4
87805040:	ebb0 0fc1 	cmp.w	r0, r1, lsl #3
87805044:	bf00      	nop
87805046:	eb42 0202 	adc.w	r2, r2, r2
8780504a:	bf28      	it	cs
8780504c:	eba0 00c1 	subcs.w	r0, r0, r1, lsl #3
87805050:	ebb0 0f81 	cmp.w	r0, r1, lsl #2
87805054:	bf00      	nop
87805056:	eb42 0202 	adc.w	r2, r2, r2
8780505a:	bf28      	it	cs
8780505c:	eba0 0081 	subcs.w	r0, r0, r1, lsl #2
87805060:	ebb0 0f41 	cmp.w	r0, r1, lsl #1
87805064:	bf00      	nop
87805066:	eb42 0202 	adc.w	r2, r2, r2
8780506a:	bf28      	it	cs
8780506c:	eba0 0041 	subcs.w	r0, r0, r1, lsl #1
87805070:	ebb0 0f01 	cmp.w	r0, r1
87805074:	bf00      	nop
87805076:	eb42 0202 	adc.w	r2, r2, r2
8780507a:	bf28      	it	cs
8780507c:	eba0 0001 	subcs.w	r0, r0, r1
87805080:	4610      	mov	r0, r2
87805082:	4770      	bx	lr
87805084:	bf0c      	ite	eq
87805086:	2001      	moveq	r0, #1
87805088:	2000      	movne	r0, #0
8780508a:	4770      	bx	lr
8780508c:	fab1 f281 	clz	r2, r1
87805090:	f1c2 021f 	rsb	r2, r2, #31
87805094:	fa20 f002 	lsr.w	r0, r0, r2
87805098:	4770      	bx	lr
8780509a:	b108      	cbz	r0, 878050a0 <__udivsi3+0x258>
8780509c:	f04f 30ff 	mov.w	r0, #4294967295	@ 0xffffffff
878050a0:	f000 b824 	b.w	878050ec <__aeabi_idiv0>

878050a4 <__aeabi_uidivmod>:
878050a4:	2900      	cmp	r1, #0
878050a6:	d0f8      	beq.n	8780509a <__udivsi3+0x252>
878050a8:	b503      	push	{r0, r1, lr}
878050aa:	f7ff fecd 	bl	87804e48 <__udivsi3>
878050ae:	e8bd 4006 	ldmia.w	sp!, {r1, r2, lr}
878050b2:	fb02 f300 	mul.w	r3, r2, r0
878050b6:	eba1 0103 	sub.w	r1, r1, r3
878050ba:	4770      	bx	lr

878050bc <__aeabi_uldivmod>:
878050bc:	b953      	cbnz	r3, 878050d4 <__aeabi_uldivmod+0x18>
878050be:	b94a      	cbnz	r2, 878050d4 <__aeabi_uldivmod+0x18>
878050c0:	2900      	cmp	r1, #0
878050c2:	bf08      	it	eq
878050c4:	2800      	cmpeq	r0, #0
878050c6:	bf1c      	itt	ne
878050c8:	f04f 31ff 	movne.w	r1, #4294967295	@ 0xffffffff
878050cc:	f04f 30ff 	movne.w	r0, #4294967295	@ 0xffffffff
878050d0:	f000 b80c 	b.w	878050ec <__aeabi_idiv0>
878050d4:	f1ad 0c08 	sub.w	ip, sp, #8
878050d8:	e96d ce04 	strd	ip, lr, [sp, #-16]!
878050dc:	f000 f80c 	bl	878050f8 <__udivmoddi4>
878050e0:	f8dd e004 	ldr.w	lr, [sp, #4]
878050e4:	e9dd 2302 	ldrd	r2, r3, [sp, #8]
878050e8:	b004      	add	sp, #16
878050ea:	4770      	bx	lr

878050ec <__aeabi_idiv0>:
878050ec:	b502      	push	{r1, lr}
878050ee:	f04f 0008 	mov.w	r0, #8
878050f2:	f7fe fc85 	bl	87803a00 <raise>
878050f6:	bd02      	pop	{r1, pc}

878050f8 <__udivmoddi4>:
878050f8:	e92d 41f0 	stmdb	sp!, {r4, r5, r6, r7, r8, lr}
878050fc:	4290      	cmp	r0, r2
878050fe:	468e      	mov	lr, r1
87805100:	eb7e 0103 	sbcs.w	r1, lr, r3
87805104:	4684      	mov	ip, r0
87805106:	bf3c      	itt	cc
87805108:	2400      	movcc	r4, #0
8780510a:	4625      	movcc	r5, r4
8780510c:	d36a      	bcc.n	878051e4 <__udivmoddi4+0xec>
8780510e:	fab3 f083 	clz	r0, r3
87805112:	2b00      	cmp	r3, #0
87805114:	d072      	beq.n	878051fc <__udivmoddi4+0x104>
87805116:	fabe f18e 	clz	r1, lr
8780511a:	f1be 0f00 	cmp.w	lr, #0
8780511e:	d069      	beq.n	878051f4 <__udivmoddi4+0xfc>
87805120:	1a40      	subs	r0, r0, r1
87805122:	f1a0 0520 	sub.w	r5, r0, #32
87805126:	f1c0 0620 	rsb	r6, r0, #32
8780512a:	4083      	lsls	r3, r0
8780512c:	46a8      	mov	r8, r5
8780512e:	fa02 f405 	lsl.w	r4, r2, r5
87805132:	4637      	mov	r7, r6
87805134:	fa02 f100 	lsl.w	r1, r2, r0
87805138:	4323      	orrs	r3, r4
8780513a:	40f2      	lsrs	r2, r6
8780513c:	458c      	cmp	ip, r1
8780513e:	ea43 0302 	orr.w	r3, r3, r2
87805142:	eb7e 0203 	sbcs.w	r2, lr, r3
87805146:	bf3c      	itt	cc
87805148:	2400      	movcc	r4, #0
8780514a:	4625      	movcc	r5, r4
8780514c:	d30a      	bcc.n	87805164 <__udivmoddi4+0x6c>
8780514e:	2401      	movs	r4, #1
87805150:	ebbc 0c01 	subs.w	ip, ip, r1
87805154:	eb6e 0e03 	sbc.w	lr, lr, r3
87805158:	fa04 f505 	lsl.w	r5, r4, r5
8780515c:	fa24 f206 	lsr.w	r2, r4, r6
87805160:	4315      	orrs	r5, r2
87805162:	4084      	lsls	r4, r0
87805164:	b3f0      	cbz	r0, 878051e4 <__udivmoddi4+0xec>
87805166:	0849      	lsrs	r1, r1, #1
87805168:	4602      	mov	r2, r0
8780516a:	ea41 71c3 	orr.w	r1, r1, r3, lsl #31
8780516e:	085b      	lsrs	r3, r3, #1
87805170:	e00d      	b.n	8780518e <__udivmoddi4+0x96>
87805172:	ebbc 0c01 	subs.w	ip, ip, r1
87805176:	eb6e 0e03 	sbc.w	lr, lr, r3
8780517a:	eb1c 0c0c 	adds.w	ip, ip, ip
8780517e:	eb4e 0e0e 	adc.w	lr, lr, lr
87805182:	f11c 0c01 	adds.w	ip, ip, #1
87805186:	f14e 0e00 	adc.w	lr, lr, #0
8780518a:	3a01      	subs	r2, #1
8780518c:	d009      	beq.n	878051a2 <__udivmoddi4+0xaa>
8780518e:	458c      	cmp	ip, r1
87805190:	eb7e 0603 	sbcs.w	r6, lr, r3
87805194:	d2ed      	bcs.n	87805172 <__udivmoddi4+0x7a>
87805196:	eb1c 0c0c 	adds.w	ip, ip, ip
8780519a:	eb4e 0e0e 	adc.w	lr, lr, lr
8780519e:	3a01      	subs	r2, #1
878051a0:	d1f5      	bne.n	8780518e <__udivmoddi4+0x96>
878051a2:	fa0e f307 	lsl.w	r3, lr, r7
878051a6:	eb14 040c 	adds.w	r4, r4, ip
878051aa:	fa2c fc00 	lsr.w	ip, ip, r0
878051ae:	eb45 050e 	adc.w	r5, r5, lr
878051b2:	ea4c 0c03 	orr.w	ip, ip, r3
878051b6:	fa2e f308 	lsr.w	r3, lr, r8
878051ba:	ea4c 0c03 	orr.w	ip, ip, r3
878051be:	fa2e fe00 	lsr.w	lr, lr, r0
878051c2:	f1a0 0120 	sub.w	r1, r0, #32
878051c6:	f1c0 0220 	rsb	r2, r0, #32
878051ca:	fa0e f300 	lsl.w	r3, lr, r0
878051ce:	fa0c f101 	lsl.w	r1, ip, r1
878051d2:	fa2c f202 	lsr.w	r2, ip, r2
878051d6:	430b      	orrs	r3, r1
878051d8:	fa0c f000 	lsl.w	r0, ip, r0
878051dc:	4313      	orrs	r3, r2
878051de:	1a24      	subs	r4, r4, r0
878051e0:	eb65 0503 	sbc.w	r5, r5, r3
878051e4:	9b06      	ldr	r3, [sp, #24]
878051e6:	b10b      	cbz	r3, 878051ec <__udivmoddi4+0xf4>
878051e8:	e9c3 ce00 	strd	ip, lr, [r3]
878051ec:	4620      	mov	r0, r4
878051ee:	4629      	mov	r1, r5
878051f0:	e8bd 81f0 	ldmia.w	sp!, {r4, r5, r6, r7, r8, pc}
878051f4:	fabc f18c 	clz	r1, ip
878051f8:	3120      	adds	r1, #32
878051fa:	e791      	b.n	87805120 <__udivmoddi4+0x28>
878051fc:	fab2 f082 	clz	r0, r2
87805200:	fabe f18e 	clz	r1, lr
87805204:	3020      	adds	r0, #32
87805206:	f1be 0f00 	cmp.w	lr, #0
8780520a:	d189      	bne.n	87805120 <__udivmoddi4+0x28>
8780520c:	e7f2      	b.n	878051f4 <__udivmoddi4+0xfc>
8780520e:	bf00      	nop

87805210 <__main_from_arm>:
87805210:	e51ff004 	ldr	pc, [pc, #-4]	@ 87805214 <__main_from_arm+0x4>
87805214:	87805219 	usada8hi	r0, r9, r2, r5

Disassembly of section .text.startup:

87805218 <main>:
87805218:	b5f0      	push	{r4, r5, r6, r7, lr}
8780521a:	4d74      	ldr	r5, [pc, #464]	@ (878053ec <main+0x1d4>)
8780521c:	b083      	sub	sp, #12
8780521e:	447d      	add	r5, pc
87805220:	ee11 3f50 	mrc	15, 0, r3, cr1, cr0, {2}
87805224:	f023 4340 	bic.w	r3, r3, #3221225472	@ 0xc0000000
87805228:	f423 0370 	bic.w	r3, r3, #15728640	@ 0xf00000
8780522c:	f443 0370 	orr.w	r3, r3, #15728640	@ 0xf00000
87805230:	ee01 3f50 	mcr	15, 0, r3, cr1, cr0, {2}
87805234:	eef8 3a10 	vmrs	r3, fpexc
87805238:	f043 4380 	orr.w	r3, r3, #1073741824	@ 0x40000000
8780523c:	eee8 3a10 	vmsr	fpexc, r3
87805240:	f7fd fd60 	bl	87802d04 <INT_Init>
87805244:	f7fd f9b8 	bl	878025b8 <CLK_Enable>
87805248:	f7fe fb64 	bl	87803914 <UART_Init>
8780524c:	f7fd fa66 	bl	8780271c <LED_Init>
87805250:	f7fd faa2 	bl	87802798 <Beep_Init>
87805254:	f7fd fad4 	bl	87802800 <Key_Init>
87805258:	ee9f 2f10 	mrc	15, 4, r2, cr15, cr0, {0}
8780525c:	f36f 020f 	bfc	r2, #0, #16
87805260:	2300      	movs	r3, #0
87805262:	f502 5680 	add.w	r6, r2, #4096	@ 0x1000
87805266:	f04f 34ff 	mov.w	r4, #4294967295	@ 0xffffffff
8780526a:	6870      	ldr	r0, [r6, #4]
8780526c:	f000 001f 	and.w	r0, r0, #31
87805270:	3001      	adds	r0, #1
87805272:	f503 618c 	add.w	r1, r3, #1120	@ 0x460
87805276:	3301      	adds	r3, #1
87805278:	4298      	cmp	r0, r3
8780527a:	f842 4021 	str.w	r4, [r2, r1, lsl #2]
8780527e:	d1f8      	bne.n	87805272 <main+0x5a>
87805280:	f502 5200 	add.w	r2, r2, #8192	@ 0x2000
87805284:	2301      	movs	r3, #1
87805286:	21f8      	movs	r1, #248	@ 0xf8
87805288:	2400      	movs	r4, #0
8780528a:	6051      	str	r1, [r2, #4]
8780528c:	2102      	movs	r1, #2
8780528e:	6091      	str	r1, [r2, #8]
87805290:	6033      	str	r3, [r6, #0]
87805292:	6013      	str	r3, [r2, #0]
87805294:	f7fd fbd6 	bl	87802a44 <Exit_Init>
87805298:	2000      	movs	r0, #0
8780529a:	f648 2140 	movw	r1, #35392	@ 0x8a40
8780529e:	f2c0 11f7 	movt	r1, #503	@ 0x1f7
878052a2:	f7fd fc1b 	bl	87802adc <EPIT1_Init>
878052a6:	f7fd fc5b 	bl	87802b60 <KeyFilter_Init>
878052aa:	f7fd fe7b 	bl	87802fa4 <LCD_Init>
878052ae:	f7fe fc9f 	bl	87803bf0 <RTC_Init>
878052b2:	f7fe fff3 	bl	8780429c <PWM_Init>
878052b6:	f7ff f859 	bl	8780436c <AP3216C_Init>
878052ba:	f7ff f93d 	bl	87804538 <ICM20608_Init>
878052be:	f7ff fc03 	bl	87804ac8 <FT5426_Init>
878052c2:	f7ff fd99 	bl	87804df8 <BackLight_Init>
878052c6:	4b4a      	ldr	r3, [pc, #296]	@ (878053f0 <main+0x1d8>)
878052c8:	f04f 10ff 	mov.w	r0, #16711935	@ 0xff00ff
878052cc:	f44f 027f 	mov.w	r2, #16711680	@ 0xff0000
878052d0:	58ee      	ldr	r6, [r5, r3]
878052d2:	2510      	movs	r5, #16
878052d4:	e9c6 2406 	strd	r2, r4, [r6, #24]
878052d8:	f7fd ff44 	bl	87803164 <LCD_Clear>
878052dc:	8872      	ldrh	r2, [r6, #2]
878052de:	2318      	movs	r3, #24
878052e0:	4944      	ldr	r1, [pc, #272]	@ (878053f4 <main+0x1dc>)
878052e2:	3a0a      	subs	r2, #10
878052e4:	4479      	add	r1, pc
878052e6:	e9cd 3100 	strd	r3, r1, [sp]
878052ea:	210a      	movs	r1, #10
878052ec:	b292      	uxth	r2, r2
878052ee:	4608      	mov	r0, r1
878052f0:	f7fe f9ee 	bl	878036d0 <LCD_ShowString>
878052f4:	8872      	ldrh	r2, [r6, #2]
878052f6:	4b40      	ldr	r3, [pc, #256]	@ (878053f8 <main+0x1e0>)
878052f8:	2123      	movs	r1, #35	@ 0x23
878052fa:	3a0a      	subs	r2, #10
878052fc:	200a      	movs	r0, #10
878052fe:	447b      	add	r3, pc
87805300:	9500      	str	r5, [sp, #0]
87805302:	b292      	uxth	r2, r2
87805304:	9301      	str	r3, [sp, #4]
87805306:	462b      	mov	r3, r5
87805308:	f7fe f9e2 	bl	878036d0 <LCD_ShowString>
8780530c:	2075      	movs	r0, #117	@ 0x75
8780530e:	f7ff fa1f 	bl	87804750 <ICM20608_ReadByte>
87805312:	8873      	ldrh	r3, [r6, #2]
87805314:	28ab      	cmp	r0, #171	@ 0xab
87805316:	f1a3 030a 	sub.w	r3, r3, #10
8780531a:	b29a      	uxth	r2, r3
8780531c:	d01a      	beq.n	87805354 <main+0x13c>
8780531e:	4837      	ldr	r0, [pc, #220]	@ (878053fc <main+0x1e4>)
87805320:	f44f 4440 	mov.w	r4, #49152	@ 0xc000
87805324:	f2c0 2409 	movt	r4, #521	@ 0x209
87805328:	462b      	mov	r3, r5
8780532a:	4478      	add	r0, pc
8780532c:	213c      	movs	r1, #60	@ 0x3c
8780532e:	e9cd 5000 	strd	r5, r0, [sp]
87805332:	200a      	movs	r0, #10
87805334:	f7fe f9cc 	bl	878036d0 <LCD_ShowString>
87805338:	2103      	movs	r1, #3
8780533a:	4620      	mov	r0, r4
8780533c:	f7fd fad4 	bl	878028e8 <gpio_pinread>
87805340:	fab0 f180 	clz	r1, r0
87805344:	2000      	movs	r0, #0
87805346:	0949      	lsrs	r1, r1, #5
87805348:	f7fd fa10 	bl	8780276c <LED_Switch>
8780534c:	20c8      	movs	r0, #200	@ 0xc8
8780534e:	f7fd f9d1 	bl	878026f4 <Delay_ms>
87805352:	e7f1      	b.n	87805338 <main+0x120>
87805354:	4b2a      	ldr	r3, [pc, #168]	@ (87805400 <main+0x1e8>)
87805356:	213c      	movs	r1, #60	@ 0x3c
87805358:	200a      	movs	r0, #10
8780535a:	9500      	str	r5, [sp, #0]
8780535c:	447b      	add	r3, pc
8780535e:	9301      	str	r3, [sp, #4]
87805360:	462b      	mov	r3, r5
87805362:	4f28      	ldr	r7, [pc, #160]	@ (87805404 <main+0x1ec>)
87805364:	f7fe f9b4 	bl	878036d0 <LCD_ShowString>
87805368:	4a27      	ldr	r2, [pc, #156]	@ (87805408 <main+0x1f0>)
8780536a:	462b      	mov	r3, r5
8780536c:	215a      	movs	r1, #90	@ 0x5a
8780536e:	447a      	add	r2, pc
87805370:	200a      	movs	r0, #10
87805372:	e9cd 5200 	strd	r5, r2, [sp]
87805376:	22c8      	movs	r2, #200	@ 0xc8
87805378:	f7fe f9aa 	bl	878036d0 <LCD_ShowString>
8780537c:	4a23      	ldr	r2, [pc, #140]	@ (8780540c <main+0x1f4>)
8780537e:	462b      	mov	r3, r5
87805380:	216e      	movs	r1, #110	@ 0x6e
87805382:	447a      	add	r2, pc
87805384:	200a      	movs	r0, #10
87805386:	e9cd 5200 	strd	r5, r2, [sp]
8780538a:	22c8      	movs	r2, #200	@ 0xc8
8780538c:	f7fe f9a0 	bl	878036d0 <LCD_ShowString>
87805390:	4a1f      	ldr	r2, [pc, #124]	@ (87805410 <main+0x1f8>)
87805392:	462b      	mov	r3, r5
87805394:	2182      	movs	r1, #130	@ 0x82
87805396:	447a      	add	r2, pc
87805398:	200a      	movs	r0, #10
8780539a:	e9cd 5200 	strd	r5, r2, [sp]
8780539e:	447f      	add	r7, pc
878053a0:	22c8      	movs	r2, #200	@ 0xc8
878053a2:	250a      	movs	r5, #10
878053a4:	f7fe f994 	bl	878036d0 <LCD_ShowString>
878053a8:	23ff      	movs	r3, #255	@ 0xff
878053aa:	61b3      	str	r3, [r6, #24]
878053ac:	f7fd fa48 	bl	87802840 <Key_GetValue>
878053b0:	b2c0      	uxtb	r0, r0
878053b2:	b2eb      	uxtb	r3, r5
878053b4:	2801      	cmp	r0, #1
878053b6:	d111      	bne.n	878053dc <main+0x1c4>
878053b8:	2b64      	cmp	r3, #100	@ 0x64
878053ba:	f04f 0600 	mov.w	r6, #0
878053be:	4635      	mov	r5, r6
878053c0:	bf98      	it	ls
878053c2:	461d      	movls	r5, r3
878053c4:	f105 050a 	add.w	r5, r5, #10
878053c8:	4619      	mov	r1, r3
878053ca:	bf94      	ite	ls
878053cc:	461e      	movls	r6, r3
878053ce:	4631      	movhi	r1, r6
878053d0:	4638      	mov	r0, r7
878053d2:	f7fb f8af 	bl	87800534 <printf>
878053d6:	4630      	mov	r0, r6
878053d8:	f7fe ffb0 	bl	8780433c <PWM1_SetDutyCycle>
878053dc:	f084 0401 	eor.w	r4, r4, #1
878053e0:	2000      	movs	r0, #0
878053e2:	4621      	mov	r1, r4
878053e4:	f7fd f9c2 	bl	8780276c <LED_Switch>
878053e8:	e7e0      	b.n	878053ac <main+0x194>
878053ea:	bf00      	nop
878053ec:	ffffadde 			@ <UNDEFINED> instruction: 0xffffadde
878053f0:	00000180 	andeq	r0, r0, r0, lsl #3
878053f4:	00000144 	andeq	r0, r0, r4, asr #2
878053f8:	00000142 	andeq	r0, r0, r2, asr #2
878053fc:	0000012e 	andeq	r0, r0, lr, lsr #2
87805400:	00000114 	andeq	r0, r0, r4, lsl r1
87805404:	00000112 	andeq	r0, r0, r2, lsl r1
87805408:	00000112 	andeq	r0, r0, r2, lsl r1
8780540c:	00000112 	andeq	r0, r0, r2, lsl r1
87805410:	0000010e 	andeq	r0, r0, lr, lsl #2

Disassembly of section .rodata:

87805414 <digits.0-0x1c0>:
87805414:	0064252d 	rsbeq	r2, r4, sp, lsr #10
87805418:	00006425 	andeq	r6, r0, r5, lsr #8
8780541c:	2e64252d 	cdpcs	5, 6, cr2, cr4, cr13, {1}
87805420:	00006425 	andeq	r6, r0, r5, lsr #8
87805424:	252e6425 	strcs	r6, [lr, #-1061]!	@ 0xfffffbdb
87805428:	00000064 	andeq	r0, r0, r4, rrx
8780542c:	36584d49 	ldrbcc	r4, [r8], -r9, asr #26
87805430:	4c412d55 	mcrrmi	13, 5, r2, r1, cr5
87805434:	20414850 	subcs	r4, r1, r0, asr r8
87805438:	20495053 	subcs	r5, r9, r3, asr r0
8780543c:	54534554 	ldrbpl	r4, [r3], #-1364	@ 0xfffffaac
87805440:	00000000 	andeq	r0, r0, r0
87805444:	324d4349 	subcc	r4, sp, #603979777	@ 0x24000001
87805448:	38303630 	ldmdacc	r0!, {r4, r5, r9, sl, ip, sp}
8780544c:	4e455320 	cdpmi	3, 4, cr5, cr5, cr0, {1}
87805450:	20524f53 	subscs	r4, r2, r3, asr pc
87805454:	41544144 	cmpmi	r4, r4, asr #2
87805458:	00000000 	andeq	r0, r0, r0
8780545c:	324d4349 	subcc	r4, sp, #603979777	@ 0x24000001
87805460:	38303630 	ldmdacc	r0!, {r4, r5, r9, sl, ip, sp}
87805464:	65684320 	strbvs	r4, [r8, #-800]!	@ 0xfffffce0
87805468:	46206b63 	strtmi	r6, [r0], -r3, ror #22
8780546c:	656c6961 	strbvs	r6, [ip, #-2401]!	@ 0xfffff69f
87805470:	00002164 	andeq	r2, r0, r4, ror #2
87805474:	324d4349 	subcc	r4, sp, #603979777	@ 0x24000001
87805478:	38303630 	ldmdacc	r0!, {r4, r5, r9, sl, ip, sp}
8780547c:	61655220 	cmnvs	r5, r0, lsr #4
87805480:	00007964 	andeq	r7, r0, r4, ror #18
87805484:	36584d49 	ldrbcc	r4, [r8], -r9, asr #26
87805488:	204c4c55 	subcs	r4, ip, r5, asr ip
8780548c:	43554f54 	cmpmi	r5, #84, 30	@ 0x150
87805490:	45542048 	ldrbmi	r2, [r4, #-72]	@ 0xffffffb8
87805494:	003a5453 	eorseq	r5, sl, r3, asr r4
87805498:	4b434142 	blmi	888d59a8 <__bss_end+0x10cada6>
8780549c:	4847494c 	stmdami	r7, {r2, r3, r6, r8, fp, lr}^
878054a0:	45542054 	ldrbmi	r2, [r4, #-84]	@ 0xffffffac
878054a4:	003a5453 	eorseq	r5, sl, r3, asr r4
878054a8:	36323032 			@ <UNDEFINED> instruction: 0x36323032
878054ac:	2d35302d 	ldccs	0, cr3, [r5, #-180]!	@ 0xffffff4c
878054b0:	00003232 	andeq	r3, r0, r2, lsr r2
878054b4:	79747564 	ldmdbvc	r4!, {r2, r5, r6, r8, sl, ip, sp, lr}^
878054b8:	25203d20 	strcs	r3, [r0, #-3360]!	@ 0xfffff2e0
878054bc:	00000a64 	andeq	r0, r0, r4, ror #20
878054c0:	4c554e3c 	mrrcmi	14, 3, r4, r5, cr12
878054c4:	00003e4c 	andeq	r3, r0, ip, asr #28
878054c8:	5f44434c 	svcpl	0x0044434c
878054cc:	3d204449 	stccc	4, cr4, [r0, #-292]!	@ 0xfffffedc
878054d0:	58232520 	stmdapl	r3!, {r5, r8, sl, sp}
878054d4:	00000a0d 	andeq	r0, r0, sp, lsl #20
878054d8:	32335041 	eorscc	r5, r3, #65	@ 0x41
878054dc:	20433631 	subcs	r3, r3, r1, lsr r6
878054e0:	74737953 	ldrbtvc	r7, [r3], #-2387	@ 0xfffff6ad
878054e4:	435f6d65 	cmpmi	pc, #6464	@ 0x1940
878054e8:	69666e6f 	stmdbvs	r6!, {r0, r1, r2, r3, r5, r6, r9, sl, fp, sp, lr}^
878054ec:	61727567 	cmnvs	r2, r7, ror #10
878054f0:	6e6f6974 			@ <UNDEFINED> instruction: 0x6e6f6974
878054f4:	7830203a 	ldmdavc	r0!, {r1, r3, r4, r5, sp}
878054f8:	32302325 	eorscc	r2, r0, #-1811939328	@ 0x94000000
878054fc:	00000a58 	andeq	r0, r0, r8, asr sl
87805500:	324d4349 	subcc	r4, sp, #603979777	@ 0x24000001
87805504:	38303630 	ldmdacc	r0!, {r4, r5, r9, sl, ip, sp}
87805508:	20444920 	subcs	r4, r4, r0, lsr #18
8780550c:	7830203d 	ldmdavc	r0!, {r0, r2, r3, r4, r5, sp}
87805510:	58323025 	ldmdapl	r2!, {r0, r2, r5, ip, sp}
87805514:	0000000a 	andeq	r0, r0, sl
87805518:	63756f54 	cmnvs	r5, #84, 30	@ 0x150
8780551c:	6e692068 	cdpvs	0, 6, cr2, cr9, cr8, {3}
87805520:	0a0d2074 	beq	87b4d6f8 <__bss_end+0x342af6>
87805524:	00000000 	andeq	r0, r0, r0
87805528:	63756f74 	cmnvs	r5, #116, 30	@ 0x1d0
8780552c:	72462068 	subvc	r2, r6, #104	@ 0x68
87805530:	61576d69 	cmpvs	r7, r9, ror #26
87805534:	56206572 			@ <UNDEFINED> instruction: 0x56206572
87805538:	69737265 	ldmdbvs	r3!, {r0, r2, r5, r6, r9, ip, sp, lr}^
8780553c:	203a6e6f 	eorscs	r6, sl, pc, ror #28
87805540:	0d582325 	ldcleq	3, cr2, [r8, #-148]	@ 0xffffff6c
87805544:	0000000a 	andeq	r0, r0, sl
87805548:	6e696f50 	mcrvs	15, 3, r6, cr9, cr0, {2}
8780554c:	756e5f74 	strbvc	r5, [lr, #-3956]!	@ 0xfffff08c
87805550:	25203a6d 	strcs	r3, [r0, #-2669]!	@ 0xfffff593
87805554:	000a0d64 	andeq	r0, sl, r4, ror #26
87805558:	63756f54 	cmnvs	r5, #84, 30	@ 0x150
8780555c:	585f3168 	ldmdapl	pc, {r3, r5, r6, r8, ip, sp}^	@ <UNPREDICTABLE>
87805560:	25203a48 	strcs	r3, [r0, #-2632]!	@ 0xfffff5b8
87805564:	202c5823 	eorcs	r5, ip, r3, lsr #16
87805568:	63756f54 	cmnvs	r5, #84, 30	@ 0x150
8780556c:	585f3168 	ldmdapl	pc, {r3, r5, r6, r8, ip, sp}^	@ <UNPREDICTABLE>
87805570:	25203a4c 	strcs	r3, [r0, #-2636]!	@ 0xfffff5b4
87805574:	202c5823 	eorcs	r5, ip, r3, lsr #16
87805578:	63756f54 	cmnvs	r5, #84, 30	@ 0x150
8780557c:	595f3168 	ldmdbpl	pc, {r3, r5, r6, r8, ip, sp}^	@ <UNPREDICTABLE>
87805580:	25203a48 	strcs	r3, [r0, #-2632]!	@ 0xfffff5b8
87805584:	202c5823 	eorcs	r5, ip, r3, lsr #16
87805588:	63756f54 	cmnvs	r5, #84, 30	@ 0x150
8780558c:	595f3168 	ldmdbpl	pc, {r3, r5, r6, r8, ip, sp}^	@ <UNPREDICTABLE>
87805590:	25203a4c 	strcs	r3, [r0, #-2636]!	@ 0xfffff5b4
87805594:	0a0d5823 	beq	87b5b628 <__bss_end+0x350a26>
87805598:	00000000 	andeq	r0, r0, r0
8780559c:	63756f54 	cmnvs	r5, #84, 30	@ 0x150
878055a0:	5f642568 	svcpl	0x00642568
878055a4:	25203a58 	strcs	r3, [r0, #-2648]!	@ 0xfffff5a8
878055a8:	202c5823 	eorcs	r5, ip, r3, lsr #16
878055ac:	63756f54 	cmnvs	r5, #84, 30	@ 0x150
878055b0:	5f642568 	svcpl	0x00642568
878055b4:	25203a59 	strcs	r3, [r0, #-2649]!	@ 0xfffff5a7
878055b8:	0a0d5823 	beq	87b5b64c <__bss_end+0x350a4a>
878055bc:	00000000 	andeq	r0, r0, r0
878055c0:	63756f54 	cmnvs	r5, #84, 30	@ 0x150
878055c4:	5f642568 	svcpl	0x00642568
878055c8:	65707954 	ldrbvs	r7, [r0, #-2388]!	@ 0xfffff6ac
878055cc:	2325203a 			@ <UNDEFINED> instruction: 0x2325203a
878055d0:	000a0d58 	andeq	r0, sl, r8, asr sp

878055d4 <digits.0>:
878055d4:	33323130 	teqcc	r2, #48, 2
878055d8:	37363534 			@ <UNDEFINED> instruction: 0x37363534
878055dc:	42413938 	submi	r3, r1, #56, 18	@ 0xe0000
878055e0:	46454443 	strbmi	r4, [r5], -r3, asr #8

878055e4 <CSWTCH.7>:
878055e4:	70844342 	addvc	r4, r4, r2, asr #6
878055e8:	00007016 	andeq	r7, r0, r6, lsl r0
878055ec:	10184384 	andsne	r4, r8, r4, lsl #7

878055f0 <asc2_1206>:
	...
87805600:	0000403f 	andeq	r4, r0, pc, lsr r0
87805604:	00000000 	andeq	r0, r0, r0
87805608:	00300000 	eorseq	r0, r0, r0
8780560c:	00300040 	eorseq	r0, r0, r0, asr #32
87805610:	00000040 	andeq	r0, r0, r0, asr #32
87805614:	c00b0009 	andgt	r0, fp, r9
87805618:	c00b003d 	andgt	r0, fp, sp, lsr r0
8780561c:	0009003d 	andeq	r0, r9, sp, lsr r0
87805620:	4024c018 	eormi	ip, r4, r8, lsl r0
87805624:	4022e07f 	eormi	lr, r2, pc, ror r0
87805628:	00008031 	andeq	r8, r0, r1, lsr r0
8780562c:	c0240018 	eorgt	r0, r4, r8, lsl r0
87805630:	800d001b 	andhi	r0, sp, fp, lsl r0
87805634:	80014032 	andhi	r4, r1, r2, lsr r0
87805638:	401c8003 	andsmi	r8, ip, r3
8780563c:	801c4027 	andshi	r4, ip, r7, lsr #32
87805640:	40004007 	andmi	r4, r0, r7
87805644:	00600010 	rsbeq	r0, r0, r0, lsl r0
	...
87805654:	801f0000 	andshi	r0, pc, r0
87805658:	20404020 	subcs	r4, r0, r0, lsr #32
8780565c:	20400000 	subcs	r0, r0, r0
87805660:	801f4020 	andshi	r4, pc, r0, lsr #32
87805664:	00000000 	andeq	r0, r0, r0
87805668:	00060009 	andeq	r0, r6, r9
8780566c:	0006801f 	andeq	r8, r6, pc, lsl r0
87805670:	00000009 	andeq	r0, r0, r9
87805674:	00040004 	andeq	r0, r4, r4
87805678:	0004803f 	andeq	r8, r4, pc, lsr r0
8780567c:	00000004 	andeq	r0, r0, r4
87805680:	60001000 	andvs	r1, r0, r0
	...
8780568c:	00040004 	andeq	r0, r4, r4
87805690:	00040004 	andeq	r0, r4, r4
87805694:	00000004 	andeq	r0, r0, r4
87805698:	40000000 	andmi	r0, r0, r0
	...
878056a4:	c0012000 	andgt	r2, r1, r0
878056a8:	00380006 	eorseq	r0, r8, r6
878056ac:	00000040 	andeq	r0, r0, r0, asr #32
878056b0:	4020801f 	eormi	r8, r0, pc, lsl r0
878056b4:	40204020 	eormi	r4, r0, r0, lsr #32
878056b8:	0000801f 	andeq	r8, r0, pc, lsl r0
878056bc:	40100000 	andsmi	r0, r0, r0
878056c0:	4000c03f 	andmi	ip, r0, pc, lsr r0
878056c4:	00000000 	andeq	r0, r0, r0
878056c8:	4021c018 	eormi	ip, r1, r8, lsl r0
878056cc:	40244022 	eormi	r4, r4, r2, lsr #32
878056d0:	00004018 	andeq	r4, r0, r8, lsl r0
878056d4:	40208010 	eormi	r8, r0, r0, lsl r0
878056d8:	40244024 	eormi	r4, r4, r4, lsr #32
878056dc:	0000801b 	andeq	r8, r0, fp, lsl r0
878056e0:	000d0002 	andeq	r0, sp, r2
878056e4:	c03f0011 	eorsgt	r0, pc, r1, lsl r0	@ <UNPREDICTABLE>
878056e8:	00004001 	andeq	r4, r0, r1
878056ec:	4024803c 	eormi	r8, r4, ip, lsr r0
878056f0:	40244024 	eormi	r4, r4, r4, lsr #32
878056f4:	00008023 	andeq	r8, r0, r3, lsr #32
878056f8:	4024801f 	eormi	r8, r4, pc, lsl r0
878056fc:	40344024 	eorsmi	r4, r4, r4, lsr #32
87805700:	00008003 	andeq	r8, r0, r3
87805704:	00200030 	eoreq	r0, r0, r0, lsr r0
87805708:	0038c027 	eorseq	ip, r8, r7, lsr #32
8780570c:	00000020 	andeq	r0, r0, r0, lsr #32
87805710:	4024801b 	eormi	r8, r4, fp, lsl r0
87805714:	40244024 	eormi	r4, r4, r4, lsr #32
87805718:	0000801b 	andeq	r8, r0, fp, lsl r0
8780571c:	c022001c 	eorgt	r0, r2, ip, lsl r0
87805720:	40224022 	eormi	r4, r2, r2, lsr #32
87805724:	0000801f 	andeq	r8, r0, pc, lsl r0
87805728:	00000000 	andeq	r0, r0, r0
8780572c:	00004008 	andeq	r4, r0, r8
	...
87805738:	00006004 	andeq	r6, r0, r4
8780573c:	00000000 	andeq	r0, r0, r0
87805740:	00040000 	andeq	r0, r4, r0
87805744:	0011000a 	andseq	r0, r1, sl
87805748:	40408020 	submi	r8, r0, r0, lsr #32
8780574c:	00090009 	andeq	r0, r9, r9
87805750:	00090009 	andeq	r0, r9, r9
87805754:	00000009 	andeq	r0, r0, r9
87805758:	40400000 	submi	r0, r0, r0
8780575c:	00118020 	andseq	r8, r1, r0, lsr #32
87805760:	0004000a 	andeq	r0, r4, sl
87805764:	00200018 	eoreq	r0, r0, r8, lsl r0
87805768:	00244023 	eoreq	r4, r4, r3, lsr #32
8780576c:	00000018 	andeq	r0, r0, r8, lsl r0
87805770:	4020801f 	eormi	r8, r0, pc, lsl r0
87805774:	40294027 	eormi	r4, r9, r7, lsr #32
87805778:	0000401f 	andeq	r4, r0, pc, lsl r0
8780577c:	c0074000 	andgt	r4, r7, r0
87805780:	000f0039 	andeq	r0, pc, r9, lsr r0	@ <UNPREDICTABLE>
87805784:	4000c001 	andmi	ip, r0, r1
87805788:	c03f4020 	eorsgt	r4, pc, r0, lsr #32
8780578c:	40244024 	eormi	r4, r4, r4, lsr #32
87805790:	0000801b 	andeq	r8, r0, fp, lsl r0
87805794:	4020801f 	eormi	r8, r0, pc, lsl r0
87805798:	40204020 	eormi	r4, r0, r0, lsr #32
8780579c:	00008030 	andeq	r8, r0, r0, lsr r0
878057a0:	c03f4020 	eorsgt	r4, pc, r0, lsr #32
878057a4:	40204020 	eormi	r4, r0, r0, lsr #32
878057a8:	0000801f 	andeq	r8, r0, pc, lsl r0
878057ac:	c03f4020 	eorsgt	r4, pc, r0, lsr #32
878057b0:	402e4024 	eormi	r4, lr, r4, lsr #32
878057b4:	0000c030 	andeq	ip, r0, r0, lsr r0
878057b8:	c03f4020 	eorsgt	r4, pc, r0, lsr #32
878057bc:	002e4024 	eoreq	r4, lr, r4, lsr #32
878057c0:	00000030 	andeq	r0, r0, r0, lsr r0
878057c4:	8010000f 	andshi	r0, r0, pc
878057c8:	40224020 	eormi	r4, r2, r0, lsr #32
878057cc:	00028033 	andeq	r8, r2, r3, lsr r0
878057d0:	c03f4020 	eorsgt	r4, pc, r0, lsr #32
878057d4:	00040004 	andeq	r0, r4, r4
878057d8:	4020c03f 	eormi	ip, r0, pc, lsr r0
878057dc:	40204020 	eormi	r4, r0, r0, lsr #32
878057e0:	4020c03f 	eormi	ip, r0, pc, lsr r0
878057e4:	00004020 	andeq	r4, r0, r0, lsr #32
878057e8:	20206000 	eorcs	r6, r0, r0
878057ec:	c03f2020 	eorsgt	r2, pc, r0, lsr #32
878057f0:	00200020 	eoreq	r0, r0, r0, lsr #32
878057f4:	c03f4020 	eorsgt	r4, pc, r0, lsr #32
878057f8:	000b4024 	andeq	r4, fp, r4, lsr #32
878057fc:	4020c030 	eormi	ip, r0, r0, lsr r0
87805800:	c03f4020 	eorsgt	r4, pc, r0, lsr #32
87805804:	40004020 	andmi	r4, r0, r0, lsr #32
87805808:	c0004000 	andgt	r4, r0, r0
8780580c:	003cc03f 	eorseq	ip, ip, pc, lsr r0
87805810:	003cc003 	eorseq	ip, ip, r3
87805814:	0000c03f 	andeq	ip, r0, pc, lsr r0
87805818:	c03f4020 	eorsgt	r4, pc, r0, lsr #32
8780581c:	0023400c 	eoreq	r4, r3, ip
87805820:	0020c03f 	eoreq	ip, r0, pc, lsr r0
87805824:	4020801f 	eormi	r8, r0, pc, lsl r0
87805828:	40204020 	eormi	r4, r0, r0, lsr #32
8780582c:	0000801f 	andeq	r8, r0, pc, lsl r0
87805830:	c03f4020 	eorsgt	r4, pc, r0, lsr #32
87805834:	00244024 	eoreq	r4, r4, r4, lsr #32
87805838:	00000018 	andeq	r0, r0, r8, lsl r0
8780583c:	4021801f 	eormi	r8, r1, pc, lsl r0
87805840:	e0204021 	eor	r4, r0, r1, lsr #32
87805844:	0000a01f 	andeq	sl, r0, pc, lsl r0
87805848:	c03f4020 	eorsgt	r4, pc, r0, lsr #32
8780584c:	00264024 	eoreq	r4, r6, r4, lsr #32
87805850:	4000c019 	andmi	ip, r0, r9, lsl r0
87805854:	4024c018 	eormi	ip, r4, r8, lsl r0
87805858:	40224024 	eormi	r4, r2, r4, lsr #32
8780585c:	00008031 	andeq	r8, r0, r1, lsr r0
87805860:	40200030 	eormi	r0, r0, r0, lsr r0
87805864:	4020c03f 	eormi	ip, r0, pc, lsr r0
87805868:	00000030 	andeq	r0, r0, r0, lsr r0
8780586c:	803f0020 	eorshi	r0, pc, r0, lsr #32
87805870:	40004000 	andmi	r4, r0, r0
87805874:	0020803f 	eoreq	r8, r0, pc, lsr r0
87805878:	003e0020 	eorseq	r0, lr, r0, lsr #32
8780587c:	0007c001 	andeq	ip, r7, r1
87805880:	00200038 	eoreq	r0, r0, r8, lsr r0
87805884:	c0070038 	andgt	r0, r7, r8, lsr r0
87805888:	c007003c 	andgt	r0, r7, ip, lsr r0
8780588c:	00000038 	andeq	r0, r0, r8, lsr r0
87805890:	c0394020 	eorsgt	r4, r9, r0, lsr #32
87805894:	c0390006 	eorsgt	r0, r9, r6
87805898:	00004020 	andeq	r4, r0, r0, lsr #32
8780589c:	40380020 	eorsmi	r0, r8, r0, lsr #32
878058a0:	4038c007 	eorsmi	ip, r8, r7
878058a4:	00000020 	andeq	r0, r0, r0, lsr #32
878058a8:	c0214030 	eorgt	r4, r1, r0, lsr r0
878058ac:	40384026 	eorsmi	r4, r8, r6, lsr #32
878058b0:	0000c020 	andeq	ip, r0, r0, lsr #32
878058b4:	00000000 	andeq	r0, r0, r0
878058b8:	2040e07f 	subcs	lr, r0, pc, ror r0
878058bc:	00002040 	andeq	r2, r0, r0, asr #32
878058c0:	00700000 	rsbseq	r0, r0, r0
878058c4:	8003000c 	andhi	r0, r3, ip
878058c8:	00004000 	andeq	r4, r0, r0
878058cc:	20400000 	subcs	r0, r0, r0
878058d0:	e07f2040 	rsbs	r2, pc, r0, asr #32
878058d4:	00000000 	andeq	r0, r0, r0
878058d8:	00200000 	eoreq	r0, r0, r0
878058dc:	00200040 	eoreq	r0, r0, r0, asr #32
878058e0:	00000000 	andeq	r0, r0, r0
878058e4:	10001000 	andne	r1, r0, r0
878058e8:	10001000 	andne	r1, r0, r0
878058ec:	10001000 	andne	r1, r0, r0
878058f0:	00000000 	andeq	r0, r0, r0
878058f4:	00000040 	andeq	r0, r0, r0, asr #32
878058f8:	00000000 	andeq	r0, r0, r0
878058fc:	80020000 	andhi	r0, r2, r0
87805900:	40054005 	andmi	r4, r5, r5
87805904:	4000c003 	andmi	ip, r0, r3
87805908:	c03f0020 	eorsgt	r0, pc, r0, lsr #32
8780590c:	40044004 	andmi	r4, r4, r4
87805910:	00008003 	andeq	r8, r0, r3
87805914:	80030000 	andhi	r0, r3, r0
87805918:	40044004 	andmi	r4, r4, r4
8780591c:	00004006 	andeq	r4, r0, r6
87805920:	80030000 	andhi	r0, r3, r0
87805924:	40244004 	eormi	r4, r4, r4
87805928:	4000c03f 	andmi	ip, r0, pc, lsr r0
8780592c:	80030000 	andhi	r0, r3, r0
87805930:	40054005 	andmi	r4, r5, r5
87805934:	00004003 	andeq	r4, r0, r3
87805938:	40040000 	andmi	r0, r4, r0
8780593c:	4024c01f 	eormi	ip, r4, pc, lsl r0
87805940:	00204024 	eoreq	r4, r0, r4, lsr #32
87805944:	e0020000 	and	r0, r2, r0
87805948:	50055005 	andpl	r5, r5, r5
8780594c:	20045006 	andcs	r5, r4, r6
87805950:	c03f4020 	eorsgt	r4, pc, r0, lsr #32
87805954:	00044004 	andeq	r4, r4, r4
87805958:	4000c003 	andmi	ip, r0, r3
8780595c:	40040000 	andmi	r0, r4, r0
87805960:	4000c027 	andmi	ip, r0, r7, lsr #32
87805964:	00000000 	andeq	r0, r0, r0
87805968:	10001000 	andne	r1, r0, r0
8780596c:	e0271004 	eor	r1, r7, r4
87805970:	00000000 	andeq	r0, r0, r0
87805974:	c03f4020 	eorsgt	r4, pc, r0, lsr #32
87805978:	00074001 	andeq	r4, r7, r1
8780597c:	4004c004 	andmi	ip, r4, r4
87805980:	40204020 	eormi	r4, r0, r0, lsr #32
87805984:	4000c03f 	andmi	ip, r0, pc, lsr r0
87805988:	00004000 	andeq	r4, r0, r0
8780598c:	0004c007 	andeq	ip, r4, r7
87805990:	0004c007 	andeq	ip, r4, r7
87805994:	0000c003 	andeq	ip, r0, r3
87805998:	c0074004 	andgt	r4, r7, r4
8780599c:	00044004 	andeq	r4, r4, r4
878059a0:	4000c003 	andmi	ip, r0, r3
878059a4:	80030000 	andhi	r0, r3, r0
878059a8:	40044004 	andmi	r4, r4, r4
878059ac:	00008003 	andeq	r8, r0, r3
878059b0:	f0071004 			@ <UNDEFINED> instruction: 0xf0071004
878059b4:	40045004 	andmi	r5, r4, r4
878059b8:	00008003 	andeq	r8, r0, r3
878059bc:	80030000 	andhi	r0, r3, r0
878059c0:	50044004 	andpl	r4, r4, r4
878059c4:	1000f007 	andne	pc, r0, r7
878059c8:	c0074004 	andgt	r4, r7, r4
878059cc:	00044002 	andeq	r4, r4, r2
878059d0:	00000004 	andeq	r0, r0, r4
878059d4:	40060000 	andmi	r0, r6, r0
878059d8:	40054005 	andmi	r4, r5, r5
878059dc:	0000c004 	andeq	ip, r0, r4
878059e0:	00040000 	andeq	r0, r4, r0
878059e4:	4004801f 	andmi	r8, r4, pc, lsl r0
878059e8:	00004000 	andeq	r4, r0, r0
878059ec:	80070004 	andhi	r0, r7, r4
878059f0:	40044000 	andmi	r4, r4, r0
878059f4:	4000c007 	andmi	ip, r0, r7
878059f8:	00070004 	andeq	r0, r7, r4
878059fc:	8001c004 	andhi	ip, r1, r4
87805a00:	00040006 	andeq	r0, r4, r6
87805a04:	c0010006 	andgt	r0, r1, r6
87805a08:	c0010007 	andgt	r0, r1, r7
87805a0c:	00000006 	andeq	r0, r0, r6
87805a10:	c0064004 	andgt	r4, r6, r4
87805a14:	c0060001 	andgt	r0, r6, r1
87805a18:	00004004 	andeq	r4, r0, r4
87805a1c:	10071004 	andne	r1, r7, r4
87805a20:	8001e004 	andhi	lr, r1, r4
87805a24:	00040006 	andeq	r0, r4, r6
87805a28:	40040000 	andmi	r0, r4, r0
87805a2c:	4006c005 	andmi	ip, r6, r5
87805a30:	00004004 	andeq	r4, r0, r4
87805a34:	00000000 	andeq	r0, r0, r0
87805a38:	e07b0004 	rsbs	r0, fp, r4
87805a3c:	00002040 	andeq	r2, r0, r0, asr #32
87805a40:	00000000 	andeq	r0, r0, r0
87805a44:	f0ff0000 			@ <UNDEFINED> instruction: 0xf0ff0000
87805a48:	00000000 	andeq	r0, r0, r0
87805a4c:	20400000 	subcs	r0, r0, r0
87805a50:	0004e07b 	andeq	lr, r4, fp, ror r0
87805a54:	00000000 	andeq	r0, r0, r0
87805a58:	00800040 	addeq	r0, r0, r0, asr #32
87805a5c:	00200040 	eoreq	r0, r0, r0, asr #32
87805a60:	00400020 	subeq	r0, r0, r0, lsr #32

87805a64 <asc2_1608>:
	...
87805a78:	cc1f0000 	ldcgt	0, cr0, [pc], {-0}
87805a7c:	00000c00 	andeq	r0, r0, r0, lsl #24
87805a80:	00000000 	andeq	r0, r0, r0
87805a84:	00080000 	andeq	r0, r8, r0
87805a88:	00600030 	rsbeq	r0, r0, r0, lsr r0
87805a8c:	00300008 	eorseq	r0, r0, r8
87805a90:	00000060 	andeq	r0, r0, r0, rrx
87805a94:	fc032002 	stc2	0, cr2, [r3], {2}
87805a98:	2002201e 	andcs	r2, r2, lr, lsl r0
87805a9c:	201efc03 	andscs	pc, lr, r3, lsl #24
87805aa0:	00002002 	andeq	r2, r0, r2
87805aa4:	180e0000 	stmdane	lr, {}	@ <UNPREDICTABLE>
87805aa8:	ff3f0411 			@ <UNDEFINED> instruction: 0xff3f0411
87805aac:	780c8410 	stmdavc	ip, {r4, sl, pc}
87805ab0:	00000000 	andeq	r0, r0, r0
87805ab4:	8410000f 	ldrhi	r0, [r0], #-15
87805ab8:	c000380f 	andgt	r3, r0, pc, lsl #16
87805abc:	84187807 	ldrhi	r7, [r8], #-2055	@ 0xfffff7f9
87805ac0:	00007800 	andeq	r7, r0, r0, lsl #16
87805ac4:	840f7800 	strhi	r7, [pc], #-2048	@ 87805acc <asc2_1608+0x68>
87805ac8:	2411c410 	ldrcs	ip, [r1], #-1040	@ 0xfffffbf0
87805acc:	e400980e 	str	r9, [r0], #-2062	@ 0xfffff7f2
87805ad0:	08008400 	stmdaeq	r0, {sl, pc}
87805ad4:	00680008 	rsbeq	r0, r8, r8
87805ad8:	00000070 	andeq	r0, r0, r0, ror r0
	...
87805ae8:	e0070000 	and	r0, r7, r0
87805aec:	04201818 	strteq	r1, [r0], #-2072	@ 0xfffff7e8
87805af0:	00000240 	andeq	r0, r0, r0, asr #4
87805af4:	02400000 	subeq	r0, r0, #0
87805af8:	18180420 	ldmdane	r8, {r5, sl}
87805afc:	0000e007 	andeq	lr, r0, r7
87805b00:	00000000 	andeq	r0, r0, r0
87805b04:	40024002 	andmi	r4, r2, r2
87805b08:	f00f8001 			@ <UNDEFINED> instruction: 0xf00f8001
87805b0c:	40028001 	andmi	r8, r2, r1
87805b10:	00004002 	andeq	r4, r0, r2
87805b14:	80008000 	andhi	r8, r0, r0
87805b18:	f80f8000 			@ <UNDEFINED> instruction: 0xf80f8000
87805b1c:	80008000 	andhi	r8, r0, r0
87805b20:	00008000 	andeq	r8, r0, r0
87805b24:	0d000100 	stceq	1, cr0, [r0, #-0]
87805b28:	00000e00 	andeq	r0, r0, r0, lsl #28
	...
87805b34:	80000000 	andhi	r0, r0, r0
87805b38:	80008000 	andhi	r8, r0, r0
87805b3c:	80008000 	andhi	r8, r0, r0
87805b40:	80008000 	andhi	r8, r0, r0
87805b44:	0c000000 	stceq	0, cr0, [r0], {-0}
87805b48:	00000c00 	andeq	r0, r0, r0, lsl #24
	...
87805b54:	06000000 	streq	r0, [r0], -r0
87805b58:	60001800 	andvs	r1, r0, r0, lsl #16
87805b5c:	00068001 	andeq	r8, r6, r1
87805b60:	00200018 	eoreq	r0, r0, r8, lsl r0
87805b64:	f0070000 			@ <UNDEFINED> instruction: 0xf0070000
87805b68:	04100808 	ldreq	r0, [r0], #-2056	@ 0xfffff7f8
87805b6c:	08080410 	stmdaeq	r8, {r4, sl}
87805b70:	0000f007 	andeq	pc, r0, r7
87805b74:	04080000 	streq	r0, [r8], #-0
87805b78:	fc1f0408 	ldc2	4, cr0, [pc], {8}
87805b7c:	04000400 	streq	r0, [r0], #-1024	@ 0xfffffc00
87805b80:	00000000 	andeq	r0, r0, r0
87805b84:	0c0e0000 	stceq	0, cr0, [lr], {-0}
87805b88:	24101410 	ldrcs	r1, [r0], #-1040	@ 0xfffffbf0
87805b8c:	84114410 	ldrhi	r4, [r1], #-1040	@ 0xfffffbf0
87805b90:	00000c0e 	andeq	r0, r0, lr, lsl #24
87805b94:	180c0000 	stmdane	ip, {}	@ <UNPREDICTABLE>
87805b98:	04110410 	ldreq	r0, [r1], #-1040	@ 0xfffffbf0
87805b9c:	88120411 	ldmdahi	r2, {r0, r4, sl}
87805ba0:	0000700c 	andeq	r7, r0, ip
87805ba4:	e0000000 	and	r0, r0, r0
87805ba8:	24042003 	strcs	r2, [r4], #-3
87805bac:	fc1f2408 	ldc2	4, cr2, [pc], {8}
87805bb0:	00002400 	andeq	r2, r0, r0, lsl #8
87805bb4:	981f0000 	ldmdals	pc, {}	@ <UNPREDICTABLE>
87805bb8:	04118410 	ldreq	r8, [r1], #-1040	@ 0xfffffbf0
87805bbc:	88100411 	ldmdahi	r0, {r0, r4, sl}
87805bc0:	00007010 	andeq	r7, r0, r0, lsl r0
87805bc4:	f0070000 			@ <UNDEFINED> instruction: 0xf0070000
87805bc8:	04118808 	ldreq	r8, [r1], #-2056	@ 0xfffff7f8
87805bcc:	88180411 	ldmdahi	r8, {r0, r4, sl}
87805bd0:	00007000 	andeq	r7, r0, r0
87805bd4:	001c0000 	andseq	r0, ip, r0
87805bd8:	fc100010 	ldc2	0, cr0, [r0], {16}
87805bdc:	001c0013 	andseq	r0, ip, r3, lsl r0
87805be0:	00000010 	andeq	r0, r0, r0, lsl r0
87805be4:	380e0000 	stmdacc	lr, {}	@ <UNPREDICTABLE>
87805be8:	84104411 	ldrhi	r4, [r0], #-1041	@ 0xfffffbef
87805bec:	44118410 	ldrmi	r8, [r1], #-1040	@ 0xfffffbf0
87805bf0:	0000380e 	andeq	r3, r0, lr, lsl #16
87805bf4:	00070000 	andeq	r0, r7, r0
87805bf8:	44108c08 	ldrmi	r8, [r0], #-3080	@ 0xfffff3f8
87805bfc:	88084410 	stmdahi	r8, {r4, sl, lr}
87805c00:	0000f007 	andeq	pc, r0, r7
87805c04:	00000000 	andeq	r0, r0, r0
87805c08:	0c030000 	stceq	0, cr0, [r3], {-0}
87805c0c:	00000c03 	andeq	r0, r0, r3, lsl #24
	...
87805c18:	06010100 	streq	r0, [r1], -r0, lsl #2
	...
87805c24:	80000000 	andhi	r0, r0, r0
87805c28:	20024001 	andcs	r4, r2, r1
87805c2c:	08081004 	stmdaeq	r8, {r2, ip}
87805c30:	00000410 	andeq	r0, r0, r0, lsl r4
87805c34:	20022002 	andcs	r2, r2, r2
87805c38:	20022002 	andcs	r2, r2, r2
87805c3c:	20022002 	andcs	r2, r2, r2
87805c40:	00002002 	andeq	r2, r0, r2
87805c44:	04100000 	ldreq	r0, [r0], #-0
87805c48:	10040808 	andne	r0, r4, r8, lsl #16
87805c4c:	40012002 	andmi	r2, r1, r2
87805c50:	00008000 	andeq	r8, r0, r0
87805c54:	000e0000 	andeq	r0, lr, r0
87805c58:	0c100012 	ldceq	0, cr0, [r0], {18}
87805c5c:	80106c10 	andshi	r6, r0, r0, lsl ip
87805c60:	0000000f 	andeq	r0, r0, pc
87805c64:	180ce003 	stmdane	ip, {r0, r1, sp, lr, pc}
87805c68:	2414e413 	ldrcs	lr, [r4], #-1043	@ 0xfffffbed
87805c6c:	2808c417 	stmdacs	r8, {r0, r1, r2, r4, sl, lr, pc}
87805c70:	0000d007 	andeq	sp, r0, r7
87805c74:	3c000400 	stccc	4, cr0, [r0], {-0}
87805c78:	401cc403 	andsmi	ip, ip, r3, lsl #8
87805c7c:	e4004007 	str	r4, [r0], #-7
87805c80:	04001c00 	streq	r1, [r0], #-3072	@ 0xfffff400
87805c84:	fc1f0410 	ldc2	4, cr0, [pc], {16}
87805c88:	04110411 	ldreq	r0, [r1], #-1041	@ 0xfffffbef
87805c8c:	880e0411 	stmdahi	lr, {r0, r4, sl}
87805c90:	00007000 	andeq	r7, r0, r0
87805c94:	180ce003 	stmdane	ip, {r0, r1, sp, lr, pc}
87805c98:	04100410 	ldreq	r0, [r0], #-1040	@ 0xfffffbf0
87805c9c:	08100410 	ldmdaeq	r0, {r4, sl}
87805ca0:	0000101c 	andeq	r1, r0, ip, lsl r0
87805ca4:	fc1f0410 	ldc2	4, cr0, [pc], {16}
87805ca8:	04100410 	ldreq	r0, [r0], #-1040	@ 0xfffffbf0
87805cac:	08080410 	stmdaeq	r8, {r4, sl}
87805cb0:	0000f007 	andeq	pc, r0, r7
87805cb4:	fc1f0410 	ldc2	4, cr0, [pc], {16}
87805cb8:	04110411 	ldreq	r0, [r1], #-1041	@ 0xfffffbef
87805cbc:	0410c417 	ldreq	ip, [r0], #-1047	@ 0xfffffbe9
87805cc0:	00001808 	andeq	r1, r0, r8, lsl #16
87805cc4:	fc1f0410 	ldc2	4, cr0, [pc], {16}
87805cc8:	00110411 	andseq	r0, r1, r1, lsl r4
87805ccc:	0010c017 	andseq	ip, r0, r7, lsl r0
87805cd0:	00000008 	andeq	r0, r0, r8
87805cd4:	180ce003 	stmdane	ip, {r0, r1, sp, lr, pc}
87805cd8:	04100410 	ldreq	r0, [r0], #-1040	@ 0xfffffbf0
87805cdc:	781c4410 	ldmdavc	ip, {r4, sl, lr}
87805ce0:	00004000 	andeq	r4, r0, r0
87805ce4:	fc1f0410 	ldc2	4, cr0, [pc], {16}
87805ce8:	80008410 	andhi	r8, r0, r0, lsl r4
87805cec:	84108000 	ldrhi	r8, [r0], #-0
87805cf0:	0410fc1f 	ldreq	pc, [r0], #-3103	@ 0xfffff3e1
87805cf4:	04100000 	ldreq	r0, [r0], #-0
87805cf8:	fc1f0410 	ldc2	4, cr0, [pc], {16}
87805cfc:	04100410 	ldreq	r0, [r0], #-1040	@ 0xfffffbf0
87805d00:	00000000 	andeq	r0, r0, r0
87805d04:	01000300 	mrseq	r0, LR_irq
87805d08:	01100110 	tsteq	r0, r0, lsl r1
87805d0c:	0010fe1f 	andseq	pc, r0, pc, lsl lr	@ <UNPREDICTABLE>
87805d10:	00000010 	andeq	r0, r0, r0, lsl r0
87805d14:	fc1f0410 	ldc2	4, cr0, [pc], {16}
87805d18:	80030411 	andhi	r0, r3, r1, lsl r4
87805d1c:	1c186414 	ldcne	4, cr6, [r8], {20}
87805d20:	00000410 	andeq	r0, r0, r0, lsl r4
87805d24:	fc1f0410 	ldc2	4, cr0, [pc], {16}
87805d28:	04000410 	streq	r0, [r0], #-1040	@ 0xfffffbf0
87805d2c:	04000400 	streq	r0, [r0], #-1024	@ 0xfffffc00
87805d30:	00000c00 	andeq	r0, r0, r0, lsl #24
87805d34:	fc1f0410 	ldc2	4, cr0, [pc], {16}
87805d38:	fc00001f 	stc2	0, cr0, [r0], {31}
87805d3c:	fc1f001f 	ldc2	0, cr0, [pc], {31}
87805d40:	00000410 	andeq	r0, r0, r0, lsl r4
87805d44:	fc1f0410 	ldc2	4, cr0, [pc], {16}
87805d48:	0003040c 	andeq	r0, r3, ip, lsl #8
87805d4c:	1810e000 	ldmdane	r0, {sp, lr, pc}
87805d50:	0010fc1f 	andseq	pc, r0, pc, lsl ip	@ <UNPREDICTABLE>
87805d54:	0808f007 	stmdaeq	r8, {r0, r1, r2, ip, sp, lr, pc}
87805d58:	04100410 	ldreq	r0, [r0], #-1040	@ 0xfffffbf0
87805d5c:	08080410 	stmdaeq	r8, {r4, sl}
87805d60:	0000f007 	andeq	pc, r0, r7
87805d64:	fc1f0410 	ldc2	4, cr0, [pc], {16}
87805d68:	80108410 	andshi	r8, r0, r0, lsl r4
87805d6c:	80108010 	andshi	r8, r0, r0, lsl r0
87805d70:	0000000f 	andeq	r0, r0, pc
87805d74:	1808f007 	stmdane	r8, {r0, r1, r2, ip, sp, lr, pc}
87805d78:	24102410 	ldrcs	r2, [r0], #-1040	@ 0xfffffbf0
87805d7c:	0a081c10 	beq	87a0cdc4 <__bss_end+0x2021c2>
87805d80:	0000f207 	andeq	pc, r0, r7, lsl #4
87805d84:	fc1f0410 	ldc2	4, cr0, [pc], {16}
87805d88:	00110411 	andseq	r0, r1, r1, lsl r4
87805d8c:	3011c011 	andscc	ip, r1, r1, lsl r0
87805d90:	04000c0e 	streq	r0, [r0], #-3086	@ 0xfffff3f2
87805d94:	1c0e0000 	stcne	0, cr0, [lr], {-0}
87805d98:	84100411 	ldrhi	r0, [r0], #-1041	@ 0xfffffbef
87805d9c:	44108410 	ldrmi	r8, [r0], #-1040	@ 0xfffffbf0
87805da0:	0000381c 	andeq	r3, r0, ip, lsl r8
87805da4:	00100018 	andseq	r0, r0, r8, lsl r0
87805da8:	fc1f0410 	ldc2	4, cr0, [pc], {16}
87805dac:	00100410 	andseq	r0, r0, r0, lsl r4
87805db0:	00000018 	andeq	r0, r0, r8, lsl r0
87805db4:	f81f0010 			@ <UNDEFINED> instruction: 0xf81f0010
87805db8:	04000410 	streq	r0, [r0], #-1040	@ 0xfffffbf0
87805dbc:	04100400 	ldreq	r0, [r0], #-1024	@ 0xfffffc00
87805dc0:	0010f81f 	andseq	pc, r0, pc, lsl r8	@ <UNPREDICTABLE>
87805dc4:	001e0010 	andseq	r0, lr, r0, lsl r0
87805dc8:	1c00e011 	stcne	0, cr14, [r0], {17}
87805dcc:	80137000 	andshi	r7, r3, r0
87805dd0:	0010001c 	andseq	r0, r0, ip, lsl r0
87805dd4:	3c10c01f 	ldccc	0, cr12, [r0], {31}
87805dd8:	001fe000 	andseq	lr, pc, r0
87805ddc:	3c10e000 	ldccc	0, cr14, [r0], {-0}
87805de0:	0000c01f 	andeq	ip, r0, pc, lsl r0
87805de4:	0c180410 	ldceq	4, cr0, [r8], {16}
87805de8:	c0013416 	andgt	r3, r1, r6, lsl r4
87805dec:	3416c001 	ldrcc	ip, [r6], #-1
87805df0:	04100c18 	ldreq	r0, [r0], #-3096	@ 0xfffff3e8
87805df4:	001c0010 	andseq	r0, ip, r0, lsl r0
87805df8:	fc000413 	stc2	4, cr0, [r0], {19}
87805dfc:	001c0413 	andseq	r0, ip, r3, lsl r4
87805e00:	00000010 	andeq	r0, r0, r0, lsl r0
87805e04:	1c100408 	ldcne	4, cr0, [r0], {8}
87805e08:	84106410 	ldrhi	r6, [r0], #-1040	@ 0xfffffbf0
87805e0c:	041c0413 	ldreq	r0, [ip], #-1043	@ 0xfffffbed
87805e10:	00001810 	andeq	r1, r0, r0, lsl r8
87805e14:	00000000 	andeq	r0, r0, r0
87805e18:	fe7f0000 	cdp2	0, 7, cr0, cr15, cr0, {0}
87805e1c:	02400240 	subeq	r0, r0, #64, 4
87805e20:	00000240 	andeq	r0, r0, r0, asr #4
87805e24:	00300000 	eorseq	r0, r0, r0
87805e28:	8003000c 	andhi	r0, r3, ip
87805e2c:	1c006000 	stcne	0, cr6, [r0], {-0}
87805e30:	00000300 	andeq	r0, r0, r0, lsl #6
87805e34:	02400000 	subeq	r0, r0, #0
87805e38:	02400240 	subeq	r0, r0, #64, 4
87805e3c:	0000fe7f 	andeq	pc, r0, pc, ror lr	@ <UNPREDICTABLE>
	...
87805e48:	00400020 	subeq	r0, r0, r0, lsr #32
87805e4c:	00400040 	subeq	r0, r0, r0, asr #32
87805e50:	00000020 	andeq	r0, r0, r0, lsr #32
87805e54:	01000100 	mrseq	r0, (UNDEF: 16)
87805e58:	01000100 	mrseq	r0, (UNDEF: 16)
87805e5c:	01000100 	mrseq	r0, (UNDEF: 16)
87805e60:	01000100 	mrseq	r0, (UNDEF: 16)
87805e64:	00400000 	subeq	r0, r0, r0
87805e68:	00200040 	eoreq	r0, r0, r0, asr #32
	...
87805e74:	98000000 	stmdals	r0, {}	@ <UNPREDICTABLE>
87805e78:	44012401 	strmi	r2, [r1], #-1025	@ 0xfffffbff
87805e7c:	44014401 	strmi	r4, [r1], #-1025	@ 0xfffffbff
87805e80:	0400fc00 	streq	pc, [r0], #-3072	@ 0xfffff400
87805e84:	fc1f0010 	ldc2	0, cr0, [pc], {16}
87805e88:	04018800 	streq	r8, [r1], #-2048	@ 0xfffff800
87805e8c:	88000401 	stmdahi	r0, {r0, sl}
87805e90:	00007000 	andeq	r7, r0, r0
87805e94:	70000000 	andvc	r0, r0, r0
87805e98:	04018800 	streq	r8, [r1], #-2048	@ 0xfffff800
87805e9c:	04010401 	streq	r0, [r1], #-1025	@ 0xfffffbff
87805ea0:	00008800 	andeq	r8, r0, r0, lsl #16
87805ea4:	70000000 	andvc	r0, r0, r0
87805ea8:	04018800 	streq	r8, [r1], #-2048	@ 0xfffff800
87805eac:	08110401 	ldmdaeq	r1, {r0, sl}
87805eb0:	0400fc1f 	streq	pc, [r0], #-3103	@ 0xfffff3e1
87805eb4:	f8000000 			@ <UNDEFINED> instruction: 0xf8000000
87805eb8:	44014401 	strmi	r4, [r1], #-1025	@ 0xfffffbff
87805ebc:	44014401 	strmi	r4, [r1], #-1025	@ 0xfffffbff
87805ec0:	0000c800 	andeq	ip, r0, r0, lsl #16
87805ec4:	04010000 	streq	r0, [r1], #-0
87805ec8:	fc0f0401 	stc2	4, cr0, [pc], {1}
87805ecc:	04110411 	ldreq	r0, [r1], #-1041	@ 0xfffffbef
87805ed0:	00180011 	andseq	r0, r8, r1, lsl r0
87805ed4:	d6000000 	strle	r0, [r0], -r0
87805ed8:	29012901 	stmdbcs	r1, {r0, r8, fp, sp}
87805edc:	c9012901 	stmdbgt	r1, {r0, r8, fp, sp}
87805ee0:	00000601 	andeq	r0, r0, r1, lsl #12
87805ee4:	fc1f0410 	ldc2	4, cr0, [pc], {16}
87805ee8:	00018400 	andeq	r8, r1, r0, lsl #8
87805eec:	04010001 	streq	r0, [r1], #-1
87805ef0:	0400fc00 	streq	pc, [r0], #-3072	@ 0xfffff400
87805ef4:	04010000 	streq	r0, [r1], #-0
87805ef8:	fc190419 	ldc2	4, cr0, [r9], {25}
87805efc:	04000400 	streq	r0, [r0], #-1024	@ 0xfffffc00
87805f00:	00000000 	andeq	r0, r0, r0
87805f04:	03000000 	movweq	r0, #0
87805f08:	01010100 	mrseq	r0, (UNDEF: 17)
87805f0c:	fe190119 	mrc2	1, 0, r0, cr9, cr9, {0}
87805f10:	00000000 	andeq	r0, r0, r0
87805f14:	fc1f0410 	ldc2	4, cr0, [pc], {16}
87805f18:	40002400 	andmi	r2, r0, r0, lsl #8
87805f1c:	0c01b401 	stceq	4, cr11, [r1], {1}
87805f20:	00000401 	andeq	r0, r0, r1, lsl #8
87805f24:	04100000 	ldreq	r0, [r0], #-0
87805f28:	fc1f0410 	ldc2	4, cr0, [pc], {16}
87805f2c:	04000400 	streq	r0, [r0], #-1024	@ 0xfffffc00
87805f30:	00000000 	andeq	r0, r0, r0
87805f34:	fc010401 	stc2	4, cr0, [r1], {1}
87805f38:	00010401 	andeq	r0, r1, r1, lsl #8
87805f3c:	0401fc01 	streq	pc, [r1], #-3073	@ 0xfffff3ff
87805f40:	fc000001 	stc2	0, cr0, [r0], {1}
87805f44:	fc010401 	stc2	4, cr0, [r1], {1}
87805f48:	00018400 	andeq	r8, r1, r0, lsl #8
87805f4c:	04010001 	streq	r0, [r1], #-1
87805f50:	0400fc00 	streq	pc, [r0], #-3072	@ 0xfffff400
87805f54:	f8000000 			@ <UNDEFINED> instruction: 0xf8000000
87805f58:	04010401 	streq	r0, [r1], #-1025	@ 0xfffffbff
87805f5c:	04010401 	streq	r0, [r1], #-1025	@ 0xfffffbff
87805f60:	0000f800 	andeq	pc, r0, r0, lsl #16
87805f64:	ff010101 			@ <UNDEFINED> instruction: 0xff010101
87805f68:	04018500 	streq	r8, [r1], #-1280	@ 0xfffffb00
87805f6c:	88000401 	stmdahi	r0, {r0, sl}
87805f70:	00007000 	andeq	r7, r0, r0
87805f74:	70000000 	andvc	r0, r0, r0
87805f78:	04018800 	streq	r8, [r1], #-2048	@ 0xfffff800
87805f7c:	05010401 	streq	r0, [r1, #-1025]	@ 0xfffffbff
87805f80:	0100ff01 	tstpeq	r0, r1, lsl #30	@ p-variant is OBSOLETE
87805f84:	04010401 	streq	r0, [r1], #-1025	@ 0xfffffbff
87805f88:	8400fc01 	strhi	pc, [r0], #-3073	@ 0xfffff3ff
87805f8c:	00010401 	andeq	r0, r1, r1, lsl #8
87805f90:	00008001 	andeq	r8, r0, r1
87805f94:	cc000000 	stcgt	0, cr0, [r0], {-0}
87805f98:	24012401 	strcs	r2, [r1], #-1025	@ 0xfffffbff
87805f9c:	24012401 	strcs	r2, [r1], #-1025	@ 0xfffffbff
87805fa0:	00009801 	andeq	r9, r0, r1, lsl #16
87805fa4:	00010000 	andeq	r0, r1, r0
87805fa8:	f8070001 			@ <UNDEFINED> instruction: 0xf8070001
87805fac:	04010401 	streq	r0, [r1], #-1025	@ 0xfffffbff
87805fb0:	00000000 	andeq	r0, r0, r0
87805fb4:	f8010001 			@ <UNDEFINED> instruction: 0xf8010001
87805fb8:	04000400 	streq	r0, [r0], #-1024	@ 0xfffffc00
87805fbc:	08010400 	stmdaeq	r1, {sl}
87805fc0:	0400fc01 	streq	pc, [r0], #-3073	@ 0xfffff3ff
87805fc4:	80010001 	andhi	r0, r1, r1
87805fc8:	0c007001 	stceq	0, cr7, [r0], {1}
87805fcc:	60011000 	andvs	r1, r1, r0
87805fd0:	00018001 	andeq	r8, r1, r1
87805fd4:	0c01f001 	stceq	0, cr15, [r1], {1}
87805fd8:	c0013000 	andgt	r3, r1, r0
87805fdc:	0c013000 	stceq	0, cr3, [r1], {-0}
87805fe0:	0001f001 	andeq	pc, r1, r1
87805fe4:	04010000 	streq	r0, [r1], #-0
87805fe8:	74008c01 	strvc	r8, [r0], #-3073	@ 0xfffff3ff
87805fec:	8c017001 	stchi	0, cr7, [r1], {1}
87805ff0:	00000401 	andeq	r0, r0, r1, lsl #8
87805ff4:	81010101 	tsthi	r1, r1, lsl #2
87805ff8:	0e007101 	cdpeq	1, 0, cr7, cr0, cr1, {0}
87805ffc:	60011800 	andvs	r1, r1, r0, lsl #16
87806000:	00018001 	andeq	r8, r1, r1
87806004:	84010000 	strhi	r0, [r1], #-0
87806008:	34010c01 	strcc	r0, [r1], #-3073	@ 0xfffff3ff
8780600c:	84014401 	strhi	r4, [r1], #-1025	@ 0xfffffbff
87806010:	00000c01 	andeq	r0, r0, r1, lsl #24
	...
8780601c:	fc3e0001 	ldc2	0, cr0, [lr], #-4
87806020:	02400240 	subeq	r0, r0, #64, 4
	...
8780602c:	0000ffff 	strdeq	pc, [r0], -pc	@ <UNPREDICTABLE>
87806030:	00000000 	andeq	r0, r0, r0
87806034:	02400000 	subeq	r0, r0, #0
87806038:	fc3e0240 	ldc2	2, cr0, [lr], #-256	@ 0xffffff00
8780603c:	00000001 	andeq	r0, r0, r1
87806040:	00000000 	andeq	r0, r0, r0
87806044:	00600000 	rsbeq	r0, r0, r0
87806048:	00800080 	addeq	r0, r0, r0, lsl #1
8780604c:	00400040 	subeq	r0, r0, r0, asr #32
87806050:	00200020 	eoreq	r0, r0, r0, lsr #32

87806054 <asc2_2412>:
	...
87806084:	0f000000 	svceq	0x00000000
87806088:	fe0f3880 	vcmla.f16	d3, d31, d0[0], #0
8780608c:	38800f38 	stmcc	r0, {r3, r4, r5, r8, r9, sl, fp}
	...
878060a0:	00010000 	andeq	r0, r1, r0
878060a4:	00000600 	andeq	r0, r0, r0, lsl #12
878060a8:	3800000c 	stmdacc	r0, {r2, r3}
878060ac:	00310000 	eorseq	r0, r1, r0
878060b0:	00000600 	andeq	r0, r0, r0, lsl #12
878060b4:	3800000c 	stmdacc	r0, {r2, r3}
878060b8:	00300000 	eorseq	r0, r0, r0
	...
878060c4:	67008061 	strvs	r8, [r0, -r1, rrx]
878060c8:	80f907f8 	ldrshthi	r0, [r9], #120	@ 0x78
878060cc:	00806100 	addeq	r6, r0, r0, lsl #2
878060d0:	61008061 	tstvs	r0, r1, rrx
878060d4:	80610080 	rsbhi	r0, r1, r0, lsl #1
878060d8:	07f86700 	ldrbeq	r6, [r8, r0, lsl #14]!
878060dc:	610080f9 	strdvs	r8, [r0, -r9]
878060e0:	00000080 	andeq	r0, r0, r0, lsl #1
878060e4:	00000000 	andeq	r0, r0, r0
878060e8:	c0010000 	andgt	r0, r1, r0
878060ec:	f0e003e0 			@ <UNDEFINED> instruction: 0xf0e003e0
878060f0:	04083006 	streq	r3, [r8], #-6
878060f4:	ff1f0818 			@ <UNDEFINED> instruction: 0xff1f0818
878060f8:	080e04fe 	stmdaeq	lr, {r1, r2, r3, r4, r5, r6, r7, sl}
878060fc:	03f08707 	mvnseq	r8, #1835008	@ 0x1c0000
87806100:	0000e081 	andeq	lr, r0, r1, lsl #1
87806104:	00000000 	andeq	r0, r0, r0
87806108:	0600f001 	streq	pc, [r0], -r1
8780610c:	0404000c 	streq	r0, [r4], #-12
87806110:	700c0608 	andvc	r0, ip, r8, lsl #12
87806114:	00c0f901 	sbceq	pc, r0, r1, lsl #18
87806118:	3b00000e 	blcc	87806158 <asc2_2412+0x104>
8780611c:	18ec00e0 	stmiane	ip!, {r5, r6, r7}^
87806120:	04080807 	streq	r0, [r8], #-2055	@ 0xfffff7f9
87806124:	0300180c 	movweq	r1, #2060	@ 0x80c
87806128:	000000e0 	andeq	r0, r0, r0, ror #1
8780612c:	00e00100 	rsceq	r0, r0, r0, lsl #2
87806130:	f803f007 			@ <UNDEFINED> instruction: 0xf803f007
87806134:	081c0418 	ldmdaeq	ip, {r3, r4, sl}
87806138:	07081704 	streq	r1, [r8, -r4, lsl #14]
8780613c:	c003d0e1 	andgt	sp, r3, r1, ror #1
87806140:	b02300e0 	eorlt	r0, r3, r0, ror #1
87806144:	00083c00 	andeq	r3, r8, r0, lsl #24
87806148:	00000820 	andeq	r0, r0, r0, lsr #16
8780614c:	00000010 	andeq	r0, r0, r0, lsl r0
87806150:	01000000 	mrseq	r0, (UNDEF: 0)
87806154:	00310000 	eorseq	r0, r1, r0
87806158:	00003200 	andeq	r3, r0, r0, lsl #4
8780615c:	0000001c 	andeq	r0, r0, ip, lsl r0
	...
87806184:	ff01007f 			@ <UNDEFINED> instruction: 0xff01007f
87806188:	f08007c0 			@ <UNDEFINED> instruction: 0xf08007c0
8780618c:	1018000c 	andsne	r0, r8, ip
87806190:	00200400 	eoreq	r0, r0, r0, lsl #8
87806194:	00000002 	andeq	r0, r0, r2
87806198:	20000000 	andcs	r0, r0, r0
8780619c:	00100200 	andseq	r0, r0, r0, lsl #4
878061a0:	18000c04 	stmdane	r0, {r2, sl, fp}
878061a4:	01f08007 	mvnseq	r8, r7
878061a8:	7f00c0ff 	svcvc	0x0000c0ff
	...
878061c0:	66000042 	strvs	r0, [r0], -r2, asr #32
878061c4:	00660000 	rsbeq	r0, r6, r0
878061c8:	00003c00 	andeq	r3, r0, r0, lsl #24
878061cc:	ff030018 			@ <UNDEFINED> instruction: 0xff030018
878061d0:	001800c0 	andseq	r0, r8, r0, asr #1
878061d4:	00003c00 	andeq	r3, r0, r0, lsl #24
878061d8:	66000066 	strvs	r0, [r0], -r6, rrx
878061dc:	00420000 	subeq	r0, r2, r0
878061e0:	00000000 	andeq	r0, r0, r0
878061e4:	08000008 	stmdaeq	r0, {r3}
878061e8:	00080000 	andeq	r0, r8, r0
878061ec:	00000800 	andeq	r0, r0, r0, lsl #16
878061f0:	ff010008 			@ <UNDEFINED> instruction: 0xff010008
878061f4:	000800c0 	andeq	r0, r8, r0, asr #1
878061f8:	00000800 	andeq	r0, r0, r0, lsl #16
878061fc:	08000008 	stmdaeq	r0, {r3}
87806200:	00080000 	andeq	r0, r8, r0
87806204:	00000000 	andeq	r0, r0, r0
87806208:	00000100 	andeq	r0, r0, r0, lsl #2
8780620c:	32000031 	andcc	r0, r0, #49	@ 0x31
87806210:	001c0000 	andseq	r0, ip, r0
	...
8780622c:	08000008 	stmdaeq	r0, {r3}
87806230:	00080000 	andeq	r0, r8, r0
87806234:	00000800 	andeq	r0, r0, r0, lsl #16
87806238:	08000008 	stmdaeq	r0, {r3}
8780623c:	00080000 	andeq	r0, r8, r0
87806240:	00000800 	andeq	r0, r0, r0, lsl #16
87806244:	08000008 	stmdaeq	r0, {r3}
	...
87806254:	38000038 	stmdacc	r0, {r3, r4, r5}
87806258:	00380000 	eorseq	r0, r8, r0
	...
87806274:	00000600 	andeq	r0, r0, r0, lsl #12
87806278:	7000001c 	andvc	r0, r0, ip, lsl r0
8780627c:	00800100 	addeq	r0, r0, r0, lsl #2
87806280:	3800000e 	stmdacc	r0, {r1, r2, r3}
87806284:	00c00000 	sbceq	r0, r0, r0
87806288:	1c000007 	stcne	0, cr0, [r0], {7}
8780628c:	00300000 	eorseq	r0, r0, r0
	...
87806298:	ff01807f 			@ <UNDEFINED> instruction: 0xff01807f
8780629c:	708003e0 	addvc	r0, r0, r0, ror #7
878062a0:	04180006 	ldreq	r0, [r8], #-6
878062a4:	00040800 	andeq	r0, r4, r0, lsl #16
878062a8:	18000608 	stmdane	r0, {r3, r9, sl}
878062ac:	01708003 	cmneq	r0, r3
878062b0:	7f00e0ff 	svcvc	0x0000e0ff
878062b4:	00000080 	andeq	r0, r0, r0, lsl #1
878062b8:	00000000 	andeq	r0, r0, r0
878062bc:	00010000 	andeq	r0, r1, r0
878062c0:	08000108 	stmdaeq	r0, {r3, r8}
878062c4:	03080001 	movweq	r0, #32769	@ 0x8001
878062c8:	ff07f8ff 			@ <UNDEFINED> instruction: 0xff07f8ff
878062cc:	080000f8 	stmdaeq	r0, {r3, r4, r5, r6, r7}
878062d0:	00080000 	andeq	r0, r8, r0
878062d4:	00000800 	andeq	r0, r0, r0, lsl #16
878062d8:	00000000 	andeq	r0, r0, r0
878062dc:	01000000 	mrseq	r0, (UNDEF: 0)
878062e0:	c00238c0 	andgt	r3, r2, r0, asr #17
878062e4:	98000458 	stmdals	r0, {r3, r4, r6, sl}
878062e8:	04180104 	ldreq	r0, [r8], #-260	@ 0xfffffefc
878062ec:	04041802 	streq	r1, [r4], #-2050	@ 0xfffff7fe
878062f0:	181c0618 	ldmdane	ip, {r3, r4, r9, sl}
878062f4:	0118f803 	tstpeq	r8, r3, lsl #16	@ p-variant is OBSOLETE
878062f8:	0000f8e0 	andeq	pc, r0, r0, ror #17
878062fc:	00000000 	andeq	r0, r0, r0
87806300:	01000000 	mrseq	r0, (UNDEF: 0)
87806304:	c003e0c0 	andgt	lr, r3, r0, asr #1
87806308:	080004f0 	stmdaeq	r0, {r4, r5, r6, r7, sl}
8780630c:	04080804 	streq	r0, [r8], #-2052	@ 0xfffff7fc
87806310:	18060808 	stmdane	r6, {r3, fp}
87806314:	18f40308 	ldmne	r4!, {r3, r8, r9}^
87806318:	00f0e701 	rscseq	lr, r0, r1, lsl #14
8780631c:	0000e001 	andeq	lr, r0, r1
	...
87806328:	0d000003 	stceq	0, cr0, [r0, #-12]
8780632c:	00110000 	andseq	r0, r1, r0
87806330:	00006100 	andeq	r6, r0, r0, lsl #2
87806334:	01030881 	smlabbeq	r3, r1, r8, r0
87806338:	f8ff0708 			@ <UNDEFINED> instruction: 0xf8ff0708
8780633c:	00f8ff0f 	rscseq	pc, r8, pc, lsl #30
87806340:	01000801 	tsteq	r0, r1, lsl #16
87806344:	00000008 	andeq	r0, r0, r8
87806348:	00000000 	andeq	r0, r0, r0
8780634c:	fc07e000 	stc2	0, cr14, [r7], {-0}
87806350:	080806d0 	stmdaeq	r8, {r4, r6, r7, r9, sl}
87806354:	06081006 	streq	r1, [r8], -r6
87806358:	10060810 	andne	r0, r6, r0, lsl r8
8780635c:	38180608 	ldmdacc	r8, {r3, r9, sl}
87806360:	06f00f06 	ldrbteq	r0, [r0], r6, lsl #30
87806364:	0000c007 	andeq	ip, r0, r7
	...
87806370:	ff01803f 			@ <UNDEFINED> instruction: 0xff01803f
87806374:	308403e0 	addcc	r0, r4, r0, ror #7
87806378:	04180802 	ldreq	r0, [r8], #-2050	@ 0xfffff7fe
8780637c:	10040810 	andne	r0, r4, r0, lsl r8
87806380:	08100408 	ldmdaeq	r0, {r3, sl}
87806384:	03101807 	tsteq	r0, #458752	@ 0x70000
87806388:	0700f00f 	streq	pc, [r0, -pc]
8780638c:	000000c0 	andeq	r0, r0, r0, asr #1
87806390:	00000000 	andeq	r0, r0, r0
87806394:	c0030000 	andgt	r0, r3, r0
87806398:	00000700 	andeq	r0, r0, r0, lsl #14
8780639c:	06000006 	streq	r0, [r0], -r6
878063a0:	0706f800 	streq	pc, [r6, -r0, lsl #16]
878063a4:	001806f8 			@ <UNDEFINED> instruction: 0x001806f8
878063a8:	0700e006 	streq	lr, [r0, -r6]
878063ac:	00060000 	andeq	r0, r6, r0
878063b0:	00000000 	andeq	r0, r0, r0
878063b4:	01000000 	mrseq	r0, (UNDEF: 0)
878063b8:	f703e0e1 			@ <UNDEFINED> instruction: 0xf703e0e1
878063bc:	103406f0 	ldrshtne	r0, [r4], -r0
878063c0:	04081804 	streq	r1, [r8], #-2052	@ 0xfffff7fc
878063c4:	0c040818 	stceq	8, cr0, [r4], {24}
878063c8:	080c0408 	stmdaeq	ip, {r3, sl}
878063cc:	03181606 	tsteq	r8, #6291456	@ 0x600000
878063d0:	c101f0f3 	strdgt	pc, [r1, -r3]
878063d4:	000000e0 	andeq	r0, r0, r0, ror #1
878063d8:	00000000 	andeq	r0, r0, r0
878063dc:	fc0300f8 	stc2	0, cr0, [r3], {248}	@ 0xf8
878063e0:	38060330 	stmdacc	r6, {r4, r5, r8, r9}
878063e4:	04080204 	streq	r0, [r8], #-516	@ 0xfffffdfc
878063e8:	02040802 	andeq	r0, r4, #131072	@ 0x20000
878063ec:	10040408 	andne	r0, r4, r8, lsl #8
878063f0:	01f00803 	mvnseq	r0, r3, lsl #16
878063f4:	7f00c0ff 	svcvc	0x0000c0ff
	...
8780640c:	70003870 	andvc	r3, r0, r0, ror r8
87806410:	38700038 	ldmdacc	r0!, {r3, r4, r5}^
	...
87806430:	30001a30 	andcc	r1, r0, r0, lsr sl
87806434:	0000001c 	andeq	r0, r0, ip, lsl r0
	...
87806448:	08000000 	stmdaeq	r0, {}	@ <UNPREDICTABLE>
8780644c:	00140000 	andseq	r0, r4, r0
87806450:	00002200 	andeq	r2, r0, r0, lsl #4
87806454:	80000041 	andhi	r0, r0, r1, asr #32
87806458:	40000180 	andmi	r0, r0, r0, lsl #3
8780645c:	04200002 	strteq	r0, [r0], #-2
87806460:	00081000 	andeq	r1, r8, r0
87806464:	00000008 	andeq	r0, r0, r8
87806468:	00000000 	andeq	r0, r0, r0
8780646c:	21000021 	tstcs	r0, r1, lsr #32
87806470:	00210000 	eoreq	r0, r1, r0
87806474:	00002100 	andeq	r2, r0, r0, lsl #2
87806478:	21000021 	tstcs	r0, r1, lsr #32
8780647c:	00210000 	eoreq	r0, r1, r0
87806480:	00002100 	andeq	r2, r0, r0, lsl #2
87806484:	21000021 	tstcs	r0, r1, lsr #32
	...
87806490:	00080000 	andeq	r0, r8, r0
87806494:	10000408 	andne	r0, r0, r8, lsl #8
87806498:	01200002 			@ <UNDEFINED> instruction: 0x01200002
8780649c:	80004000 	andhi	r4, r0, r0
878064a0:	00410080 	subeq	r0, r1, r0, lsl #1
878064a4:	00002200 	andeq	r2, r0, r0, lsl #4
878064a8:	08000014 	stmdaeq	r0, {r2, r4}
878064ac:	00000000 	andeq	r0, r0, r0
878064b0:	03000000 	movweq	r0, #0
878064b4:	c00400c0 	andgt	r0, r4, r0, asr #1
878064b8:	00000400 	andeq	r0, r0, r0, lsl #8
878064bc:	08380008 	ldmdaeq	r8!, {r3}
878064c0:	0808380f 	stmdaeq	r8, {r0, r1, r2, r3, fp, ip, sp}
878064c4:	00100838 	andseq	r0, r0, r8, lsr r8
878064c8:	0700300c 	streq	r3, [r0, -ip]
878064cc:	c00300e0 	andgt	r0, r3, r0, ror #1
	...
878064d8:	ff00803f 			@ <UNDEFINED> instruction: 0xff00803f
878064dc:	708003e0 	addvc	r0, r0, r0, ror #7
878064e0:	06100f02 	ldreq	r0, [r0], -r2, lsl #30
878064e4:	c0048870 	andgt	r8, r4, r0, ror r8
878064e8:	08830488 	stmeq	r3, {r3, r7, sl}
878064ec:	02887f04 	addeq	r7, r8, #4, 30
878064f0:	010390c0 	smlabteq	r3, r0, r0, r9
878064f4:	40fe0020 	rscsmi	r0, lr, r0, lsr #32
878064f8:	00080000 	andeq	r0, r8, r0
878064fc:	01001800 	tsteq	r0, r0, lsl #16
87806500:	083e00f8 	ldmdaeq	lr!, {r3, r4, r5, r6, r7}
87806504:	0700c201 	streq	ip, [r0, -r1, lsl #4]
87806508:	e2070002 	and	r0, r7, #2
8780650c:	00fe0000 	rscseq	r0, lr, r0
87806510:	00c81f00 	sbceq	r1, r8, r0, lsl #30
87806514:	0000f801 	andeq	pc, r0, r1, lsl #16
87806518:	08000038 	stmdaeq	r0, {r3, r4, r5}
8780651c:	07080004 	streq	r0, [r8, -r4]
87806520:	ff07f8ff 			@ <UNDEFINED> instruction: 0xff07f8ff
87806524:	080804f8 	stmdaeq	r8, {r3, r4, r5, r6, r7, sl}
87806528:	04080804 	streq	r0, [r8], #-2052	@ 0xfffff7fc
8780652c:	08040808 	stmdaeq	r4, {r3, fp}
87806530:	08180608 	ldmdaeq	r8, {r3, r9, sl}
87806534:	0118f403 	tstpeq	r8, r3, lsl #8	@ p-variant is OBSOLETE
87806538:	0100f0e7 	smlatteq	r0, r7, r0, pc	@ <UNPREDICTABLE>
8780653c:	000000e0 	andeq	r0, r0, r0, ror #1
87806540:	00000000 	andeq	r0, r0, r0
87806544:	ff01803f 			@ <UNDEFINED> instruction: 0xff01803f
87806548:	708003e0 	addvc	r0, r0, r0, ror #7
8780654c:	04180002 	ldreq	r0, [r8], #-2
87806550:	00040800 	andeq	r0, r4, r0, lsl #16
87806554:	08000408 	stmdaeq	r0, {r3, sl}
87806558:	06100004 	ldreq	r0, [r0], -r4
8780655c:	80072000 	andhi	r2, r7, r0
87806560:	000000c0 	andeq	r0, r0, r0, asr #1
87806564:	07080004 	streq	r0, [r8, -r4]
87806568:	ff07f8ff 			@ <UNDEFINED> instruction: 0xff07f8ff
8780656c:	080004f8 	stmdaeq	r0, {r3, r4, r5, r6, r7, sl}
87806570:	04080004 	streq	r0, [r8], #-4
87806574:	00040800 	andeq	r0, r4, r0, lsl #16
87806578:	10000218 	andne	r0, r0, r8, lsl r2
8780657c:	01708003 	cmneq	r0, r3
87806580:	7f00e0ff 	svcvc	0x0000e0ff
87806584:	00000080 	andeq	r0, r0, r0, lsl #1
87806588:	07080004 	streq	r0, [r8, -r4]
8780658c:	ff07f8ff 			@ <UNDEFINED> instruction: 0xff07f8ff
87806590:	080804f8 	stmdaeq	r8, {r3, r4, r5, r6, r7, sl}
87806594:	04080804 	streq	r0, [r8], #-2052	@ 0xfffff7fc
87806598:	08040808 	stmdaeq	r4, {r3, fp}
8780659c:	083e0408 	ldmdaeq	lr!, {r3, sl}
878065a0:	06080004 	streq	r0, [r8], -r4
878065a4:	00011800 	andeq	r1, r1, r0, lsl #16
878065a8:	00000060 	andeq	r0, r0, r0, rrx
878065ac:	07080004 	streq	r0, [r8, -r4]
878065b0:	ff07f8ff 			@ <UNDEFINED> instruction: 0xff07f8ff
878065b4:	080804f8 	stmdaeq	r8, {r3, r4, r5, r6, r7, sl}
878065b8:	04000804 	streq	r0, [r0], #-2052	@ 0xfffff7fc
878065bc:	08040008 	stmdaeq	r4, {r3}
878065c0:	003e0400 	eorseq	r0, lr, r0, lsl #8
878065c4:	06000006 	streq	r0, [r0], -r6
878065c8:	80010000 	andhi	r0, r1, r0
	...
878065d4:	ff01803f 			@ <UNDEFINED> instruction: 0xff01803f
878065d8:	708003e0 	addvc	r0, r0, r0, ror #7
878065dc:	04180006 	ldreq	r0, [r8], #-6
878065e0:	02040800 	andeq	r0, r4, #0, 16
878065e4:	08020408 	stmdaeq	r2, {r3, sl}
878065e8:	07f00302 	ldrbeq	r0, [r0, r2, lsl #6]!
878065ec:	0200f083 	andeq	pc, r0, #131	@ 0x83
878065f0:	00020000 	andeq	r0, r2, r0
878065f4:	07080004 	streq	r0, [r8, -r4]
878065f8:	ff07f8ff 			@ <UNDEFINED> instruction: 0xff07f8ff
878065fc:	080804f8 	stmdaeq	r8, {r3, r4, r5, r6, r7, sl}
87806600:	00000800 	andeq	r0, r0, r0, lsl #16
87806604:	08000008 	stmdaeq	r0, {r3}
87806608:	00080000 	andeq	r0, r8, r0
8780660c:	07080804 	streq	r0, [r8, -r4, lsl #16]
87806610:	ff07f8ff 			@ <UNDEFINED> instruction: 0xff07f8ff
87806614:	080004f8 	stmdaeq	r0, {r3, r4, r5, r6, r7, sl}
87806618:	00000000 	andeq	r0, r0, r0
8780661c:	00040000 	andeq	r0, r4, r0
87806620:	08000408 	stmdaeq	r0, {r3, sl}
87806624:	07080004 	streq	r0, [r8, -r4]
87806628:	ff07f8ff 			@ <UNDEFINED> instruction: 0xff07f8ff
8780662c:	080004f8 	stmdaeq	r0, {r3, r4, r5, r6, r7, sl}
87806630:	04080004 	streq	r0, [r8], #-4
87806634:	00000800 	andeq	r0, r0, r0, lsl #16
	...
87806640:	00000600 	andeq	r0, r0, r0, lsl #12
87806644:	01000007 	tsteq	r0, r7
87806648:	04010004 	streq	r0, [r1], #-4
8780664c:	00040100 	andeq	r0, r4, r0, lsl #2
87806650:	feff0703 	cdp2	7, 15, cr0, cr15, cr3, {0}
87806654:	04fcff07 	ldrbteq	pc, [ip], #3847	@ 0xf07	@ <UNPREDICTABLE>
87806658:	00040000 	andeq	r0, r4, r0
8780665c:	00000400 	andeq	r0, r0, r0, lsl #8
87806660:	07080004 	streq	r0, [r8, -r4]
87806664:	ff07f8ff 			@ <UNDEFINED> instruction: 0xff07f8ff
87806668:	080c04f8 	stmdaeq	ip, {r3, r4, r5, r6, r7, sl}
8780666c:	00001800 	andeq	r1, r0, r0, lsl #16
87806670:	c704003e 	smladxgt	r4, lr, r0, r0
87806674:	c8030580 	stmdagt	r3, {r7, r8, sl}
87806678:	04f80006 	ldrbteq	r0, [r8], #6
8780667c:	00043800 	andeq	r3, r4, r0, lsl #16
87806680:	08000018 	stmdaeq	r0, {r3, r4}
87806684:	07080004 	streq	r0, [r8, -r4]
87806688:	ff07f8ff 			@ <UNDEFINED> instruction: 0xff07f8ff
8780668c:	080004f8 	stmdaeq	r0, {r3, r4, r5, r6, r7, sl}
87806690:	00080000 	andeq	r0, r8, r0
87806694:	00000800 	andeq	r0, r0, r0, lsl #16
87806698:	08000008 	stmdaeq	r0, {r3}
8780669c:	00080000 	andeq	r0, r8, r0
878066a0:	00001800 	andeq	r1, r0, r0, lsl #16
878066a4:	00000060 	andeq	r0, r0, r0, rrx
878066a8:	07080004 	streq	r0, [r8, -r4]
878066ac:	8007f8ff 	strdhi	pc, [r7], -pc	@ <UNPREDICTABLE>
878066b0:	00fc0708 	rscseq	r0, ip, r8, lsl #14
878066b4:	00c07f00 	sbceq	r7, r0, r0, lsl #30
878066b8:	0700f803 	streq	pc, [r0, -r3, lsl #16]
878066bc:	007800c0 	rsbseq	r0, r8, r0, asr #1
878066c0:	07088007 	streq	r8, [r8, -r7]
878066c4:	ff07f8ff 			@ <UNDEFINED> instruction: 0xff07f8ff
878066c8:	080004f8 	stmdaeq	r0, {r3, r4, r5, r6, r7, sl}
878066cc:	07080004 	streq	r0, [r8, -r4]
878066d0:	0007f8ff 	strdeq	pc, [r7], -pc	@ <UNPREDICTABLE>
878066d4:	00c00308 	sbceq	r0, r0, r8, lsl #6
878066d8:	0000e000 	andeq	lr, r0, r0
878066dc:	1e000038 	mcrne	0, 0, r0, cr0, cr8, {1}
878066e0:	00070000 	andeq	r0, r7, r0
878066e4:	04c00100 	strbeq	r0, [r0], #256	@ 0x100
878066e8:	ff07f000 			@ <UNDEFINED> instruction: 0xff07f000
878066ec:	000004f8 	strdeq	r0, [r0], -r8
878066f0:	00000000 	andeq	r0, r0, r0
878066f4:	ff01807f 			@ <UNDEFINED> instruction: 0xff01807f
878066f8:	708003e0 	addvc	r0, r0, r0, ror #7
878066fc:	04180006 	ldreq	r0, [r8], #-6
87806700:	00040800 	andeq	r0, r4, r0, lsl #16
87806704:	18000608 	stmdane	r0, {r3, r9, sl}
87806708:	01300003 	teqeq	r0, r3
8780670c:	7f00e0ff 	svcvc	0x0000e0ff
87806710:	00000080 	andeq	r0, r0, r0, lsl #1
87806714:	07080004 	streq	r0, [r8, -r4]
87806718:	ff07f8ff 			@ <UNDEFINED> instruction: 0xff07f8ff
8780671c:	080404f8 	stmdaeq	r4, {r3, r4, r5, r6, r7, sl}
87806720:	04000404 	streq	r0, [r0], #-1028	@ 0xfffffbfc
87806724:	04040004 	streq	r0, [r4], #-4
87806728:	00040400 	andeq	r0, r4, r0, lsl #8
8780672c:	03000c06 	movweq	r0, #3078	@ 0xc06
87806730:	f00100f8 			@ <UNDEFINED> instruction: 0xf00100f8
	...
8780673c:	ff01807f 			@ <UNDEFINED> instruction: 0xff01807f
87806740:	708003e0 	addvc	r0, r0, r0, ror #7
87806744:	04880006 	streq	r0, [r8], #6
87806748:	00048800 	andeq	r8, r4, r0, lsl #16
8780674c:	3c0006c8 	stccc	6, cr0, [r0], {200}	@ 0xc8
87806750:	013e0003 	teqeq	lr, r3
87806754:	7f00e6ff 	svcvc	0x0000e6ff
87806758:	00000084 	andeq	r0, r0, r4, lsl #1
8780675c:	07080004 	streq	r0, [r8, -r4]
87806760:	ff07f8ff 			@ <UNDEFINED> instruction: 0xff07f8ff
87806764:	080804f8 	stmdaeq	r8, {r3, r4, r5, r6, r7, sl}
87806768:	04000804 	streq	r0, [r0], #-2052	@ 0xfffff7fc
8780676c:	0f04000c 	svceq	0x0004000c
87806770:	c00b0400 	andgt	r0, fp, r0, lsl #8
87806774:	03f01006 	mvnseq	r1, #6
87806778:	e00138f0 	strd	r3, [r1], -r0
8780677c:	08000008 	stmdaeq	r0, {r3}
87806780:	01000000 	mrseq	r0, (UNDEF: 0)
87806784:	f003f8e0 			@ <UNDEFINED> instruction: 0xf003f8e0
87806788:	10300630 	eorsne	r0, r0, r0, lsr r6
8780678c:	04081804 	streq	r1, [r8], #-2052	@ 0xfffff7fc
87806790:	0c040818 	stceq	8, cr0, [r4], {24}
87806794:	080c0408 	stmdaeq	ip, {r3, sl}
87806798:	02180602 	andseq	r0, r8, #2097152	@ 0x200000
8780679c:	8107f007 	tstphi	r7, r7	@ p-variant is OBSOLETE
878067a0:	000000e0 	andeq	r0, r0, r0, ror #1
878067a4:	06008001 	streq	r8, [r0], -r1
878067a8:	00040000 	andeq	r0, r4, r0
878067ac:	00000400 	andeq	r0, r0, r0, lsl #8
878067b0:	07080004 	streq	r0, [r8, -r4]
878067b4:	ff07f8ff 			@ <UNDEFINED> instruction: 0xff07f8ff
878067b8:	080004f8 	stmdaeq	r0, {r3, r4, r5, r6, r7, sl}
878067bc:	04000004 	streq	r0, [r0], #-4
878067c0:	00060000 	andeq	r0, r6, r0
878067c4:	00800100 	addeq	r0, r0, r0, lsl #2
878067c8:	07000004 	streq	r0, [r0, -r4]
878067cc:	ff07e0ff 			@ <UNDEFINED> instruction: 0xff07e0ff
878067d0:	180004f0 	stmdane	r0, {r4, r5, r6, r7, sl}
878067d4:	00080000 	andeq	r0, r8, r0
878067d8:	00000800 	andeq	r0, r0, r0, lsl #16
878067dc:	08000008 	stmdaeq	r0, {r3}
878067e0:	04080000 	streq	r0, [r8], #-0
878067e4:	ff071000 			@ <UNDEFINED> instruction: 0xff071000
878067e8:	000004e0 	andeq	r0, r0, r0, ror #9
878067ec:	06000004 	streq	r0, [r0], -r4
878067f0:	e0070000 	and	r0, r7, r0
878067f4:	00fe0700 	rscseq	r0, lr, r0, lsl #14
878067f8:	00e01f04 	rsceq	r1, r0, r4, lsl #30
878067fc:	0000f801 	andeq	pc, r0, r1, lsl #16
87806800:	e0010038 	and	r0, r1, r8, lsr r0
87806804:	07003e04 	streq	r3, [r0, -r4, lsl #28]
87806808:	000600c0 	andeq	r0, r6, r0, asr #1
8780680c:	00000400 	andeq	r0, r0, r0, lsl #8
87806810:	07000004 	streq	r0, [r0, -r4]
87806814:	ff0700e0 			@ <UNDEFINED> instruction: 0xff0700e0
87806818:	f81f04c0 			@ <UNDEFINED> instruction: 0xf81f04c0
8780681c:	07c00700 	strbeq	r0, [r0, r0, lsl #14]
87806820:	ff0700f8 			@ <UNDEFINED> instruction: 0xff0700f8
87806824:	f83f0480 			@ <UNDEFINED> instruction: 0xf83f0480
87806828:	04c00700 	strbeq	r0, [r0], #1792	@ 0x700
8780682c:	000700f8 	strdeq	r0, [r7], -r8
87806830:	00000400 	andeq	r0, r0, r0, lsl #8
87806834:	04000000 	streq	r0, [r0], #-0
87806838:	00060800 	andeq	r0, r6, r0, lsl #16
8780683c:	78c00718 	stmiavc	r0, {r3, r4, r8, r9, sl}^
87806840:	00c8f105 	sbceq	pc, r8, r5, lsl #2
87806844:	1f00003e 	svcne	0x0000003e
87806848:	e8630480 	stmda	r3!, {r7, sl}^
8780684c:	06f88007 	ldrbteq	r8, [r8], r7
87806850:	00041800 	andeq	r1, r4, r0, lsl #16
87806854:	00000008 	andeq	r0, r0, r8
87806858:	06000004 	streq	r0, [r0], -r4
8780685c:	80070000 	andhi	r0, r7, r0
87806860:	08e00700 	stmiaeq	r0!, {r8, r9, sl}^
87806864:	00087c04 	andeq	r7, r8, r4, lsl #24
87806868:	0700f81f 	smuadeq	r0, pc, r8	@ <UNPREDICTABLE>
8780686c:	081800f8 	ldmdaeq	r8, {r3, r4, r5, r6, r7}
87806870:	0708e004 	streq	lr, [r8, -r4]
87806874:	00060000 	andeq	r0, r6, r0
87806878:	00000400 	andeq	r0, r0, r0, lsl #8
8780687c:	01000000 	mrseq	r0, (UNDEF: 0)
87806880:	00060800 	andeq	r0, r6, r0, lsl #16
87806884:	f8000438 			@ <UNDEFINED> instruction: 0xf8000438
87806888:	04e80304 	strbteq	r0, [r8], #772	@ 0x304
8780688c:	7c04080f 	stcvc	8, cr0, [r4], {15}
87806890:	08f00508 	ldmeq	r0!, {r3, r8, sl}^
87806894:	0708c007 	streq	ip, [r8, -r7]
87806898:	00041800 	andeq	r1, r4, r0, lsl #16
8780689c:	00000060 	andeq	r0, r0, r0, rrx
	...
878068ac:	3f000000 	svccc	0x00000000
878068b0:	0020feff 	strdeq	pc, [r0], -pc	@ <UNPREDICTABLE>
878068b4:	02002002 	andeq	r2, r0, #2
878068b8:	20020020 	andcs	r0, r2, r0, lsr #32
878068bc:	00200200 	eoreq	r0, r0, r0, lsl #4
878068c0:	00000002 	andeq	r0, r0, r2
878068c4:	00000000 	andeq	r0, r0, r0
878068c8:	00080000 	andeq	r0, r8, r0
878068cc:	00000700 	andeq	r0, r0, r0, lsl #14
878068d0:	0000c000 	andeq	ip, r0, r0
878068d4:	06000038 			@ <UNDEFINED> instruction: 0x06000038
878068d8:	c0010000 	andgt	r0, r1, r0
878068dc:	00300000 	eorseq	r0, r0, r0
878068e0:	00000e00 	andeq	r0, r0, r0, lsl #28
878068e4:	00000001 	andeq	r0, r0, r1
878068e8:	00000000 	andeq	r0, r0, r0
878068ec:	00200000 	eoreq	r0, r0, r0
878068f0:	02002002 	andeq	r2, r0, #2
878068f4:	20020020 	andcs	r0, r2, r0, lsr #32
878068f8:	00200200 	eoreq	r0, r0, r0, lsl #4
878068fc:	feff3f02 	cdp2	15, 15, cr3, cr15, cr2, {0}
	...
87806914:	00000800 	andeq	r0, r0, r0, lsl #16
87806918:	30000010 	andcc	r0, r0, r0, lsl r0
8780691c:	00200000 	eoreq	r0, r0, r0
87806920:	00003000 	andeq	r3, r0, r0
87806924:	08000010 	stmdaeq	r0, {r4}
	...
87806930:	00010000 	andeq	r0, r1, r0
87806934:	00000100 	andeq	r0, r0, r0, lsl #2
87806938:	01000001 	tsteq	r0, r1
8780693c:	00010000 	andeq	r0, r1, r0
87806940:	00000100 	andeq	r0, r0, r0, lsl #2
87806944:	01000001 	tsteq	r0, r1
87806948:	00010000 	andeq	r0, r1, r0
8780694c:	00000100 	andeq	r0, r0, r0, lsl #2
87806950:	01000001 	tsteq	r0, r1
	...
8780695c:	00002000 	andeq	r2, r0, r0
87806960:	10000020 	andne	r0, r0, r0, lsr #32
87806964:	00100000 	andseq	r0, r0, r0
	...
8780697c:	1900f000 	stmdbne	r0, {ip, sp, lr, pc}
87806980:	181b00f8 	ldmdane	fp, {r3, r4, r5, r6, r7}
87806984:	00082200 	andeq	r2, r8, r0, lsl #4
87806988:	24000826 	strcs	r0, [r0], #-2086	@ 0xfffff7da
8780698c:	10240008 	eorne	r0, r4, r8
87806990:	00f83f00 	rscseq	r3, r8, r0, lsl #30
87806994:	0000f81f 	andeq	pc, r0, pc, lsl r8	@ <UNPREDICTABLE>
87806998:	18000008 	stmdane	r0, {r3}
8780699c:	04000000 	streq	r0, [r0], #-0
878069a0:	ff070000 			@ <UNDEFINED> instruction: 0xff070000
878069a4:	f0ff0ff8 			@ <UNDEFINED> instruction: 0xf0ff0ff8
878069a8:	00181800 	andseq	r1, r8, r0, lsl #16
878069ac:	20000810 	andcs	r0, r0, r0, lsl r8
878069b0:	08200008 	stmdaeq	r0!, {r3}
878069b4:	00183000 	andseq	r3, r8, r0
878069b8:	0f00f01f 	svceq	0x0000f01f
878069bc:	000000c0 	andeq	r0, r0, r0, asr #1
878069c0:	00000000 	andeq	r0, r0, r0
878069c4:	1f00c007 	svcne	0x0000c007
878069c8:	301800f0 	ldrshcc	r0, [r8], -r0	@ <UNPREDICTABLE>
878069cc:	00082000 	andeq	r2, r8, r0
878069d0:	20000820 	andcs	r0, r0, r0, lsr #16
878069d4:	083c0008 	ldmdaeq	ip!, {r3}
878069d8:	00101c00 	andseq	r1, r0, r0, lsl #24
878069dc:	00006000 	andeq	r6, r0, r0
	...
878069e8:	1f00c007 	svcne	0x0000c007
878069ec:	183800f0 	ldmdane	r8!, {r4, r5, r6, r7}
878069f0:	00082000 	andeq	r2, r8, r0
878069f4:	20000820 	andcs	r0, r0, r0, lsr #16
878069f8:	10100408 	andsne	r0, r0, r8, lsl #8
878069fc:	0ff8ff07 	svceq	0x00f8ff07
87806a00:	0000f0ff 	strdeq	pc, [r0], -pc	@ <UNPREDICTABLE>
87806a04:	00000010 	andeq	r0, r0, r0, lsl r0
87806a08:	00000000 	andeq	r0, r0, r0
87806a0c:	07000000 	streq	r0, [r0, -r0]
87806a10:	f01f00c0 			@ <UNDEFINED> instruction: 0xf01f00c0
87806a14:	00301200 	eorseq	r1, r0, r0, lsl #4
87806a18:	22001822 	andcs	r1, r0, #2228224	@ 0x220000
87806a1c:	08220008 	stmdaeq	r2!, {r3}
87806a20:	00083200 	andeq	r3, r8, r0, lsl #4
87806a24:	0e00101e 	mcreq	0, 0, r1, cr0, cr14, {0}
87806a28:	00000020 	andeq	r0, r0, r0, lsr #32
87806a2c:	00000000 	andeq	r0, r0, r0
87806a30:	20000020 	andcs	r0, r0, r0, lsr #32
87806a34:	08200008 	stmdaeq	r0!, {r3}
87806a38:	03f8ff01 	mvnseq	pc, #1, 30
87806a3c:	2006f8ff 	strdcs	pc, [r6], -pc	@ <UNPREDICTABLE>
87806a40:	08200408 	stmdaeq	r0!, {r3, sl}
87806a44:	07082004 	streq	r2, [r8, -r4]
87806a48:	00030020 	andeq	r0, r3, r0, lsr #32
	...
87806a54:	0e000e00 	cdpeq	14, 0, cr0, cr0, cr0, {0}
87806a58:	f31f006e 	vhadd.u16	q0, <illegal reg q7.5>, q15
87806a5c:	00b13100 	adcseq	r3, r1, r0, lsl #2
87806a60:	2000b120 	andcs	fp, r0, r0, lsr #2
87806a64:	913100b1 	ldrhls	r0, [r1, -r1]!
87806a68:	00131f00 	andseq	r1, r3, r0, lsl #30
87806a6c:	20001e2e 	andcs	r1, r0, lr, lsr #28
87806a70:	0030000e 	eorseq	r0, r0, lr
87806a74:	04000000 	streq	r0, [r0], #-0
87806a78:	ff070800 			@ <UNDEFINED> instruction: 0xff070800
87806a7c:	f8ff0ff8 			@ <UNDEFINED> instruction: 0xf8ff0ff8
87806a80:	00081000 	andeq	r1, r8, r0
87806a84:	20000020 	andcs	r0, r0, r0, lsr #32
87806a88:	08200000 	stmdaeq	r0!, {}	@ <UNPREDICTABLE>
87806a8c:	00f83f00 	rscseq	r3, r8, r0, lsl #30
87806a90:	0000f81f 	andeq	pc, r0, pc, lsl r8	@ <UNPREDICTABLE>
87806a94:	00000008 	andeq	r0, r0, r8
87806a98:	00000000 	andeq	r0, r0, r0
87806a9c:	20000000 	andcs	r0, r0, r0
87806aa0:	08200008 	stmdaeq	r0!, {r3}
87806aa4:	06082000 	streq	r2, [r8], -r0
87806aa8:	3f06f83f 	svccc	0x0006f83f
87806aac:	080000f8 	stmdaeq	r0, {r3, r4, r5, r6, r7}
87806ab0:	00080000 	andeq	r0, r8, r0
87806ab4:	00000800 	andeq	r0, r0, r0, lsl #16
	...
87806ac4:	03000003 	movweq	r0, #3
87806ac8:	00012000 	andeq	r2, r1, r0
87806acc:	20000120 	andcs	r0, r0, r0, lsr #2
87806ad0:	fe3f0603 	cdp2	6, 3, cr0, cr15, cr3, {0}
87806ad4:	00fc3f06 	rscseq	r3, ip, r6, lsl #30
	...
87806ae0:	04000000 	streq	r0, [r0], #-0
87806ae4:	ff070800 			@ <UNDEFINED> instruction: 0xff070800
87806ae8:	f8ff0ff8 			@ <UNDEFINED> instruction: 0xf8ff0ff8
87806aec:	00880100 	addeq	r0, r8, r0, lsl #2
87806af0:	2f000003 	svccs	0x00000003
87806af4:	f83800c0 			@ <UNDEFINED> instruction: 0xf83800c0
87806af8:	00382000 	eorseq	r2, r8, r0
87806afc:	00000820 	andeq	r0, r0, r0, lsr #16
87806b00:	00000008 	andeq	r0, r0, r8
87806b04:	00000000 	andeq	r0, r0, r0
87806b08:	00040000 	andeq	r0, r4, r0
87806b0c:	08000408 	stmdaeq	r0, {r3, sl}
87806b10:	07080004 	streq	r0, [r8, -r4]
87806b14:	ff0ff8ff 			@ <UNDEFINED> instruction: 0xff0ff8ff
87806b18:	080000f8 	stmdaeq	r0, {r3, r4, r5, r6, r7}
87806b1c:	00080000 	andeq	r0, r8, r0
87806b20:	00000800 	andeq	r0, r0, r0, lsl #16
87806b24:	00000000 	andeq	r0, r0, r0
87806b28:	00082000 	andeq	r2, r8, r0
87806b2c:	3f00f83f 	svccc	0x0000f83f
87806b30:	081000f8 	ldmdaeq	r0, {r3, r4, r5, r6, r7}
87806b34:	00002000 	andeq	r2, r0, r0
87806b38:	3f00f83f 	svccc	0x0000f83f
87806b3c:	081000f8 	ldmdaeq	r0, {r3, r4, r5, r6, r7}
87806b40:	00002000 	andeq	r2, r0, r0
87806b44:	3f00f83f 	svccc	0x0000f83f
87806b48:	080000f8 	stmdaeq	r0, {r3, r4, r5, r6, r7}
87806b4c:	00000000 	andeq	r0, r0, r0
87806b50:	3f000820 	svccc	0x00000820
87806b54:	f83f00f8 			@ <UNDEFINED> instruction: 0xf83f00f8
87806b58:	00081000 	andeq	r1, r8, r0
87806b5c:	20000010 	andcs	r0, r0, r0, lsl r0
87806b60:	08200000 	stmdaeq	r0!, {}	@ <UNPREDICTABLE>
87806b64:	00f83f00 	rscseq	r3, r8, r0, lsl #30
87806b68:	0000f81f 	andeq	pc, r0, pc, lsl r8	@ <UNPREDICTABLE>
87806b6c:	00000008 	andeq	r0, r0, r8
87806b70:	00000000 	andeq	r0, r0, r0
87806b74:	0f00c007 	svceq	0x0000c007
87806b78:	301800f0 	ldrshcc	r0, [r8], -r0	@ <UNPREDICTABLE>
87806b7c:	00083000 	andeq	r3, r8, r0
87806b80:	20000820 	andcs	r0, r0, r0, lsr #16
87806b84:	08300008 	ldmdaeq	r0!, {r3}
87806b88:	00301800 	eorseq	r1, r0, r0, lsl #16
87806b8c:	0700f00f 	streq	pc, [r0, -pc]
87806b90:	000000c0 	andeq	r0, r0, r0, asr #1
87806b94:	00000000 	andeq	r0, r0, r0
87806b98:	3f000120 	svccc	0x00000120
87806b9c:	ff3f00ff 			@ <UNDEFINED> instruction: 0xff3f00ff
87806ba0:	00111000 	andseq	r1, r1, r0
87806ba4:	20000920 	andcs	r0, r0, r0, lsr #18
87806ba8:	08200008 	stmdaeq	r0!, {r3}
87806bac:	00383000 	eorseq	r3, r8, r0
87806bb0:	0f00f01f 	svceq	0x0000f01f
87806bb4:	000000c0 	andeq	r0, r0, r0, asr #1
87806bb8:	00000000 	andeq	r0, r0, r0
87806bbc:	1f00c007 	svcne	0x0000c007
87806bc0:	183800f0 	ldmdane	r8!, {r4, r5, r6, r7}
87806bc4:	00082000 	andeq	r2, r8, r0
87806bc8:	20000820 	andcs	r0, r0, r0, lsr #16
87806bcc:	11100009 	tstne	r0, r9
87806bd0:	00ff1f00 	rscseq	r1, pc, r0, lsl #30
87806bd4:	0000ff3f 	andeq	pc, r0, pc, lsr pc	@ <UNPREDICTABLE>
87806bd8:	00000001 	andeq	r0, r0, r1
87806bdc:	00082000 	andeq	r2, r8, r0
87806be0:	20000820 	andcs	r0, r0, r0, lsr #16
87806be4:	f83f0008 			@ <UNDEFINED> instruction: 0xf83f0008
87806be8:	00f83f00 	rscseq	r3, r8, r0, lsl #30
87806bec:	10000808 	andne	r0, r0, r8, lsl #16
87806bf0:	08200008 	stmdaeq	r0!, {r3}
87806bf4:	00002000 	andeq	r2, r0, r0
87806bf8:	30000030 	andcc	r0, r0, r0, lsr r0
	...
87806c04:	0c000000 	stceq	0, cr0, [r0], {-0}
87806c08:	181e0078 	ldmdane	lr, {r3, r4, r5, r6}
87806c0c:	00083300 	andeq	r3, r8, r0, lsl #6
87806c10:	21000823 	tstcs	r0, r3, lsr #16
87806c14:	88210008 	stmdahi	r1!, {r3}
87806c18:	00982100 	addseq	r2, r8, r0, lsl #2
87806c1c:	3800f030 	stmdacc	r0, {r4, r5, ip, sp, lr, pc}
87806c20:	00000060 	andeq	r0, r0, r0, rrx
87806c24:	00000000 	andeq	r0, r0, r0
87806c28:	20000020 	andcs	r0, r0, r0, lsr #32
87806c2c:	00200000 	eoreq	r0, r0, r0
87806c30:	03f0ff00 	mvnseq	pc, #0, 30
87806c34:	2000f8ff 	strdcs	pc, [r0], -pc	@ <UNPREDICTABLE>
87806c38:	08200008 	stmdaeq	r0!, {r3}
87806c3c:	00082000 	andeq	r2, r8, r0
87806c40:	00003000 	andeq	r3, r0, r0
	...
87806c4c:	3f000020 	svccc	0x00000020
87806c50:	f87f00f0 			@ <UNDEFINED> instruction: 0xf87f00f0
87806c54:	00180000 	andseq	r0, r8, r0
87806c58:	00000800 	andeq	r0, r0, r0, lsl #16
87806c5c:	10200008 	eorne	r0, r0, r8
87806c60:	00f83f00 	rscseq	r3, r8, r0, lsl #30
87806c64:	0000f07f 	andeq	pc, r0, pc, ror r0	@ <UNPREDICTABLE>
87806c68:	00000010 	andeq	r0, r0, r0, lsl r0
87806c6c:	00000000 	andeq	r0, r0, r0
87806c70:	30000020 	andcc	r0, r0, r0, lsr #32
87806c74:	003c0000 	eorseq	r0, ip, r0
87806c78:	00803f00 	addeq	r3, r0, r0, lsl #30
87806c7c:	0000f023 	andeq	pc, r0, r3, lsr #32
87806c80:	70000078 	andvc	r0, r0, r8, ror r0
87806c84:	00802300 	addeq	r2, r0, r0, lsl #6
87806c88:	3000003c 	andcc	r0, r0, ip, lsr r0
87806c8c:	00200000 	eoreq	r0, r0, r0
87806c90:	00002000 	andeq	r2, r0, r0
87806c94:	3f00003c 	svccc	0x0000003c
87806c98:	f82300e0 			@ <UNDEFINED> instruction: 0xf82300e0
87806c9c:	00e00000 	rsceq	r0, r0, r0
87806ca0:	3e000027 	cdpcc	0, 0, cr0, cr0, cr7, {1}
87806ca4:	e03f0000 	eors	r0, pc, r0
87806ca8:	00f82100 	rscseq	r2, r8, r0, lsl #2
87806cac:	3e00e001 	cdpcc	0, 0, cr14, cr0, cr1, {0}
87806cb0:	00200000 	eoreq	r0, r0, r0
87806cb4:	00000000 	andeq	r0, r0, r0
87806cb8:	20000820 	andcs	r0, r0, r0, lsr #16
87806cbc:	38380008 	ldmdacc	r8!, {r3}
87806cc0:	00683e00 	rsbeq	r3, r8, r0, lsl #28
87806cc4:	03008027 	movweq	r8, #39	@ 0x27
87806cc8:	f82c00c8 			@ <UNDEFINED> instruction: 0xf82c00c8
87806ccc:	00383800 	eorseq	r3, r8, r0, lsl #16
87806cd0:	20001820 	andcs	r1, r0, r0, lsr #16
87806cd4:	00000008 	andeq	r0, r0, r8
87806cd8:	00000000 	andeq	r0, r0, r0
87806cdc:	30000020 	andcc	r0, r0, r0, lsr #32
87806ce0:	013c0003 	teqeq	ip, r3
87806ce4:	00833f00 	addeq	r3, r3, r0, lsl #30
87806ce8:	0000ec23 	andeq	lr, r0, r3, lsr #24
87806cec:	80230070 	eorhi	r0, r3, r0, ror r0
87806cf0:	00003c00 	andeq	r3, r0, r0, lsl #24
87806cf4:	20000020 	andcs	r0, r0, r0, lsr #32
	...
87806d00:	38000000 	stmdacc	r0, {}	@ <UNPREDICTABLE>
87806d04:	38200008 	stmdacc	r0!, {r3}
87806d08:	00f82000 	rscseq	r2, r8, r0
87806d0c:	2f00e823 	svccs	0x0000e823
87806d10:	083e0088 	ldmdaeq	lr!, {r3, r7}
87806d14:	00083800 	andeq	r3, r8, r0, lsl #16
87806d18:	00001820 	andeq	r1, r0, r0, lsr #16
87806d1c:	00000070 	andeq	r0, r0, r0, ror r0
	...
87806d30:	14000008 	strne	r0, [r0], #-8
87806d34:	fcf71f00 	ldc2l	15, cr1, [r7]
87806d38:	20060030 	andcs	r0, r6, r0, lsr r0
87806d3c:	00000200 	andeq	r0, r0, r0, lsl #4
	...
87806d54:	ffff0000 			@ <UNDEFINED> instruction: 0xffff0000
87806d58:	000000ff 	strdeq	r0, [r0], -pc	@ <UNPREDICTABLE>
	...
87806d6c:	00200000 	eoreq	r0, r0, r0
87806d70:	06003002 	streq	r3, [r0], -r2
87806d74:	00fcf71f 	rscseq	pc, ip, pc, lsl r7	@ <UNPREDICTABLE>
87806d78:	08000014 	stmdaeq	r0, {r2, r4}
	...
87806d8c:	18000000 	stmdane	r0, {}	@ <UNPREDICTABLE>
87806d90:	00600000 	rsbeq	r0, r0, r0
87806d94:	00004000 	andeq	r4, r0, r0
87806d98:	20000040 	andcs	r0, r0, r0, asr #32
87806d9c:	00100000 	andseq	r0, r0, r0
87806da0:	00000800 	andeq	r0, r0, r0, lsl #16
87806da4:	04000004 	streq	r0, [r0], #-4
87806da8:	000c0000 	andeq	r0, ip, r0
87806dac:	00001000 	andeq	r1, r0, r0

87806db0 <asc2_3216>:
	...
87806e48:	c000f007 	andgt	pc, r0, r7
87806e4c:	e0e1ff07 	rsc	pc, r1, r7, lsl #30
87806e50:	e001f007 	and	pc, r1, r7
87806e54:	c0000000 	andgt	r0, r0, r0
	...
87806eb8:	00002000 	andeq	r2, r0, r0
87806ebc:	0000c001 	andeq	ip, r0, r1
87806ec0:	00008007 	andeq	r8, r0, r7
87806ec4:	0000001f 	andeq	r0, r0, pc, lsl r0
87806ec8:	0000001e 	andeq	r0, r0, lr, lsl r0
87806ecc:	0000201c 	andeq	r2, r0, ip, lsl r0
87806ed0:	0000c001 	andeq	ip, r0, r1
87806ed4:	00008007 	andeq	r8, r0, r7
87806ed8:	0000001f 	andeq	r0, r0, pc, lsl r0
87806edc:	0000001e 	andeq	r0, r0, lr, lsl r0
87806ee0:	0000001c 	andeq	r0, r0, ip, lsl r0
	...
87806f34:	000c1800 	andeq	r1, ip, r0, lsl #16
87806f38:	000c1800 	andeq	r1, ip, r0, lsl #16
87806f3c:	e00f1800 	and	r1, pc, r0, lsl #16
87806f40:	00fc1f00 	rscseq	r1, ip, r0, lsl #30
87806f44:	000cf803 	andeq	pc, ip, r3, lsl #16
87806f48:	000c1800 	andeq	r1, ip, r0, lsl #16
87806f4c:	000c1800 	andeq	r1, ip, r0, lsl #16
87806f50:	000c1800 	andeq	r1, ip, r0, lsl #16
87806f54:	000c1800 	andeq	r1, ip, r0, lsl #16
87806f58:	e00f1800 	and	r1, pc, r0, lsl #16
87806f5c:	00fc1f00 	rscseq	r1, ip, r0, lsl #30
87806f60:	000cf803 	andeq	pc, ip, r3, lsl #16
87806f64:	000c1800 	andeq	r1, ip, r0, lsl #16
87806f68:	000c1800 	andeq	r1, ip, r0, lsl #16
	...
87806fb8:	80070000 	andhi	r0, r7, r0
87806fbc:	c0077800 	andgt	r7, r7, r0, lsl #16
87806fc0:	4006fc00 	andmi	pc, r6, r0, lsl #24
87806fc4:	20000e01 	andcs	r0, r0, r1, lsl #28
87806fc8:	20000703 	andcs	r0, r0, r3, lsl #14
87806fcc:	20800302 	addcs	r0, r0, r2, lsl #6
87806fd0:	fcffff0f 	ldc2l	15, cr15, [pc], #60	@ 87807014 <asc2_3216+0x264>
87806fd4:	20c00102 	sbccs	r0, r0, r2, lsl #2
87806fd8:	60e00002 	rscvs	r0, r0, r2
87806fdc:	40703001 	rsbsmi	r3, r0, r1
87806fe0:	803ff001 	eorshi	pc, pc, r1
87806fe4:	001ff000 	andseq	pc, pc, r0
	...
87807030:	0000fe00 	andeq	pc, r0, r0, lsl #28
87807034:	0000ff01 	andeq	pc, r0, r1, lsl #30
87807038:	00800103 	addeq	r0, r0, r3, lsl #2
8780703c:	60800002 	addvs	r0, r0, r2
87807040:	c0810103 	addgt	r0, r1, r3, lsl #2
87807044:	0007ff01 	andeq	pc, r7, r1, lsl #30
87807048:	0018fe00 	andseq	pc, r8, r0, lsl #28
8780704c:	00e00000 	rsceq	r0, r0, r0
87807050:	00bf0300 	adcseq	r0, pc, r0, lsl #6
87807054:	c0ff0c00 	rscsgt	r0, pc, r0, lsl #24
87807058:	60807100 	addvs	r7, r0, r0, lsl #2
8780705c:	2000c101 	andcs	ip, r0, r1, lsl #2
87807060:	60800103 	addvs	r0, r0, r3, lsl #2
87807064:	c0ff0000 	rscsgt	r0, pc, r0
87807068:	003f0000 	eorseq	r0, pc, r0
	...
878070b0:	001f0000 	andseq	r0, pc, r0
878070b4:	c07f0000 	rsbsgt	r0, pc, r0
878070b8:	c0c0fc00 	sbcgt	pc, r0, r0, lsl #24
878070bc:	6080ff01 	addvs	pc, r0, r1, lsl #30
878070c0:	20e00303 	rsccs	r0, r0, r3, lsl #6
878070c4:	20780202 	rsbscs	r0, r8, r2, lsl #4
878070c8:	201e0602 	andscs	r0, lr, r2, lsl #12
878070cc:	4007fc03 	andmi	pc, r7, r3, lsl #24
878070d0:	8003f001 	andhi	pc, r3, r1
878070d4:	c0030100 	andgt	r0, r3, r0, lsl #2
878070d8:	601c0100 	andsvs	r0, ip, r0, lsl #2
878070dc:	20e00100 	rsccs	r0, r0, r0, lsl #2
878070e0:	20000100 	andcs	r0, r0, r0, lsl #2
878070e4:	40000100 	andmi	r0, r0, r0, lsl #2
878070e8:	80010000 	andhi	r0, r1, r0
	...
87807134:	00002000 	andeq	r2, r0, r0
87807138:	0000601c 	andeq	r6, r0, ip, lsl r0
8780713c:	0000401c 	andeq	r4, r0, ip, lsl r0
87807140:	0000801f 	andeq	r8, r0, pc, lsl r0
87807144:	0000000f 	andeq	r0, r0, pc
	...
878071cc:	00f80700 	rscseq	r0, r8, r0, lsl #14
878071d0:	00ff3f00 	rscseq	r3, pc, r0, lsl #30
878071d4:	c0077800 	andgt	r7, r7, r0, lsl #16
878071d8:	e000c001 	and	ip, r0, r1
878071dc:	30000003 	andcc	r0, r0, r3
878071e0:	08000004 	stmdaeq	r0, {r2}
878071e4:	04000008 	streq	r0, [r0], #-8
878071e8:	02000010 	andeq	r0, r0, #16
	...
87807234:	02000010 	andeq	r0, r0, #16
87807238:	04000008 	streq	r0, [r0], #-8
8780723c:	08000004 	stmdaeq	r0, {r2}
87807240:	30000003 	andcc	r0, r0, r3
87807244:	e000c001 	and	ip, r0, r1
87807248:	c0077800 	andgt	r7, r7, r0, lsl #16
8780724c:	00ff3f00 	rscseq	r3, pc, r0, lsl #30
87807250:	00f80700 	rscseq	r0, r8, r0, lsl #14
	...
878072b8:	00180c00 	andseq	r0, r8, r0, lsl #24
878072bc:	00380e00 	eorseq	r0, r8, r0, lsl #28
878072c0:	00380e00 	eorseq	r0, r8, r0, lsl #28
878072c4:	00300600 	eorseq	r0, r0, r0, lsl #12
878072c8:	00600300 	rsbeq	r0, r0, r0, lsl #6
878072cc:	80436100 	subhi	r6, r3, r0, lsl #2
878072d0:	80ffff00 	rscshi	pc, pc, r0, lsl #30
878072d4:	00436100 	subeq	r6, r3, r0, lsl #2
878072d8:	00600300 	rsbeq	r0, r0, r0, lsl #6
878072dc:	00300600 	eorseq	r0, r0, r0, lsl #12
878072e0:	00380e00 	eorseq	r0, r8, r0, lsl #28
878072e4:	00380e00 	eorseq	r0, r8, r0, lsl #28
878072e8:	00180c00 	andseq	r0, r8, r0, lsl #24
	...
87807338:	00800000 	addeq	r0, r0, r0
8780733c:	00800000 	addeq	r0, r0, r0
87807340:	00800000 	addeq	r0, r0, r0
87807344:	00800000 	addeq	r0, r0, r0
87807348:	00800000 	addeq	r0, r0, r0
8780734c:	00800000 	addeq	r0, r0, r0
87807350:	00ff7f00 	rscseq	r7, pc, r0, lsl #30
87807354:	00800000 	addeq	r0, r0, r0
87807358:	00800000 	addeq	r0, r0, r0
8780735c:	00800000 	addeq	r0, r0, r0
87807360:	00800000 	addeq	r0, r0, r0
87807364:	00800000 	addeq	r0, r0, r0
87807368:	00800000 	addeq	r0, r0, r0
	...
878073b4:	01000000 	mrseq	r0, (UNDEF: 0)
878073b8:	e3000000 	movw	r0, #0
878073bc:	e2000000 	and	r0, r0, #0
878073c0:	fc000000 	stc2	0, cr0, [r0], {-0}
878073c4:	78000000 	stmdavc	r0, {}	@ <UNPREDICTABLE>
	...
87807434:	00800000 	addeq	r0, r0, r0
87807438:	00800000 	addeq	r0, r0, r0
8780743c:	00800000 	addeq	r0, r0, r0
87807440:	00800000 	addeq	r0, r0, r0
87807444:	00800000 	addeq	r0, r0, r0
87807448:	00800000 	addeq	r0, r0, r0
8780744c:	00800000 	addeq	r0, r0, r0
87807450:	00800000 	addeq	r0, r0, r0
87807454:	00800000 	addeq	r0, r0, r0
87807458:	00800000 	addeq	r0, r0, r0
8780745c:	00800000 	addeq	r0, r0, r0
87807460:	00800000 	addeq	r0, r0, r0
87807464:	00800000 	addeq	r0, r0, r0
87807468:	00800000 	addeq	r0, r0, r0
	...
878074b8:	c0000000 	andgt	r0, r0, r0
878074bc:	e0010000 	and	r0, r1, r0
878074c0:	e0010000 	and	r0, r1, r0
878074c4:	c0000000 	andgt	r0, r0, r0
	...
87807534:	0c000000 	stceq	0, cr0, [r0], {-0}
87807538:	38000000 	stmdacc	r0, {}	@ <UNPREDICTABLE>
8780753c:	e0000000 	and	r0, r0, r0
87807540:	80030000 	andhi	r0, r3, r0
87807544:	000e0000 	andeq	r0, lr, r0
87807548:	00380000 	eorseq	r0, r8, r0
8780754c:	00e00000 	rsceq	r0, r0, r0
87807550:	00800300 	addeq	r0, r0, r0, lsl #6
87807554:	00000e00 	andeq	r0, r0, r0, lsl #28
87807558:	00003800 	andeq	r3, r0, r0, lsl #16
8780755c:	0000e000 	andeq	lr, r0, r0
87807560:	00008003 	andeq	r8, r0, r3
87807564:	0000000e 	andeq	r0, r0, lr
87807568:	00000018 	andeq	r0, r0, r8, lsl r0
	...
878075b8:	00f80f00 	rscseq	r0, r8, r0, lsl #30
878075bc:	00ff7f00 	rscseq	r7, pc, r0, lsl #30
878075c0:	8007f000 	andhi	pc, r7, r0
878075c4:	c0008001 	andgt	r8, r0, r1
878075c8:	60000003 	andvs	r0, r0, r3
878075cc:	20000002 	andcs	r0, r0, r2
878075d0:	20000002 	andcs	r0, r0, r2
878075d4:	20000002 	andcs	r0, r0, r2
878075d8:	60000003 	andvs	r0, r0, r3
878075dc:	c0008001 	andgt	r8, r0, r1
878075e0:	8003e000 	andhi	lr, r3, r0
878075e4:	00ff7f00 	rscseq	r7, pc, r0, lsl #30
878075e8:	00f80f00 	rscseq	r0, r8, r0, lsl #30
	...
8780763c:	20008000 	andcs	r8, r0, r0
87807640:	20008000 	andcs	r8, r0, r0
87807644:	20008000 	andcs	r8, r0, r0
87807648:	60008000 	andvs	r8, r0, r0
8780764c:	e0ffff01 	rscs	pc, pc, r1, lsl #30
87807650:	e0ffff03 	rscs	pc, pc, r3, lsl #30
87807654:	60000000 	andvs	r0, r0, r0
87807658:	20000000 	andcs	r0, r0, r0
8780765c:	20000000 	andcs	r0, r0, r0
87807660:	20000000 	andcs	r0, r0, r0
	...
878076b8:	e0007800 	and	r7, r0, r0, lsl #16
878076bc:	60019800 	andvs	r9, r1, r0, lsl #16
878076c0:	60020001 	andvs	r0, r2, r1
878076c4:	60040002 	andvs	r0, r4, r2
878076c8:	60080002 	andvs	r0, r8, r2
878076cc:	60100002 	andsvs	r0, r0, r2
878076d0:	60200002 	eorvs	r0, r0, r2
878076d4:	60400002 	subvs	r0, r0, r2
878076d8:	60800003 	addvs	r0, r0, r3
878076dc:	60008301 	andvs	r8, r0, r1, lsl #6
878076e0:	e000fe01 	and	pc, r0, r1, lsl #28
878076e4:	80077c00 	andhi	r7, r7, r0, lsl #24
	...
87807738:	8007f000 	andhi	pc, r7, r0
8780773c:	c007f001 	andgt	pc, r7, r1
87807740:	40000001 	andmi	r0, r0, r1
87807744:	20000002 	andcs	r0, r0, r2
87807748:	20000102 	andcs	r0, r0, r2, lsl #2
8780774c:	20000102 	andcs	r0, r0, r2, lsl #2
87807750:	20000102 	andcs	r0, r0, r2, lsl #2
87807754:	20800303 	addcs	r0, r0, r3, lsl #6
87807758:	40808601 	addmi	r8, r0, r1, lsl #12
8780775c:	c0c0fc01 	sbcgt	pc, r0, r1, lsl #24
87807760:	807f7800 	rsbshi	r7, pc, r0, lsl #16
87807764:	001e0000 	andseq	r0, lr, r0
	...
878077b4:	00080000 	andeq	r0, r8, r0
878077b8:	00380000 	eorseq	r0, r8, r0
878077bc:	00480000 	subeq	r0, r8, r0
878077c0:	00880100 	addeq	r0, r8, r0, lsl #2
878077c4:	00080600 	andeq	r0, r8, r0, lsl #12
878077c8:	10080c00 	andne	r0, r8, r0, lsl #24
878077cc:	10083000 	andne	r3, r8, r0
878077d0:	10084000 	andne	r4, r8, r0
878077d4:	f0ffff01 			@ <UNDEFINED> instruction: 0xf0ffff01
878077d8:	f0ffff03 			@ <UNDEFINED> instruction: 0xf0ffff03
878077dc:	f0ffff03 			@ <UNDEFINED> instruction: 0xf0ffff03
878077e0:	10080000 	andne	r0, r8, r0
878077e4:	10080000 	andne	r0, r8, r0
878077e8:	10080000 	andne	r0, r8, r0
	...
87807838:	80070000 	andhi	r0, r7, r0
8780783c:	40861f00 	addmi	r1, r6, r0, lsl #30
87807840:	2000e103 	andcs	lr, r0, r3, lsl #2
87807844:	20000203 	andcs	r0, r0, r3, lsl #4
87807848:	20000403 	andcs	r0, r0, r3, lsl #8
8780784c:	20000403 	andcs	r0, r0, r3, lsl #8
87807850:	20000403 	andcs	r0, r0, r3, lsl #8
87807854:	20000403 	andcs	r0, r0, r3, lsl #8
87807858:	40000603 	andmi	r0, r0, r3, lsl #12
8780785c:	c0010303 	andgt	r0, r1, r3, lsl #6
87807860:	80ff0103 	rscshi	r0, pc, r3, lsl #2
87807864:	007e0003 	rsbseq	r0, lr, r3
	...
878078b8:	00fc0700 	rscseq	r0, ip, r0, lsl #14
878078bc:	00ff3f00 	rscseq	r3, pc, r0, lsl #30
878078c0:	80c37000 	sbchi	r7, r3, r0
878078c4:	c0808100 	addgt	r8, r0, r0, lsl #2
878078c8:	60000101 	andvs	r0, r0, r1, lsl #2
878078cc:	20000203 	andcs	r0, r0, r3, lsl #4
878078d0:	20000202 	andcs	r0, r0, r2, lsl #4
878078d4:	20000202 	andcs	r0, r0, r2, lsl #4
878078d8:	20000202 	andcs	r0, r0, r2, lsl #4
878078dc:	40000302 	andmi	r0, r0, r2, lsl #6
878078e0:	c080c101 	addgt	ip, r0, r1, lsl #2
878078e4:	80ffc000 	rscshi	ip, pc, r0
878078e8:	007e0000 	rsbseq	r0, lr, r0
	...
87807938:	0000f000 	andeq	pc, r0, r0
8780793c:	0000c003 	andeq	ip, r0, r3
87807940:	00008003 	andeq	r8, r0, r3
87807944:	00000003 	andeq	r0, r0, r3
87807948:	e0070003 	and	r0, r7, r3
8780794c:	e03f0003 	eors	r0, pc, r3
87807950:	00c00103 	sbceq	r0, r0, r3, lsl #2
87807954:	00000603 	andeq	r0, r0, r3, lsl #12
87807958:	00001803 	andeq	r1, r0, r3, lsl #16
8780795c:	00006003 	andeq	r6, r0, r3
87807960:	00008003 	andeq	r8, r0, r3
87807964:	00000003 	andeq	r0, r0, r3
	...
878079b4:	001f0000 	andseq	r0, pc, r0
878079b8:	803f7800 	eorshi	r7, pc, r0, lsl #16
878079bc:	c060fc00 	rsbgt	pc, r0, r0, lsl #24
878079c0:	40c08e01 	sbcmi	r8, r0, r1, lsl #28
878079c4:	20800703 	addcs	r0, r0, r3, lsl #14
878079c8:	20000302 	andcs	r0, r0, r2, lsl #6
878079cc:	20800102 	addcs	r0, r0, r2, lsl #2
878079d0:	20800102 	addcs	r0, r0, r2, lsl #2
878079d4:	20c00102 	sbccs	r0, r0, r2, lsl #2
878079d8:	40e00103 	rscmi	r0, r0, r3, lsl #2
878079dc:	c0708601 	rsbsgt	r8, r0, r1, lsl #12
878079e0:	803ffc00 	eorshi	pc, pc, r0, lsl #24
878079e4:	001f7800 	andseq	r7, pc, r0, lsl #16
	...
87807a34:	00003f00 	andeq	r3, r0, r0, lsl #30
87807a38:	c081ff00 	addgt	pc, r1, r0, lsl #30
87807a3c:	c0c1c001 	sbcgt	ip, r1, r1
87807a40:	20600001 	rsbcs	r0, r0, r1
87807a44:	20200002 	eorcs	r0, r0, r2
87807a48:	20200002 	eorcs	r0, r0, r2
87807a4c:	20200002 	eorcs	r0, r0, r2
87807a50:	60200002 	eorvs	r0, r0, r2
87807a54:	c0400002 	subgt	r0, r0, r2
87807a58:	80c10001 	sbchi	r0, r1, r1
87807a5c:	008fc100 	addeq	ip, pc, r0, lsl #2
87807a60:	00fe7f00 	rscseq	r7, lr, r0, lsl #30
87807a64:	00f01f00 	rscseq	r1, r0, r0, lsl #30
	...
87807ac8:	c0000300 	andgt	r0, r0, r0, lsl #6
87807acc:	e0810700 	add	r0, r1, r0, lsl #14
87807ad0:	e0810700 	add	r0, r1, r0, lsl #14
87807ad4:	c0000300 	andgt	r0, r0, r0, lsl #6
	...
87807b48:	66000600 	strvs	r0, [r0], -r0, lsl #12
87807b4c:	78000600 	stmdavc	r0, {r9, sl}
	...
87807bb8:	00800000 	addeq	r0, r0, r0
87807bbc:	00c00100 	sbceq	r0, r0, r0, lsl #2
87807bc0:	00600300 	rsbeq	r0, r0, r0, lsl #6
87807bc4:	00300600 	eorseq	r0, r0, r0, lsl #12
87807bc8:	00180c00 	andseq	r0, r8, r0, lsl #24
87807bcc:	000c1800 	andeq	r1, ip, r0, lsl #16
87807bd0:	00063000 	andeq	r3, r6, r0
87807bd4:	00036000 	andeq	r6, r3, r0
87807bd8:	8001c000 	andhi	ip, r1, r0
87807bdc:	40000001 	andmi	r0, r0, r1
87807be0:	20000002 	andcs	r0, r0, r2
87807be4:	10000004 	andne	r0, r0, r4
	...
87807c34:	00100400 	andseq	r0, r0, r0, lsl #8
87807c38:	00100400 	andseq	r0, r0, r0, lsl #8
87807c3c:	00100400 	andseq	r0, r0, r0, lsl #8
87807c40:	00100400 	andseq	r0, r0, r0, lsl #8
87807c44:	00100400 	andseq	r0, r0, r0, lsl #8
87807c48:	00100400 	andseq	r0, r0, r0, lsl #8
87807c4c:	00100400 	andseq	r0, r0, r0, lsl #8
87807c50:	00100400 	andseq	r0, r0, r0, lsl #8
87807c54:	00100400 	andseq	r0, r0, r0, lsl #8
87807c58:	00100400 	andseq	r0, r0, r0, lsl #8
87807c5c:	00100400 	andseq	r0, r0, r0, lsl #8
87807c60:	00100400 	andseq	r0, r0, r0, lsl #8
87807c64:	00100400 	andseq	r0, r0, r0, lsl #8
87807c68:	00100400 	andseq	r0, r0, r0, lsl #8
	...
87807cb8:	10000004 	andne	r0, r0, r4
87807cbc:	20000002 	andcs	r0, r0, r2
87807cc0:	40000001 	andmi	r0, r0, r1
87807cc4:	8001c000 	andhi	ip, r1, r0
87807cc8:	00036000 	andeq	r6, r3, r0
87807ccc:	00063000 	andeq	r3, r6, r0
87807cd0:	000c1800 	andeq	r1, ip, r0, lsl #16
87807cd4:	00180c00 	andseq	r0, r8, r0, lsl #24
87807cd8:	00300600 	eorseq	r0, r0, r0, lsl #12
87807cdc:	00600300 	rsbeq	r0, r0, r0, lsl #6
87807ce0:	00c00100 	sbceq	r0, r0, r0, lsl #2
87807ce4:	00800000 	addeq	r0, r0, r0
	...
87807d38:	00007800 	andeq	r7, r0, r0, lsl #16
87807d3c:	0000f801 	andeq	pc, r0, r1, lsl #16
87807d40:	00003802 	andeq	r3, r0, r2, lsl #16
87807d44:	00000002 	andeq	r0, r0, r2
87807d48:	c0000004 	andgt	r0, r0, r4
87807d4c:	e0790004 	rsbs	r0, r9, r4
87807d50:	e0810004 	add	r0, r1, r4
87807d54:	c0000104 	andgt	r0, r0, r4, lsl #2
87807d58:	00000304 	andeq	r0, r0, r4, lsl #6
87807d5c:	00000202 	andeq	r0, r0, r2, lsl #4
87807d60:	00000603 	andeq	r0, r0, r3, lsl #12
87807d64:	0000fc01 	andeq	pc, r0, r1, lsl #24
87807d68:	0000f800 	andeq	pc, r0, r0, lsl #16
	...
87807db4:	00f80f00 	rscseq	r0, r8, r0, lsl #30
87807db8:	00fe3f00 	rscseq	r3, lr, r0, lsl #30
87807dbc:	80077000 	andhi	r7, r7, r0
87807dc0:	c000c000 	andgt	ip, r0, r0
87807dc4:	40f80101 	rscsmi	r0, r8, r1, lsl #2
87807dc8:	20fc0703 	rscscs	r0, ip, r3, lsl #14
87807dcc:	20041e02 	andcs	r1, r4, r2, lsl #28
87807dd0:	20083002 	andcs	r3, r8, r2
87807dd4:	20302002 	eorscs	r2, r0, r2
87807dd8:	20fc3f02 	rscscs	r3, ip, r2, lsl #30
87807ddc:	40043f01 	andmi	r3, r4, r1, lsl #30
87807de0:	c00c8001 	andgt	r8, ip, r1
87807de4:	8031e000 	eorshi	lr, r1, r0
87807de8:	00c21f00 	sbceq	r1, r2, r0, lsl #30
	...
87807e30:	20000000 	andcs	r0, r0, r0
87807e34:	60000000 	andvs	r0, r0, r0
87807e38:	e0030000 	and	r0, r3, r0
87807e3c:	203e0000 	eorscs	r0, lr, r0
87807e40:	20e00300 	rsccs	r0, r0, r0, lsl #6
87807e44:	00203e00 	eoreq	r3, r0, r0, lsl #28
87807e48:	0020e003 	eoreq	lr, r0, r3
87807e4c:	00208003 	eoreq	r8, r0, r3
87807e50:	0020fc07 	eoreq	pc, r0, r7, lsl #24
87807e54:	00e03f00 	rsceq	r3, r0, r0, lsl #30
87807e58:	20fe0300 	rscscs	r0, lr, r0, lsl #6
87807e5c:	e03f0000 	eors	r0, pc, r0
87807e60:	e0010000 	and	r0, r1, r0
87807e64:	20000000 	andcs	r0, r0, r0
87807e68:	20000000 	andcs	r0, r0, r0
	...
87807eb4:	20000002 	andcs	r0, r0, r2
87807eb8:	20000002 	andcs	r0, r0, r2
87807ebc:	e0ffff03 	rscs	pc, pc, r3, lsl #30
87807ec0:	e0ffff03 	rscs	pc, pc, r3, lsl #30
87807ec4:	20000102 	andcs	r0, r0, r2, lsl #2
87807ec8:	20000102 	andcs	r0, r0, r2, lsl #2
87807ecc:	20000102 	andcs	r0, r0, r2, lsl #2
87807ed0:	20000102 	andcs	r0, r0, r2, lsl #2
87807ed4:	20000102 	andcs	r0, r0, r2, lsl #2
87807ed8:	20000303 	andcs	r0, r0, r3, lsl #6
87807edc:	60808601 	addvs	r8, r0, r1, lsl #12
87807ee0:	c0c0fc01 	sbcgt	pc, r0, r1, lsl #24
87807ee4:	807ff800 	rsbshi	pc, pc, r0, lsl #16
87807ee8:	001f0000 	andseq	r0, pc, r0
	...
87807f34:	00f80700 	rscseq	r0, r8, r0, lsl #14
87807f38:	00ff3f00 	rscseq	r3, pc, r0, lsl #30
87807f3c:	80077000 	andhi	r7, r7, r0
87807f40:	c000c000 	andgt	ip, r0, r0
87807f44:	40000001 	andmi	r0, r0, r1
87807f48:	20000003 	andcs	r0, r0, r3
87807f4c:	20000002 	andcs	r0, r0, r2
87807f50:	20000002 	andcs	r0, r0, r2
87807f54:	20000002 	andcs	r0, r0, r2
87807f58:	20000002 	andcs	r0, r0, r2
87807f5c:	40000001 	andmi	r0, r0, r1
87807f60:	c0008001 	andgt	r8, r0, r1
87807f64:	8001c003 	andhi	ip, r1, r3
87807f68:	00063000 	andeq	r3, r6, r0
	...
87807fb4:	20000002 	andcs	r0, r0, r2
87807fb8:	20000002 	andcs	r0, r0, r2
87807fbc:	e0ffff03 	rscs	pc, pc, r3, lsl #30
87807fc0:	e0ffff03 	rscs	pc, pc, r3, lsl #30
87807fc4:	20000002 	andcs	r0, r0, r2
87807fc8:	20000002 	andcs	r0, r0, r2
87807fcc:	20000002 	andcs	r0, r0, r2
87807fd0:	20000002 	andcs	r0, r0, r2
87807fd4:	60000003 	andvs	r0, r0, r3
87807fd8:	40000001 	andmi	r0, r0, r1
87807fdc:	c0008001 	andgt	r8, r0, r1
87807fe0:	8007f000 	andhi	pc, r7, r0
87807fe4:	00fe7f00 	rscseq	r7, lr, r0, lsl #30
87807fe8:	00f80f00 	rscseq	r0, r8, r0, lsl #30
	...
87808034:	20000002 	andcs	r0, r0, r2
87808038:	20000002 	andcs	r0, r0, r2
8780803c:	e0ffff03 	rscs	pc, pc, r3, lsl #30
87808040:	e0ffff03 	rscs	pc, pc, r3, lsl #30
87808044:	20000102 	andcs	r0, r0, r2, lsl #2
87808048:	20000102 	andcs	r0, r0, r2, lsl #2
8780804c:	20000102 	andcs	r0, r0, r2, lsl #2
87808050:	20000102 	andcs	r0, r0, r2, lsl #2
87808054:	20000102 	andcs	r0, r0, r2, lsl #2
87808058:	20800302 	addcs	r0, r0, r2, lsl #6
8780805c:	20e00f02 	rsccs	r0, r0, r2, lsl #30
87808060:	60000003 	andvs	r0, r0, r3
87808064:	e000c003 	and	ip, r0, r3
87808068:	00036000 	andeq	r6, r3, r0
	...
878080b4:	20000002 	andcs	r0, r0, r2
878080b8:	20000002 	andcs	r0, r0, r2
878080bc:	e0ffff03 	rscs	pc, pc, r3, lsl #30
878080c0:	e0ffff03 	rscs	pc, pc, r3, lsl #30
878080c4:	20000102 	andcs	r0, r0, r2, lsl #2
878080c8:	20000102 	andcs	r0, r0, r2, lsl #2
878080cc:	00000102 	andeq	r0, r0, r2, lsl #2
878080d0:	00000102 	andeq	r0, r0, r2, lsl #2
878080d4:	00000102 	andeq	r0, r0, r2, lsl #2
878080d8:	00000102 	andeq	r0, r0, r2, lsl #2
878080dc:	00800302 	addeq	r0, r0, r2, lsl #6
878080e0:	00e00f03 	rsceq	r0, r0, r3, lsl #30
878080e4:	00000003 	andeq	r0, r0, r3
878080e8:	0000c003 	andeq	ip, r0, r3
878080ec:	00006000 	andeq	r6, r0, r0
	...
87808134:	00f80700 	rscseq	r0, r8, r0, lsl #14
87808138:	00fe3f00 	rscseq	r3, lr, r0, lsl #30
8780813c:	80077000 	andhi	r7, r7, r0
87808140:	c001c001 	andgt	ip, r1, r1
87808144:	40000001 	andmi	r0, r0, r1
87808148:	20000003 	andcs	r0, r0, r3
8780814c:	20000002 	andcs	r0, r0, r2
87808150:	20000002 	andcs	r0, r0, r2
87808154:	20000002 	andcs	r0, r0, r2
87808158:	20200001 	eorcs	r0, r0, r1
8780815c:	40200001 	eormi	r0, r0, r1
87808160:	803fc003 	eorshi	ip, pc, r3
87808164:	803f3000 	eorshi	r3, pc, r0
87808168:	00200000 	eoreq	r0, r0, r0
8780816c:	00200000 	eoreq	r0, r0, r0
	...
878081b0:	20000002 	andcs	r0, r0, r2
878081b4:	20000002 	andcs	r0, r0, r2
878081b8:	e0ffff03 	rscs	pc, pc, r3, lsl #30
878081bc:	e0ffff03 	rscs	pc, pc, r3, lsl #30
878081c0:	20800002 	addcs	r0, r0, r2
878081c4:	20800002 	addcs	r0, r0, r2
878081c8:	00800000 	addeq	r0, r0, r0
878081cc:	00800000 	addeq	r0, r0, r0
878081d0:	00800000 	addeq	r0, r0, r0
878081d4:	20800002 	addcs	r0, r0, r2
878081d8:	20800002 	addcs	r0, r0, r2
878081dc:	e0ffff03 	rscs	pc, pc, r3, lsl #30
878081e0:	e0ffff03 	rscs	pc, pc, r3, lsl #30
878081e4:	20000002 	andcs	r0, r0, r2
878081e8:	20000002 	andcs	r0, r0, r2
	...
8780823c:	20000002 	andcs	r0, r0, r2
87808240:	20000002 	andcs	r0, r0, r2
87808244:	20000002 	andcs	r0, r0, r2
87808248:	20000002 	andcs	r0, r0, r2
8780824c:	e0ffff03 	rscs	pc, pc, r3, lsl #30
87808250:	e0ffff03 	rscs	pc, pc, r3, lsl #30
87808254:	20000002 	andcs	r0, r0, r2
87808258:	20000002 	andcs	r0, r0, r2
8780825c:	20000002 	andcs	r0, r0, r2
87808260:	20000002 	andcs	r0, r0, r2
	...
878082b4:	0e000000 	cdpeq	0, 0, cr0, cr0, cr0, {0}
878082b8:	0f000000 	svceq	0x00000000
878082bc:	0f000000 	svceq	0x00000000
878082c0:	01000000 	mrseq	r0, (UNDEF: 0)
878082c4:	01000002 	tsteq	r0, r2
878082c8:	01000002 	tsteq	r0, r2
878082cc:	03000002 	movweq	r0, #2
878082d0:	06000002 	streq	r0, [r0], -r2
878082d4:	fcffff03 	ldc2l	15, cr15, [pc], #12	@ 878082e8 <asc2_3216+0x1538>
878082d8:	f8ffff03 			@ <UNDEFINED> instruction: 0xf8ffff03
878082dc:	00000002 	andeq	r0, r0, r2
878082e0:	00000002 	andeq	r0, r0, r2
878082e4:	00000002 	andeq	r0, r0, r2
878082e8:	00000002 	andeq	r0, r0, r2
	...
87808334:	20000002 	andcs	r0, r0, r2
87808338:	20000002 	andcs	r0, r0, r2
8780833c:	e0ffff03 	rscs	pc, pc, r3, lsl #30
87808340:	e0ffff03 	rscs	pc, pc, r3, lsl #30
87808344:	20c00002 	sbccs	r0, r0, r2
87808348:	20000102 	andcs	r0, r0, r2, lsl #2
8780834c:	00800700 	addeq	r0, r0, r0, lsl #14
87808350:	00e00f00 	rsceq	r0, r0, r0, lsl #30
87808354:	00f83000 	rscseq	r3, r8, r0
87808358:	203e6002 	eorscs	r6, lr, r2
8780835c:	200f8003 	andcs	r8, pc, r3
87808360:	e0030003 	and	r0, r3, r3
87808364:	e0000002 	and	r0, r0, r2
87808368:	20000002 	andcs	r0, r0, r2
8780836c:	20000000 	andcs	r0, r0, r0
	...
878083b4:	20000002 	andcs	r0, r0, r2
878083b8:	20000002 	andcs	r0, r0, r2
878083bc:	e0ffff03 	rscs	pc, pc, r3, lsl #30
878083c0:	e0ffff03 	rscs	pc, pc, r3, lsl #30
878083c4:	20000002 	andcs	r0, r0, r2
878083c8:	20000002 	andcs	r0, r0, r2
878083cc:	20000000 	andcs	r0, r0, r0
878083d0:	20000000 	andcs	r0, r0, r0
878083d4:	20000000 	andcs	r0, r0, r0
878083d8:	20000000 	andcs	r0, r0, r0
878083dc:	20000000 	andcs	r0, r0, r0
878083e0:	60000000 	andvs	r0, r0, r0
878083e4:	e0000000 	and	r0, r0, r0
878083e8:	00030000 	andeq	r0, r3, r0
	...
87808430:	20000002 	andcs	r0, r0, r2
87808434:	20000002 	andcs	r0, r0, r2
87808438:	e0ffff03 	rscs	pc, pc, r3, lsl #30
8780843c:	2000e003 	andcs	lr, r0, r3
87808440:	2000ff03 	andcs	pc, r0, r3, lsl #30
87808444:	00f01f00 	rscseq	r1, r0, r0, lsl #30
87808448:	80ff0100 	rscshi	r0, pc, r0, lsl #2
8780844c:	e00f0000 	and	r0, pc, r0
87808450:	001e0000 	andseq	r0, lr, r0
87808454:	00e00300 	rsceq	r0, r0, r0, lsl #6
87808458:	20003e00 	andcs	r3, r0, r0, lsl #28
8780845c:	2000e003 	andcs	lr, r0, r3
87808460:	e0ffff03 	rscs	pc, pc, r3, lsl #30
87808464:	e0ffff03 	rscs	pc, pc, r3, lsl #30
87808468:	20000002 	andcs	r0, r0, r2
8780846c:	20000002 	andcs	r0, r0, r2
	...
878084b0:	20000002 	andcs	r0, r0, r2
878084b4:	20000002 	andcs	r0, r0, r2
878084b8:	e0ffff03 	rscs	pc, pc, r3, lsl #30
878084bc:	20008003 	andcs	r8, r0, r3
878084c0:	2000f003 	andcs	pc, r0, r3
878084c4:	0000fc00 	andeq	pc, r0, r0, lsl #24
878084c8:	00001f00 	andeq	r1, r0, r0, lsl #30
878084cc:	00c00700 	sbceq	r0, r0, r0, lsl #14
878084d0:	00f00100 	rscseq	r0, r0, r0, lsl #2
878084d4:	007c0000 	rsbseq	r0, ip, r0
878084d8:	801f0002 	andshi	r0, pc, r2
878084dc:	e0070002 	and	r0, r7, r2
878084e0:	e0ffff03 	rscs	pc, pc, r3, lsl #30
878084e4:	00000002 	andeq	r0, r0, r2
878084e8:	00000002 	andeq	r0, r0, r2
	...
87808534:	00f80f00 	rscseq	r0, r8, r0, lsl #30
87808538:	00fe3f00 	rscseq	r3, lr, r0, lsl #30
8780853c:	8007f000 	andhi	pc, r7, r0
87808540:	c0008001 	andgt	r8, r0, r1
87808544:	40000001 	andmi	r0, r0, r1
87808548:	20000002 	andcs	r0, r0, r2
8780854c:	20000002 	andcs	r0, r0, r2
87808550:	20000002 	andcs	r0, r0, r2
87808554:	20000002 	andcs	r0, r0, r2
87808558:	40000001 	andmi	r0, r0, r1
8780855c:	c0008001 	andgt	r8, r0, r1
87808560:	8003f000 	andhi	pc, r3, r0
87808564:	00fe3f00 	rscseq	r3, lr, r0, lsl #30
87808568:	00f80f00 	rscseq	r0, r8, r0, lsl #30
	...
878085b4:	20000002 	andcs	r0, r0, r2
878085b8:	20000002 	andcs	r0, r0, r2
878085bc:	e0ffff03 	rscs	pc, pc, r3, lsl #30
878085c0:	e0ffff03 	rscs	pc, pc, r3, lsl #30
878085c4:	20800002 	addcs	r0, r0, r2
878085c8:	20800002 	addcs	r0, r0, r2
878085cc:	00800002 	addeq	r0, r0, r2
878085d0:	00800002 	addeq	r0, r0, r2
878085d4:	00800002 	addeq	r0, r0, r2
878085d8:	00800002 	addeq	r0, r0, r2
878085dc:	00800103 	addeq	r0, r0, r3, lsl #2
878085e0:	00008301 	andeq	r8, r0, r1, lsl #6
878085e4:	0000fe00 	andeq	pc, r0, r0, lsl #28
878085e8:	00007c00 	andeq	r7, r0, r0, lsl #24
	...
87808634:	00f80f00 	rscseq	r0, r8, r0, lsl #30
87808638:	00ff7f00 	rscseq	r7, pc, r0, lsl #30
8780863c:	8003f000 	andhi	pc, r3, r0
87808640:	c0018001 	andgt	r8, r1, r1
87808644:	40060001 	andmi	r0, r6, r1
87808648:	20040002 	andcs	r0, r4, r2
8780864c:	20040002 	andcs	r0, r4, r2
87808650:	20060002 	andcs	r0, r6, r2
87808654:	e0030002 	and	r0, r3, r2
87808658:	f8000001 			@ <UNDEFINED> instruction: 0xf8000001
8780865c:	5c008001 	stcpl	0, cr8, [r0], {1}
87808660:	8c03e000 	stchi	0, cr14, [r3], {-0}
87808664:	0cff3f00 	ldcleq	15, cr3, [pc]	@ 8780866c <asc2_3216+0x18bc>
87808668:	18fc0f00 	ldmne	ip!, {r8, r9, sl, fp}^
	...
878086b4:	20000002 	andcs	r0, r0, r2
878086b8:	20000002 	andcs	r0, r0, r2
878086bc:	e0ffff03 	rscs	pc, pc, r3, lsl #30
878086c0:	e0ffff03 	rscs	pc, pc, r3, lsl #30
878086c4:	20000102 	andcs	r0, r0, r2, lsl #2
878086c8:	20000102 	andcs	r0, r0, r2, lsl #2
878086cc:	00800102 	addeq	r0, r0, r2, lsl #2
878086d0:	00e00102 	rsceq	r0, r0, r2, lsl #2
878086d4:	00fc0102 	rscseq	r0, ip, r2, lsl #2
878086d8:	803f0303 	eorshi	r0, pc, r3, lsl #6
878086dc:	e0078601 	and	r8, r7, r1, lsl #12
878086e0:	e000fc01 	and	pc, r0, r1, lsl #24
878086e4:	2000f800 	andcs	pc, r0, r0, lsl #16
878086e8:	20000000 	andcs	r0, r0, r0
	...
87808738:	00067800 	andeq	r7, r6, r0, lsl #16
8780873c:	e001fe00 	and	pc, r1, r0, lsl #28
87808740:	c0008601 	andgt	r8, r0, r1, lsl #12
87808744:	40000303 	andmi	r0, r0, r3, lsl #6
87808748:	20000302 	andcs	r0, r0, r2, lsl #6
8780874c:	20800102 	addcs	r0, r0, r2, lsl #2
87808750:	20800102 	addcs	r0, r0, r2, lsl #2
87808754:	20c00102 	sbccs	r0, r0, r2, lsl #2
87808758:	20c00002 	sbccs	r0, r0, r2
8780875c:	60e00001 	rscvs	r0, r0, r1
87808760:	c0708001 	rsbsgt	r8, r0, r1
87808764:	803fe003 	eorshi	lr, pc, r3
87808768:	001f0000 	andseq	r0, pc, r0
	...
878087b4:	00006000 	andeq	r6, r0, r0
878087b8:	00008003 	andeq	r8, r0, r3
878087bc:	00000003 	andeq	r0, r0, r3
878087c0:	00000002 	andeq	r0, r0, r2
878087c4:	20000002 	andcs	r0, r0, r2
878087c8:	20000002 	andcs	r0, r0, r2
878087cc:	e0ffff03 	rscs	pc, pc, r3, lsl #30
878087d0:	e0ffff03 	rscs	pc, pc, r3, lsl #30
878087d4:	20000002 	andcs	r0, r0, r2
878087d8:	20000002 	andcs	r0, r0, r2
878087dc:	00000002 	andeq	r0, r0, r2
878087e0:	00000002 	andeq	r0, r0, r2
878087e4:	00008003 	andeq	r8, r0, r3
878087e8:	0000e000 	andeq	lr, r0, r0
	...
87808830:	00000002 	andeq	r0, r0, r2
87808834:	00000002 	andeq	r0, r0, r2
87808838:	00ffff03 	rscseq	pc, pc, r3, lsl #30
8780883c:	c0ffff03 	rscsgt	pc, pc, r3, lsl #30
87808840:	40000002 	andmi	r0, r0, r2
87808844:	60000002 	andvs	r0, r0, r2
87808848:	20000000 	andcs	r0, r0, r0
8780884c:	20000000 	andcs	r0, r0, r0
87808850:	20000000 	andcs	r0, r0, r0
87808854:	20000000 	andcs	r0, r0, r0
87808858:	40000002 	andmi	r0, r0, r2
8780885c:	80000002 	andhi	r0, r0, r2
87808860:	00ffff03 	rscseq	pc, pc, r3, lsl #30
87808864:	00000002 	andeq	r0, r0, r2
87808868:	00000002 	andeq	r0, r0, r2
	...
878088b4:	00000002 	andeq	r0, r0, r2
878088b8:	00000002 	andeq	r0, r0, r2
878088bc:	0000c003 	andeq	ip, r0, r3
878088c0:	0000fc03 	andeq	pc, r0, r3, lsl #24
878088c4:	00c03f02 	sbceq	r3, r0, r2, lsl #30
878088c8:	00f80300 	rscseq	r0, r8, r0, lsl #6
878088cc:	807f0000 	rsbshi	r0, pc, r0
878088d0:	e0070000 	and	r0, r7, r0
878088d4:	80070000 	andhi	r0, r7, r0
878088d8:	00780000 	rsbseq	r0, r8, r0
878088dc:	00c00302 	sbceq	r0, r0, r2, lsl #6
878088e0:	00003c02 	andeq	r3, r0, r2, lsl #24
878088e4:	0000c003 	andeq	ip, r0, r3
878088e8:	00000002 	andeq	r0, r0, r2
878088ec:	00000002 	andeq	r0, r0, r2
	...
87808930:	00000002 	andeq	r0, r0, r2
87808934:	0000c003 	andeq	ip, r0, r3
87808938:	0080ff03 	addeq	pc, r0, r3, lsl #30
8780893c:	00fe3f02 	rscseq	r3, lr, r2, lsl #30
87808940:	e07f0002 	rsbs	r0, pc, r2
87808944:	000f0000 	andeq	r0, pc, r0
87808948:	00f00002 	rscseq	r0, r0, r2
8780894c:	0000ef03 	andeq	lr, r0, r3, lsl #30
87808950:	0080ff03 	addeq	pc, r0, r3, lsl #30
87808954:	00fe0f02 	rscseq	r0, lr, r2, lsl #30
87808958:	e03f0000 	eors	r0, pc, r0
8780895c:	001f0000 	andseq	r0, pc, r0
87808960:	00e00702 	rsceq	r0, r0, r2, lsl #14
87808964:	0000f803 	andeq	pc, r0, r3, lsl #16
87808968:	00000003 	andeq	r0, r0, r3
8780896c:	00000002 	andeq	r0, r0, r2
	...
878089b4:	20000002 	andcs	r0, r0, r2
878089b8:	20000002 	andcs	r0, r0, r2
878089bc:	e0008003 	and	r8, r0, r3
878089c0:	2003f003 	andcs	pc, r3, r3
878089c4:	200cfc02 	andcs	pc, ip, r2, lsl #24
878089c8:	00301f02 	eorseq	r1, r0, r2, lsl #30
878089cc:	00c00700 	sbceq	r0, r0, r0, lsl #14
878089d0:	00f00700 	rscseq	r0, r0, r0, lsl #14
878089d4:	007c1802 	rsbseq	r1, ip, r2, lsl #16
878089d8:	201f6002 	andscs	r6, pc, r2
878089dc:	e0038003 	and	r8, r3, r3
878089e0:	e0000002 	and	r0, r0, r2
878089e4:	20000002 	andcs	r0, r0, r2
878089e8:	20000000 	andcs	r0, r0, r0
	...
87808a34:	00000002 	andeq	r0, r0, r2
87808a38:	00000003 	andeq	r0, r0, r3
87808a3c:	0000c003 	andeq	ip, r0, r3
87808a40:	0000f803 	andeq	pc, r0, r3, lsl #16
87808a44:	20003e02 	andcs	r3, r0, r2, lsl #28
87808a48:	20c00f02 	sbccs	r0, r0, r2, lsl #30
87808a4c:	e0ff0100 	rscs	r0, pc, r0, lsl #2
87808a50:	e07f0000 	rsbs	r0, pc, r0
87808a54:	20800300 	addcs	r0, r0, r0, lsl #6
87808a58:	20001c02 	andcs	r1, r0, r2, lsl #24
87808a5c:	00007002 	andeq	r7, r0, r2
87808a60:	00008003 	andeq	r8, r0, r3
87808a64:	00000002 	andeq	r0, r0, r2
87808a68:	00000002 	andeq	r0, r0, r2
	...
87808ab4:	20000000 	andcs	r0, r0, r0
87808ab8:	e0006000 	and	r6, r0, r0
87808abc:	e0038003 	and	r8, r3, r3
87808ac0:	a00f0003 	andge	r0, pc, r3
87808ac4:	203e0002 	eorscs	r0, lr, r2
87808ac8:	20f80002 	rscscs	r0, r8, r2
87808acc:	20e00302 	rsccs	r0, r0, r2, lsl #6
87808ad0:	20800f02 	addcs	r0, r0, r2, lsl #30
87808ad4:	20003e02 	andcs	r3, r0, r2, lsl #28
87808ad8:	20007802 	andcs	r7, r0, r2, lsl #16
87808adc:	6000e003 	andvs	lr, r0, r3
87808ae0:	e0008003 	and	r8, r0, r3
87808ae4:	00030002 	andeq	r0, r3, r2
	...
87808b48:	fcffff1f 	ldc2l	15, cr15, [pc], #124	@ 87808bcc <asc2_3216+0x1e1c>
87808b4c:	04000010 	streq	r0, [r0], #-16
87808b50:	04000010 	streq	r0, [r0], #-16
87808b54:	04000010 	streq	r0, [r0], #-16
87808b58:	04000010 	streq	r0, [r0], #-16
87808b5c:	04000010 	streq	r0, [r0], #-16
87808b60:	04000010 	streq	r0, [r0], #-16
87808b64:	04000010 	streq	r0, [r0], #-16
	...
87808bbc:	00000007 	andeq	r0, r0, r7
87808bc0:	0000c003 	andeq	ip, r0, r3
87808bc4:	00007800 	andeq	r7, r0, r0, lsl #16
87808bc8:	00001e00 	andeq	r1, r0, r0, lsl #28
87808bcc:	00c00300 	sbceq	r0, r0, r0, lsl #6
87808bd0:	00f00000 	rscseq	r0, r0, r0
87808bd4:	001e0000 	andseq	r0, lr, r0
87808bd8:	80070000 	andhi	r0, r7, r0
87808bdc:	f0000000 			@ <UNDEFINED> instruction: 0xf0000000
87808be0:	3c000000 	stccc	0, cr0, [r0], {-0}
87808be4:	06000000 	streq	r0, [r0], -r0
	...
87808c38:	04000010 	streq	r0, [r0], #-16
87808c3c:	04000010 	streq	r0, [r0], #-16
87808c40:	04000010 	streq	r0, [r0], #-16
87808c44:	04000010 	streq	r0, [r0], #-16
87808c48:	04000010 	streq	r0, [r0], #-16
87808c4c:	04000010 	streq	r0, [r0], #-16
87808c50:	04000010 	streq	r0, [r0], #-16
87808c54:	fcffff1f 	ldc2l	15, cr15, [pc], #124	@ 87808cd8 <asc2_3216+0x1f28>
	...
87808cc0:	00000002 	andeq	r0, r0, r2
87808cc4:	00000004 	andeq	r0, r0, r4
87808cc8:	00000008 	andeq	r0, r0, r8
87808ccc:	00000018 	andeq	r0, r0, r8, lsl r0
87808cd0:	00000010 	andeq	r0, r0, r0, lsl r0
87808cd4:	00000018 	andeq	r0, r0, r8, lsl r0
87808cd8:	00000018 	andeq	r0, r0, r8, lsl r0
87808cdc:	00000004 	andeq	r0, r0, r4
87808ce0:	00000002 	andeq	r0, r0, r2
	...
87808d30:	01000000 	mrseq	r0, (UNDEF: 0)
87808d34:	01000000 	mrseq	r0, (UNDEF: 0)
87808d38:	01000000 	mrseq	r0, (UNDEF: 0)
87808d3c:	01000000 	mrseq	r0, (UNDEF: 0)
87808d40:	01000000 	mrseq	r0, (UNDEF: 0)
87808d44:	01000000 	mrseq	r0, (UNDEF: 0)
87808d48:	01000000 	mrseq	r0, (UNDEF: 0)
87808d4c:	01000000 	mrseq	r0, (UNDEF: 0)
87808d50:	01000000 	mrseq	r0, (UNDEF: 0)
87808d54:	01000000 	mrseq	r0, (UNDEF: 0)
87808d58:	01000000 	mrseq	r0, (UNDEF: 0)
87808d5c:	01000000 	mrseq	r0, (UNDEF: 0)
87808d60:	01000000 	mrseq	r0, (UNDEF: 0)
87808d64:	01000000 	mrseq	r0, (UNDEF: 0)
87808d68:	01000000 	mrseq	r0, (UNDEF: 0)
87808d6c:	01000000 	mrseq	r0, (UNDEF: 0)
	...
87808dbc:	00000010 	andeq	r0, r0, r0, lsl r0
87808dc0:	00000010 	andeq	r0, r0, r0, lsl r0
87808dc4:	00000010 	andeq	r0, r0, r0, lsl r0
87808dc8:	00000018 	andeq	r0, r0, r8, lsl r0
87808dcc:	00000008 	andeq	r0, r0, r8
87808dd0:	00000004 	andeq	r0, r0, r4
	...
87808e34:	80030000 	andhi	r0, r3, r0
87808e38:	c08f0100 	addgt	r0, pc, r0, lsl #2
87808e3c:	608c0300 	addvs	r0, ip, r0, lsl #6
87808e40:	20180600 	andscs	r0, r8, r0, lsl #12
87808e44:	20100400 	andscs	r0, r0, r0, lsl #8
87808e48:	20100400 	andscs	r0, r0, r0, lsl #8
87808e4c:	20200400 	eorcs	r0, r0, r0, lsl #8
87808e50:	40200400 	eormi	r0, r0, r0, lsl #8
87808e54:	40200600 	eormi	r0, r0, r0, lsl #12
87808e58:	c0ff0300 	rscsgt	r0, pc, r0, lsl #6
87808e5c:	e0ff0100 	rscs	r0, pc, r0, lsl #2
87808e60:	20000000 	andcs	r0, r0, r0
87808e64:	20000000 	andcs	r0, r0, r0
87808e68:	c0000000 	andgt	r0, r0, r0
	...
87808eb4:	00000002 	andeq	r0, r0, r2
87808eb8:	00000002 	andeq	r0, r0, r2
87808ebc:	e0ffff03 	rscs	pc, pc, r3, lsl #30
87808ec0:	c0ffff07 	rscsgt	pc, pc, r7, lsl #30
87808ec4:	c0800100 	addgt	r0, r0, r0, lsl #2
87808ec8:	60000200 	andvs	r0, r0, r0, lsl #4
87808ecc:	20000200 	andcs	r0, r0, r0, lsl #4
87808ed0:	20000400 	andcs	r0, r0, r0, lsl #8
87808ed4:	20000400 	andcs	r0, r0, r0, lsl #8
87808ed8:	20000400 	andcs	r0, r0, r0, lsl #8
87808edc:	40000600 	andmi	r0, r0, r0, lsl #12
87808ee0:	c0000300 	andgt	r0, r0, r0, lsl #6
87808ee4:	80ff0100 	rscshi	r0, pc, r0, lsl #2
87808ee8:	00fe0000 	rscseq	r0, lr, r0
	...
87808f38:	007e0000 	rsbseq	r0, lr, r0
87808f3c:	80ff0100 	rscshi	r0, pc, r0, lsl #2
87808f40:	c0810300 	addgt	r0, r1, r0, lsl #6
87808f44:	40000200 	andmi	r0, r0, r0, lsl #4
87808f48:	20000600 	andcs	r0, r0, r0, lsl #12
87808f4c:	20000400 	andcs	r0, r0, r0, lsl #8
87808f50:	20000400 	andcs	r0, r0, r0, lsl #8
87808f54:	20000400 	andcs	r0, r0, r0, lsl #8
87808f58:	20000600 	andcs	r0, r0, r0, lsl #12
87808f5c:	40c00300 	sbcmi	r0, r0, r0, lsl #6
87808f60:	80c00100 	sbchi	r0, r0, r0, lsl #2
87808f64:	00030000 	andeq	r0, r3, r0
	...
87808fb8:	007e0000 	rsbseq	r0, lr, r0
87808fbc:	80ff0100 	rscshi	r0, pc, r0, lsl #2
87808fc0:	c0800300 	addgt	r0, r0, r0, lsl #6
87808fc4:	60000600 	andvs	r0, r0, r0, lsl #12
87808fc8:	20000400 	andcs	r0, r0, r0, lsl #8
87808fcc:	20000400 	andcs	r0, r0, r0, lsl #8
87808fd0:	20000400 	andcs	r0, r0, r0, lsl #8
87808fd4:	40000402 	andmi	r0, r0, r2, lsl #8
87808fd8:	80000202 	andhi	r0, r0, r2, lsl #4
87808fdc:	e0ffff03 	rscs	pc, pc, r3, lsl #30
87808fe0:	c0ffff07 	rscsgt	pc, pc, r7, lsl #30
87808fe4:	40000000 	andmi	r0, r0, r0
87808fe8:	40000000 	andmi	r0, r0, r0
	...
87809038:	007e0000 	rsbseq	r0, lr, r0
8780903c:	80ff0100 	rscshi	r0, pc, r0, lsl #2
87809040:	c0110300 	andsgt	r0, r1, r0, lsl #6
87809044:	40100200 	andsmi	r0, r0, r0, lsl #4
87809048:	60100400 	andsvs	r0, r0, r0, lsl #8
8780904c:	20100400 	andscs	r0, r0, r0, lsl #8
87809050:	20100400 	andscs	r0, r0, r0, lsl #8
87809054:	20100400 	andscs	r0, r0, r0, lsl #8
87809058:	20100600 	andscs	r0, r0, r0, lsl #12
8780905c:	40100300 	andsmi	r0, r0, r0, lsl #6
87809060:	c0f00100 	rscsgt	r0, r0, r0, lsl #2
87809064:	00710000 	rsbseq	r0, r1, r0
	...
878090b8:	00000400 	andeq	r0, r0, r0, lsl #8
878090bc:	20000400 	andcs	r0, r0, r0, lsl #8
878090c0:	20000400 	andcs	r0, r0, r0, lsl #8
878090c4:	20000400 	andcs	r0, r0, r0, lsl #8
878090c8:	e0ff7f00 	rscs	r7, pc, r0, lsl #30
878090cc:	e0ffff01 	rscs	pc, pc, r1, lsl #30
878090d0:	20000401 	andcs	r0, r0, r1, lsl #8
878090d4:	20000403 	andcs	r0, r0, r3, lsl #8
878090d8:	20000402 	andcs	r0, r0, r2, lsl #8
878090dc:	20000402 	andcs	r0, r0, r2, lsl #8
878090e0:	00000402 	andeq	r0, r0, r2, lsl #8
878090e4:	00000002 	andeq	r0, r0, r2
878090e8:	0000c001 	andeq	ip, r0, r1
878090ec:	0000c001 	andeq	ip, r0, r1
	...
87809138:	1c000000 	stcne	0, cr0, [r0], {-0}
8780913c:	3ee30000 	cdpcc	0, 14, cr0, cr3, cr0, {0}
87809140:	c2ff0300 	rscsgt	r0, pc, #0, 6
87809144:	c30c0200 	movwgt	r0, #49664	@ 0xc200
87809148:	c1040400 	tstgt	r4, r0, lsl #8
8780914c:	c1040400 	tstgt	r4, r0, lsl #8
87809150:	c1040400 	tstgt	r4, r0, lsl #8
87809154:	c1040400 	tstgt	r4, r0, lsl #8
87809158:	c10c0600 	tstgt	ip, r0, lsl #12
8780915c:	c3f80300 	mvnsgt	r0, #0, 6
87809160:	62f00500 	rscsvs	r0, r0, #0, 10
87809164:	7e000600 	cdpvc	6, 0, cr0, cr0, cr0, {0}
87809168:	3c000600 	stccc	6, cr0, [r0], {-0}
	...
878091b4:	20000002 	andcs	r0, r0, r2
878091b8:	20000002 	andcs	r0, r0, r2
878091bc:	e0ffff03 	rscs	pc, pc, r3, lsl #30
878091c0:	e0ffff07 	rscs	pc, pc, r7, lsl #30
878091c4:	20000100 	andcs	r0, r0, r0, lsl #2
878091c8:	20000200 	andcs	r0, r0, r0, lsl #4
878091cc:	00000600 	andeq	r0, r0, r0, lsl #12
878091d0:	00000400 	andeq	r0, r0, r0, lsl #8
878091d4:	00000400 	andeq	r0, r0, r0, lsl #8
878091d8:	20000400 	andcs	r0, r0, r0, lsl #8
878091dc:	20000600 	andcs	r0, r0, r0, lsl #12
878091e0:	e0ff0300 	rscs	r0, pc, r0, lsl #6
878091e4:	e0ff0100 	rscs	r0, pc, r0, lsl #2
878091e8:	20000000 	andcs	r0, r0, r0
878091ec:	20000000 	andcs	r0, r0, r0
	...
8780923c:	20000400 	andcs	r0, r0, r0, lsl #8
87809240:	20000400 	andcs	r0, r0, r0, lsl #8
87809244:	20000400 	andcs	r0, r0, r0, lsl #8
87809248:	20000400 	andcs	r0, r0, r0, lsl #8
8780924c:	e0ff8703 	rscs	r8, pc, r3, lsl #14
87809250:	e0ff8f03 	rscs	r8, pc, r3, lsl #30
87809254:	20008003 	andcs	r8, r0, r3
87809258:	20000000 	andcs	r0, r0, r0
8780925c:	20000000 	andcs	r0, r0, r0
87809260:	20000000 	andcs	r0, r0, r0
	...
878092bc:	06000000 	streq	r0, [r0], -r0
878092c0:	07000000 	streq	r0, [r0, -r0]
878092c4:	01000000 	mrseq	r0, (UNDEF: 0)
878092c8:	01000000 	mrseq	r0, (UNDEF: 0)
878092cc:	01000400 	tsteq	r0, r0, lsl #8
878092d0:	01000400 	tsteq	r0, r0, lsl #8
878092d4:	03000400 	movweq	r0, #1024	@ 0x400
878092d8:	06000400 	streq	r0, [r0], -r0, lsl #8
878092dc:	fcff8703 	ldc2l	7, cr8, [pc], #12	@ 878092f0 <asc2_3216+0x2540>
878092e0:	f8ff8f03 			@ <UNDEFINED> instruction: 0xf8ff8f03
878092e4:	00008003 	andeq	r8, r0, r3
	...
87809334:	20000002 	andcs	r0, r0, r2
87809338:	20000002 	andcs	r0, r0, r2
8780933c:	e0ffff03 	rscs	pc, pc, r3, lsl #30
87809340:	e0ffff07 	rscs	pc, pc, r7, lsl #30
87809344:	20080000 	andcs	r0, r8, r0
87809348:	20100000 	andscs	r0, r0, r0
8780934c:	00300000 	eorseq	r0, r0, r0
87809350:	00fc0000 	rscseq	r0, ip, r0
87809354:	008e0500 	addeq	r0, lr, r0, lsl #10
87809358:	a0070700 	andge	r0, r7, r0, lsl #14
8780935c:	e0010600 	and	r0, r1, r0, lsl #12
87809360:	e0000400 	and	r0, r0, r0, lsl #8
87809364:	20000400 	andcs	r0, r0, r0, lsl #8
87809368:	20000000 	andcs	r0, r0, r0
	...
878093bc:	20000002 	andcs	r0, r0, r2
878093c0:	20000002 	andcs	r0, r0, r2
878093c4:	20000002 	andcs	r0, r0, r2
878093c8:	20000002 	andcs	r0, r0, r2
878093cc:	e0ffff03 	rscs	pc, pc, r3, lsl #30
878093d0:	e0ffff07 	rscs	pc, pc, r7, lsl #30
878093d4:	20000000 	andcs	r0, r0, r0
878093d8:	20000000 	andcs	r0, r0, r0
878093dc:	20000000 	andcs	r0, r0, r0
878093e0:	20000000 	andcs	r0, r0, r0
	...
87809434:	20000400 	andcs	r0, r0, r0, lsl #8
87809438:	e0ff0700 	rscs	r0, pc, r0, lsl #14
8780943c:	e0ff0f00 	rscs	r0, pc, r0, lsl #30
87809440:	20000200 	andcs	r0, r0, r0, lsl #4
87809444:	00000400 	andeq	r0, r0, r0, lsl #8
87809448:	20000400 	andcs	r0, r0, r0, lsl #8
8780944c:	e0ff0700 	rscs	r0, pc, r0, lsl #14
87809450:	e0ff0300 	rscs	r0, pc, r0, lsl #6
87809454:	20000200 	andcs	r0, r0, r0, lsl #4
87809458:	00000400 	andeq	r0, r0, r0, lsl #8
8780945c:	20000400 	andcs	r0, r0, r0, lsl #8
87809460:	e0ff0700 	rscs	r0, pc, r0, lsl #14
87809464:	e0ff0300 	rscs	r0, pc, r0, lsl #6
87809468:	20000000 	andcs	r0, r0, r0
	...
878094b4:	20000400 	andcs	r0, r0, r0, lsl #8
878094b8:	20000400 	andcs	r0, r0, r0, lsl #8
878094bc:	e0ff0700 	rscs	r0, pc, r0, lsl #14
878094c0:	e0ff0f00 	rscs	r0, pc, r0, lsl #30
878094c4:	20000100 	andcs	r0, r0, r0, lsl #2
878094c8:	20000200 	andcs	r0, r0, r0, lsl #4
878094cc:	00000200 	andeq	r0, r0, r0, lsl #4
878094d0:	00000400 	andeq	r0, r0, r0, lsl #8
878094d4:	00000400 	andeq	r0, r0, r0, lsl #8
878094d8:	20000400 	andcs	r0, r0, r0, lsl #8
878094dc:	20000600 	andcs	r0, r0, r0, lsl #12
878094e0:	e0ff0300 	rscs	r0, pc, r0, lsl #6
878094e4:	e0ff0100 	rscs	r0, pc, r0, lsl #2
878094e8:	20000000 	andcs	r0, r0, r0
878094ec:	20000000 	andcs	r0, r0, r0
	...
87809538:	007e0000 	rsbseq	r0, lr, r0
8780953c:	80ff0000 	rscshi	r0, pc, r0
87809540:	c0810300 	addgt	r0, r1, r0, lsl #6
87809544:	40000200 	andmi	r0, r0, r0, lsl #4
87809548:	20000600 	andcs	r0, r0, r0, lsl #12
8780954c:	20000400 	andcs	r0, r0, r0, lsl #8
87809550:	20000400 	andcs	r0, r0, r0, lsl #8
87809554:	20000400 	andcs	r0, r0, r0, lsl #8
87809558:	20000600 	andcs	r0, r0, r0, lsl #12
8780955c:	40000200 	andmi	r0, r0, r0, lsl #4
87809560:	c0810300 	addgt	r0, r1, r0, lsl #6
87809564:	80ff0100 	rscshi	r0, pc, r0, lsl #2
87809568:	007e0000 	rsbseq	r0, lr, r0
	...
878095b4:	01000400 	tsteq	r0, r0, lsl #8
878095b8:	01000400 	tsteq	r0, r0, lsl #8
878095bc:	ffff0700 			@ <UNDEFINED> instruction: 0xffff0700
878095c0:	ffff0f00 			@ <UNDEFINED> instruction: 0xffff0f00
878095c4:	c1000100 	mrsgt	r0, (UNDEF: 16)
878095c8:	41000200 	mrsmi	r0, R8_usr
878095cc:	20000400 	andcs	r0, r0, r0, lsl #8
878095d0:	20000400 	andcs	r0, r0, r0, lsl #8
878095d4:	20000400 	andcs	r0, r0, r0, lsl #8
878095d8:	20000400 	andcs	r0, r0, r0, lsl #8
878095dc:	40000600 	andmi	r0, r0, r0, lsl #12
878095e0:	c0010300 	andgt	r0, r1, r0, lsl #6
878095e4:	80ff0100 	rscshi	r0, pc, r0, lsl #2
878095e8:	007e0000 	rsbseq	r0, lr, r0
	...
87809638:	007e0000 	rsbseq	r0, lr, r0
8780963c:	80ff0100 	rscshi	r0, pc, r0, lsl #2
87809640:	c0800300 	addgt	r0, r0, r0, lsl #6
87809644:	60000200 	andvs	r0, r0, r0, lsl #4
87809648:	20000400 	andcs	r0, r0, r0, lsl #8
8780964c:	20000400 	andcs	r0, r0, r0, lsl #8
87809650:	20000400 	andcs	r0, r0, r0, lsl #8
87809654:	20000400 	andcs	r0, r0, r0, lsl #8
87809658:	41000200 	mrsmi	r0, R8_usr
8780965c:	c1000300 	mrsgt	r0, LR_irq
87809660:	ffff0300 			@ <UNDEFINED> instruction: 0xffff0300
87809664:	ffff0700 			@ <UNDEFINED> instruction: 0xffff0700
87809668:	01000000 	mrseq	r0, (UNDEF: 0)
8780966c:	01000000 	mrseq	r0, (UNDEF: 0)
	...
878096b4:	20000400 	andcs	r0, r0, r0, lsl #8
878096b8:	20000400 	andcs	r0, r0, r0, lsl #8
878096bc:	20000400 	andcs	r0, r0, r0, lsl #8
878096c0:	20000400 	andcs	r0, r0, r0, lsl #8
878096c4:	e0ff0f00 	rscs	r0, pc, r0, lsl #30
878096c8:	e0ff0f00 	rscs	r0, pc, r0, lsl #30
878096cc:	20c00000 	sbccs	r0, r0, r0
878096d0:	20000100 	andcs	r0, r0, r0, lsl #2
878096d4:	20000200 	andcs	r0, r0, r0, lsl #4
878096d8:	20000600 	andcs	r0, r0, r0, lsl #12
878096dc:	00000400 	andeq	r0, r0, r0, lsl #8
878096e0:	00000400 	andeq	r0, r0, r0, lsl #8
878096e4:	00000700 	andeq	r0, r0, r0, lsl #14
878096e8:	00000300 	andeq	r0, r0, r0, lsl #6
	...
87809738:	e0030000 	and	r0, r3, r0
8780973c:	e0c00100 	sbc	r0, r0, r0, lsl #2
87809740:	40e00300 	rscmi	r0, r0, r0, lsl #6
87809744:	20300600 	eorscs	r0, r0, r0, lsl #12
87809748:	20300400 	eorscs	r0, r0, r0, lsl #8
8780974c:	20180400 	andscs	r0, r8, r0, lsl #8
87809750:	20180400 	andscs	r0, r8, r0, lsl #8
87809754:	20180400 	andscs	r0, r8, r0, lsl #8
87809758:	200c0400 	andcs	r0, ip, r0, lsl #8
8780975c:	600c0200 	andvs	r0, ip, r0, lsl #4
87809760:	c0070300 	andgt	r0, r7, r0, lsl #6
87809764:	80830700 	addhi	r0, r3, r0, lsl #14
	...
878097b8:	00000400 	andeq	r0, r0, r0, lsl #8
878097bc:	00000400 	andeq	r0, r0, r0, lsl #8
878097c0:	00000400 	andeq	r0, r0, r0, lsl #8
878097c4:	00000c00 	andeq	r0, r0, r0, lsl #24
878097c8:	80ff1f00 	rscshi	r1, pc, r0, lsl #30
878097cc:	c0ffff00 	rscsgt	pc, pc, r0, lsl #30
878097d0:	60000400 	andvs	r0, r0, r0, lsl #8
878097d4:	20000400 	andcs	r0, r0, r0, lsl #8
878097d8:	20000400 	andcs	r0, r0, r0, lsl #8
878097dc:	20000400 	andcs	r0, r0, r0, lsl #8
878097e0:	40000400 	andmi	r0, r0, r0, lsl #8
878097e4:	80010000 	andhi	r0, r1, r0
	...
87809834:	00000400 	andeq	r0, r0, r0, lsl #8
87809838:	00000400 	andeq	r0, r0, r0, lsl #8
8780983c:	80ff0700 	rscshi	r0, pc, r0, lsl #14
87809840:	c0ff0f00 	rscsgt	r0, pc, r0, lsl #30
87809844:	60000000 	andvs	r0, r0, r0
87809848:	20000000 	andcs	r0, r0, r0
8780984c:	20000000 	andcs	r0, r0, r0
87809850:	20000000 	andcs	r0, r0, r0
87809854:	20000000 	andcs	r0, r0, r0
87809858:	40000400 	andmi	r0, r0, r0, lsl #8
8780985c:	80000400 	andhi	r0, r0, r0, lsl #8
87809860:	e0ff0700 	rscs	r0, pc, r0, lsl #14
87809864:	c0ff0f00 	rscsgt	r0, pc, r0, lsl #30
87809868:	40000000 	andmi	r0, r0, r0
8780986c:	40000000 	andmi	r0, r0, r0
	...
878098b4:	00000400 	andeq	r0, r0, r0, lsl #8
878098b8:	00000400 	andeq	r0, r0, r0, lsl #8
878098bc:	00800700 	addeq	r0, r0, r0, lsl #14
878098c0:	00f00700 	rscseq	r0, r0, r0, lsl #14
878098c4:	00fe0400 	rscseq	r0, lr, r0, lsl #8
878098c8:	c01f0400 	andsgt	r0, pc, r0, lsl #8
878098cc:	e0030000 	and	r0, r3, r0
878098d0:	80030000 	andhi	r0, r3, r0
878098d4:	001c0000 	andseq	r0, ip, r0
878098d8:	00600400 	rsbeq	r0, r0, r0, lsl #8
878098dc:	00800700 	addeq	r0, r0, r0, lsl #14
878098e0:	00000600 	andeq	r0, r0, r0, lsl #12
878098e4:	00000400 	andeq	r0, r0, r0, lsl #8
	...
87809930:	00000400 	andeq	r0, r0, r0, lsl #8
87809934:	00000600 	andeq	r0, r0, r0, lsl #12
87809938:	00c00700 	sbceq	r0, r0, r0, lsl #14
8780993c:	00fc0700 	rscseq	r0, ip, r0, lsl #14
87809940:	803f0400 	eorshi	r0, pc, r0, lsl #8
87809944:	e0030000 	and	r0, r3, r0
87809948:	800f0400 	andhi	r0, pc, r0, lsl #8
8780994c:	00f00600 	rscseq	r0, r0, r0, lsl #12
87809950:	00f00700 	rscseq	r0, r0, r0, lsl #14
87809954:	80ff0700 	rscshi	r0, pc, r0, lsl #14
87809958:	e00f0400 	and	r0, pc, r0, lsl #8
8780995c:	80030000 	andhi	r0, r3, r0
87809960:	003c0400 	eorseq	r0, ip, r0, lsl #8
87809964:	00c00700 	sbceq	r0, r0, r0, lsl #14
87809968:	00000600 	andeq	r0, r0, r0, lsl #12
8780996c:	00000400 	andeq	r0, r0, r0, lsl #8
	...
878099b4:	20000000 	andcs	r0, r0, r0
878099b8:	20000400 	andcs	r0, r0, r0, lsl #8
878099bc:	60000400 	andvs	r0, r0, r0, lsl #8
878099c0:	e0000700 	and	r0, r0, r0, lsl #14
878099c4:	20830700 	addcs	r0, r3, r0, lsl #14
878099c8:	00e60700 	rsceq	r0, r6, r0, lsl #14
878099cc:	00f80400 	rscseq	r0, r8, r0, lsl #8
878099d0:	003c0000 	eorseq	r0, ip, r0
878099d4:	205e0400 	subscs	r0, lr, r0, lsl #8
878099d8:	a0870500 	addge	r0, r7, r0, lsl #10
878099dc:	e0010600 	and	r0, r1, r0, lsl #12
878099e0:	60000400 	andvs	r0, r0, r0, lsl #8
878099e4:	20000400 	andcs	r0, r0, r0, lsl #8
878099e8:	20000000 	andcs	r0, r0, r0
	...
87809a34:	00000400 	andeq	r0, r0, r0, lsl #8
87809a38:	03000400 	movweq	r0, #1024	@ 0x400
87809a3c:	03000700 	movweq	r0, #1792	@ 0x700
87809a40:	01e00700 	mvneq	r0, r0, lsl #14
87809a44:	01f80400 	mvnseq	r0, r0, lsl #8
87809a48:	021f0400 	andseq	r0, pc, #0, 8
87809a4c:	fc070000 	stc2	0, cr0, [r7], {-0}
87809a50:	e0000000 	and	r0, r0, r0
87809a54:	00070000 	andeq	r0, r7, r0
87809a58:	00380400 	eorseq	r0, r8, r0, lsl #8
87809a5c:	00c00700 	sbceq	r0, r0, r0, lsl #14
87809a60:	00000600 	andeq	r0, r0, r0, lsl #12
87809a64:	00000400 	andeq	r0, r0, r0, lsl #8
87809a68:	00000400 	andeq	r0, r0, r0, lsl #8
	...
87809ab8:	60800700 	addvs	r0, r0, r0, lsl #14
87809abc:	e0000600 	and	r0, r0, r0, lsl #12
87809ac0:	e0030400 	and	r0, r3, r0, lsl #8
87809ac4:	a0070400 	andge	r0, r7, r0, lsl #8
87809ac8:	200e0400 	andcs	r0, lr, r0, lsl #8
87809acc:	203c0400 	eorscs	r0, ip, r0, lsl #8
87809ad0:	20700400 	rsbscs	r0, r0, r0, lsl #8
87809ad4:	20e00500 	rsccs	r0, r0, r0, lsl #10
87809ad8:	20800700 	addcs	r0, r0, r0, lsl #14
87809adc:	60000700 	andvs	r0, r0, r0, lsl #14
87809ae0:	e0000400 	and	r0, r0, r0, lsl #8
87809ae4:	80030000 	andhi	r0, r3, r0
	...
87809b4c:	00800000 	addeq	r0, r0, r0
87809b50:	00800000 	addeq	r0, r0, r0
87809b54:	00400100 	subeq	r0, r0, r0, lsl #2
87809b58:	f83ffe07 			@ <UNDEFINED> instruction: 0xf83ffe07
87809b5c:	04000008 	streq	r0, [r0], #-8
87809b60:	02000010 	andeq	r0, r0, #16
87809b64:	02000010 	andeq	r0, r0, #16
	...
87809bd0:	ffffffff 			@ <UNDEFINED> instruction: 0xffffffff
	...
87809c38:	02000010 	andeq	r0, r0, #16
87809c3c:	02000010 	andeq	r0, r0, #16
87809c40:	04000008 	streq	r0, [r0], #-8
87809c44:	f83ffe07 			@ <UNDEFINED> instruction: 0xf83ffe07
87809c48:	00400100 	subeq	r0, r0, r0, lsl #2
87809c4c:	00800000 	addeq	r0, r0, r0
87809c50:	00800000 	addeq	r0, r0, r0
	...
87809cb4:	00000018 	andeq	r0, r0, r8, lsl r0
87809cb8:	00000030 	andeq	r0, r0, r0, lsr r0
87809cbc:	00000040 	andeq	r0, r0, r0, asr #32
87809cc0:	00000040 	andeq	r0, r0, r0, asr #32
87809cc4:	00000040 	andeq	r0, r0, r0, asr #32
87809cc8:	00000020 	andeq	r0, r0, r0, lsr #32
87809ccc:	00000030 	andeq	r0, r0, r0, lsr r0
87809cd0:	00000008 	andeq	r0, r0, r8
87809cd4:	00000004 	andeq	r0, r0, r4
87809cd8:	00000002 	andeq	r0, r0, r2
87809cdc:	00000002 	andeq	r0, r0, r2
87809ce0:	00000002 	andeq	r0, r0, r2
87809ce4:	0000000c 	andeq	r0, r0, ip
87809ce8:	00000018 	andeq	r0, r0, r8, lsl r0
	...

87809d30 <CSWTCH.7>:
87809d30:	00000004 	andeq	r0, r0, r4
87809d34:	00000003 	andeq	r0, r0, r3
87809d38:	00000002 	andeq	r0, r0, r2
87809d3c:	00000001 	andeq	r0, r0, r1
87809d40:	00000000 	andeq	r0, r0, r0
87809d44:	00000006 	andeq	r0, r0, r6
87809d48:	00000000 	andeq	r0, r0, r0
87809d4c:	003b001f 	eorseq	r0, fp, pc, lsl r0
87809d50:	0078005a 	rsbseq	r0, r8, sl, asr r0
87809d54:	00b50097 	umlalseq	r0, r5, r7, r0
87809d58:	00f300d4 	ldrsbteq	r0, [r3], #4
87809d5c:	01300111 	teqeq	r0, r1, lsl r1
87809d60:	0000014e 	andeq	r0, r0, lr, asr #2

87809d64 <CSWTCH.11>:
87809d64:	42830000 	addmi	r0, r3, #0
87809d68:	42033333 	andmi	r3, r3, #-872415232	@ 0xcc000000
87809d6c:	41833333 	orrmi	r3, r3, r3, lsr r3

87809d70 <CSWTCH.13>:
87809d70:	10002000 	andne	r2, r0, r0
87809d74:	Address 0x87809d74 is out of bounds.


Disassembly of section .ARM.exidx:

87809d78 <.ARM.exidx>:
87809d78:	7fffb380 	svcvc	0x00ffb380
87809d7c:	00000001 	andeq	r0, r0, r1

Disassembly of section .data:

87809d80 <_ctype>:
87809d80:	08080808 	stmdaeq	r8, {r3, fp}
87809d84:	08080808 	stmdaeq	r8, {r3, fp}
87809d88:	28282808 	stmdacs	r8!, {r3, fp, sp}
87809d8c:	08082828 	stmdaeq	r8, {r3, r5, fp, sp}
87809d90:	08080808 	stmdaeq	r8, {r3, fp}
87809d94:	08080808 	stmdaeq	r8, {r3, fp}
87809d98:	08080808 	stmdaeq	r8, {r3, fp}
87809d9c:	08080808 	stmdaeq	r8, {r3, fp}
87809da0:	101010a0 	andsne	r1, r0, r0, lsr #1
87809da4:	10101010 	andsne	r1, r0, r0, lsl r0
87809da8:	10101010 	andsne	r1, r0, r0, lsl r0
87809dac:	10101010 	andsne	r1, r0, r0, lsl r0
87809db0:	04040404 	streq	r0, [r4], #-1028	@ 0xfffffbfc
87809db4:	04040404 	streq	r0, [r4], #-1028	@ 0xfffffbfc
87809db8:	10100404 	andsne	r0, r0, r4, lsl #8
87809dbc:	10101010 	andsne	r1, r0, r0, lsl r0
87809dc0:	41414110 	cmpmi	r1, r0, lsl r1
87809dc4:	01414141 	cmpeq	r1, r1, asr #2
87809dc8:	01010101 	tsteq	r1, r1, lsl #2
87809dcc:	01010101 	tsteq	r1, r1, lsl #2
87809dd0:	01010101 	tsteq	r1, r1, lsl #2
87809dd4:	01010101 	tsteq	r1, r1, lsl #2
87809dd8:	10010101 	andne	r0, r1, r1, lsl #2
87809ddc:	10101010 	andsne	r1, r0, r0, lsl r0
87809de0:	42424210 	submi	r4, r2, #16, 4
87809de4:	02424242 	subeq	r4, r2, #536870916	@ 0x20000004
87809de8:	02020202 	andeq	r0, r2, #536870912	@ 0x20000000
87809dec:	02020202 	andeq	r0, r2, #536870912	@ 0x20000000
87809df0:	02020202 	andeq	r0, r2, #536870912	@ 0x20000000
87809df4:	02020202 	andeq	r0, r2, #536870912	@ 0x20000000
87809df8:	10020202 	andne	r0, r2, r2, lsl #4
87809dfc:	08101010 	ldmdaeq	r0, {r4, ip}
	...
87809e20:	101010a0 	andsne	r1, r0, r0, lsr #1
87809e24:	10101010 	andsne	r1, r0, r0, lsl r0
87809e28:	10101010 	andsne	r1, r0, r0, lsl r0
87809e2c:	10101010 	andsne	r1, r0, r0, lsl r0
87809e30:	10101010 	andsne	r1, r0, r0, lsl r0
87809e34:	10101010 	andsne	r1, r0, r0, lsl r0
87809e38:	10101010 	andsne	r1, r0, r0, lsl r0
87809e3c:	10101010 	andsne	r1, r0, r0, lsl r0
87809e40:	01010101 	tsteq	r1, r1, lsl #2
87809e44:	01010101 	tsteq	r1, r1, lsl #2
87809e48:	01010101 	tsteq	r1, r1, lsl #2
87809e4c:	01010101 	tsteq	r1, r1, lsl #2
87809e50:	01010101 	tsteq	r1, r1, lsl #2
87809e54:	10010101 	andne	r0, r1, r1, lsl #2
87809e58:	01010101 	tsteq	r1, r1, lsl #2
87809e5c:	02010101 	andeq	r0, r1, #1073741824	@ 0x40000000
87809e60:	02020202 	andeq	r0, r2, #536870912	@ 0x20000000
87809e64:	02020202 	andeq	r0, r2, #536870912	@ 0x20000000
87809e68:	02020202 	andeq	r0, r2, #536870912	@ 0x20000000
87809e6c:	02020202 	andeq	r0, r2, #536870912	@ 0x20000000
87809e70:	02020202 	andeq	r0, r2, #536870912	@ 0x20000000
87809e74:	10020202 	andne	r0, r2, r2, lsl #4
87809e78:	02020202 	andeq	r0, r2, #536870912	@ 0x20000000
87809e7c:	02020202 	andeq	r0, r2, #536870912	@ 0x20000000

87809e80 <release.0>:
87809e80:	Address 0x87809e80 is out of bounds.


Disassembly of section .ARM.attributes:

00000000 <.ARM.attributes>:
   0:	00002e41 	andeq	r2, r0, r1, asr #28
   4:	61656100 	cmnvs	r5, r0, lsl #2
   8:	01006962 	tsteq	r0, r2, ror #18
   c:	00000024 	andeq	r0, r0, r4, lsr #32
  10:	412d3705 			@ <UNDEFINED> instruction: 0x412d3705
  14:	070a0600 	streq	r0, [sl, -r0, lsl #12]
  18:	09010841 	stmdbeq	r1, {r0, r6, fp}
  1c:	12040a02 	andne	r0, r4, #8192	@ 0x2000
  20:	15011404 	strne	r1, [r1, #-1028]	@ 0xfffffbfc
  24:	18031701 	stmdane	r3, {r0, r8, r9, sl, ip}
  28:	1c021a01 			@ <UNDEFINED> instruction: 0x1c021a01
  2c:	Address 0x2c is out of bounds.


Disassembly of section .comment:

00000000 <.comment>:
   0:	3a434347 	bcc	10d0d24 <shift+0x10d0d24>
   4:	62552820 	subsvs	r2, r5, #32, 16	@ 0x200000
   8:	75746e75 	ldrbvc	r6, [r4, #-3701]!	@ 0xfffff18b
   c:	2e353120 	cdpcs	1, 3, cr3, cr5, cr0, {1}
  10:	2d302e32 	ldccs	14, cr2, [r0, #-200]!	@ 0xffffff38
  14:	75627534 	strbvc	r7, [r2, #-1332]!	@ 0xfffffacc
  18:	3475746e 	ldrbtcc	r7, [r5], #-1134	@ 0xfffffb92
  1c:	35312029 	ldrcc	r2, [r1, #-41]!	@ 0xffffffd7
  20:	302e322e 	eorcc	r3, lr, lr, lsr #4
	...
