
print.elf:     file format elf32-littlearm


Disassembly of section .text:

87800000 <_start>:
87800000:	e59ff118 	ldr	pc, [pc, #280]	@ 87800120 <FIQ_Handler+0x8>
87800004:	e59ff118 	ldr	pc, [pc, #280]	@ 87800124 <FIQ_Handler+0xc>
87800008:	e59ff118 	ldr	pc, [pc, #280]	@ 87800128 <FIQ_Handler+0x10>
8780000c:	e59ff118 	ldr	pc, [pc, #280]	@ 8780012c <FIQ_Handler+0x14>
87800010:	e59ff118 	ldr	pc, [pc, #280]	@ 87800130 <FIQ_Handler+0x18>
87800014:	e59ff118 	ldr	pc, [pc, #280]	@ 87800134 <FIQ_Handler+0x1c>
87800018:	e59ff118 	ldr	pc, [pc, #280]	@ 87800138 <FIQ_Handler+0x20>
8780001c:	e59ff118 	ldr	pc, [pc, #280]	@ 8780013c <FIQ_Handler+0x24>

87800020 <Reset_Handler>:
87800020:	f10c0080 	cpsid	i
87800024:	ee110f10 	mrc	15, 0, r0, cr1, cr0, {0}
87800028:	e3c00a01 	bic	r0, r0, #4096	@ 0x1000
8780002c:	e3c00b02 	bic	r0, r0, #2048	@ 0x800
87800030:	e3c00004 	bic	r0, r0, #4
87800034:	e3c00002 	bic	r0, r0, #2
87800038:	e3c00001 	bic	r0, r0, #1
8780003c:	ee010f10 	mcr	15, 0, r0, cr1, cr0, {0}
87800040:	e59f00f8 	ldr	r0, [pc, #248]	@ 87800140 <FIQ_Handler+0x28>
87800044:	e59f10f8 	ldr	r1, [pc, #248]	@ 87800144 <FIQ_Handler+0x2c>
87800048:	e3a02000 	mov	r2, #0

8780004c <bss_loop>:
8780004c:	e4802004 	str	r2, [r0], #4
87800050:	e1500001 	cmp	r0, r1
87800054:	3afffffc 	bcc	8780004c <bss_loop>
87800058:	e10f0000 	mrs	r0, CPSR
8780005c:	e3c0001f 	bic	r0, r0, #31
87800060:	e3800012 	orr	r0, r0, #18
87800064:	e129f000 	msr	CPSR_fc, r0
87800068:	e59fd0d8 	ldr	sp, [pc, #216]	@ 87800148 <FIQ_Handler+0x30>
8780006c:	e10f0000 	mrs	r0, CPSR
87800070:	e3c0001f 	bic	r0, r0, #31
87800074:	e380001f 	orr	r0, r0, #31
87800078:	e129f000 	msr	CPSR_fc, r0
8780007c:	e59fd0c8 	ldr	sp, [pc, #200]	@ 8780014c <FIQ_Handler+0x34>
87800080:	e10f0000 	mrs	r0, CPSR
87800084:	e3c0001f 	bic	r0, r0, #31
87800088:	e3800013 	orr	r0, r0, #19
8780008c:	e129f000 	msr	CPSR_fc, r0
87800090:	e59fd0b8 	ldr	sp, [pc, #184]	@ 87800150 <FIQ_Handler+0x38>
87800094:	f1080080 	cpsie	i
87800098:	ea000cae 	b	87803358 <__main_from_arm>

8780009c <Undefine_Handler>:
8780009c:	e59f0080 	ldr	r0, [pc, #128]	@ 87800124 <FIQ_Handler+0xc>
878000a0:	e12fff10 	bx	r0

878000a4 <SVC_Handler>:
878000a4:	e59f007c 	ldr	r0, [pc, #124]	@ 87800128 <FIQ_Handler+0x10>
878000a8:	e12fff10 	bx	r0

878000ac <PreAbort_Handler>:
878000ac:	e59f0078 	ldr	r0, [pc, #120]	@ 8780012c <FIQ_Handler+0x14>
878000b0:	e12fff10 	bx	r0

878000b4 <DataAbort_Handler>:
878000b4:	e59f0074 	ldr	r0, [pc, #116]	@ 87800130 <FIQ_Handler+0x18>
878000b8:	e12fff10 	bx	r0

878000bc <NotUsed_Handler>:
878000bc:	e59f0070 	ldr	r0, [pc, #112]	@ 87800134 <FIQ_Handler+0x1c>
878000c0:	e12fff10 	bx	r0

878000c4 <IRQ_Handler>:
878000c4:	e52de004 	push	{lr}		@ (str lr, [sp, #-4]!)
878000c8:	e92d100f 	push	{r0, r1, r2, r3, ip}
878000cc:	e14f0000 	mrs	r0, SPSR
878000d0:	e52d0004 	push	{r0}		@ (str r0, [sp, #-4]!)
878000d4:	ee9f1f10 	mrc	15, 4, r1, cr15, cr0, {0}
878000d8:	e2811a02 	add	r1, r1, #8192	@ 0x2000
878000dc:	e591000c 	ldr	r0, [r1, #12]
878000e0:	e92d0003 	push	{r0, r1}
878000e4:	f1020013 	cps	#19
878000e8:	e52de004 	push	{lr}		@ (str lr, [sp, #-4]!)
878000ec:	e59f2060 	ldr	r2, [pc, #96]	@ 87800154 <FIQ_Handler+0x3c>
878000f0:	e12fff32 	blx	r2
878000f4:	e49de004 	pop	{lr}		@ (ldr lr, [sp], #4)
878000f8:	f1020012 	cps	#18
878000fc:	e8bd0003 	pop	{r0, r1}
87800100:	e5810010 	str	r0, [r1, #16]
87800104:	e49d0004 	pop	{r0}		@ (ldr r0, [sp], #4)
87800108:	e16ff000 	msr	SPSR_fsxc, r0
8780010c:	e49d0004 	pop	{r0}		@ (ldr r0, [sp], #4)
87800110:	e49de004 	pop	{lr}		@ (ldr lr, [sp], #4)
87800114:	e25ef004 	subs	pc, lr, #4

87800118 <FIQ_Handler>:
87800118:	e59f001c 	ldr	r0, [pc, #28]	@ 8780013c <FIQ_Handler+0x24>
8780011c:	e12fff10 	bx	r0
87800120:	87800020 	strhi	r0, [r0, r0, lsr #32]
87800124:	8780009c 			@ <UNDEFINED> instruction: 0x8780009c
87800128:	878000a4 	strhi	r0, [r0, r4, lsr #1]
8780012c:	878000ac 	strhi	r0, [r0, ip, lsr #1]
87800130:	878000b4 			@ <UNDEFINED> instruction: 0x878000b4
87800134:	878000bc 			@ <UNDEFINED> instruction: 0x878000bc
87800138:	878000c4 	strhi	r0, [r0, r4, asr #1]
8780013c:	87800118 	usada8hi	r0, r8, r1, r0
87800140:	878035ec 	strhi	r3, [r0, ip, ror #11]
87800144:	878042f8 			@ <UNDEFINED> instruction: 0x878042f8
87800148:	80600000 	rsbhi	r0, r0, r0
8780014c:	80400000 	subhi	r0, r0, r0
87800150:	80200000 	eorhi	r0, r0, r0
87800154:	87802c71 			@ <UNDEFINED> instruction: 0x87802c71
87800158:	00001e41 	andeq	r1, r0, r1, asr #28
8780015c:	61656100 	cmnvs	r5, r0, lsl #2
87800160:	01006962 	tsteq	r0, r2, ror #18
87800164:	00000014 	andeq	r0, r0, r4, lsl r0
87800168:	412d3705 			@ <UNDEFINED> instruction: 0x412d3705
8780016c:	070a0600 	streq	r0, [sl, -r0, lsl #12]
87800170:	09010841 	stmdbeq	r1, {r0, r6, fp}
87800174:	00040a02 	andeq	r0, r4, r2, lsl #20
87800178:	878034e8 	strhi	r3, [r0, r8, ror #9]
8780017c:	87802999 			@ <UNDEFINED> instruction: 0x87802999

87800180 <_GLOBAL_OFFSET_TABLE_>:
	...

87800190 <__umodsi3>:
87800190:	e2512001 	subs	r2, r1, #1
87800194:	3a000062 	bcc	87800324 <Ldiv0>
87800198:	11500001 	cmpne	r0, r1
8780019c:	03a00000 	moveq	r0, #0
878001a0:	81110002 	tsthi	r1, r2
878001a4:	00000002 	andeq	r0, r0, r2
878001a8:	91a0f00e 	movls	pc, lr
878001ac:	e3a02000 	mov	r2, #0
878001b0:	e3510201 	cmp	r1, #268435456	@ 0x10000000
878001b4:	31510000 	cmpcc	r1, r0
878001b8:	31a01201 	lslcc	r1, r1, #4
878001bc:	32822004 	addcc	r2, r2, #4
878001c0:	3afffffa 	bcc	878001b0 <__umodsi3+0x20>
878001c4:	e3510102 	cmp	r1, #-2147483648	@ 0x80000000
878001c8:	31510000 	cmpcc	r1, r0
878001cc:	31a01081 	lslcc	r1, r1, #1
878001d0:	32822001 	addcc	r2, r2, #1
878001d4:	3afffffa 	bcc	878001c4 <__umodsi3+0x34>
878001d8:	e2522003 	subs	r2, r2, #3
878001dc:	ba00000e 	blt	8780021c <__umodsi3+0x8c>
878001e0:	e1500001 	cmp	r0, r1
878001e4:	20400001 	subcs	r0, r0, r1
878001e8:	e15000a1 	cmp	r0, r1, lsr #1
878001ec:	204000a1 	subcs	r0, r0, r1, lsr #1
878001f0:	e1500121 	cmp	r0, r1, lsr #2
878001f4:	20400121 	subcs	r0, r0, r1, lsr #2
878001f8:	e15001a1 	cmp	r0, r1, lsr #3
878001fc:	204001a1 	subcs	r0, r0, r1, lsr #3
87800200:	e3500001 	cmp	r0, #1
87800204:	e1a01221 	lsr	r1, r1, #4
87800208:	a2522004 	subsge	r2, r2, #4
8780020c:	aafffff3 	bge	878001e0 <__umodsi3+0x50>
87800210:	e3120003 	tst	r2, #3
87800214:	13300000 	teqne	r0, #0
87800218:	0a00000a 	beq	87800248 <__umodsi3+0xb8>
8780021c:	e3720002 	cmn	r2, #2
87800220:	ba000006 	blt	87800240 <__umodsi3+0xb0>
87800224:	0a000002 	beq	87800234 <__umodsi3+0xa4>
87800228:	e1500001 	cmp	r0, r1
8780022c:	20400001 	subcs	r0, r0, r1
87800230:	e1a010a1 	lsr	r1, r1, #1
87800234:	e1500001 	cmp	r0, r1
87800238:	20400001 	subcs	r0, r0, r1
8780023c:	e1a010a1 	lsr	r1, r1, #1
87800240:	e1500001 	cmp	r0, r1
87800244:	20400001 	subcs	r0, r0, r1
87800248:	e1a0f00e 	mov	pc, lr
8780024c:	90909090 	umullsls	r9, r0, r0, r0

87800250 <__modsi3>:
87800250:	e3510000 	cmp	r1, #0
87800254:	0a000032 	beq	87800324 <Ldiv0>
87800258:	42611000 	rsbmi	r1, r1, #0
8780025c:	e1b0c000 	movs	ip, r0
87800260:	42600000 	rsbmi	r0, r0, #0
87800264:	e2512001 	subs	r2, r1, #1
87800268:	11500001 	cmpne	r0, r1
8780026c:	03a00000 	moveq	r0, #0
87800270:	81110002 	tsthi	r1, r2
87800274:	00000002 	andeq	r0, r0, r2
87800278:	9a000026 	bls	87800318 <__modsi3+0xc8>
8780027c:	e3a02000 	mov	r2, #0
87800280:	e3510201 	cmp	r1, #268435456	@ 0x10000000
87800284:	31510000 	cmpcc	r1, r0
87800288:	31a01201 	lslcc	r1, r1, #4
8780028c:	32822004 	addcc	r2, r2, #4
87800290:	3afffffa 	bcc	87800280 <__modsi3+0x30>
87800294:	e3510102 	cmp	r1, #-2147483648	@ 0x80000000
87800298:	31510000 	cmpcc	r1, r0
8780029c:	31a01081 	lslcc	r1, r1, #1
878002a0:	32822001 	addcc	r2, r2, #1
878002a4:	3afffffa 	bcc	87800294 <__modsi3+0x44>
878002a8:	e2522003 	subs	r2, r2, #3
878002ac:	ba00000e 	blt	878002ec <__modsi3+0x9c>
878002b0:	e1500001 	cmp	r0, r1
878002b4:	20400001 	subcs	r0, r0, r1
878002b8:	e15000a1 	cmp	r0, r1, lsr #1
878002bc:	204000a1 	subcs	r0, r0, r1, lsr #1
878002c0:	e1500121 	cmp	r0, r1, lsr #2
878002c4:	20400121 	subcs	r0, r0, r1, lsr #2
878002c8:	e15001a1 	cmp	r0, r1, lsr #3
878002cc:	204001a1 	subcs	r0, r0, r1, lsr #3
878002d0:	e3500001 	cmp	r0, #1
878002d4:	e1a01221 	lsr	r1, r1, #4
878002d8:	a2522004 	subsge	r2, r2, #4
878002dc:	aafffff3 	bge	878002b0 <__modsi3+0x60>
878002e0:	e3120003 	tst	r2, #3
878002e4:	13300000 	teqne	r0, #0
878002e8:	0a00000a 	beq	87800318 <__modsi3+0xc8>
878002ec:	e3720002 	cmn	r2, #2
878002f0:	ba000006 	blt	87800310 <__modsi3+0xc0>
878002f4:	0a000002 	beq	87800304 <__modsi3+0xb4>
878002f8:	e1500001 	cmp	r0, r1
878002fc:	20400001 	subcs	r0, r0, r1
87800300:	e1a010a1 	lsr	r1, r1, #1
87800304:	e1500001 	cmp	r0, r1
87800308:	20400001 	subcs	r0, r0, r1
8780030c:	e1a010a1 	lsr	r1, r1, #1
87800310:	e1500001 	cmp	r0, r1
87800314:	20400001 	subcs	r0, r0, r1
87800318:	e35c0000 	cmp	ip, #0
8780031c:	42600000 	rsbmi	r0, r0, #0
87800320:	e1a0f00e 	mov	pc, lr

87800324 <Ldiv0>:
87800324:	e52de004 	push	{lr}		@ (str lr, [sp, #-4]!)
87800328:	e3a00000 	mov	r0, #0
8780032c:	e49df004 	pop	{pc}		@ (ldr pc, [sp], #4)

87800330 <__div64_32>:
87800330:	e92d 43f0 	stmdb	sp!, {r4, r5, r6, r7, r8, r9, lr}
87800334:	f04f 0800 	mov.w	r8, #0
87800338:	6846      	ldr	r6, [r0, #4]
8780033a:	6805      	ldr	r5, [r0, #0]
8780033c:	4607      	mov	r7, r0
8780033e:	42b1      	cmp	r1, r6
87800340:	b083      	sub	sp, #12
87800342:	4689      	mov	r9, r1
87800344:	460b      	mov	r3, r1
87800346:	4644      	mov	r4, r8
87800348:	bf84      	itt	hi
8780034a:	4640      	movhi	r0, r8
8780034c:	46c6      	movhi	lr, r8
8780034e:	d808      	bhi.n	87800362 <__div64_32+0x32>
87800350:	4630      	mov	r0, r6
87800352:	9101      	str	r1, [sp, #4]
87800354:	f002 fe1c 	bl	87802f90 <__udivsi3>
87800358:	464b      	mov	r3, r9
8780035a:	fb00 6619 	mls	r6, r0, r9, r6
8780035e:	4686      	mov	lr, r0
87800360:	4640      	mov	r0, r8
87800362:	45a9      	cmp	r9, r5
87800364:	f04f 0201 	mov.w	r2, #1
87800368:	eb78 0806 	sbcs.w	r8, r8, r6
8780036c:	bf34      	ite	cc
8780036e:	f04f 0801 	movcc.w	r8, #1
87800372:	f04f 0800 	movcs.w	r8, #0
87800376:	f1b9 0f00 	cmp.w	r9, #0
8780037a:	bf0c      	ite	eq
8780037c:	f04f 0800 	moveq.w	r8, #0
87800380:	f008 0801 	andne.w	r8, r8, #1
87800384:	f1b8 0f00 	cmp.w	r8, #0
87800388:	d016      	beq.n	878003b8 <__div64_32+0x88>
8780038a:	f04f 0800 	mov.w	r8, #0
8780038e:	18db      	adds	r3, r3, r3
87800390:	4164      	adcs	r4, r4
87800392:	1892      	adds	r2, r2, r2
87800394:	eb48 0c08 	adc.w	ip, r8, r8
87800398:	2b01      	cmp	r3, #1
8780039a:	f174 0100 	sbcs.w	r1, r4, #0
8780039e:	bfac      	ite	ge
878003a0:	2101      	movge	r1, #1
878003a2:	2100      	movlt	r1, #0
878003a4:	42ab      	cmp	r3, r5
878003a6:	f001 0101 	and.w	r1, r1, #1
878003aa:	eb74 0806 	sbcs.w	r8, r4, r6
878003ae:	46e0      	mov	r8, ip
878003b0:	bf28      	it	cs
878003b2:	2100      	movcs	r1, #0
878003b4:	2900      	cmp	r1, #0
878003b6:	d1ea      	bne.n	8780038e <__div64_32+0x5e>
878003b8:	429d      	cmp	r5, r3
878003ba:	ea4f 0c52 	mov.w	ip, r2, lsr #1
878003be:	ea4f 0153 	mov.w	r1, r3, lsr #1
878003c2:	eb76 0904 	sbcs.w	r9, r6, r4
878003c6:	d306      	bcc.n	878003d6 <__div64_32+0xa6>
878003c8:	1aed      	subs	r5, r5, r3
878003ca:	eb66 0604 	sbc.w	r6, r6, r4
878003ce:	1812      	adds	r2, r2, r0
878003d0:	eb48 0e0e 	adc.w	lr, r8, lr
878003d4:	4610      	mov	r0, r2
878003d6:	ea4c 72c8 	orr.w	r2, ip, r8, lsl #31
878003da:	ea4f 0858 	mov.w	r8, r8, lsr #1
878003de:	ea41 73c4 	orr.w	r3, r1, r4, lsl #31
878003e2:	0864      	lsrs	r4, r4, #1
878003e4:	ea52 0108 	orrs.w	r1, r2, r8
878003e8:	d1e6      	bne.n	878003b8 <__div64_32+0x88>
878003ea:	e9c7 0e00 	strd	r0, lr, [r7]
878003ee:	4628      	mov	r0, r5
878003f0:	b003      	add	sp, #12
878003f2:	e8bd 83f0 	ldmia.w	sp!, {r4, r5, r6, r7, r8, r9, pc}
878003f6:	bf00      	nop

878003f8 <__muldi3>:
878003f8:	b570      	push	{r4, r5, r6, lr}
878003fa:	ea4f 4410 	mov.w	r4, r0, lsr #16
878003fe:	ea4f 4c12 	mov.w	ip, r2, lsr #16
87800402:	ea20 4504 	bic.w	r5, r0, r4, lsl #16
87800406:	ea22 460c 	bic.w	r6, r2, ip, lsl #16
8780040a:	fb05 fe06 	mul.w	lr, r5, r6
8780040e:	fb04 f606 	mul.w	r6, r4, r6
87800412:	fb0c f505 	mul.w	r5, ip, r5
87800416:	fb04 fc0c 	mul.w	ip, r4, ip
8780041a:	1975      	adds	r5, r6, r5
8780041c:	bf28      	it	cs
8780041e:	f50c 3c80 	addcs.w	ip, ip, #65536	@ 0x10000
87800422:	eb1e 4e05 	adds.w	lr, lr, r5, lsl #16
87800426:	eb4c 4c15 	adc.w	ip, ip, r5, lsr #16
8780042a:	fb03 c300 	mla	r3, r3, r0, ip
8780042e:	4670      	mov	r0, lr
87800430:	fb02 3101 	mla	r1, r2, r1, r3
87800434:	bd70      	pop	{r4, r5, r6, pc}
87800436:	bf00      	nop

87800438 <printf>:
87800438:	b40f      	push	{r0, r1, r2, r3}
8780043a:	e92d 41f0 	stmdb	sp!, {r4, r5, r6, r7, r8, lr}
8780043e:	2700      	movs	r7, #0
87800440:	f2c0 2702 	movt	r7, #514	@ 0x202
87800444:	aa06      	add	r2, sp, #24
87800446:	4e0d      	ldr	r6, [pc, #52]	@ (8780047c <printf+0x44>)
87800448:	2400      	movs	r4, #0
8780044a:	447e      	add	r6, pc
8780044c:	f852 1b04 	ldr.w	r1, [r2], #4
87800450:	4630      	mov	r0, r6
87800452:	f001 fd3f 	bl	87801ed4 <vsprintf>
87800456:	1e75      	subs	r5, r6, #1
87800458:	4680      	mov	r8, r0
8780045a:	e004      	b.n	87800466 <printf+0x2e>
8780045c:	3401      	adds	r4, #1
8780045e:	f815 1f01 	ldrb.w	r1, [r5, #1]!
87800462:	f002 fd81 	bl	87802f68 <UART_Write>
87800466:	4630      	mov	r0, r6
87800468:	f000 f8f8 	bl	8780065c <strlen>
8780046c:	42a0      	cmp	r0, r4
8780046e:	4638      	mov	r0, r7
87800470:	d8f4      	bhi.n	8780045c <printf+0x24>
87800472:	4640      	mov	r0, r8
87800474:	e8bd 41f0 	ldmia.w	sp!, {r4, r5, r6, r7, r8, lr}
87800478:	b004      	add	sp, #16
8780047a:	4770      	bx	lr
8780047c:	0000319e 	muleq	r0, lr, r1

87800480 <scanf>:
87800480:	b40f      	push	{r0, r1, r2, r3}
87800482:	b5f8      	push	{r3, r4, r5, r6, r7, lr}
87800484:	2700      	movs	r7, #0
87800486:	f2c0 2702 	movt	r7, #514	@ 0x202
8780048a:	4d13      	ldr	r5, [pc, #76]	@ (878004d8 <scanf+0x58>)
8780048c:	2600      	movs	r6, #0
8780048e:	447d      	add	r5, pc
87800490:	f205 35ff 	addw	r5, r5, #1023	@ 0x3ff
87800494:	e002      	b.n	8780049c <scanf+0x1c>
87800496:	3601      	adds	r6, #1
87800498:	f805 4f01 	strb.w	r4, [r5, #1]!
8780049c:	4638      	mov	r0, r7
8780049e:	f002 fd5b 	bl	87802f58 <UART_Read>
878004a2:	4604      	mov	r4, r0
878004a4:	4601      	mov	r1, r0
878004a6:	4638      	mov	r0, r7
878004a8:	f002 fd5e 	bl	87802f68 <UART_Write>
878004ac:	2c0a      	cmp	r4, #10
878004ae:	bf18      	it	ne
878004b0:	2c0d      	cmpne	r4, #13
878004b2:	d1f0      	bne.n	87800496 <scanf+0x16>
878004b4:	4809      	ldr	r0, [pc, #36]	@ (878004dc <scanf+0x5c>)
878004b6:	aa06      	add	r2, sp, #24
878004b8:	2300      	movs	r3, #0
878004ba:	4478      	add	r0, pc
878004bc:	4406      	add	r6, r0
878004be:	f852 1b04 	ldr.w	r1, [r2], #4
878004c2:	f500 6080 	add.w	r0, r0, #1024	@ 0x400
878004c6:	f886 3400 	strb.w	r3, [r6, #1024]	@ 0x400
878004ca:	f001 fd17 	bl	87801efc <vsscanf>
878004ce:	e8bd 40f8 	ldmia.w	sp!, {r3, r4, r5, r6, r7, lr}
878004d2:	b004      	add	sp, #16
878004d4:	4770      	bx	lr
878004d6:	bf00      	nop
878004d8:	0000315a 	andeq	r3, r0, sl, asr r1
878004dc:	0000312e 	andeq	r3, r0, lr, lsr #2

878004e0 <strnicmp>:
878004e0:	b530      	push	{r4, r5, lr}
878004e2:	460c      	mov	r4, r1
878004e4:	4916      	ldr	r1, [pc, #88]	@ (87800540 <strnicmp+0x60>)
878004e6:	4479      	add	r1, pc
878004e8:	b31a      	cbz	r2, 87800532 <strnicmp+0x52>
878004ea:	4402      	add	r2, r0
878004ec:	f100 3cff 	add.w	ip, r0, #4294967295	@ 0xffffffff
878004f0:	3c01      	subs	r4, #1
878004f2:	1e55      	subs	r5, r2, #1
878004f4:	e014      	b.n	87800520 <strnicmp+0x40>
878004f6:	b1db      	cbz	r3, 87800530 <strnicmp+0x50>
878004f8:	4298      	cmp	r0, r3
878004fa:	d00f      	beq.n	8780051c <strnicmp+0x3c>
878004fc:	588a      	ldr	r2, [r1, r2]
878004fe:	f812 e000 	ldrb.w	lr, [r2, r0]
87800502:	5cd2      	ldrb	r2, [r2, r3]
87800504:	f00e 0e01 	and.w	lr, lr, #1
87800508:	f002 0201 	and.w	r2, r2, #1
8780050c:	eb00 104e 	add.w	r0, r0, lr, lsl #5
87800510:	eb03 1342 	add.w	r3, r3, r2, lsl #5
87800514:	b2c0      	uxtb	r0, r0
87800516:	b2db      	uxtb	r3, r3
87800518:	4283      	cmp	r3, r0
8780051a:	d10e      	bne.n	8780053a <strnicmp+0x5a>
8780051c:	4565      	cmp	r5, ip
8780051e:	d00a      	beq.n	87800536 <strnicmp+0x56>
87800520:	f81c 0f01 	ldrb.w	r0, [ip, #1]!
87800524:	4a07      	ldr	r2, [pc, #28]	@ (87800544 <strnicmp+0x64>)
87800526:	f814 3f01 	ldrb.w	r3, [r4, #1]!
8780052a:	2800      	cmp	r0, #0
8780052c:	d1e3      	bne.n	878004f6 <strnicmp+0x16>
8780052e:	4258      	negs	r0, r3
87800530:	bd30      	pop	{r4, r5, pc}
87800532:	4610      	mov	r0, r2
87800534:	bd30      	pop	{r4, r5, pc}
87800536:	2000      	movs	r0, #0
87800538:	bd30      	pop	{r4, r5, pc}
8780053a:	1ac0      	subs	r0, r0, r3
8780053c:	bd30      	pop	{r4, r5, pc}
8780053e:	bf00      	nop
87800540:	fffffb16 			@ <UNDEFINED> instruction: 0xfffffb16
87800544:	00000178 	andeq	r0, r0, r8, ror r1

87800548 <strcpy>:
87800548:	1e42      	subs	r2, r0, #1
8780054a:	f811 3b01 	ldrb.w	r3, [r1], #1
8780054e:	f802 3f01 	strb.w	r3, [r2, #1]!
87800552:	2b00      	cmp	r3, #0
87800554:	d1f9      	bne.n	8780054a <strcpy+0x2>
87800556:	4770      	bx	lr

87800558 <strncpy>:
87800558:	f100 3cff 	add.w	ip, r0, #4294967295	@ 0xffffffff
8780055c:	440a      	add	r2, r1
8780055e:	e004      	b.n	8780056a <strncpy+0x12>
87800560:	f811 3b01 	ldrb.w	r3, [r1], #1
87800564:	f80c 3f01 	strb.w	r3, [ip, #1]!
87800568:	b10b      	cbz	r3, 8780056e <strncpy+0x16>
8780056a:	4291      	cmp	r1, r2
8780056c:	d1f8      	bne.n	87800560 <strncpy+0x8>
8780056e:	4770      	bx	lr

87800570 <strcat>:
87800570:	7803      	ldrb	r3, [r0, #0]
87800572:	b163      	cbz	r3, 8780058e <strcat+0x1e>
87800574:	4603      	mov	r3, r0
87800576:	f813 2f01 	ldrb.w	r2, [r3, #1]!
8780057a:	2a00      	cmp	r2, #0
8780057c:	d1fb      	bne.n	87800576 <strcat+0x6>
8780057e:	3b01      	subs	r3, #1
87800580:	f811 2b01 	ldrb.w	r2, [r1], #1
87800584:	f803 2f01 	strb.w	r2, [r3, #1]!
87800588:	2a00      	cmp	r2, #0
8780058a:	d1f9      	bne.n	87800580 <strcat+0x10>
8780058c:	4770      	bx	lr
8780058e:	4603      	mov	r3, r0
87800590:	e7f5      	b.n	8780057e <strcat+0xe>
87800592:	bf00      	nop

87800594 <strncat>:
87800594:	4694      	mov	ip, r2
87800596:	b192      	cbz	r2, 878005be <strncat+0x2a>
87800598:	7803      	ldrb	r3, [r0, #0]
8780059a:	b1a3      	cbz	r3, 878005c6 <strncat+0x32>
8780059c:	4603      	mov	r3, r0
8780059e:	f813 2f01 	ldrb.w	r2, [r3, #1]!
878005a2:	2a00      	cmp	r2, #0
878005a4:	d1fb      	bne.n	8780059e <strncat+0xa>
878005a6:	3901      	subs	r1, #1
878005a8:	449c      	add	ip, r3
878005aa:	e001      	b.n	878005b0 <strncat+0x1c>
878005ac:	4563      	cmp	r3, ip
878005ae:	d007      	beq.n	878005c0 <strncat+0x2c>
878005b0:	f811 2f01 	ldrb.w	r2, [r1, #1]!
878005b4:	3301      	adds	r3, #1
878005b6:	f803 2c01 	strb.w	r2, [r3, #-1]
878005ba:	2a00      	cmp	r2, #0
878005bc:	d1f6      	bne.n	878005ac <strncat+0x18>
878005be:	4770      	bx	lr
878005c0:	2200      	movs	r2, #0
878005c2:	701a      	strb	r2, [r3, #0]
878005c4:	4770      	bx	lr
878005c6:	4603      	mov	r3, r0
878005c8:	e7ed      	b.n	878005a6 <strncat+0x12>
878005ca:	bf00      	nop

878005cc <strcmp>:
878005cc:	1e42      	subs	r2, r0, #1
878005ce:	3901      	subs	r1, #1
878005d0:	e000      	b.n	878005d4 <strcmp+0x8>
878005d2:	b13b      	cbz	r3, 878005e4 <strcmp+0x18>
878005d4:	f812 3f01 	ldrb.w	r3, [r2, #1]!
878005d8:	f811 0f01 	ldrb.w	r0, [r1, #1]!
878005dc:	1a18      	subs	r0, r3, r0
878005de:	b240      	sxtb	r0, r0
878005e0:	2800      	cmp	r0, #0
878005e2:	d0f6      	beq.n	878005d2 <strcmp+0x6>
878005e4:	4770      	bx	lr
878005e6:	bf00      	nop

878005e8 <strncmp>:
878005e8:	b18a      	cbz	r2, 8780060e <strncmp+0x26>
878005ea:	3a01      	subs	r2, #1
878005ec:	1e43      	subs	r3, r0, #1
878005ee:	3901      	subs	r1, #1
878005f0:	eb00 0c02 	add.w	ip, r0, r2
878005f4:	e002      	b.n	878005fc <strncmp+0x14>
878005f6:	b152      	cbz	r2, 8780060e <strncmp+0x26>
878005f8:	4563      	cmp	r3, ip
878005fa:	d00a      	beq.n	87800612 <strncmp+0x2a>
878005fc:	f813 2f01 	ldrb.w	r2, [r3, #1]!
87800600:	f811 0f01 	ldrb.w	r0, [r1, #1]!
87800604:	1a10      	subs	r0, r2, r0
87800606:	b240      	sxtb	r0, r0
87800608:	2800      	cmp	r0, #0
8780060a:	d0f4      	beq.n	878005f6 <strncmp+0xe>
8780060c:	4770      	bx	lr
8780060e:	4610      	mov	r0, r2
87800610:	4770      	bx	lr
87800612:	4770      	bx	lr

87800614 <strchr>:
87800614:	7803      	ldrb	r3, [r0, #0]
87800616:	b2c9      	uxtb	r1, r1
87800618:	428b      	cmp	r3, r1
8780061a:	d006      	beq.n	8780062a <strchr+0x16>
8780061c:	b123      	cbz	r3, 87800628 <strchr+0x14>
8780061e:	f810 3f01 	ldrb.w	r3, [r0, #1]!
87800622:	428b      	cmp	r3, r1
87800624:	d1fa      	bne.n	8780061c <strchr+0x8>
87800626:	4770      	bx	lr
87800628:	4618      	mov	r0, r3
8780062a:	4770      	bx	lr

8780062c <strrchr>:
8780062c:	7803      	ldrb	r3, [r0, #0]
8780062e:	b19b      	cbz	r3, 87800658 <strrchr+0x2c>
87800630:	4603      	mov	r3, r0
87800632:	f813 2f01 	ldrb.w	r2, [r3, #1]!
87800636:	2a00      	cmp	r2, #0
87800638:	d1fb      	bne.n	87800632 <strrchr+0x6>
8780063a:	b2c9      	uxtb	r1, r1
8780063c:	e001      	b.n	87800642 <strrchr+0x16>
8780063e:	4298      	cmp	r0, r3
87800640:	d807      	bhi.n	87800652 <strrchr+0x26>
87800642:	f893 c000 	ldrb.w	ip, [r3]
87800646:	461a      	mov	r2, r3
87800648:	3b01      	subs	r3, #1
8780064a:	458c      	cmp	ip, r1
8780064c:	d1f7      	bne.n	8780063e <strrchr+0x12>
8780064e:	4610      	mov	r0, r2
87800650:	4770      	bx	lr
87800652:	2200      	movs	r2, #0
87800654:	4610      	mov	r0, r2
87800656:	4770      	bx	lr
87800658:	4603      	mov	r3, r0
8780065a:	e7ee      	b.n	8780063a <strrchr+0xe>

8780065c <strlen>:
8780065c:	7803      	ldrb	r3, [r0, #0]
8780065e:	b133      	cbz	r3, 8780066e <strlen+0x12>
87800660:	4603      	mov	r3, r0
87800662:	f813 2f01 	ldrb.w	r2, [r3, #1]!
87800666:	2a00      	cmp	r2, #0
87800668:	d1fb      	bne.n	87800662 <strlen+0x6>
8780066a:	1a18      	subs	r0, r3, r0
8780066c:	4770      	bx	lr
8780066e:	4618      	mov	r0, r3
87800670:	4770      	bx	lr
87800672:	bf00      	nop

87800674 <strnlen>:
87800674:	4603      	mov	r3, r0
87800676:	eb00 0c01 	add.w	ip, r0, r1
8780067a:	b919      	cbnz	r1, 87800684 <strnlen+0x10>
8780067c:	e007      	b.n	8780068e <strnlen+0x1a>
8780067e:	3301      	adds	r3, #1
87800680:	459c      	cmp	ip, r3
87800682:	d004      	beq.n	8780068e <strnlen+0x1a>
87800684:	781a      	ldrb	r2, [r3, #0]
87800686:	2a00      	cmp	r2, #0
87800688:	d1f9      	bne.n	8780067e <strnlen+0xa>
8780068a:	1a18      	subs	r0, r3, r0
8780068c:	4770      	bx	lr
8780068e:	4608      	mov	r0, r1
87800690:	4770      	bx	lr
87800692:	bf00      	nop

87800694 <strspn>:
87800694:	b510      	push	{r4, lr}
87800696:	460c      	mov	r4, r1
87800698:	7801      	ldrb	r1, [r0, #0]
8780069a:	b1b9      	cbz	r1, 878006cc <strspn+0x38>
8780069c:	f894 e000 	ldrb.w	lr, [r4]
878006a0:	f1be 0f00 	cmp.w	lr, #0
878006a4:	d101      	bne.n	878006aa <strspn+0x16>
878006a6:	4670      	mov	r0, lr
878006a8:	bd10      	pop	{r4, pc}
878006aa:	4684      	mov	ip, r0
878006ac:	2000      	movs	r0, #0
878006ae:	4622      	mov	r2, r4
878006b0:	4673      	mov	r3, lr
878006b2:	e003      	b.n	878006bc <strspn+0x28>
878006b4:	f812 3f01 	ldrb.w	r3, [r2, #1]!
878006b8:	2b00      	cmp	r3, #0
878006ba:	d0f5      	beq.n	878006a8 <strspn+0x14>
878006bc:	4299      	cmp	r1, r3
878006be:	d1f9      	bne.n	878006b4 <strspn+0x20>
878006c0:	f81c 1f01 	ldrb.w	r1, [ip, #1]!
878006c4:	3001      	adds	r0, #1
878006c6:	2900      	cmp	r1, #0
878006c8:	d1f1      	bne.n	878006ae <strspn+0x1a>
878006ca:	bd10      	pop	{r4, pc}
878006cc:	4608      	mov	r0, r1
878006ce:	bd10      	pop	{r4, pc}

878006d0 <strpbrk>:
878006d0:	f890 c000 	ldrb.w	ip, [r0]
878006d4:	f1bc 0f00 	cmp.w	ip, #0
878006d8:	d01d      	beq.n	87800716 <strpbrk+0x46>
878006da:	b500      	push	{lr}
878006dc:	f891 e000 	ldrb.w	lr, [r1]
878006e0:	f1be 0f00 	cmp.w	lr, #0
878006e4:	d012      	beq.n	8780070c <strpbrk+0x3c>
878006e6:	460a      	mov	r2, r1
878006e8:	4673      	mov	r3, lr
878006ea:	e002      	b.n	878006f2 <strpbrk+0x22>
878006ec:	f812 3f01 	ldrb.w	r3, [r2, #1]!
878006f0:	b113      	cbz	r3, 878006f8 <strpbrk+0x28>
878006f2:	4563      	cmp	r3, ip
878006f4:	d1fa      	bne.n	878006ec <strpbrk+0x1c>
878006f6:	bd00      	pop	{pc}
878006f8:	f810 cf01 	ldrb.w	ip, [r0, #1]!
878006fc:	f1bc 0f00 	cmp.w	ip, #0
87800700:	d1f1      	bne.n	878006e6 <strpbrk+0x16>
87800702:	4660      	mov	r0, ip
87800704:	bd00      	pop	{pc}
87800706:	f810 3f02 	ldrb.w	r3, [r0, #2]!
8780070a:	b113      	cbz	r3, 87800712 <strpbrk+0x42>
8780070c:	7843      	ldrb	r3, [r0, #1]
8780070e:	2b00      	cmp	r3, #0
87800710:	d1f9      	bne.n	87800706 <strpbrk+0x36>
87800712:	4618      	mov	r0, r3
87800714:	bd00      	pop	{pc}
87800716:	4660      	mov	r0, ip
87800718:	4770      	bx	lr
8780071a:	bf00      	nop

8780071c <strtok>:
8780071c:	b530      	push	{r4, r5, lr}
8780071e:	460c      	mov	r4, r1
87800720:	4605      	mov	r5, r0
87800722:	2800      	cmp	r0, #0
87800724:	d047      	beq.n	878007b6 <strtok+0x9a>
87800726:	7828      	ldrb	r0, [r5, #0]
87800728:	2800      	cmp	r0, #0
8780072a:	d03e      	beq.n	878007aa <strtok+0x8e>
8780072c:	7821      	ldrb	r1, [r4, #0]
8780072e:	468c      	mov	ip, r1
87800730:	bb11      	cbnz	r1, 87800778 <strtok+0x5c>
87800732:	eb05 000c 	add.w	r0, r5, ip
87800736:	f815 c00c 	ldrb.w	ip, [r5, ip]
8780073a:	f1bc 0f00 	cmp.w	ip, #0
8780073e:	d034      	beq.n	878007aa <strtok+0x8e>
87800740:	4603      	mov	r3, r0
87800742:	2900      	cmp	r1, #0
87800744:	d041      	beq.n	878007ca <strtok+0xae>
87800746:	4605      	mov	r5, r0
87800748:	4622      	mov	r2, r4
8780074a:	460b      	mov	r3, r1
8780074c:	e002      	b.n	87800754 <strtok+0x38>
8780074e:	f812 3f01 	ldrb.w	r3, [r2, #1]!
87800752:	b153      	cbz	r3, 8780076a <strtok+0x4e>
87800754:	4563      	cmp	r3, ip
87800756:	d1fa      	bne.n	8780074e <strtok+0x32>
87800758:	782b      	ldrb	r3, [r5, #0]
8780075a:	b113      	cbz	r3, 87800762 <strtok+0x46>
8780075c:	2300      	movs	r3, #0
8780075e:	f805 3b01 	strb.w	r3, [r5], #1
87800762:	4b1c      	ldr	r3, [pc, #112]	@ (878007d4 <strtok+0xb8>)
87800764:	447b      	add	r3, pc
87800766:	601d      	str	r5, [r3, #0]
87800768:	bd30      	pop	{r4, r5, pc}
8780076a:	f815 cf01 	ldrb.w	ip, [r5, #1]!
8780076e:	f1bc 0f00 	cmp.w	ip, #0
87800772:	d1e9      	bne.n	87800748 <strtok+0x2c>
87800774:	4665      	mov	r5, ip
87800776:	e7f4      	b.n	87800762 <strtok+0x46>
87800778:	46ae      	mov	lr, r5
8780077a:	f04f 0c00 	mov.w	ip, #0
8780077e:	4622      	mov	r2, r4
87800780:	460b      	mov	r3, r1
87800782:	e003      	b.n	8780078c <strtok+0x70>
87800784:	f812 3f01 	ldrb.w	r3, [r2, #1]!
87800788:	2b00      	cmp	r3, #0
8780078a:	d0d2      	beq.n	87800732 <strtok+0x16>
8780078c:	4283      	cmp	r3, r0
8780078e:	d1f9      	bne.n	87800784 <strtok+0x68>
87800790:	f81e 0f01 	ldrb.w	r0, [lr, #1]!
87800794:	f10c 0c01 	add.w	ip, ip, #1
87800798:	2800      	cmp	r0, #0
8780079a:	d1f0      	bne.n	8780077e <strtok+0x62>
8780079c:	eb05 000c 	add.w	r0, r5, ip
878007a0:	f815 c00c 	ldrb.w	ip, [r5, ip]
878007a4:	f1bc 0f00 	cmp.w	ip, #0
878007a8:	d1ca      	bne.n	87800740 <strtok+0x24>
878007aa:	4b0b      	ldr	r3, [pc, #44]	@ (878007d8 <strtok+0xbc>)
878007ac:	2200      	movs	r2, #0
878007ae:	447b      	add	r3, pc
878007b0:	601a      	str	r2, [r3, #0]
878007b2:	2000      	movs	r0, #0
878007b4:	bd30      	pop	{r4, r5, pc}
878007b6:	4b09      	ldr	r3, [pc, #36]	@ (878007dc <strtok+0xc0>)
878007b8:	447b      	add	r3, pc
878007ba:	681d      	ldr	r5, [r3, #0]
878007bc:	2d00      	cmp	r5, #0
878007be:	d1b2      	bne.n	87800726 <strtok+0xa>
878007c0:	e7f7      	b.n	878007b2 <strtok+0x96>
878007c2:	f813 5f02 	ldrb.w	r5, [r3, #2]!
878007c6:	2d00      	cmp	r5, #0
878007c8:	d0cb      	beq.n	87800762 <strtok+0x46>
878007ca:	785d      	ldrb	r5, [r3, #1]
878007cc:	2d00      	cmp	r5, #0
878007ce:	d1f8      	bne.n	878007c2 <strtok+0xa6>
878007d0:	e7c7      	b.n	87800762 <strtok+0x46>
878007d2:	bf00      	nop
878007d4:	00003684 	andeq	r3, r0, r4, lsl #13
878007d8:	0000363a 	andeq	r3, r0, sl, lsr r6
878007dc:	00003630 	andeq	r3, r0, r0, lsr r6

878007e0 <strsep>:
878007e0:	b530      	push	{r4, r5, lr}
878007e2:	4605      	mov	r5, r0
878007e4:	6800      	ldr	r0, [r0, #0]
878007e6:	b1a0      	cbz	r0, 87800812 <strsep+0x32>
878007e8:	f890 c000 	ldrb.w	ip, [r0]
878007ec:	f1bc 0f00 	cmp.w	ip, #0
878007f0:	d015      	beq.n	8780081e <strsep+0x3e>
878007f2:	780c      	ldrb	r4, [r1, #0]
878007f4:	b1ac      	cbz	r4, 87800822 <strsep+0x42>
878007f6:	4686      	mov	lr, r0
878007f8:	460a      	mov	r2, r1
878007fa:	4623      	mov	r3, r4
878007fc:	e002      	b.n	87800804 <strsep+0x24>
878007fe:	f812 3f01 	ldrb.w	r3, [r2, #1]!
87800802:	b13b      	cbz	r3, 87800814 <strsep+0x34>
87800804:	4563      	cmp	r3, ip
87800806:	d1fa      	bne.n	878007fe <strsep+0x1e>
87800808:	4673      	mov	r3, lr
8780080a:	2200      	movs	r2, #0
8780080c:	f803 2b01 	strb.w	r2, [r3], #1
87800810:	602b      	str	r3, [r5, #0]
87800812:	bd30      	pop	{r4, r5, pc}
87800814:	f81e cf01 	ldrb.w	ip, [lr, #1]!
87800818:	f1bc 0f00 	cmp.w	ip, #0
8780081c:	d1ec      	bne.n	878007f8 <strsep+0x18>
8780081e:	4663      	mov	r3, ip
87800820:	e7f6      	b.n	87800810 <strsep+0x30>
87800822:	4602      	mov	r2, r0
87800824:	e003      	b.n	8780082e <strsep+0x4e>
87800826:	f812 3f02 	ldrb.w	r3, [r2, #2]!
8780082a:	2b00      	cmp	r3, #0
8780082c:	d0f0      	beq.n	87800810 <strsep+0x30>
8780082e:	7853      	ldrb	r3, [r2, #1]
87800830:	2b00      	cmp	r3, #0
87800832:	d1f8      	bne.n	87800826 <strsep+0x46>
87800834:	e7ec      	b.n	87800810 <strsep+0x30>
87800836:	bf00      	nop

87800838 <memset>:
87800838:	b12a      	cbz	r2, 87800846 <memset+0xe>
8780083a:	4402      	add	r2, r0
8780083c:	4603      	mov	r3, r0
8780083e:	f803 1b01 	strb.w	r1, [r3], #1
87800842:	429a      	cmp	r2, r3
87800844:	d1fb      	bne.n	8780083e <memset+0x6>
87800846:	4770      	bx	lr

87800848 <bcopy>:
87800848:	b13a      	cbz	r2, 8780085a <bcopy+0x12>
8780084a:	3901      	subs	r1, #1
8780084c:	4402      	add	r2, r0
8780084e:	f810 3b01 	ldrb.w	r3, [r0], #1
87800852:	f801 3f01 	strb.w	r3, [r1, #1]!
87800856:	4290      	cmp	r0, r2
87800858:	d1f9      	bne.n	8780084e <bcopy+0x6>
8780085a:	4770      	bx	lr

8780085c <memcpy>:
8780085c:	b13a      	cbz	r2, 8780086e <memcpy+0x12>
8780085e:	1e43      	subs	r3, r0, #1
87800860:	440a      	add	r2, r1
87800862:	f811 cb01 	ldrb.w	ip, [r1], #1
87800866:	f803 cf01 	strb.w	ip, [r3, #1]!
8780086a:	4291      	cmp	r1, r2
8780086c:	d1f9      	bne.n	87800862 <memcpy+0x6>
8780086e:	4770      	bx	lr

87800870 <memmove>:
87800870:	4288      	cmp	r0, r1
87800872:	d809      	bhi.n	87800888 <memmove+0x18>
87800874:	b18a      	cbz	r2, 8780089a <memmove+0x2a>
87800876:	1e43      	subs	r3, r0, #1
87800878:	440a      	add	r2, r1
8780087a:	f811 cb01 	ldrb.w	ip, [r1], #1
8780087e:	f803 cf01 	strb.w	ip, [r3, #1]!
87800882:	428a      	cmp	r2, r1
87800884:	d1f9      	bne.n	8780087a <memmove+0xa>
87800886:	4770      	bx	lr
87800888:	b13a      	cbz	r2, 8780089a <memmove+0x2a>
8780088a:	188b      	adds	r3, r1, r2
8780088c:	4402      	add	r2, r0
8780088e:	f813 cd01 	ldrb.w	ip, [r3, #-1]!
87800892:	f802 cd01 	strb.w	ip, [r2, #-1]!
87800896:	4299      	cmp	r1, r3
87800898:	d1f9      	bne.n	8780088e <memmove+0x1e>
8780089a:	4770      	bx	lr

8780089c <memcmp>:
8780089c:	b17a      	cbz	r2, 878008be <memcmp+0x22>
8780089e:	3a01      	subs	r2, #1
878008a0:	1e43      	subs	r3, r0, #1
878008a2:	3901      	subs	r1, #1
878008a4:	eb00 0c02 	add.w	ip, r0, r2
878008a8:	e001      	b.n	878008ae <memcmp+0x12>
878008aa:	459c      	cmp	ip, r3
878008ac:	d006      	beq.n	878008bc <memcmp+0x20>
878008ae:	f813 0f01 	ldrb.w	r0, [r3, #1]!
878008b2:	f811 2f01 	ldrb.w	r2, [r1, #1]!
878008b6:	1a80      	subs	r0, r0, r2
878008b8:	d0f7      	beq.n	878008aa <memcmp+0xe>
878008ba:	4770      	bx	lr
878008bc:	4770      	bx	lr
878008be:	4610      	mov	r0, r2
878008c0:	e7fb      	b.n	878008ba <memcmp+0x1e>
878008c2:	bf00      	nop

878008c4 <memscan>:
878008c4:	b152      	cbz	r2, 878008dc <memscan+0x18>
878008c6:	4603      	mov	r3, r0
878008c8:	4402      	add	r2, r0
878008ca:	e001      	b.n	878008d0 <memscan+0xc>
878008cc:	429a      	cmp	r2, r3
878008ce:	d006      	beq.n	878008de <memscan+0x1a>
878008d0:	f893 c000 	ldrb.w	ip, [r3]
878008d4:	4618      	mov	r0, r3
878008d6:	3301      	adds	r3, #1
878008d8:	458c      	cmp	ip, r1
878008da:	d1f7      	bne.n	878008cc <memscan+0x8>
878008dc:	4770      	bx	lr
878008de:	4610      	mov	r0, r2
878008e0:	4770      	bx	lr
878008e2:	bf00      	nop

878008e4 <strstr>:
878008e4:	b5f0      	push	{r4, r5, r6, r7, lr}
878008e6:	4604      	mov	r4, r0
878008e8:	780b      	ldrb	r3, [r1, #0]
878008ea:	b303      	cbz	r3, 8780092e <strstr+0x4a>
878008ec:	460b      	mov	r3, r1
878008ee:	f813 2f01 	ldrb.w	r2, [r3, #1]!
878008f2:	2a00      	cmp	r2, #0
878008f4:	d1fb      	bne.n	878008ee <strstr+0xa>
878008f6:	1a5e      	subs	r6, r3, r1
878008f8:	d019      	beq.n	8780092e <strstr+0x4a>
878008fa:	7823      	ldrb	r3, [r4, #0]
878008fc:	b12b      	cbz	r3, 8780090a <strstr+0x26>
878008fe:	4623      	mov	r3, r4
87800900:	f813 2f01 	ldrb.w	r2, [r3, #1]!
87800904:	2a00      	cmp	r2, #0
87800906:	d1fb      	bne.n	87800900 <strstr+0x1c>
87800908:	1b1b      	subs	r3, r3, r4
8780090a:	429e      	cmp	r6, r3
8780090c:	dc16      	bgt.n	8780093c <strstr+0x58>
8780090e:	19a0      	adds	r0, r4, r6
87800910:	1e4f      	subs	r7, r1, #1
87800912:	18e5      	adds	r5, r4, r3
87800914:	1e63      	subs	r3, r4, #1
87800916:	463a      	mov	r2, r7
87800918:	f813 cf01 	ldrb.w	ip, [r3, #1]!
8780091c:	f812 1f01 	ldrb.w	r1, [r2, #1]!
87800920:	eba0 0e03 	sub.w	lr, r0, r3
87800924:	458c      	cmp	ip, r1
87800926:	d104      	bne.n	87800932 <strstr+0x4e>
87800928:	f1be 0f01 	cmp.w	lr, #1
8780092c:	d1f4      	bne.n	87800918 <strstr+0x34>
8780092e:	4620      	mov	r0, r4
87800930:	bdf0      	pop	{r4, r5, r6, r7, pc}
87800932:	3401      	adds	r4, #1
87800934:	3001      	adds	r0, #1
87800936:	1b2b      	subs	r3, r5, r4
87800938:	429e      	cmp	r6, r3
8780093a:	ddeb      	ble.n	87800914 <strstr+0x30>
8780093c:	2400      	movs	r4, #0
8780093e:	4620      	mov	r0, r4
87800940:	bdf0      	pop	{r4, r5, r6, r7, pc}
87800942:	bf00      	nop

87800944 <memchr>:
87800944:	4402      	add	r2, r0
87800946:	b2c9      	uxtb	r1, r1
87800948:	e004      	b.n	87800954 <memchr+0x10>
8780094a:	f813 cb01 	ldrb.w	ip, [r3], #1
8780094e:	458c      	cmp	ip, r1
87800950:	d004      	beq.n	8780095c <memchr+0x18>
87800952:	4618      	mov	r0, r3
87800954:	4603      	mov	r3, r0
87800956:	4290      	cmp	r0, r2
87800958:	d1f7      	bne.n	8780094a <memchr+0x6>
8780095a:	2000      	movs	r0, #0
8780095c:	4770      	bx	lr
8780095e:	bf00      	nop

87800960 <number>:
87800960:	e92d 4ff0 	stmdb	sp!, {r4, r5, r6, r7, r8, r9, sl, fp, lr}
87800964:	4684      	mov	ip, r0
87800966:	b0a5      	sub	sp, #148	@ 0x94
87800968:	9c31      	ldr	r4, [sp, #196]	@ 0xc4
8780096a:	9d2e      	ldr	r5, [sp, #184]	@ 0xb8
8780096c:	f004 0920 	and.w	r9, r4, #32
87800970:	f004 0b10 	and.w	fp, r4, #16
87800974:	f3c4 1040 	ubfx	r0, r4, #5, #1
87800978:	2d0a      	cmp	r5, #10
8780097a:	bf0c      	ite	eq
8780097c:	2000      	moveq	r0, #0
8780097e:	f000 0001 	andne.w	r0, r0, #1
87800982:	f004 0502 	and.w	r5, r4, #2
87800986:	2800      	cmp	r0, #0
87800988:	f040 8100 	bne.w	87800b8c <number+0x22c>
8780098c:	f1bb 0f00 	cmp.w	fp, #0
87800990:	f000 80cf 	beq.w	87800b32 <number+0x1d2>
87800994:	f024 0001 	bic.w	r0, r4, #1
87800998:	9002      	str	r0, [sp, #8]
8780099a:	2d00      	cmp	r5, #0
8780099c:	f040 812e 	bne.w	87800bfc <number+0x29c>
878009a0:	ea52 0003 	orrs.w	r0, r2, r3
878009a4:	f000 8257 	beq.w	87800e56 <number+0x4f6>
878009a8:	2010      	movs	r0, #16
878009aa:	9501      	str	r5, [sp, #4]
878009ac:	9003      	str	r0, [sp, #12]
878009ae:	982e      	ldr	r0, [sp, #184]	@ 0xb8
878009b0:	280a      	cmp	r0, #10
878009b2:	f000 81c9 	beq.w	87800d48 <number+0x3e8>
878009b6:	2810      	cmp	r0, #16
878009b8:	f04f 0a00 	mov.w	sl, #0
878009bc:	bf0b      	itete	eq
878009be:	260f      	moveq	r6, #15
878009c0:	2607      	movne	r6, #7
878009c2:	2404      	moveq	r4, #4
878009c4:	2403      	movne	r4, #3
878009c6:	f8df 87ac 	ldr.w	r8, [pc, #1964]	@ 87801174 <number+0x814>
878009ca:	f10d 052b 	add.w	r5, sp, #43	@ 0x2b
878009ce:	f04f 0e00 	mov.w	lr, #0
878009d2:	f1c4 0720 	rsb	r7, r4, #32
878009d6:	44f8      	add	r8, pc
878009d8:	e9cd ab04 	strd	sl, fp, [sp, #16]
878009dc:	ea02 0a06 	and.w	sl, r2, r6
878009e0:	f1b4 0b20 	subs.w	fp, r4, #32
878009e4:	fa22 f204 	lsr.w	r2, r2, r4
878009e8:	4670      	mov	r0, lr
878009ea:	fa43 fb0b 	asr.w	fp, r3, fp
878009ee:	f10e 0e01 	add.w	lr, lr, #1
878009f2:	f818 a00a 	ldrb.w	sl, [r8, sl]
878009f6:	ea49 0a0a 	orr.w	sl, r9, sl
878009fa:	f805 af01 	strb.w	sl, [r5, #1]!
878009fe:	fa03 fa07 	lsl.w	sl, r3, r7
87800a02:	ea42 020a 	orr.w	r2, r2, sl
87800a06:	fa43 f304 	asr.w	r3, r3, r4
87800a0a:	bf58      	it	pl
87800a0c:	ea42 020b 	orrpl.w	r2, r2, fp
87800a10:	ea52 0a03 	orrs.w	sl, r2, r3
87800a14:	d1e2      	bne.n	878009dc <number+0x7c>
87800a16:	9b30      	ldr	r3, [sp, #192]	@ 0xc0
87800a18:	9c03      	ldr	r4, [sp, #12]
87800a1a:	9a2f      	ldr	r2, [sp, #188]	@ 0xbc
87800a1c:	4573      	cmp	r3, lr
87800a1e:	bfb8      	it	lt
87800a20:	4673      	movlt	r3, lr
87800a22:	e9dd ab04 	ldrd	sl, fp, [sp, #16]
87800a26:	1ad2      	subs	r2, r2, r3
87800a28:	b984      	cbnz	r4, 87800a4c <number+0xec>
87800a2a:	2a00      	cmp	r2, #0
87800a2c:	bfd8      	it	le
87800a2e:	f102 32ff 	addle.w	r2, r2, #4294967295	@ 0xffffffff
87800a32:	dd0b      	ble.n	87800a4c <number+0xec>
87800a34:	4462      	add	r2, ip
87800a36:	2420      	movs	r4, #32
87800a38:	4561      	cmp	r1, ip
87800a3a:	f10c 0c01 	add.w	ip, ip, #1
87800a3e:	bf88      	it	hi
87800a40:	f80c 4c01 	strbhi.w	r4, [ip, #-1]
87800a44:	4594      	cmp	ip, r2
87800a46:	d1f7      	bne.n	87800a38 <number+0xd8>
87800a48:	f04f 32ff 	mov.w	r2, #4294967295	@ 0xffffffff
87800a4c:	9c01      	ldr	r4, [sp, #4]
87800a4e:	b134      	cbz	r4, 87800a5e <number+0xfe>
87800a50:	4561      	cmp	r1, ip
87800a52:	f10c 0c01 	add.w	ip, ip, #1
87800a56:	bf84      	itt	hi
87800a58:	9c01      	ldrhi	r4, [sp, #4]
87800a5a:	f80c 4c01 	strbhi.w	r4, [ip, #-1]
87800a5e:	f1ba 0f00 	cmp.w	sl, #0
87800a62:	d00c      	beq.n	87800a7e <number+0x11e>
87800a64:	9d2e      	ldr	r5, [sp, #184]	@ 0xb8
87800a66:	4561      	cmp	r1, ip
87800a68:	bf84      	itt	hi
87800a6a:	2430      	movhi	r4, #48	@ 0x30
87800a6c:	f88c 4000 	strbhi.w	r4, [ip]
87800a70:	f10c 0401 	add.w	r4, ip, #1
87800a74:	2d10      	cmp	r5, #16
87800a76:	bf18      	it	ne
87800a78:	46a4      	movne	ip, r4
87800a7a:	f000 8128 	beq.w	87800cce <number+0x36e>
87800a7e:	f1bb 0f00 	cmp.w	fp, #0
87800a82:	f040 80b6 	bne.w	87800bf2 <number+0x292>
87800a86:	9c02      	ldr	r4, [sp, #8]
87800a88:	f014 0f01 	tst.w	r4, #1
87800a8c:	bf14      	ite	ne
87800a8e:	2430      	movne	r4, #48	@ 0x30
87800a90:	2420      	moveq	r4, #32
87800a92:	1e55      	subs	r5, r2, #1
87800a94:	f100 8271 	bmi.w	87800f7a <number+0x61a>
87800a98:	4462      	add	r2, ip
87800a9a:	4561      	cmp	r1, ip
87800a9c:	f10c 0c01 	add.w	ip, ip, #1
87800aa0:	bf88      	it	hi
87800aa2:	f80c 4c01 	strbhi.w	r4, [ip, #-1]
87800aa6:	4562      	cmp	r2, ip
87800aa8:	d1f7      	bne.n	87800a9a <number+0x13a>
87800aaa:	3b01      	subs	r3, #1
87800aac:	4694      	mov	ip, r2
87800aae:	4573      	cmp	r3, lr
87800ab0:	bfa8      	it	ge
87800ab2:	f04f 32ff 	movge.w	r2, #4294967295	@ 0xffffffff
87800ab6:	f2c0 82d8 	blt.w	8780106a <number+0x70a>
87800aba:	4664      	mov	r4, ip
87800abc:	eb0c 0603 	add.w	r6, ip, r3
87800ac0:	2730      	movs	r7, #48	@ 0x30
87800ac2:	42a1      	cmp	r1, r4
87800ac4:	f104 0401 	add.w	r4, r4, #1
87800ac8:	bf88      	it	hi
87800aca:	f804 7c01 	strbhi.w	r7, [r4, #-1]
87800ace:	1b35      	subs	r5, r6, r4
87800ad0:	4575      	cmp	r5, lr
87800ad2:	daf6      	bge.n	87800ac2 <number+0x162>
87800ad4:	f10c 0401 	add.w	r4, ip, #1
87800ad8:	eba3 0c0e 	sub.w	ip, r3, lr
87800adc:	4573      	cmp	r3, lr
87800ade:	bfb8      	it	lt
87800ae0:	f04f 0c00 	movlt.w	ip, #0
87800ae4:	44a4      	add	ip, r4
87800ae6:	2800      	cmp	r0, #0
87800ae8:	db11      	blt.n	87800b0e <number+0x1ae>
87800aea:	ab0b      	add	r3, sp, #44	@ 0x2c
87800aec:	4403      	add	r3, r0
87800aee:	3001      	adds	r0, #1
87800af0:	eb0c 0400 	add.w	r4, ip, r0
87800af4:	4660      	mov	r0, ip
87800af6:	4281      	cmp	r1, r0
87800af8:	f100 0001 	add.w	r0, r0, #1
87800afc:	f103 33ff 	add.w	r3, r3, #4294967295	@ 0xffffffff
87800b00:	bf84      	itt	hi
87800b02:	785d      	ldrbhi	r5, [r3, #1]
87800b04:	f800 5c01 	strbhi.w	r5, [r0, #-1]
87800b08:	4284      	cmp	r4, r0
87800b0a:	d1f4      	bne.n	87800af6 <number+0x196>
87800b0c:	46a4      	mov	ip, r4
87800b0e:	2a00      	cmp	r2, #0
87800b10:	dd0b      	ble.n	87800b2a <number+0x1ca>
87800b12:	4462      	add	r2, ip
87800b14:	4660      	mov	r0, ip
87800b16:	2320      	movs	r3, #32
87800b18:	4281      	cmp	r1, r0
87800b1a:	f100 0001 	add.w	r0, r0, #1
87800b1e:	bf88      	it	hi
87800b20:	f800 3c01 	strbhi.w	r3, [r0, #-1]
87800b24:	4282      	cmp	r2, r0
87800b26:	d1f7      	bne.n	87800b18 <number+0x1b8>
87800b28:	4694      	mov	ip, r2
87800b2a:	4660      	mov	r0, ip
87800b2c:	b025      	add	sp, #148	@ 0x94
87800b2e:	e8bd 8ff0 	ldmia.w	sp!, {r4, r5, r6, r7, r8, r9, sl, fp, pc}
87800b32:	f004 0011 	and.w	r0, r4, #17
87800b36:	9003      	str	r0, [sp, #12]
87800b38:	2d00      	cmp	r5, #0
87800b3a:	d171      	bne.n	87800c20 <number+0x2c0>
87800b3c:	ea52 0003 	orrs.w	r0, r2, r3
87800b40:	f040 8314 	bne.w	8780116c <number+0x80c>
87800b44:	9b30      	ldr	r3, [sp, #192]	@ 0xc0
87800b46:	2030      	movs	r0, #48	@ 0x30
87800b48:	9a2f      	ldr	r2, [sp, #188]	@ 0xbc
87800b4a:	2b01      	cmp	r3, #1
87800b4c:	f88d 002c 	strb.w	r0, [sp, #44]	@ 0x2c
87800b50:	bfb8      	it	lt
87800b52:	2301      	movlt	r3, #1
87800b54:	f004 0011 	and.w	r0, r4, #17
87800b58:	1ad2      	subs	r2, r2, r3
87800b5a:	2800      	cmp	r0, #0
87800b5c:	f040 8243 	bne.w	87800fe6 <number+0x686>
87800b60:	f8cd b004 	str.w	fp, [sp, #4]
87800b64:	2a00      	cmp	r2, #0
87800b66:	bfc1      	itttt	gt
87800b68:	9402      	strgt	r4, [sp, #8]
87800b6a:	2000      	movgt	r0, #0
87800b6c:	f04f 0e01 	movgt.w	lr, #1
87800b70:	4682      	movgt	sl, r0
87800b72:	f73f af5f 	bgt.w	87800a34 <number+0xd4>
87800b76:	9801      	ldr	r0, [sp, #4]
87800b78:	3a01      	subs	r2, #1
87800b7a:	9402      	str	r4, [sp, #8]
87800b7c:	2800      	cmp	r0, #0
87800b7e:	f000 82aa 	beq.w	878010d6 <number+0x776>
87800b82:	2000      	movs	r0, #0
87800b84:	f04f 0e01 	mov.w	lr, #1
87800b88:	4682      	mov	sl, r0
87800b8a:	e761      	b.n	87800a50 <number+0xf0>
87800b8c:	f1bb 0f00 	cmp.w	fp, #0
87800b90:	d06b      	beq.n	87800c6a <number+0x30a>
87800b92:	f024 0001 	bic.w	r0, r4, #1
87800b96:	9002      	str	r0, [sp, #8]
87800b98:	2d00      	cmp	r5, #0
87800b9a:	f040 80ac 	bne.w	87800cf6 <number+0x396>
87800b9e:	4604      	mov	r4, r0
87800ba0:	2010      	movs	r0, #16
87800ba2:	9501      	str	r5, [sp, #4]
87800ba4:	9d2e      	ldr	r5, [sp, #184]	@ 0xb8
87800ba6:	2d10      	cmp	r5, #16
87800ba8:	9d2f      	ldr	r5, [sp, #188]	@ 0xbc
87800baa:	d06f      	beq.n	87800c8c <number+0x32c>
87800bac:	3d01      	subs	r5, #1
87800bae:	952f      	str	r5, [sp, #188]	@ 0xbc
87800bb0:	ea52 0503 	orrs.w	r5, r2, r3
87800bb4:	f040 80b0 	bne.w	87800d18 <number+0x3b8>
87800bb8:	9b30      	ldr	r3, [sp, #192]	@ 0xc0
87800bba:	2530      	movs	r5, #48	@ 0x30
87800bbc:	9a2f      	ldr	r2, [sp, #188]	@ 0xbc
87800bbe:	2b01      	cmp	r3, #1
87800bc0:	f88d 502c 	strb.w	r5, [sp, #44]	@ 0x2c
87800bc4:	bfb8      	it	lt
87800bc6:	2301      	movlt	r3, #1
87800bc8:	1ad2      	subs	r2, r2, r3
87800bca:	2800      	cmp	r0, #0
87800bcc:	f000 80ab 	beq.w	87800d26 <number+0x3c6>
87800bd0:	9801      	ldr	r0, [sp, #4]
87800bd2:	2800      	cmp	r0, #0
87800bd4:	f040 8084 	bne.w	87800ce0 <number+0x380>
87800bd8:	458c      	cmp	ip, r1
87800bda:	f080 826d 	bcs.w	878010b8 <number+0x758>
87800bde:	9801      	ldr	r0, [sp, #4]
87800be0:	f04f 0e01 	mov.w	lr, #1
87800be4:	f80c 5b01 	strb.w	r5, [ip], #1
87800be8:	9402      	str	r4, [sp, #8]
87800bea:	f1bb 0f00 	cmp.w	fp, #0
87800bee:	f43f af4a 	beq.w	87800a86 <number+0x126>
87800bf2:	3b01      	subs	r3, #1
87800bf4:	4573      	cmp	r3, lr
87800bf6:	f6bf af60 	bge.w	87800aba <number+0x15a>
87800bfa:	e774      	b.n	87800ae6 <number+0x186>
87800bfc:	2b00      	cmp	r3, #0
87800bfe:	f2c0 823c 	blt.w	8780107a <number+0x71a>
87800c02:	0760      	lsls	r0, r4, #29
87800c04:	f140 81ae 	bpl.w	87800f64 <number+0x604>
87800c08:	982f      	ldr	r0, [sp, #188]	@ 0xbc
87800c0a:	3801      	subs	r0, #1
87800c0c:	902f      	str	r0, [sp, #188]	@ 0xbc
87800c0e:	ea52 0003 	orrs.w	r0, r2, r3
87800c12:	f000 8200 	beq.w	87801016 <number+0x6b6>
87800c16:	2010      	movs	r0, #16
87800c18:	9003      	str	r0, [sp, #12]
87800c1a:	202b      	movs	r0, #43	@ 0x2b
87800c1c:	9001      	str	r0, [sp, #4]
87800c1e:	e6c6      	b.n	878009ae <number+0x4e>
87800c20:	455b      	cmp	r3, fp
87800c22:	f2c0 8194 	blt.w	87800f4e <number+0x5ee>
87800c26:	0767      	lsls	r7, r4, #29
87800c28:	f100 81c1 	bmi.w	87800fae <number+0x64e>
87800c2c:	0727      	lsls	r7, r4, #28
87800c2e:	f140 8276 	bpl.w	8780111e <number+0x7be>
87800c32:	982f      	ldr	r0, [sp, #188]	@ 0xbc
87800c34:	3801      	subs	r0, #1
87800c36:	902f      	str	r0, [sp, #188]	@ 0xbc
87800c38:	ea52 0003 	orrs.w	r0, r2, r3
87800c3c:	bf1e      	ittt	ne
87800c3e:	9402      	strne	r4, [sp, #8]
87800c40:	2020      	movne	r0, #32
87800c42:	9001      	strne	r0, [sp, #4]
87800c44:	f47f aeb3 	bne.w	878009ae <number+0x4e>
87800c48:	9b30      	ldr	r3, [sp, #192]	@ 0xc0
87800c4a:	2030      	movs	r0, #48	@ 0x30
87800c4c:	9a2f      	ldr	r2, [sp, #188]	@ 0xbc
87800c4e:	2b01      	cmp	r3, #1
87800c50:	f88d 002c 	strb.w	r0, [sp, #44]	@ 0x2c
87800c54:	bfb8      	it	lt
87800c56:	2301      	movlt	r3, #1
87800c58:	f004 0011 	and.w	r0, r4, #17
87800c5c:	1ad2      	subs	r2, r2, r3
87800c5e:	2800      	cmp	r0, #0
87800c60:	f040 827e 	bne.w	87801160 <number+0x800>
87800c64:	2020      	movs	r0, #32
87800c66:	9001      	str	r0, [sp, #4]
87800c68:	e77c      	b.n	87800b64 <number+0x204>
87800c6a:	f004 0011 	and.w	r0, r4, #17
87800c6e:	2d00      	cmp	r5, #0
87800c70:	f000 80ee 	beq.w	87800e50 <number+0x4f0>
87800c74:	455b      	cmp	r3, fp
87800c76:	f2c0 81bb 	blt.w	87800ff0 <number+0x690>
87800c7a:	0765      	lsls	r5, r4, #29
87800c7c:	f140 8209 	bpl.w	87801092 <number+0x732>
87800c80:	9d2f      	ldr	r5, [sp, #188]	@ 0xbc
87800c82:	3d01      	subs	r5, #1
87800c84:	952f      	str	r5, [sp, #188]	@ 0xbc
87800c86:	252b      	movs	r5, #43	@ 0x2b
87800c88:	9501      	str	r5, [sp, #4]
87800c8a:	e78b      	b.n	87800ba4 <number+0x244>
87800c8c:	3d02      	subs	r5, #2
87800c8e:	952f      	str	r5, [sp, #188]	@ 0xbc
87800c90:	ea52 0503 	orrs.w	r5, r2, r3
87800c94:	f040 817d 	bne.w	87800f92 <number+0x632>
87800c98:	9b30      	ldr	r3, [sp, #192]	@ 0xc0
87800c9a:	2530      	movs	r5, #48	@ 0x30
87800c9c:	9a2f      	ldr	r2, [sp, #188]	@ 0xbc
87800c9e:	2b01      	cmp	r3, #1
87800ca0:	f88d 502c 	strb.w	r5, [sp, #44]	@ 0x2c
87800ca4:	bfb8      	it	lt
87800ca6:	2301      	movlt	r3, #1
87800ca8:	1ad2      	subs	r2, r2, r3
87800caa:	2800      	cmp	r0, #0
87800cac:	d03b      	beq.n	87800d26 <number+0x3c6>
87800cae:	9801      	ldr	r0, [sp, #4]
87800cb0:	b9b0      	cbnz	r0, 87800ce0 <number+0x380>
87800cb2:	458c      	cmp	ip, r1
87800cb4:	9402      	str	r4, [sp, #8]
87800cb6:	9801      	ldr	r0, [sp, #4]
87800cb8:	bf24      	itt	cs
87800cba:	f10c 0401 	addcs.w	r4, ip, #1
87800cbe:	f04f 0e01 	movcs.w	lr, #1
87800cc2:	d204      	bcs.n	87800cce <number+0x36e>
87800cc4:	4664      	mov	r4, ip
87800cc6:	f04f 0e01 	mov.w	lr, #1
87800cca:	f804 5b01 	strb.w	r5, [r4], #1
87800cce:	42a1      	cmp	r1, r4
87800cd0:	f10c 0c02 	add.w	ip, ip, #2
87800cd4:	bf84      	itt	hi
87800cd6:	f049 0458 	orrhi.w	r4, r9, #88	@ 0x58
87800cda:	f80c 4c01 	strbhi.w	r4, [ip, #-1]
87800cde:	e6ce      	b.n	87800a7e <number+0x11e>
87800ce0:	458c      	cmp	ip, r1
87800ce2:	f080 8191 	bcs.w	87801008 <number+0x6a8>
87800ce6:	9801      	ldr	r0, [sp, #4]
87800ce8:	f80c 0b01 	strb.w	r0, [ip], #1
87800cec:	2000      	movs	r0, #0
87800cee:	9402      	str	r4, [sp, #8]
87800cf0:	f04f 0e01 	mov.w	lr, #1
87800cf4:	e6b6      	b.n	87800a64 <number+0x104>
87800cf6:	2b00      	cmp	r3, #0
87800cf8:	f280 81d4 	bge.w	878010a4 <number+0x744>
87800cfc:	982e      	ldr	r0, [sp, #184]	@ 0xb8
87800cfe:	4252      	negs	r2, r2
87800d00:	eb63 0343 	sbc.w	r3, r3, r3, lsl #1
87800d04:	2810      	cmp	r0, #16
87800d06:	982f      	ldr	r0, [sp, #188]	@ 0xbc
87800d08:	f000 8199 	beq.w	8780103e <number+0x6de>
87800d0c:	9c02      	ldr	r4, [sp, #8]
87800d0e:	3802      	subs	r0, #2
87800d10:	902f      	str	r0, [sp, #188]	@ 0xbc
87800d12:	2010      	movs	r0, #16
87800d14:	252d      	movs	r5, #45	@ 0x2d
87800d16:	9501      	str	r5, [sp, #4]
87800d18:	e9cd 4002 	strd	r4, r0, [sp, #8]
87800d1c:	2607      	movs	r6, #7
87800d1e:	f04f 0a01 	mov.w	sl, #1
87800d22:	2403      	movs	r4, #3
87800d24:	e64f      	b.n	878009c6 <number+0x66>
87800d26:	4282      	cmp	r2, r0
87800d28:	bfc2      	ittt	gt
87800d2a:	9402      	strgt	r4, [sp, #8]
87800d2c:	f04f 0a01 	movgt.w	sl, #1
87800d30:	46d6      	movgt	lr, sl
87800d32:	f73f ae7f 	bgt.w	87800a34 <number+0xd4>
87800d36:	9d01      	ldr	r5, [sp, #4]
87800d38:	3a01      	subs	r2, #1
87800d3a:	9402      	str	r4, [sp, #8]
87800d3c:	2d00      	cmp	r5, #0
87800d3e:	d0d7      	beq.n	87800cf0 <number+0x390>
87800d40:	f04f 0a01 	mov.w	sl, #1
87800d44:	46d6      	mov	lr, sl
87800d46:	e683      	b.n	87800a50 <number+0xf0>
87800d48:	f248 649f 	movw	r4, #34463	@ 0x869f
87800d4c:	f2c0 0401 	movt	r4, #1
87800d50:	2000      	movs	r0, #0
87800d52:	4294      	cmp	r4, r2
87800d54:	4198      	sbcs	r0, r3
87800d56:	e9cd 2308 	strd	r2, r3, [sp, #32]
87800d5a:	f080 81cb 	bcs.w	878010f4 <number+0x794>
87800d5e:	469e      	mov	lr, r3
87800d60:	f645 20c5 	movw	r0, #23237	@ 0x5ac5
87800d64:	f6c0 207c 	movt	r0, #2684	@ 0xa7c
87800d68:	f248 63a0 	movw	r3, #34464	@ 0x86a0
87800d6c:	f2c0 0301 	movt	r3, #1
87800d70:	e9cd 9b04 	strd	r9, fp, [sp, #16]
87800d74:	f10d 0831 	add.w	r8, sp, #49	@ 0x31
87800d78:	46a3      	mov	fp, r4
87800d7a:	469a      	mov	sl, r3
87800d7c:	4681      	mov	r9, r0
87800d7e:	f8cd c018 	str.w	ip, [sp, #24]
87800d82:	9107      	str	r1, [sp, #28]
87800d84:	e058      	b.n	87800e38 <number+0x4d8>
87800d86:	fba9 3101 	umull	r3, r1, r9, r1
87800d8a:	f8cd e024 	str.w	lr, [sp, #36]	@ 0x24
87800d8e:	09cb      	lsrs	r3, r1, #7
87800d90:	fb0a 2313 	mls	r3, sl, r3, r2
87800d94:	09ca      	lsrs	r2, r1, #7
87800d96:	9208      	str	r2, [sp, #32]
87800d98:	f3c3 2703 	ubfx	r7, r3, #8, #4
87800d9c:	f3c3 1103 	ubfx	r1, r3, #4, #4
87800da0:	0b1c      	lsrs	r4, r3, #12
87800da2:	19c8      	adds	r0, r1, r7
87800da4:	4420      	add	r0, r4
87800da6:	2506      	movs	r5, #6
87800da8:	f003 030f 	and.w	r3, r3, #15
87800dac:	eb04 06c4 	add.w	r6, r4, r4, lsl #3
87800db0:	440e      	add	r6, r1
87800db2:	eb07 0187 	add.w	r1, r7, r7, lsl #2
87800db6:	440e      	add	r6, r1
87800db8:	f04f 0c0a 	mov.w	ip, #10
87800dbc:	fb05 3300 	mla	r3, r5, r0, r3
87800dc0:	20cd      	movs	r0, #205	@ 0xcd
87800dc2:	250d      	movs	r5, #13
87800dc4:	4593      	cmp	fp, r2
87800dc6:	fb00 f103 	mul.w	r1, r0, r3
87800dca:	ea4f 21d1 	mov.w	r1, r1, lsr #11
87800dce:	440e      	add	r6, r1
87800dd0:	fb0c 3311 	mls	r3, ip, r1, r3
87800dd4:	4641      	mov	r1, r8
87800dd6:	f108 0805 	add.w	r8, r8, #5
87800dda:	f103 0330 	add.w	r3, r3, #48	@ 0x30
87800dde:	f808 3c0a 	strb.w	r3, [r8, #-10]
87800de2:	fb00 f306 	mul.w	r3, r0, r6
87800de6:	ea4f 23d3 	mov.w	r3, r3, lsr #11
87800dea:	eb03 0747 	add.w	r7, r3, r7, lsl #1
87800dee:	fb0c 6313 	mls	r3, ip, r3, r6
87800df2:	fb07 f505 	mul.w	r5, r7, r5
87800df6:	f103 0330 	add.w	r3, r3, #48	@ 0x30
87800dfa:	f808 3c09 	strb.w	r3, [r8, #-9]
87800dfe:	f04f 0300 	mov.w	r3, #0
87800e02:	ea4f 15d5 	mov.w	r5, r5, lsr #7
87800e06:	eb73 030e 	sbcs.w	r3, r3, lr
87800e0a:	eb05 0484 	add.w	r4, r5, r4, lsl #2
87800e0e:	fb0c 7515 	mls	r5, ip, r5, r7
87800e12:	fb04 f000 	mul.w	r0, r4, r0
87800e16:	f105 0530 	add.w	r5, r5, #48	@ 0x30
87800e1a:	f808 5c08 	strb.w	r5, [r8, #-8]
87800e1e:	ea4f 20d0 	mov.w	r0, r0, lsr #11
87800e22:	fb0c 4410 	mls	r4, ip, r0, r4
87800e26:	f100 0030 	add.w	r0, r0, #48	@ 0x30
87800e2a:	f808 0c06 	strb.w	r0, [r8, #-6]
87800e2e:	f104 0430 	add.w	r4, r4, #48	@ 0x30
87800e32:	f808 4c07 	strb.w	r4, [r8, #-7]
87800e36:	d224      	bcs.n	87800e82 <number+0x522>
87800e38:	0951      	lsrs	r1, r2, #5
87800e3a:	f1be 0f00 	cmp.w	lr, #0
87800e3e:	d0a2      	beq.n	87800d86 <number+0x426>
87800e40:	4651      	mov	r1, sl
87800e42:	a808      	add	r0, sp, #32
87800e44:	f7ff fa74 	bl	87800330 <__div64_32>
87800e48:	4603      	mov	r3, r0
87800e4a:	e9dd 2e08 	ldrd	r2, lr, [sp, #32]
87800e4e:	e7a3      	b.n	87800d98 <number+0x438>
87800e50:	f8cd b004 	str.w	fp, [sp, #4]
87800e54:	e6a6      	b.n	87800ba4 <number+0x244>
87800e56:	9b30      	ldr	r3, [sp, #192]	@ 0xc0
87800e58:	2030      	movs	r0, #48	@ 0x30
87800e5a:	9a2f      	ldr	r2, [sp, #188]	@ 0xbc
87800e5c:	2b01      	cmp	r3, #1
87800e5e:	f88d 002c 	strb.w	r0, [sp, #44]	@ 0x2c
87800e62:	bfb8      	it	lt
87800e64:	2301      	movlt	r3, #1
87800e66:	1ad2      	subs	r2, r2, r3
87800e68:	f1bb 0f00 	cmp.w	fp, #0
87800e6c:	f000 80bc 	beq.w	87800fe8 <number+0x688>
87800e70:	3b01      	subs	r3, #1
87800e72:	bf08      	it	eq
87800e74:	4618      	moveq	r0, r3
87800e76:	f43f ae38 	beq.w	87800aea <number+0x18a>
87800e7a:	2000      	movs	r0, #0
87800e7c:	f04f 0e01 	mov.w	lr, #1
87800e80:	e61b      	b.n	87800aba <number+0x15a>
87800e82:	468e      	mov	lr, r1
87800e84:	f10d 082c 	add.w	r8, sp, #44	@ 0x2c
87800e88:	e9dd 9b04 	ldrd	r9, fp, [sp, #16]
87800e8c:	e9dd c106 	ldrd	ip, r1, [sp, #24]
87800e90:	f3c2 1503 	ubfx	r5, r2, #4, #4
87800e94:	f3c2 2003 	ubfx	r0, r2, #8, #4
87800e98:	0b14      	lsrs	r4, r2, #12
87800e9a:	182b      	adds	r3, r5, r0
87800e9c:	f002 020f 	and.w	r2, r2, #15
87800ea0:	2606      	movs	r6, #6
87800ea2:	4423      	add	r3, r4
87800ea4:	27cd      	movs	r7, #205	@ 0xcd
87800ea6:	fb06 2303 	mla	r3, r6, r3, r2
87800eaa:	eb04 02c4 	add.w	r2, r4, r4, lsl #3
87800eae:	4415      	add	r5, r2
87800eb0:	eb00 0280 	add.w	r2, r0, r0, lsl #2
87800eb4:	4415      	add	r5, r2
87800eb6:	260a      	movs	r6, #10
87800eb8:	fb07 f203 	mul.w	r2, r7, r3
87800ebc:	0ad2      	lsrs	r2, r2, #11
87800ebe:	fb06 3312 	mls	r3, r6, r2, r3
87800ec2:	1952      	adds	r2, r2, r5
87800ec4:	f103 0330 	add.w	r3, r3, #48	@ 0x30
87800ec8:	f88e 3000 	strb.w	r3, [lr]
87800ecc:	bf08      	it	eq
87800ece:	f10e 0e01 	addeq.w	lr, lr, #1
87800ed2:	d02d      	beq.n	87800f30 <number+0x5d0>
87800ed4:	fb07 f302 	mul.w	r3, r7, r2
87800ed8:	0adb      	lsrs	r3, r3, #11
87800eda:	eb03 0040 	add.w	r0, r3, r0, lsl #1
87800ede:	fb06 2213 	mls	r2, r6, r3, r2
87800ee2:	f102 0330 	add.w	r3, r2, #48	@ 0x30
87800ee6:	f88e 3001 	strb.w	r3, [lr, #1]
87800eea:	ea54 0300 	orrs.w	r3, r4, r0
87800eee:	bf08      	it	eq
87800ef0:	f10e 0e02 	addeq.w	lr, lr, #2
87800ef4:	d01c      	beq.n	87800f30 <number+0x5d0>
87800ef6:	230d      	movs	r3, #13
87800ef8:	fb00 f303 	mul.w	r3, r0, r3
87800efc:	09db      	lsrs	r3, r3, #7
87800efe:	fb06 0013 	mls	r0, r6, r3, r0
87800f02:	eb13 0384 	adds.w	r3, r3, r4, lsl #2
87800f06:	f100 0230 	add.w	r2, r0, #48	@ 0x30
87800f0a:	f88e 2002 	strb.w	r2, [lr, #2]
87800f0e:	bf08      	it	eq
87800f10:	f10e 0e03 	addeq.w	lr, lr, #3
87800f14:	d00c      	beq.n	87800f30 <number+0x5d0>
87800f16:	fb07 f203 	mul.w	r2, r7, r3
87800f1a:	0ad2      	lsrs	r2, r2, #11
87800f1c:	fb06 3312 	mls	r3, r6, r2, r3
87800f20:	3330      	adds	r3, #48	@ 0x30
87800f22:	f88e 3003 	strb.w	r3, [lr, #3]
87800f26:	2a00      	cmp	r2, #0
87800f28:	f040 80e8 	bne.w	878010fc <number+0x79c>
87800f2c:	f10e 0e04 	add.w	lr, lr, #4
87800f30:	9b30      	ldr	r3, [sp, #192]	@ 0xc0
87800f32:	ebae 0e08 	sub.w	lr, lr, r8
87800f36:	9c03      	ldr	r4, [sp, #12]
87800f38:	f10e 30ff 	add.w	r0, lr, #4294967295	@ 0xffffffff
87800f3c:	9a2f      	ldr	r2, [sp, #188]	@ 0xbc
87800f3e:	4573      	cmp	r3, lr
87800f40:	bfb8      	it	lt
87800f42:	4673      	movlt	r3, lr
87800f44:	1ad2      	subs	r2, r2, r3
87800f46:	bb5c      	cbnz	r4, 87800fa0 <number+0x640>
87800f48:	f8dd a00c 	ldr.w	sl, [sp, #12]
87800f4c:	e56d      	b.n	87800a2a <number+0xca>
87800f4e:	982f      	ldr	r0, [sp, #188]	@ 0xbc
87800f50:	4252      	negs	r2, r2
87800f52:	9402      	str	r4, [sp, #8]
87800f54:	f100 30ff 	add.w	r0, r0, #4294967295	@ 0xffffffff
87800f58:	eb63 0343 	sbc.w	r3, r3, r3, lsl #1
87800f5c:	902f      	str	r0, [sp, #188]	@ 0xbc
87800f5e:	202d      	movs	r0, #45	@ 0x2d
87800f60:	9001      	str	r0, [sp, #4]
87800f62:	e524      	b.n	878009ae <number+0x4e>
87800f64:	f014 0408 	ands.w	r4, r4, #8
87800f68:	d174      	bne.n	87801054 <number+0x6f4>
87800f6a:	ea52 0003 	orrs.w	r0, r2, r3
87800f6e:	f43f af72 	beq.w	87800e56 <number+0x4f6>
87800f72:	2010      	movs	r0, #16
87800f74:	9401      	str	r4, [sp, #4]
87800f76:	9003      	str	r0, [sp, #12]
87800f78:	e519      	b.n	878009ae <number+0x4e>
87800f7a:	3b01      	subs	r3, #1
87800f7c:	4573      	cmp	r3, lr
87800f7e:	bfa8      	it	ge
87800f80:	462a      	movge	r2, r5
87800f82:	f6bf ad9a 	bge.w	87800aba <number+0x15a>
87800f86:	2800      	cmp	r0, #0
87800f88:	bfa8      	it	ge
87800f8a:	462a      	movge	r2, r5
87800f8c:	f6bf adad 	bge.w	87800aea <number+0x18a>
87800f90:	e5cb      	b.n	87800b2a <number+0x1ca>
87800f92:	e9cd 4002 	strd	r4, r0, [sp, #8]
87800f96:	260f      	movs	r6, #15
87800f98:	f04f 0a01 	mov.w	sl, #1
87800f9c:	2404      	movs	r4, #4
87800f9e:	e512      	b.n	878009c6 <number+0x66>
87800fa0:	9c01      	ldr	r4, [sp, #4]
87800fa2:	2c00      	cmp	r4, #0
87800fa4:	f43f ad6b 	beq.w	87800a7e <number+0x11e>
87800fa8:	f04f 0a00 	mov.w	sl, #0
87800fac:	e550      	b.n	87800a50 <number+0xf0>
87800fae:	982f      	ldr	r0, [sp, #188]	@ 0xbc
87800fb0:	3801      	subs	r0, #1
87800fb2:	902f      	str	r0, [sp, #188]	@ 0xbc
87800fb4:	ea52 0003 	orrs.w	r0, r2, r3
87800fb8:	bf1e      	ittt	ne
87800fba:	9402      	strne	r4, [sp, #8]
87800fbc:	202b      	movne	r0, #43	@ 0x2b
87800fbe:	9001      	strne	r0, [sp, #4]
87800fc0:	f47f acf5 	bne.w	878009ae <number+0x4e>
87800fc4:	9b30      	ldr	r3, [sp, #192]	@ 0xc0
87800fc6:	2030      	movs	r0, #48	@ 0x30
87800fc8:	9a2f      	ldr	r2, [sp, #188]	@ 0xbc
87800fca:	2b01      	cmp	r3, #1
87800fcc:	f88d 002c 	strb.w	r0, [sp, #44]	@ 0x2c
87800fd0:	bfb8      	it	lt
87800fd2:	2301      	movlt	r3, #1
87800fd4:	f004 0011 	and.w	r0, r4, #17
87800fd8:	1ad2      	subs	r2, r2, r3
87800fda:	2800      	cmp	r0, #0
87800fdc:	f040 80c3 	bne.w	87801166 <number+0x806>
87800fe0:	202b      	movs	r0, #43	@ 0x2b
87800fe2:	9001      	str	r0, [sp, #4]
87800fe4:	e5be      	b.n	87800b64 <number+0x204>
87800fe6:	9402      	str	r4, [sp, #8]
87800fe8:	2000      	movs	r0, #0
87800fea:	f04f 0e01 	mov.w	lr, #1
87800fee:	e54a      	b.n	87800a86 <number+0x126>
87800ff0:	9d2e      	ldr	r5, [sp, #184]	@ 0xb8
87800ff2:	4252      	negs	r2, r2
87800ff4:	eb6b 0303 	sbc.w	r3, fp, r3
87800ff8:	2d10      	cmp	r5, #16
87800ffa:	9d2f      	ldr	r5, [sp, #188]	@ 0xbc
87800ffc:	d075      	beq.n	878010ea <number+0x78a>
87800ffe:	3d02      	subs	r5, #2
87801000:	952f      	str	r5, [sp, #188]	@ 0xbc
87801002:	252d      	movs	r5, #45	@ 0x2d
87801004:	9501      	str	r5, [sp, #4]
87801006:	e687      	b.n	87800d18 <number+0x3b8>
87801008:	f10c 0c01 	add.w	ip, ip, #1
8780100c:	2000      	movs	r0, #0
8780100e:	f04f 0e01 	mov.w	lr, #1
87801012:	9402      	str	r4, [sp, #8]
87801014:	e526      	b.n	87800a64 <number+0x104>
87801016:	9b30      	ldr	r3, [sp, #192]	@ 0xc0
87801018:	2030      	movs	r0, #48	@ 0x30
8780101a:	9a2f      	ldr	r2, [sp, #188]	@ 0xbc
8780101c:	2b01      	cmp	r3, #1
8780101e:	f88d 002c 	strb.w	r0, [sp, #44]	@ 0x2c
87801022:	bfb8      	it	lt
87801024:	2301      	movlt	r3, #1
87801026:	202b      	movs	r0, #43	@ 0x2b
87801028:	1ad2      	subs	r2, r2, r3
8780102a:	458c      	cmp	ip, r1
8780102c:	f04f 0e01 	mov.w	lr, #1
87801030:	bf34      	ite	cc
87801032:	f80c 0b01 	strbcc.w	r0, [ip], #1
87801036:	f10c 0c01 	addcs.w	ip, ip, #1
8780103a:	2000      	movs	r0, #0
8780103c:	e51f      	b.n	87800a7e <number+0x11e>
8780103e:	3803      	subs	r0, #3
87801040:	902f      	str	r0, [sp, #188]	@ 0xbc
87801042:	982e      	ldr	r0, [sp, #184]	@ 0xb8
87801044:	9003      	str	r0, [sp, #12]
87801046:	202d      	movs	r0, #45	@ 0x2d
87801048:	260f      	movs	r6, #15
8780104a:	f04f 0a01 	mov.w	sl, #1
8780104e:	2404      	movs	r4, #4
87801050:	9001      	str	r0, [sp, #4]
87801052:	e4b8      	b.n	878009c6 <number+0x66>
87801054:	982f      	ldr	r0, [sp, #188]	@ 0xbc
87801056:	3801      	subs	r0, #1
87801058:	902f      	str	r0, [sp, #188]	@ 0xbc
8780105a:	ea52 0003 	orrs.w	r0, r2, r3
8780105e:	d053      	beq.n	87801108 <number+0x7a8>
87801060:	2010      	movs	r0, #16
87801062:	9003      	str	r0, [sp, #12]
87801064:	2020      	movs	r0, #32
87801066:	9001      	str	r0, [sp, #4]
87801068:	e4a1      	b.n	878009ae <number+0x4e>
8780106a:	2800      	cmp	r0, #0
8780106c:	4694      	mov	ip, r2
8780106e:	bfa8      	it	ge
87801070:	f04f 32ff 	movge.w	r2, #4294967295	@ 0xffffffff
87801074:	f6bf ad39 	bge.w	87800aea <number+0x18a>
87801078:	e557      	b.n	87800b2a <number+0x1ca>
8780107a:	982f      	ldr	r0, [sp, #188]	@ 0xbc
8780107c:	4252      	negs	r2, r2
8780107e:	f100 30ff 	add.w	r0, r0, #4294967295	@ 0xffffffff
87801082:	eb63 0343 	sbc.w	r3, r3, r3, lsl #1
87801086:	902f      	str	r0, [sp, #188]	@ 0xbc
87801088:	2010      	movs	r0, #16
8780108a:	9003      	str	r0, [sp, #12]
8780108c:	202d      	movs	r0, #45	@ 0x2d
8780108e:	9001      	str	r0, [sp, #4]
87801090:	e48d      	b.n	878009ae <number+0x4e>
87801092:	0726      	lsls	r6, r4, #28
87801094:	f57f aedc 	bpl.w	87800e50 <number+0x4f0>
87801098:	9d2f      	ldr	r5, [sp, #188]	@ 0xbc
8780109a:	3d01      	subs	r5, #1
8780109c:	952f      	str	r5, [sp, #188]	@ 0xbc
8780109e:	2520      	movs	r5, #32
878010a0:	9501      	str	r5, [sp, #4]
878010a2:	e57f      	b.n	87800ba4 <number+0x244>
878010a4:	0760      	lsls	r0, r4, #29
878010a6:	d519      	bpl.n	878010dc <number+0x77c>
878010a8:	982f      	ldr	r0, [sp, #188]	@ 0xbc
878010aa:	252b      	movs	r5, #43	@ 0x2b
878010ac:	9c02      	ldr	r4, [sp, #8]
878010ae:	3801      	subs	r0, #1
878010b0:	9501      	str	r5, [sp, #4]
878010b2:	902f      	str	r0, [sp, #188]	@ 0xbc
878010b4:	2010      	movs	r0, #16
878010b6:	e575      	b.n	87800ba4 <number+0x244>
878010b8:	f10c 0c01 	add.w	ip, ip, #1
878010bc:	f1bb 0f00 	cmp.w	fp, #0
878010c0:	d007      	beq.n	878010d2 <number+0x772>
878010c2:	3b01      	subs	r3, #1
878010c4:	9801      	ldr	r0, [sp, #4]
878010c6:	bf18      	it	ne
878010c8:	f04f 0e01 	movne.w	lr, #1
878010cc:	f47f acf5 	bne.w	87800aba <number+0x15a>
878010d0:	e50b      	b.n	87800aea <number+0x18a>
878010d2:	4658      	mov	r0, fp
878010d4:	9402      	str	r4, [sp, #8]
878010d6:	f04f 0e01 	mov.w	lr, #1
878010da:	e4d4      	b.n	87800a86 <number+0x126>
878010dc:	f014 0008 	ands.w	r0, r4, #8
878010e0:	d136      	bne.n	87801150 <number+0x7f0>
878010e2:	9001      	str	r0, [sp, #4]
878010e4:	2010      	movs	r0, #16
878010e6:	9c02      	ldr	r4, [sp, #8]
878010e8:	e55c      	b.n	87800ba4 <number+0x244>
878010ea:	3d03      	subs	r5, #3
878010ec:	e9cd 4002 	strd	r4, r0, [sp, #8]
878010f0:	952f      	str	r5, [sp, #188]	@ 0xbc
878010f2:	e7a8      	b.n	87801046 <number+0x6e6>
878010f4:	f10d 082c 	add.w	r8, sp, #44	@ 0x2c
878010f8:	46c6      	mov	lr, r8
878010fa:	e6c9      	b.n	87800e90 <number+0x530>
878010fc:	3230      	adds	r2, #48	@ 0x30
878010fe:	f10e 0e05 	add.w	lr, lr, #5
87801102:	f80e 2c01 	strb.w	r2, [lr, #-1]
87801106:	e713      	b.n	87800f30 <number+0x5d0>
87801108:	9b30      	ldr	r3, [sp, #192]	@ 0xc0
8780110a:	2030      	movs	r0, #48	@ 0x30
8780110c:	9a2f      	ldr	r2, [sp, #188]	@ 0xbc
8780110e:	2b01      	cmp	r3, #1
87801110:	f88d 002c 	strb.w	r0, [sp, #44]	@ 0x2c
87801114:	bfb8      	it	lt
87801116:	2301      	movlt	r3, #1
87801118:	2020      	movs	r0, #32
8780111a:	1ad2      	subs	r2, r2, r3
8780111c:	e785      	b.n	8780102a <number+0x6ca>
8780111e:	ea52 0003 	orrs.w	r0, r2, r3
87801122:	d123      	bne.n	8780116c <number+0x80c>
87801124:	9b30      	ldr	r3, [sp, #192]	@ 0xc0
87801126:	2030      	movs	r0, #48	@ 0x30
87801128:	9a2f      	ldr	r2, [sp, #188]	@ 0xbc
8780112a:	2b01      	cmp	r3, #1
8780112c:	f88d 002c 	strb.w	r0, [sp, #44]	@ 0x2c
87801130:	bfb8      	it	lt
87801132:	2301      	movlt	r3, #1
87801134:	f004 0011 	and.w	r0, r4, #17
87801138:	1ad2      	subs	r2, r2, r3
8780113a:	9402      	str	r4, [sp, #8]
8780113c:	2800      	cmp	r0, #0
8780113e:	f47f af53 	bne.w	87800fe8 <number+0x688>
87801142:	4658      	mov	r0, fp
87801144:	46da      	mov	sl, fp
87801146:	f04f 0e01 	mov.w	lr, #1
8780114a:	f8cd b004 	str.w	fp, [sp, #4]
8780114e:	e46c      	b.n	87800a2a <number+0xca>
87801150:	982f      	ldr	r0, [sp, #188]	@ 0xbc
87801152:	2520      	movs	r5, #32
87801154:	9c02      	ldr	r4, [sp, #8]
87801156:	3801      	subs	r0, #1
87801158:	9501      	str	r5, [sp, #4]
8780115a:	902f      	str	r0, [sp, #188]	@ 0xbc
8780115c:	2010      	movs	r0, #16
8780115e:	e521      	b.n	87800ba4 <number+0x244>
87801160:	2020      	movs	r0, #32
87801162:	9402      	str	r4, [sp, #8]
87801164:	e761      	b.n	8780102a <number+0x6ca>
87801166:	202b      	movs	r0, #43	@ 0x2b
87801168:	9402      	str	r4, [sp, #8]
8780116a:	e75e      	b.n	8780102a <number+0x6ca>
8780116c:	e9cd b401 	strd	fp, r4, [sp, #4]
87801170:	e41d      	b.n	878009ae <number+0x4e>
87801172:	bf00      	nop
87801174:	00002ade 	ldrdeq	r2, [r0], -lr

87801178 <simple_strtoul>:
87801178:	b570      	push	{r4, r5, r6, lr}
8780117a:	4604      	mov	r4, r0
8780117c:	f8df c0e8 	ldr.w	ip, [pc, #232]	@ 87801268 <simple_strtoul+0xf0>
87801180:	7803      	ldrb	r3, [r0, #0]
87801182:	460e      	mov	r6, r1
87801184:	44fc      	add	ip, pc
87801186:	bb62      	cbnz	r2, 878011e2 <simple_strtoul+0x6a>
87801188:	2b30      	cmp	r3, #48	@ 0x30
8780118a:	d049      	beq.n	87801220 <simple_strtoul+0xa8>
8780118c:	4a37      	ldr	r2, [pc, #220]	@ (8780126c <simple_strtoul+0xf4>)
8780118e:	469e      	mov	lr, r3
87801190:	f85c 5002 	ldr.w	r5, [ip, r2]
87801194:	220a      	movs	r2, #10
87801196:	f815 c003 	ldrb.w	ip, [r5, r3]
8780119a:	f00c 0044 	and.w	r0, ip, #68	@ 0x44
8780119e:	b1e8      	cbz	r0, 878011dc <simple_strtoul+0x64>
878011a0:	2000      	movs	r0, #0
878011a2:	e009      	b.n	878011b8 <simple_strtoul+0x40>
878011a4:	f814 3f01 	ldrb.w	r3, [r4, #1]!
878011a8:	fb02 c000 	mla	r0, r2, r0, ip
878011ac:	469e      	mov	lr, r3
878011ae:	f815 c003 	ldrb.w	ip, [r5, r3]
878011b2:	f01c 0f44 	tst.w	ip, #68	@ 0x44
878011b6:	d011      	beq.n	878011dc <simple_strtoul+0x64>
878011b8:	f01c 0f04 	tst.w	ip, #4
878011bc:	f1a3 0120 	sub.w	r1, r3, #32
878011c0:	bf18      	it	ne
878011c2:	f1ae 0c30 	subne.w	ip, lr, #48	@ 0x30
878011c6:	d107      	bne.n	878011d8 <simple_strtoul+0x60>
878011c8:	f01c 0f02 	tst.w	ip, #2
878011cc:	fa5f fc81 	uxtb.w	ip, r1
878011d0:	bf18      	it	ne
878011d2:	4663      	movne	r3, ip
878011d4:	f1a3 0c37 	sub.w	ip, r3, #55	@ 0x37
878011d8:	4594      	cmp	ip, r2
878011da:	d3e3      	bcc.n	878011a4 <simple_strtoul+0x2c>
878011dc:	b106      	cbz	r6, 878011e0 <simple_strtoul+0x68>
878011de:	6034      	str	r4, [r6, #0]
878011e0:	bd70      	pop	{r4, r5, r6, pc}
878011e2:	4922      	ldr	r1, [pc, #136]	@ (8780126c <simple_strtoul+0xf4>)
878011e4:	2a10      	cmp	r2, #16
878011e6:	f85c 5001 	ldr.w	r5, [ip, r1]
878011ea:	d005      	beq.n	878011f8 <simple_strtoul+0x80>
878011ec:	f815 c003 	ldrb.w	ip, [r5, r3]
878011f0:	469e      	mov	lr, r3
878011f2:	f00c 0044 	and.w	r0, ip, #68	@ 0x44
878011f6:	e7d2      	b.n	8780119e <simple_strtoul+0x26>
878011f8:	2b30      	cmp	r3, #48	@ 0x30
878011fa:	d1f7      	bne.n	878011ec <simple_strtoul+0x74>
878011fc:	7841      	ldrb	r1, [r0, #1]
878011fe:	f1a1 0020 	sub.w	r0, r1, #32
87801202:	f815 c001 	ldrb.w	ip, [r5, r1]
87801206:	b2c0      	uxtb	r0, r0
87801208:	f01c 0f02 	tst.w	ip, #2
8780120c:	bf18      	it	ne
8780120e:	4601      	movne	r1, r0
87801210:	2958      	cmp	r1, #88	@ 0x58
87801212:	d026      	beq.n	87801262 <simple_strtoul+0xea>
87801214:	f895 c030 	ldrb.w	ip, [r5, #48]	@ 0x30
87801218:	469e      	mov	lr, r3
8780121a:	f00c 0044 	and.w	r0, ip, #68	@ 0x44
8780121e:	e7be      	b.n	8780119e <simple_strtoul+0x26>
87801220:	4a12      	ldr	r2, [pc, #72]	@ (8780126c <simple_strtoul+0xf4>)
87801222:	1c41      	adds	r1, r0, #1
87801224:	7843      	ldrb	r3, [r0, #1]
87801226:	469e      	mov	lr, r3
87801228:	f85c 5002 	ldr.w	r5, [ip, r2]
8780122c:	f815 c003 	ldrb.w	ip, [r5, r3]
87801230:	f01c 0f02 	tst.w	ip, #2
87801234:	bf16      	itet	ne
87801236:	f1a3 0220 	subne.w	r2, r3, #32
8780123a:	461a      	moveq	r2, r3
8780123c:	b2d2      	uxtbne	r2, r2
8780123e:	2a58      	cmp	r2, #88	@ 0x58
87801240:	d004      	beq.n	8780124c <simple_strtoul+0xd4>
87801242:	460c      	mov	r4, r1
87801244:	f00c 0044 	and.w	r0, ip, #68	@ 0x44
87801248:	2208      	movs	r2, #8
8780124a:	e7a8      	b.n	8780119e <simple_strtoul+0x26>
8780124c:	7880      	ldrb	r0, [r0, #2]
8780124e:	5c2a      	ldrb	r2, [r5, r0]
87801250:	f012 0f44 	tst.w	r2, #68	@ 0x44
87801254:	d0f5      	beq.n	87801242 <simple_strtoul+0xca>
87801256:	4694      	mov	ip, r2
87801258:	4686      	mov	lr, r0
8780125a:	3402      	adds	r4, #2
8780125c:	4603      	mov	r3, r0
8780125e:	2210      	movs	r2, #16
87801260:	e79e      	b.n	878011a0 <simple_strtoul+0x28>
87801262:	78a3      	ldrb	r3, [r4, #2]
87801264:	3402      	adds	r4, #2
87801266:	e7c1      	b.n	878011ec <simple_strtoul+0x74>
87801268:	ffffee78 			@ <UNDEFINED> instruction: 0xffffee78
8780126c:	00000178 	andeq	r0, r0, r8, ror r1

87801270 <simple_strtol>:
87801270:	b508      	push	{r3, lr}
87801272:	7803      	ldrb	r3, [r0, #0]
87801274:	2b2d      	cmp	r3, #45	@ 0x2d
87801276:	d003      	beq.n	87801280 <simple_strtol+0x10>
87801278:	e8bd 4008 	ldmia.w	sp!, {r3, lr}
8780127c:	f7ff bf7c 	b.w	87801178 <simple_strtoul>
87801280:	3001      	adds	r0, #1
87801282:	f7ff ff79 	bl	87801178 <simple_strtoul>
87801286:	4240      	negs	r0, r0
87801288:	bd08      	pop	{r3, pc}
8780128a:	bf00      	nop

8780128c <simple_strtoull>:
8780128c:	e92d 41f0 	stmdb	sp!, {r4, r5, r6, r7, r8, lr}
87801290:	4604      	mov	r4, r0
87801292:	4842      	ldr	r0, [pc, #264]	@ (8780139c <simple_strtoull+0x110>)
87801294:	460e      	mov	r6, r1
87801296:	4478      	add	r0, pc
87801298:	f894 e000 	ldrb.w	lr, [r4]
8780129c:	bbc2      	cbnz	r2, 87801310 <simple_strtoull+0x84>
8780129e:	f1be 0f30 	cmp.w	lr, #48	@ 0x30
878012a2:	d053      	beq.n	8780134c <simple_strtoull+0xc0>
878012a4:	4a3e      	ldr	r2, [pc, #248]	@ (878013a0 <simple_strtoull+0x114>)
878012a6:	4673      	mov	r3, lr
878012a8:	5885      	ldr	r5, [r0, r2]
878012aa:	220a      	movs	r2, #10
878012ac:	f815 c00e 	ldrb.w	ip, [r5, lr]
878012b0:	f00c 0044 	and.w	r0, ip, #68	@ 0x44
878012b4:	2800      	cmp	r0, #0
878012b6:	d06a      	beq.n	8780138e <simple_strtoull+0x102>
878012b8:	2000      	movs	r0, #0
878012ba:	4601      	mov	r1, r0
878012bc:	e00a      	b.n	878012d4 <simple_strtoull+0x48>
878012be:	f814 ef01 	ldrb.w	lr, [r4, #1]!
878012c2:	18f8      	adds	r0, r7, r3
878012c4:	eb4c 0108 	adc.w	r1, ip, r8
878012c8:	4673      	mov	r3, lr
878012ca:	f815 c00e 	ldrb.w	ip, [r5, lr]
878012ce:	f01c 0f44 	tst.w	ip, #68	@ 0x44
878012d2:	d019      	beq.n	87801308 <simple_strtoull+0x7c>
878012d4:	f01c 0f04 	tst.w	ip, #4
878012d8:	bf18      	it	ne
878012da:	3b30      	subne	r3, #48	@ 0x30
878012dc:	d10a      	bne.n	878012f4 <simple_strtoull+0x68>
878012de:	f1ae 0e20 	sub.w	lr, lr, #32
878012e2:	f01c 0f02 	tst.w	ip, #2
878012e6:	f1a3 0337 	sub.w	r3, r3, #55	@ 0x37
878012ea:	bf1c      	itt	ne
878012ec:	fa5f fe8e 	uxtbne.w	lr, lr
878012f0:	f1ae 0337 	subne.w	r3, lr, #55	@ 0x37
878012f4:	fba0 7e02 	umull	r7, lr, r0, r2
878012f8:	ea4f 78e3 	mov.w	r8, r3, asr #31
878012fc:	4293      	cmp	r3, r2
878012fe:	fb02 ec01 	mla	ip, r2, r1, lr
87801302:	f178 0e00 	sbcs.w	lr, r8, #0
87801306:	d3da      	bcc.n	878012be <simple_strtoull+0x32>
87801308:	b106      	cbz	r6, 8780130c <simple_strtoull+0x80>
8780130a:	6034      	str	r4, [r6, #0]
8780130c:	e8bd 81f0 	ldmia.w	sp!, {r4, r5, r6, r7, r8, pc}
87801310:	4b23      	ldr	r3, [pc, #140]	@ (878013a0 <simple_strtoull+0x114>)
87801312:	2a10      	cmp	r2, #16
87801314:	58c5      	ldr	r5, [r0, r3]
87801316:	d005      	beq.n	87801324 <simple_strtoull+0x98>
87801318:	f815 c00e 	ldrb.w	ip, [r5, lr]
8780131c:	4673      	mov	r3, lr
8780131e:	f00c 0044 	and.w	r0, ip, #68	@ 0x44
87801322:	e7c7      	b.n	878012b4 <simple_strtoull+0x28>
87801324:	f1be 0f30 	cmp.w	lr, #48	@ 0x30
87801328:	d1f6      	bne.n	87801318 <simple_strtoull+0x8c>
8780132a:	7863      	ldrb	r3, [r4, #1]
8780132c:	f1a3 0120 	sub.w	r1, r3, #32
87801330:	5ce8      	ldrb	r0, [r5, r3]
87801332:	b2c9      	uxtb	r1, r1
87801334:	f010 0f02 	tst.w	r0, #2
87801338:	bf18      	it	ne
8780133a:	460b      	movne	r3, r1
8780133c:	2b58      	cmp	r3, #88	@ 0x58
8780133e:	d028      	beq.n	87801392 <simple_strtoull+0x106>
87801340:	f895 c030 	ldrb.w	ip, [r5, #48]	@ 0x30
87801344:	4673      	mov	r3, lr
87801346:	f00c 0044 	and.w	r0, ip, #68	@ 0x44
8780134a:	e7b3      	b.n	878012b4 <simple_strtoull+0x28>
8780134c:	4b14      	ldr	r3, [pc, #80]	@ (878013a0 <simple_strtoull+0x114>)
8780134e:	1c61      	adds	r1, r4, #1
87801350:	f894 e001 	ldrb.w	lr, [r4, #1]
87801354:	58c5      	ldr	r5, [r0, r3]
87801356:	4673      	mov	r3, lr
87801358:	f815 c00e 	ldrb.w	ip, [r5, lr]
8780135c:	f01c 0f02 	tst.w	ip, #2
87801360:	bf16      	itet	ne
87801362:	f1ae 0220 	subne.w	r2, lr, #32
87801366:	4672      	moveq	r2, lr
87801368:	b2d2      	uxtbne	r2, r2
8780136a:	2a58      	cmp	r2, #88	@ 0x58
8780136c:	d004      	beq.n	87801378 <simple_strtoull+0xec>
8780136e:	460c      	mov	r4, r1
87801370:	f00c 0044 	and.w	r0, ip, #68	@ 0x44
87801374:	2208      	movs	r2, #8
87801376:	e79d      	b.n	878012b4 <simple_strtoull+0x28>
87801378:	78a0      	ldrb	r0, [r4, #2]
8780137a:	5c2a      	ldrb	r2, [r5, r0]
8780137c:	f012 0f44 	tst.w	r2, #68	@ 0x44
87801380:	d0f5      	beq.n	8780136e <simple_strtoull+0xe2>
87801382:	4694      	mov	ip, r2
87801384:	4603      	mov	r3, r0
87801386:	3402      	adds	r4, #2
87801388:	4686      	mov	lr, r0
8780138a:	2210      	movs	r2, #16
8780138c:	e794      	b.n	878012b8 <simple_strtoull+0x2c>
8780138e:	4601      	mov	r1, r0
87801390:	e7ba      	b.n	87801308 <simple_strtoull+0x7c>
87801392:	f894 e002 	ldrb.w	lr, [r4, #2]
87801396:	3402      	adds	r4, #2
87801398:	e7be      	b.n	87801318 <simple_strtoull+0x8c>
8780139a:	bf00      	nop
8780139c:	ffffed66 			@ <UNDEFINED> instruction: 0xffffed66
878013a0:	00000178 	andeq	r0, r0, r8, ror r1

878013a4 <simple_strtoll>:
878013a4:	b508      	push	{r3, lr}
878013a6:	7803      	ldrb	r3, [r0, #0]
878013a8:	2b2d      	cmp	r3, #45	@ 0x2d
878013aa:	d003      	beq.n	878013b4 <simple_strtoll+0x10>
878013ac:	e8bd 4008 	ldmia.w	sp!, {r3, lr}
878013b0:	f7ff bf6c 	b.w	8780128c <simple_strtoull>
878013b4:	3001      	adds	r0, #1
878013b6:	f7ff ff69 	bl	8780128c <simple_strtoull>
878013ba:	4240      	negs	r0, r0
878013bc:	eb61 0141 	sbc.w	r1, r1, r1, lsl #1
878013c0:	bd08      	pop	{r3, pc}
878013c2:	bf00      	nop

878013c4 <vsnprintf>:
878013c4:	e92d 4ff0 	stmdb	sp!, {r4, r5, r6, r7, r8, r9, sl, fp, lr}
878013c8:	1e0d      	subs	r5, r1, #0
878013ca:	f8df 8aa4 	ldr.w	r8, [pc, #2724]	@ 87801e70 <vsnprintf+0xaac>
878013ce:	b089      	sub	sp, #36	@ 0x24
878013d0:	44f8      	add	r8, pc
878013d2:	f2c0 84a3 	blt.w	87801d1c <vsnprintf+0x958>
878013d6:	4696      	mov	lr, r2
878013d8:	1e6e      	subs	r6, r5, #1
878013da:	4406      	add	r6, r0
878013dc:	1e42      	subs	r2, r0, #1
878013de:	461f      	mov	r7, r3
878013e0:	4296      	cmp	r6, r2
878013e2:	f89e 3000 	ldrb.w	r3, [lr]
878013e6:	d31d      	bcc.n	87801424 <vsnprintf+0x60>
878013e8:	2b00      	cmp	r3, #0
878013ea:	f000 8514 	beq.w	87801e16 <vsnprintf+0xa52>
878013ee:	4683      	mov	fp, r0
878013f0:	4604      	mov	r4, r0
878013f2:	9505      	str	r5, [sp, #20]
878013f4:	2b25      	cmp	r3, #37	@ 0x25
878013f6:	d01c      	beq.n	87801432 <vsnprintf+0x6e>
878013f8:	42a6      	cmp	r6, r4
878013fa:	bf28      	it	cs
878013fc:	7023      	strbcs	r3, [r4, #0]
878013fe:	f10e 0e01 	add.w	lr, lr, #1
87801402:	3401      	adds	r4, #1
87801404:	f89e 3000 	ldrb.w	r3, [lr]
87801408:	2b00      	cmp	r3, #0
8780140a:	d1f3      	bne.n	878013f4 <vsnprintf+0x30>
8780140c:	9d05      	ldr	r5, [sp, #20]
8780140e:	eba4 000b 	sub.w	r0, r4, fp
87801412:	42a6      	cmp	r6, r4
87801414:	f080 8170 	bcs.w	878016f8 <vsnprintf+0x334>
87801418:	b10d      	cbz	r5, 8780141e <vsnprintf+0x5a>
8780141a:	2300      	movs	r3, #0
8780141c:	7033      	strb	r3, [r6, #0]
8780141e:	b009      	add	sp, #36	@ 0x24
87801420:	e8bd 8ff0 	ldmia.w	sp!, {r4, r5, r6, r7, r8, r9, sl, fp, pc}
87801424:	2b00      	cmp	r3, #0
87801426:	f000 8165 	beq.w	878016f4 <vsnprintf+0x330>
8780142a:	4245      	negs	r5, r0
8780142c:	f04f 36ff 	mov.w	r6, #4294967295	@ 0xffffffff
87801430:	e7dd      	b.n	878013ee <vsnprintf+0x2a>
87801432:	2200      	movs	r2, #0
87801434:	f89e 0001 	ldrb.w	r0, [lr, #1]
87801438:	f10e 0901 	add.w	r9, lr, #1
8780143c:	f1a0 0320 	sub.w	r3, r0, #32
87801440:	2b10      	cmp	r3, #16
87801442:	d80a      	bhi.n	8780145a <vsnprintf+0x96>
87801444:	e8df f003 	tbb	[pc, r3]
87801448:	9d0909a1 	vstrls.16	s0, [r9, #-322]	@ 0xfffffebe	@ <UNPREDICTABLE>
8780144c:	09090909 	stmdbeq	r9, {r0, r3, r8, fp}
87801450:	99090909 	stmdbls	r9, {r0, r3, r8, fp}
87801454:	09099509 	stmdbeq	r9, {r0, r3, r8, sl, ip, pc}
87801458:	f8df0091 			@ <UNDEFINED> instruction: 0xf8df0091
8780145c:	3a18      	subs	r2, #24
8780145e:	4601      	mov	r1, r0
87801460:	f858 c003 	ldr.w	ip, [r8, r3]
87801464:	f81c 3000 	ldrb.w	r3, [ip, r0]
87801468:	075b      	lsls	r3, r3, #29
8780146a:	f100 8135 	bmi.w	878016d8 <vsnprintf+0x314>
8780146e:	282a      	cmp	r0, #42	@ 0x2a
87801470:	bf18      	it	ne
87801472:	f04f 33ff 	movne.w	r3, #4294967295	@ 0xffffffff
87801476:	d10a      	bne.n	8780148e <vsnprintf+0xca>
87801478:	f857 3b04 	ldr.w	r3, [r7], #4
8780147c:	f10e 0902 	add.w	r9, lr, #2
87801480:	f89e 0002 	ldrb.w	r0, [lr, #2]
87801484:	2b00      	cmp	r3, #0
87801486:	bfbc      	itt	lt
87801488:	425b      	neglt	r3, r3
8780148a:	f042 0210 	orrlt.w	r2, r2, #16
8780148e:	282e      	cmp	r0, #46	@ 0x2e
87801490:	bf18      	it	ne
87801492:	f04f 31ff 	movne.w	r1, #4294967295	@ 0xffffffff
87801496:	f000 8107 	beq.w	878016a8 <vsnprintf+0x2e4>
8780149a:	287a      	cmp	r0, #122	@ 0x7a
8780149c:	f200 80ed 	bhi.w	8780167a <vsnprintf+0x2b6>
878014a0:	2867      	cmp	r0, #103	@ 0x67
878014a2:	d876      	bhi.n	87801592 <vsnprintf+0x1ce>
878014a4:	284c      	cmp	r0, #76	@ 0x4c
878014a6:	bf08      	it	eq
878014a8:	f109 0901 	addeq.w	r9, r9, #1
878014ac:	f000 8129 	beq.w	87801702 <vsnprintf+0x33e>
878014b0:	285a      	cmp	r0, #90	@ 0x5a
878014b2:	f000 81d9 	beq.w	87801868 <vsnprintf+0x4a4>
878014b6:	3825      	subs	r0, #37	@ 0x25
878014b8:	2853      	cmp	r0, #83	@ 0x53
878014ba:	f200 80de 	bhi.w	8780167a <vsnprintf+0x2b6>
878014be:	e8df f010 	tbh	[pc, r0, lsl #1]
878014c2:	00dc02de 	ldrsbeq	r0, [ip], #46	@ 0x2e
878014c6:	00dc00dc 	ldrsbeq	r0, [ip], #12
878014ca:	00dc00dc 	ldrsbeq	r0, [ip], #12
878014ce:	00dc00dc 	ldrsbeq	r0, [ip], #12
878014d2:	00dc00dc 	ldrsbeq	r0, [ip], #12
878014d6:	00dc00dc 	ldrsbeq	r0, [ip], #12
878014da:	00dc00dc 	ldrsbeq	r0, [ip], #12
878014de:	00dc00dc 	ldrsbeq	r0, [ip], #12
878014e2:	00dc00dc 	ldrsbeq	r0, [ip], #12
878014e6:	00dc00dc 	ldrsbeq	r0, [ip], #12
878014ea:	00dc00dc 	ldrsbeq	r0, [ip], #12
878014ee:	00dc00dc 	ldrsbeq	r0, [ip], #12
878014f2:	00dc00dc 	ldrsbeq	r0, [ip], #12
878014f6:	00dc00dc 	ldrsbeq	r0, [ip], #12
878014fa:	00dc00dc 	ldrsbeq	r0, [ip], #12
878014fe:	00dc00dc 	ldrsbeq	r0, [ip], #12
87801502:	00dc00dc 	ldrsbeq	r0, [ip], #12
87801506:	00dc00dc 	ldrsbeq	r0, [ip], #12
8780150a:	00dc00dc 	ldrsbeq	r0, [ip], #12
8780150e:	00dc00dc 	ldrsbeq	r0, [ip], #12
87801512:	00dc00dc 	ldrsbeq	r0, [ip], #12
87801516:	00dc00dc 	ldrsbeq	r0, [ip], #12
8780151a:	00dc00dc 	ldrsbeq	r0, [ip], #12
8780151e:	00dc00dc 	ldrsbeq	r0, [ip], #12
87801522:	00dc00dc 	ldrsbeq	r0, [ip], #12
87801526:	034200dc 	movteq	r0, #8412	@ 0x20dc
8780152a:	00dc00dc 	ldrsbeq	r0, [ip], #12
8780152e:	00dc00dc 	ldrsbeq	r0, [ip], #12
87801532:	00dc00dc 	ldrsbeq	r0, [ip], #12
87801536:	00dc00dc 	ldrsbeq	r0, [ip], #12
8780153a:	00dc00dc 	ldrsbeq	r0, [ip], #12
8780153e:	029d02ba 	addseq	r0, sp, #-1610612725	@ 0xa000000b
87801542:	00dc00dc 	ldrsbeq	r0, [ip], #12
87801546:	00dc00dc 	ldrsbeq	r0, [ip], #12
8780154a:	00dc029d 	smullseq	r0, ip, sp, r2
8780154e:	00dc00dc 	ldrsbeq	r0, [ip], #12
87801552:	043900dc 	ldrteq	r0, [r9], #-220	@ 0xffffff24
87801556:	03250441 			@ <UNDEFINED> instruction: 0x03250441
8780155a:	00dc00dc 	ldrsbeq	r0, [ip], #12
8780155e:	00dc02ec 	sbcseq	r0, ip, ip, ror #5
87801562:	00dc0431 	sbcseq	r0, ip, r1, lsr r4
87801566:	043600dc 	ldrteq	r0, [r6], #-220	@ 0xffffff24
8780156a:	f042 0201 	orr.w	r2, r2, #1
8780156e:	46ce      	mov	lr, r9
87801570:	e760      	b.n	87801434 <vsnprintf+0x70>
87801572:	f042 0210 	orr.w	r2, r2, #16
87801576:	46ce      	mov	lr, r9
87801578:	e75c      	b.n	87801434 <vsnprintf+0x70>
8780157a:	f042 0204 	orr.w	r2, r2, #4
8780157e:	46ce      	mov	lr, r9
87801580:	e758      	b.n	87801434 <vsnprintf+0x70>
87801582:	f042 0220 	orr.w	r2, r2, #32
87801586:	46ce      	mov	lr, r9
87801588:	e754      	b.n	87801434 <vsnprintf+0x70>
8780158a:	f042 0208 	orr.w	r2, r2, #8
8780158e:	46ce      	mov	lr, r9
87801590:	e750      	b.n	87801434 <vsnprintf+0x70>
87801592:	f1a0 0e68 	sub.w	lr, r0, #104	@ 0x68
87801596:	f04f 0c11 	mov.w	ip, #17
8780159a:	f2c0 0c04 	movt	ip, #4
8780159e:	fa5f fe8e 	uxtb.w	lr, lr
878015a2:	fa2c fc0e 	lsr.w	ip, ip, lr
878015a6:	f01c 0f01 	tst.w	ip, #1
878015aa:	d084      	beq.n	878014b6 <vsnprintf+0xf2>
878015ac:	f109 0a01 	add.w	sl, r9, #1
878015b0:	286c      	cmp	r0, #108	@ 0x6c
878015b2:	f040 82fc 	bne.w	87801bae <vsnprintf+0x7ea>
878015b6:	f899 0001 	ldrb.w	r0, [r9, #1]
878015ba:	286c      	cmp	r0, #108	@ 0x6c
878015bc:	bf08      	it	eq
878015be:	f109 0902 	addeq.w	r9, r9, #2
878015c2:	f000 809e 	beq.w	87801702 <vsnprintf+0x33e>
878015c6:	3825      	subs	r0, #37	@ 0x25
878015c8:	2853      	cmp	r0, #83	@ 0x53
878015ca:	d855      	bhi.n	87801678 <vsnprintf+0x2b4>
878015cc:	e8df f010 	tbh	[pc, r0, lsl #1]
878015d0:	00540256 	subseq	r0, r4, r6, asr r2
878015d4:	00540054 	subseq	r0, r4, r4, asr r0
878015d8:	00540054 	subseq	r0, r4, r4, asr r0
878015dc:	00540054 	subseq	r0, r4, r4, asr r0
878015e0:	00540054 	subseq	r0, r4, r4, asr r0
878015e4:	00540054 	subseq	r0, r4, r4, asr r0
878015e8:	00540054 	subseq	r0, r4, r4, asr r0
878015ec:	00540054 	subseq	r0, r4, r4, asr r0
878015f0:	00540054 	subseq	r0, r4, r4, asr r0
878015f4:	00540054 	subseq	r0, r4, r4, asr r0
878015f8:	00540054 	subseq	r0, r4, r4, asr r0
878015fc:	00540054 	subseq	r0, r4, r4, asr r0
87801600:	00540054 	subseq	r0, r4, r4, asr r0
87801604:	00540054 	subseq	r0, r4, r4, asr r0
87801608:	00540054 	subseq	r0, r4, r4, asr r0
8780160c:	00540054 	subseq	r0, r4, r4, asr r0
87801610:	00540054 	subseq	r0, r4, r4, asr r0
87801614:	00540054 	subseq	r0, r4, r4, asr r0
87801618:	00540054 	subseq	r0, r4, r4, asr r0
8780161c:	00540054 	subseq	r0, r4, r4, asr r0
87801620:	00540054 	subseq	r0, r4, r4, asr r0
87801624:	00540054 	subseq	r0, r4, r4, asr r0
87801628:	00540054 	subseq	r0, r4, r4, asr r0
8780162c:	00540054 	subseq	r0, r4, r4, asr r0
87801630:	00540054 	subseq	r0, r4, r4, asr r0
87801634:	03fd0054 	mvnseq	r0, #84	@ 0x54
87801638:	00540054 	subseq	r0, r4, r4, asr r0
8780163c:	00540054 	subseq	r0, r4, r4, asr r0
87801640:	00540054 	subseq	r0, r4, r4, asr r0
87801644:	00540054 	subseq	r0, r4, r4, asr r0
87801648:	00540054 	subseq	r0, r4, r4, asr r0
8780164c:	02c50232 	sbceq	r0, r5, #536870915	@ 0x20000003
87801650:	00540054 	subseq	r0, r4, r4, asr r0
87801654:	00540054 	subseq	r0, r4, r4, asr r0
87801658:	005402c5 	subseq	r0, r4, r5, asr #5
8780165c:	00540054 	subseq	r0, r4, r4, asr r0
87801660:	02e20054 	rsceq	r0, r2, #84	@ 0x54
87801664:	029d03f7 	addseq	r0, sp, #-603979773	@ 0xdc000003
87801668:	00540054 	subseq	r0, r4, r4, asr r0
8780166c:	00540264 	subseq	r0, r4, r4, ror #4
87801670:	005402db 	ldrsbeq	r0, [r4], #-43	@ 0xffffffd5
87801674:	03f40054 	mvnseq	r0, #84	@ 0x54
87801678:	46d1      	mov	r9, sl
8780167a:	42a6      	cmp	r6, r4
8780167c:	f104 0201 	add.w	r2, r4, #1
87801680:	bf24      	itt	cs
87801682:	2325      	movcs	r3, #37	@ 0x25
87801684:	7023      	strbcs	r3, [r4, #0]
87801686:	f899 3000 	ldrb.w	r3, [r9]
8780168a:	2b00      	cmp	r3, #0
8780168c:	f000 81b3 	beq.w	878019f6 <vsnprintf+0x632>
87801690:	4296      	cmp	r6, r2
87801692:	bf28      	it	cs
87801694:	7063      	strbcs	r3, [r4, #1]
87801696:	f109 0e01 	add.w	lr, r9, #1
8780169a:	3402      	adds	r4, #2
8780169c:	f899 3001 	ldrb.w	r3, [r9, #1]
878016a0:	2b00      	cmp	r3, #0
878016a2:	f47f aea7 	bne.w	878013f4 <vsnprintf+0x30>
878016a6:	e6b1      	b.n	8780140c <vsnprintf+0x48>
878016a8:	f899 e001 	ldrb.w	lr, [r9, #1]
878016ac:	f109 0a01 	add.w	sl, r9, #1
878016b0:	4670      	mov	r0, lr
878016b2:	f81c 100e 	ldrb.w	r1, [ip, lr]
878016b6:	f011 0104 	ands.w	r1, r1, #4
878016ba:	f040 818b 	bne.w	878019d4 <vsnprintf+0x610>
878016be:	282a      	cmp	r0, #42	@ 0x2a
878016c0:	bf11      	iteee	ne
878016c2:	46d1      	movne	r9, sl
878016c4:	f857 1b04 	ldreq.w	r1, [r7], #4
878016c8:	f899 0002 	ldrbeq.w	r0, [r9, #2]
878016cc:	f109 0902 	addeq.w	r9, r9, #2
878016d0:	bf08      	it	eq
878016d2:	ea21 71e1 	biceq.w	r1, r1, r1, asr #31
878016d6:	e6e0      	b.n	8780149a <vsnprintf+0xd6>
878016d8:	2300      	movs	r3, #0
878016da:	f04f 0a0a 	mov.w	sl, #10
878016de:	fb0a 1303 	mla	r3, sl, r3, r1
878016e2:	f819 1f01 	ldrb.w	r1, [r9, #1]!
878016e6:	3b30      	subs	r3, #48	@ 0x30
878016e8:	4608      	mov	r0, r1
878016ea:	f81c 5001 	ldrb.w	r5, [ip, r1]
878016ee:	076d      	lsls	r5, r5, #29
878016f0:	d4f5      	bmi.n	878016de <vsnprintf+0x31a>
878016f2:	e6cc      	b.n	8780148e <vsnprintf+0xca>
878016f4:	4604      	mov	r4, r0
878016f6:	4618      	mov	r0, r3
878016f8:	2300      	movs	r3, #0
878016fa:	7023      	strb	r3, [r4, #0]
878016fc:	b009      	add	sp, #36	@ 0x24
878016fe:	e8bd 8ff0 	ldmia.w	sp!, {r4, r5, r6, r7, r8, r9, sl, fp, pc}
87801702:	f899 0000 	ldrb.w	r0, [r9]
87801706:	3825      	subs	r0, #37	@ 0x25
87801708:	2853      	cmp	r0, #83	@ 0x53
8780170a:	d8b6      	bhi.n	8780167a <vsnprintf+0x2b6>
8780170c:	f20f 0c08 	addw	ip, pc, #8
87801710:	f85c 0020 	ldr.w	r0, [ip, r0, lsl #2]
87801714:	4484      	add	ip, r0
87801716:	4760      	bx	ip
87801718:	00000367 	andeq	r0, r0, r7, ror #6
8780171c:	ffffff63 			@ <UNDEFINED> instruction: 0xffffff63
87801720:	ffffff63 			@ <UNDEFINED> instruction: 0xffffff63
87801724:	ffffff63 			@ <UNDEFINED> instruction: 0xffffff63
87801728:	ffffff63 			@ <UNDEFINED> instruction: 0xffffff63
8780172c:	ffffff63 			@ <UNDEFINED> instruction: 0xffffff63
87801730:	ffffff63 			@ <UNDEFINED> instruction: 0xffffff63
87801734:	ffffff63 			@ <UNDEFINED> instruction: 0xffffff63
87801738:	ffffff63 			@ <UNDEFINED> instruction: 0xffffff63
8780173c:	ffffff63 			@ <UNDEFINED> instruction: 0xffffff63
87801740:	ffffff63 			@ <UNDEFINED> instruction: 0xffffff63
87801744:	ffffff63 			@ <UNDEFINED> instruction: 0xffffff63
87801748:	ffffff63 			@ <UNDEFINED> instruction: 0xffffff63
8780174c:	ffffff63 			@ <UNDEFINED> instruction: 0xffffff63
87801750:	ffffff63 			@ <UNDEFINED> instruction: 0xffffff63
87801754:	ffffff63 			@ <UNDEFINED> instruction: 0xffffff63
87801758:	ffffff63 			@ <UNDEFINED> instruction: 0xffffff63
8780175c:	ffffff63 			@ <UNDEFINED> instruction: 0xffffff63
87801760:	ffffff63 			@ <UNDEFINED> instruction: 0xffffff63
87801764:	ffffff63 			@ <UNDEFINED> instruction: 0xffffff63
87801768:	ffffff63 			@ <UNDEFINED> instruction: 0xffffff63
8780176c:	ffffff63 			@ <UNDEFINED> instruction: 0xffffff63
87801770:	ffffff63 			@ <UNDEFINED> instruction: 0xffffff63
87801774:	ffffff63 			@ <UNDEFINED> instruction: 0xffffff63
87801778:	ffffff63 			@ <UNDEFINED> instruction: 0xffffff63
8780177c:	ffffff63 			@ <UNDEFINED> instruction: 0xffffff63
87801780:	ffffff63 			@ <UNDEFINED> instruction: 0xffffff63
87801784:	ffffff63 			@ <UNDEFINED> instruction: 0xffffff63
87801788:	ffffff63 			@ <UNDEFINED> instruction: 0xffffff63
8780178c:	ffffff63 			@ <UNDEFINED> instruction: 0xffffff63
87801790:	ffffff63 			@ <UNDEFINED> instruction: 0xffffff63
87801794:	ffffff63 			@ <UNDEFINED> instruction: 0xffffff63
87801798:	ffffff63 			@ <UNDEFINED> instruction: 0xffffff63
8780179c:	ffffff63 			@ <UNDEFINED> instruction: 0xffffff63
878017a0:	ffffff63 			@ <UNDEFINED> instruction: 0xffffff63
878017a4:	ffffff63 			@ <UNDEFINED> instruction: 0xffffff63
878017a8:	ffffff63 			@ <UNDEFINED> instruction: 0xffffff63
878017ac:	ffffff63 			@ <UNDEFINED> instruction: 0xffffff63
878017b0:	ffffff63 			@ <UNDEFINED> instruction: 0xffffff63
878017b4:	ffffff63 			@ <UNDEFINED> instruction: 0xffffff63
878017b8:	ffffff63 			@ <UNDEFINED> instruction: 0xffffff63
878017bc:	ffffff63 			@ <UNDEFINED> instruction: 0xffffff63
878017c0:	ffffff63 			@ <UNDEFINED> instruction: 0xffffff63
878017c4:	ffffff63 			@ <UNDEFINED> instruction: 0xffffff63
878017c8:	ffffff63 			@ <UNDEFINED> instruction: 0xffffff63
878017cc:	ffffff63 			@ <UNDEFINED> instruction: 0xffffff63
878017d0:	ffffff63 			@ <UNDEFINED> instruction: 0xffffff63
878017d4:	ffffff63 			@ <UNDEFINED> instruction: 0xffffff63
878017d8:	ffffff63 			@ <UNDEFINED> instruction: 0xffffff63
878017dc:	ffffff63 			@ <UNDEFINED> instruction: 0xffffff63
878017e0:	ffffff63 			@ <UNDEFINED> instruction: 0xffffff63
878017e4:	00000677 	andeq	r0, r0, r7, ror r6
878017e8:	ffffff63 			@ <UNDEFINED> instruction: 0xffffff63
878017ec:	ffffff63 			@ <UNDEFINED> instruction: 0xffffff63
878017f0:	ffffff63 			@ <UNDEFINED> instruction: 0xffffff63
878017f4:	ffffff63 			@ <UNDEFINED> instruction: 0xffffff63
878017f8:	ffffff63 			@ <UNDEFINED> instruction: 0xffffff63
878017fc:	ffffff63 			@ <UNDEFINED> instruction: 0xffffff63
87801800:	ffffff63 			@ <UNDEFINED> instruction: 0xffffff63
87801804:	ffffff63 			@ <UNDEFINED> instruction: 0xffffff63
87801808:	ffffff63 			@ <UNDEFINED> instruction: 0xffffff63
8780180c:	ffffff63 			@ <UNDEFINED> instruction: 0xffffff63
87801810:	0000031f 	andeq	r0, r0, pc, lsl r3
87801814:	00000633 	andeq	r0, r0, r3, lsr r6
87801818:	ffffff63 			@ <UNDEFINED> instruction: 0xffffff63
8780181c:	ffffff63 			@ <UNDEFINED> instruction: 0xffffff63
87801820:	ffffff63 			@ <UNDEFINED> instruction: 0xffffff63
87801824:	ffffff63 			@ <UNDEFINED> instruction: 0xffffff63
87801828:	00000633 	andeq	r0, r0, r3, lsr r6
8780182c:	ffffff63 			@ <UNDEFINED> instruction: 0xffffff63
87801830:	ffffff63 			@ <UNDEFINED> instruction: 0xffffff63
87801834:	ffffff63 			@ <UNDEFINED> instruction: 0xffffff63
87801838:	ffffff63 			@ <UNDEFINED> instruction: 0xffffff63
8780183c:	0000061d 	andeq	r0, r0, sp, lsl r6
87801840:	00000681 	andeq	r0, r0, r1, lsl #13
87801844:	000003f5 	strdeq	r0, [r0], -r5
87801848:	ffffff63 			@ <UNDEFINED> instruction: 0xffffff63
8780184c:	ffffff63 			@ <UNDEFINED> instruction: 0xffffff63
87801850:	00000383 	andeq	r0, r0, r3, lsl #7
87801854:	ffffff63 			@ <UNDEFINED> instruction: 0xffffff63
87801858:	00000671 	andeq	r0, r0, r1, ror r6
8780185c:	ffffff63 			@ <UNDEFINED> instruction: 0xffffff63
87801860:	ffffff63 			@ <UNDEFINED> instruction: 0xffffff63
87801864:	0000067b 	andeq	r0, r0, fp, ror r6
87801868:	f899 0001 	ldrb.w	r0, [r9, #1]
8780186c:	f109 0a01 	add.w	sl, r9, #1
87801870:	3825      	subs	r0, #37	@ 0x25
87801872:	2853      	cmp	r0, #83	@ 0x53
87801874:	f63f af00 	bhi.w	87801678 <vsnprintf+0x2b4>
87801878:	f20f 0c08 	addw	ip, pc, #8
8780187c:	f85c 0020 	ldr.w	r0, [ip, r0, lsl #2]
87801880:	4484      	add	ip, r0
87801882:	4760      	bx	ip
87801884:	000001f9 	strdeq	r0, [r0], -r9
87801888:	fffffdf5 			@ <UNDEFINED> instruction: 0xfffffdf5
8780188c:	fffffdf5 			@ <UNDEFINED> instruction: 0xfffffdf5
87801890:	fffffdf5 			@ <UNDEFINED> instruction: 0xfffffdf5
87801894:	fffffdf5 			@ <UNDEFINED> instruction: 0xfffffdf5
87801898:	fffffdf5 			@ <UNDEFINED> instruction: 0xfffffdf5
8780189c:	fffffdf5 			@ <UNDEFINED> instruction: 0xfffffdf5
878018a0:	fffffdf5 			@ <UNDEFINED> instruction: 0xfffffdf5
878018a4:	fffffdf5 			@ <UNDEFINED> instruction: 0xfffffdf5
878018a8:	fffffdf5 			@ <UNDEFINED> instruction: 0xfffffdf5
878018ac:	fffffdf5 			@ <UNDEFINED> instruction: 0xfffffdf5
878018b0:	fffffdf5 			@ <UNDEFINED> instruction: 0xfffffdf5
878018b4:	fffffdf5 			@ <UNDEFINED> instruction: 0xfffffdf5
878018b8:	fffffdf5 			@ <UNDEFINED> instruction: 0xfffffdf5
878018bc:	fffffdf5 			@ <UNDEFINED> instruction: 0xfffffdf5
878018c0:	fffffdf5 			@ <UNDEFINED> instruction: 0xfffffdf5
878018c4:	fffffdf5 			@ <UNDEFINED> instruction: 0xfffffdf5
878018c8:	fffffdf5 			@ <UNDEFINED> instruction: 0xfffffdf5
878018cc:	fffffdf5 			@ <UNDEFINED> instruction: 0xfffffdf5
878018d0:	fffffdf5 			@ <UNDEFINED> instruction: 0xfffffdf5
878018d4:	fffffdf5 			@ <UNDEFINED> instruction: 0xfffffdf5
878018d8:	fffffdf5 			@ <UNDEFINED> instruction: 0xfffffdf5
878018dc:	fffffdf5 			@ <UNDEFINED> instruction: 0xfffffdf5
878018e0:	fffffdf5 			@ <UNDEFINED> instruction: 0xfffffdf5
878018e4:	fffffdf5 			@ <UNDEFINED> instruction: 0xfffffdf5
878018e8:	fffffdf5 			@ <UNDEFINED> instruction: 0xfffffdf5
878018ec:	fffffdf5 			@ <UNDEFINED> instruction: 0xfffffdf5
878018f0:	fffffdf5 			@ <UNDEFINED> instruction: 0xfffffdf5
878018f4:	fffffdf5 			@ <UNDEFINED> instruction: 0xfffffdf5
878018f8:	fffffdf5 			@ <UNDEFINED> instruction: 0xfffffdf5
878018fc:	fffffdf5 			@ <UNDEFINED> instruction: 0xfffffdf5
87801900:	fffffdf5 			@ <UNDEFINED> instruction: 0xfffffdf5
87801904:	fffffdf5 			@ <UNDEFINED> instruction: 0xfffffdf5
87801908:	fffffdf5 			@ <UNDEFINED> instruction: 0xfffffdf5
8780190c:	fffffdf5 			@ <UNDEFINED> instruction: 0xfffffdf5
87801910:	fffffdf5 			@ <UNDEFINED> instruction: 0xfffffdf5
87801914:	fffffdf5 			@ <UNDEFINED> instruction: 0xfffffdf5
87801918:	fffffdf5 			@ <UNDEFINED> instruction: 0xfffffdf5
8780191c:	fffffdf5 			@ <UNDEFINED> instruction: 0xfffffdf5
87801920:	fffffdf5 			@ <UNDEFINED> instruction: 0xfffffdf5
87801924:	fffffdf5 			@ <UNDEFINED> instruction: 0xfffffdf5
87801928:	fffffdf5 			@ <UNDEFINED> instruction: 0xfffffdf5
8780192c:	fffffdf5 			@ <UNDEFINED> instruction: 0xfffffdf5
87801930:	fffffdf5 			@ <UNDEFINED> instruction: 0xfffffdf5
87801934:	fffffdf5 			@ <UNDEFINED> instruction: 0xfffffdf5
87801938:	fffffdf5 			@ <UNDEFINED> instruction: 0xfffffdf5
8780193c:	fffffdf5 			@ <UNDEFINED> instruction: 0xfffffdf5
87801940:	fffffdf5 			@ <UNDEFINED> instruction: 0xfffffdf5
87801944:	fffffdf5 			@ <UNDEFINED> instruction: 0xfffffdf5
87801948:	fffffdf5 			@ <UNDEFINED> instruction: 0xfffffdf5
8780194c:	fffffdf5 			@ <UNDEFINED> instruction: 0xfffffdf5
87801950:	00000531 	andeq	r0, r0, r1, lsr r5
87801954:	fffffdf5 			@ <UNDEFINED> instruction: 0xfffffdf5
87801958:	fffffdf5 			@ <UNDEFINED> instruction: 0xfffffdf5
8780195c:	fffffdf5 			@ <UNDEFINED> instruction: 0xfffffdf5
87801960:	fffffdf5 			@ <UNDEFINED> instruction: 0xfffffdf5
87801964:	fffffdf5 			@ <UNDEFINED> instruction: 0xfffffdf5
87801968:	fffffdf5 			@ <UNDEFINED> instruction: 0xfffffdf5
8780196c:	fffffdf5 			@ <UNDEFINED> instruction: 0xfffffdf5
87801970:	fffffdf5 			@ <UNDEFINED> instruction: 0xfffffdf5
87801974:	fffffdf5 			@ <UNDEFINED> instruction: 0xfffffdf5
87801978:	fffffdf5 			@ <UNDEFINED> instruction: 0xfffffdf5
8780197c:	000001b1 			@ <UNDEFINED> instruction: 0x000001b1
87801980:	000004db 	ldrdeq	r0, [r0], -fp
87801984:	fffffdf5 			@ <UNDEFINED> instruction: 0xfffffdf5
87801988:	fffffdf5 			@ <UNDEFINED> instruction: 0xfffffdf5
8780198c:	fffffdf5 			@ <UNDEFINED> instruction: 0xfffffdf5
87801990:	fffffdf5 			@ <UNDEFINED> instruction: 0xfffffdf5
87801994:	000004db 	ldrdeq	r0, [r0], -fp
87801998:	fffffdf5 			@ <UNDEFINED> instruction: 0xfffffdf5
8780199c:	fffffdf5 			@ <UNDEFINED> instruction: 0xfffffdf5
878019a0:	fffffdf5 			@ <UNDEFINED> instruction: 0xfffffdf5
878019a4:	fffffdf5 			@ <UNDEFINED> instruction: 0xfffffdf5
878019a8:	000002e9 	andeq	r0, r0, r9, ror #5
878019ac:	0000053b 	andeq	r0, r0, fp, lsr r5
878019b0:	00000287 	andeq	r0, r0, r7, lsl #5
878019b4:	fffffdf5 			@ <UNDEFINED> instruction: 0xfffffdf5
878019b8:	fffffdf5 			@ <UNDEFINED> instruction: 0xfffffdf5
878019bc:	00000215 	andeq	r0, r0, r5, lsl r2
878019c0:	fffffdf5 			@ <UNDEFINED> instruction: 0xfffffdf5
878019c4:	00000541 	andeq	r0, r0, r1, asr #10
878019c8:	fffffdf5 			@ <UNDEFINED> instruction: 0xfffffdf5
878019cc:	fffffdf5 			@ <UNDEFINED> instruction: 0xfffffdf5
878019d0:	00000535 	andeq	r0, r0, r5, lsr r5
878019d4:	2100      	movs	r1, #0
878019d6:	250a      	movs	r5, #10
878019d8:	f81a 0f01 	ldrb.w	r0, [sl, #1]!
878019dc:	fb05 e101 	mla	r1, r5, r1, lr
878019e0:	4686      	mov	lr, r0
878019e2:	3930      	subs	r1, #48	@ 0x30
878019e4:	f81c 9000 	ldrb.w	r9, [ip, r0]
878019e8:	f019 0f04 	tst.w	r9, #4
878019ec:	d1f4      	bne.n	878019d8 <vsnprintf+0x614>
878019ee:	ea21 71e1 	bic.w	r1, r1, r1, asr #31
878019f2:	46d1      	mov	r9, sl
878019f4:	e551      	b.n	8780149a <vsnprintf+0xd6>
878019f6:	9d05      	ldr	r5, [sp, #20]
878019f8:	4614      	mov	r4, r2
878019fa:	e508      	b.n	8780140e <vsnprintf+0x4a>
878019fc:	f857 0b04 	ldr.w	r0, [r7], #4
87801a00:	f042 0202 	orr.w	r2, r2, #2
87801a04:	46ca      	mov	sl, r9
87801a06:	f04f 0c0a 	mov.w	ip, #10
87801a0a:	ea4f 7ee0 	mov.w	lr, r0, asr #31
87801a0e:	e9cd 1202 	strd	r1, r2, [sp, #8]
87801a12:	4602      	mov	r2, r0
87801a14:	e9cd c300 	strd	ip, r3, [sp]
87801a18:	4620      	mov	r0, r4
87801a1a:	4673      	mov	r3, lr
87801a1c:	4631      	mov	r1, r6
87801a1e:	f7fe ff9f 	bl	87800960 <number>
87801a22:	f89a 3001 	ldrb.w	r3, [sl, #1]
87801a26:	4604      	mov	r4, r0
87801a28:	f10a 0e01 	add.w	lr, sl, #1
87801a2c:	2b00      	cmp	r3, #0
87801a2e:	f47f ace1 	bne.w	878013f4 <vsnprintf+0x30>
87801a32:	e4eb      	b.n	8780140c <vsnprintf+0x48>
87801a34:	46d1      	mov	r9, sl
87801a36:	1c60      	adds	r0, r4, #1
87801a38:	1d39      	adds	r1, r7, #4
87801a3a:	f109 0e01 	add.w	lr, r9, #1
87801a3e:	06d5      	lsls	r5, r2, #27
87801a40:	f140 81ed 	bpl.w	87801e1e <vsnprintf+0xa5a>
87801a44:	42a6      	cmp	r6, r4
87801a46:	bf24      	itt	cs
87801a48:	683a      	ldrcs	r2, [r7, #0]
87801a4a:	7022      	strbcs	r2, [r4, #0]
87801a4c:	2b01      	cmp	r3, #1
87801a4e:	bfd8      	it	le
87801a50:	4604      	movle	r4, r0
87801a52:	dd0c      	ble.n	87801a6e <vsnprintf+0x6aa>
87801a54:	441c      	add	r4, r3
87801a56:	4602      	mov	r2, r0
87801a58:	2720      	movs	r7, #32
87801a5a:	4296      	cmp	r6, r2
87801a5c:	f102 0201 	add.w	r2, r2, #1
87801a60:	bf28      	it	cs
87801a62:	f802 7c01 	strbcs.w	r7, [r2, #-1]
87801a66:	42a2      	cmp	r2, r4
87801a68:	d1f7      	bne.n	87801a5a <vsnprintf+0x696>
87801a6a:	3b01      	subs	r3, #1
87801a6c:	18c4      	adds	r4, r0, r3
87801a6e:	f899 3001 	ldrb.w	r3, [r9, #1]
87801a72:	460f      	mov	r7, r1
87801a74:	2b00      	cmp	r3, #0
87801a76:	f47f acbd 	bne.w	878013f4 <vsnprintf+0x30>
87801a7a:	e4c7      	b.n	8780140c <vsnprintf+0x48>
87801a7c:	46d1      	mov	r9, sl
87801a7e:	42a6      	cmp	r6, r4
87801a80:	f109 0e01 	add.w	lr, r9, #1
87801a84:	bf24      	itt	cs
87801a86:	2325      	movcs	r3, #37	@ 0x25
87801a88:	7023      	strbcs	r3, [r4, #0]
87801a8a:	3401      	adds	r4, #1
87801a8c:	f899 3001 	ldrb.w	r3, [r9, #1]
87801a90:	2b00      	cmp	r3, #0
87801a92:	f47f acaf 	bne.w	878013f4 <vsnprintf+0x30>
87801a96:	e4b9      	b.n	8780140c <vsnprintf+0x48>
87801a98:	46d1      	mov	r9, sl
87801a9a:	f857 ab04 	ldr.w	sl, [r7], #4
87801a9e:	f5ba 6f80 	cmp.w	sl, #1024	@ 0x400
87801aa2:	d202      	bcs.n	87801aaa <vsnprintf+0x6e6>
87801aa4:	f8df a3d0 	ldr.w	sl, [pc, #976]	@ 87801e78 <vsnprintf+0xab4>
87801aa8:	44fa      	add	sl, pc
87801aaa:	4650      	mov	r0, sl
87801aac:	e9cd 3206 	strd	r3, r2, [sp, #24]
87801ab0:	f7fe fde0 	bl	87800674 <strnlen>
87801ab4:	9a07      	ldr	r2, [sp, #28]
87801ab6:	9b06      	ldr	r3, [sp, #24]
87801ab8:	f012 0f10 	tst.w	r2, #16
87801abc:	f000 8194 	beq.w	87801de8 <vsnprintf+0xa24>
87801ac0:	2800      	cmp	r0, #0
87801ac2:	dd0c      	ble.n	87801ade <vsnprintf+0x71a>
87801ac4:	1822      	adds	r2, r4, r0
87801ac6:	42a6      	cmp	r6, r4
87801ac8:	f104 0401 	add.w	r4, r4, #1
87801acc:	f10a 0a01 	add.w	sl, sl, #1
87801ad0:	bf24      	itt	cs
87801ad2:	f81a 1c01 	ldrbcs.w	r1, [sl, #-1]
87801ad6:	f804 1c01 	strbcs.w	r1, [r4, #-1]
87801ada:	4294      	cmp	r4, r2
87801adc:	d1f3      	bne.n	87801ac6 <vsnprintf+0x702>
87801ade:	4283      	cmp	r3, r0
87801ae0:	f109 0e01 	add.w	lr, r9, #1
87801ae4:	bfc2      	ittt	gt
87801ae6:	1a1b      	subgt	r3, r3, r0
87801ae8:	2220      	movgt	r2, #32
87801aea:	191b      	addgt	r3, r3, r4
87801aec:	dd07      	ble.n	87801afe <vsnprintf+0x73a>
87801aee:	42a6      	cmp	r6, r4
87801af0:	f104 0401 	add.w	r4, r4, #1
87801af4:	bf28      	it	cs
87801af6:	f804 2c01 	strbcs.w	r2, [r4, #-1]
87801afa:	429c      	cmp	r4, r3
87801afc:	d1f7      	bne.n	87801aee <vsnprintf+0x72a>
87801afe:	f899 3001 	ldrb.w	r3, [r9, #1]
87801b02:	2b00      	cmp	r3, #0
87801b04:	f47f ac76 	bne.w	878013f4 <vsnprintf+0x30>
87801b08:	e480      	b.n	8780140c <vsnprintf+0x48>
87801b0a:	46d1      	mov	r9, sl
87801b0c:	1c58      	adds	r0, r3, #1
87801b0e:	4620      	mov	r0, r4
87801b10:	f857 4b04 	ldr.w	r4, [r7], #4
87801b14:	bf08      	it	eq
87801b16:	f042 0201 	orreq.w	r2, r2, #1
87801b1a:	bf08      	it	eq
87801b1c:	2308      	moveq	r3, #8
87801b1e:	e9cd 1202 	strd	r1, r2, [sp, #8]
87801b22:	f04f 0c10 	mov.w	ip, #16
87801b26:	4622      	mov	r2, r4
87801b28:	e9cd c300 	strd	ip, r3, [sp]
87801b2c:	4631      	mov	r1, r6
87801b2e:	2300      	movs	r3, #0
87801b30:	f7fe ff16 	bl	87800960 <number>
87801b34:	f899 3001 	ldrb.w	r3, [r9, #1]
87801b38:	4604      	mov	r4, r0
87801b3a:	f109 0e01 	add.w	lr, r9, #1
87801b3e:	2b00      	cmp	r3, #0
87801b40:	f47f ac58 	bne.w	878013f4 <vsnprintf+0x30>
87801b44:	e462      	b.n	8780140c <vsnprintf+0x48>
87801b46:	f042 0240 	orr.w	r2, r2, #64	@ 0x40
87801b4a:	f04f 0c10 	mov.w	ip, #16
87801b4e:	f857 0b04 	ldr.w	r0, [r7], #4
87801b52:	46ca      	mov	sl, r9
87801b54:	f04f 0e00 	mov.w	lr, #0
87801b58:	e759      	b.n	87801a0e <vsnprintf+0x64a>
87801b5a:	f857 0b04 	ldr.w	r0, [r7], #4
87801b5e:	f042 0202 	orr.w	r2, r2, #2
87801b62:	f04f 0c0a 	mov.w	ip, #10
87801b66:	ea4f 7ee0 	mov.w	lr, r0, asr #31
87801b6a:	e750      	b.n	87801a0e <vsnprintf+0x64a>
87801b6c:	f857 3b04 	ldr.w	r3, [r7], #4
87801b70:	f109 0e02 	add.w	lr, r9, #2
87801b74:	eba4 020b 	sub.w	r2, r4, fp
87801b78:	601a      	str	r2, [r3, #0]
87801b7a:	f89a 3001 	ldrb.w	r3, [sl, #1]
87801b7e:	2b00      	cmp	r3, #0
87801b80:	f47f ac38 	bne.w	878013f4 <vsnprintf+0x30>
87801b84:	e442      	b.n	8780140c <vsnprintf+0x48>
87801b86:	f857 0b04 	ldr.w	r0, [r7], #4
87801b8a:	f04f 0e00 	mov.w	lr, #0
87801b8e:	f04f 0c0a 	mov.w	ip, #10
87801b92:	e73c      	b.n	87801a0e <vsnprintf+0x64a>
87801b94:	f857 2b04 	ldr.w	r2, [r7], #4
87801b98:	eba4 030b 	sub.w	r3, r4, fp
87801b9c:	f109 0e02 	add.w	lr, r9, #2
87801ba0:	6013      	str	r3, [r2, #0]
87801ba2:	f899 3002 	ldrb.w	r3, [r9, #2]
87801ba6:	2b00      	cmp	r3, #0
87801ba8:	f47f ac24 	bne.w	878013f4 <vsnprintf+0x30>
87801bac:	e42e      	b.n	8780140c <vsnprintf+0x48>
87801bae:	f899 c001 	ldrb.w	ip, [r9, #1]
87801bb2:	f1ac 0c25 	sub.w	ip, ip, #37	@ 0x25
87801bb6:	f1bc 0f53 	cmp.w	ip, #83	@ 0x53
87801bba:	f63f ad5d 	bhi.w	87801678 <vsnprintf+0x2b4>
87801bbe:	f20f 0e0c 	addw	lr, pc, #12
87801bc2:	f85e c02c 	ldr.w	ip, [lr, ip, lsl #2]
87801bc6:	44e6      	add	lr, ip
87801bc8:	4770      	bx	lr
87801bca:	bf00      	nop
87801bcc:	fffffeb1 			@ <UNDEFINED> instruction: 0xfffffeb1
87801bd0:	fffffaad 			@ <UNDEFINED> instruction: 0xfffffaad
87801bd4:	fffffaad 			@ <UNDEFINED> instruction: 0xfffffaad
87801bd8:	fffffaad 			@ <UNDEFINED> instruction: 0xfffffaad
87801bdc:	fffffaad 			@ <UNDEFINED> instruction: 0xfffffaad
87801be0:	fffffaad 			@ <UNDEFINED> instruction: 0xfffffaad
87801be4:	fffffaad 			@ <UNDEFINED> instruction: 0xfffffaad
87801be8:	fffffaad 			@ <UNDEFINED> instruction: 0xfffffaad
87801bec:	fffffaad 			@ <UNDEFINED> instruction: 0xfffffaad
87801bf0:	fffffaad 			@ <UNDEFINED> instruction: 0xfffffaad
87801bf4:	fffffaad 			@ <UNDEFINED> instruction: 0xfffffaad
87801bf8:	fffffaad 			@ <UNDEFINED> instruction: 0xfffffaad
87801bfc:	fffffaad 			@ <UNDEFINED> instruction: 0xfffffaad
87801c00:	fffffaad 			@ <UNDEFINED> instruction: 0xfffffaad
87801c04:	fffffaad 			@ <UNDEFINED> instruction: 0xfffffaad
87801c08:	fffffaad 			@ <UNDEFINED> instruction: 0xfffffaad
87801c0c:	fffffaad 			@ <UNDEFINED> instruction: 0xfffffaad
87801c10:	fffffaad 			@ <UNDEFINED> instruction: 0xfffffaad
87801c14:	fffffaad 			@ <UNDEFINED> instruction: 0xfffffaad
87801c18:	fffffaad 			@ <UNDEFINED> instruction: 0xfffffaad
87801c1c:	fffffaad 			@ <UNDEFINED> instruction: 0xfffffaad
87801c20:	fffffaad 			@ <UNDEFINED> instruction: 0xfffffaad
87801c24:	fffffaad 			@ <UNDEFINED> instruction: 0xfffffaad
87801c28:	fffffaad 			@ <UNDEFINED> instruction: 0xfffffaad
87801c2c:	fffffaad 			@ <UNDEFINED> instruction: 0xfffffaad
87801c30:	fffffaad 			@ <UNDEFINED> instruction: 0xfffffaad
87801c34:	fffffaad 			@ <UNDEFINED> instruction: 0xfffffaad
87801c38:	fffffaad 			@ <UNDEFINED> instruction: 0xfffffaad
87801c3c:	fffffaad 			@ <UNDEFINED> instruction: 0xfffffaad
87801c40:	fffffaad 			@ <UNDEFINED> instruction: 0xfffffaad
87801c44:	fffffaad 			@ <UNDEFINED> instruction: 0xfffffaad
87801c48:	fffffaad 			@ <UNDEFINED> instruction: 0xfffffaad
87801c4c:	fffffaad 			@ <UNDEFINED> instruction: 0xfffffaad
87801c50:	fffffaad 			@ <UNDEFINED> instruction: 0xfffffaad
87801c54:	fffffaad 			@ <UNDEFINED> instruction: 0xfffffaad
87801c58:	fffffaad 			@ <UNDEFINED> instruction: 0xfffffaad
87801c5c:	fffffaad 			@ <UNDEFINED> instruction: 0xfffffaad
87801c60:	fffffaad 			@ <UNDEFINED> instruction: 0xfffffaad
87801c64:	fffffaad 			@ <UNDEFINED> instruction: 0xfffffaad
87801c68:	fffffaad 			@ <UNDEFINED> instruction: 0xfffffaad
87801c6c:	fffffaad 			@ <UNDEFINED> instruction: 0xfffffaad
87801c70:	fffffaad 			@ <UNDEFINED> instruction: 0xfffffaad
87801c74:	fffffaad 			@ <UNDEFINED> instruction: 0xfffffaad
87801c78:	fffffaad 			@ <UNDEFINED> instruction: 0xfffffaad
87801c7c:	fffffaad 			@ <UNDEFINED> instruction: 0xfffffaad
87801c80:	fffffaad 			@ <UNDEFINED> instruction: 0xfffffaad
87801c84:	fffffaad 			@ <UNDEFINED> instruction: 0xfffffaad
87801c88:	fffffaad 			@ <UNDEFINED> instruction: 0xfffffaad
87801c8c:	fffffaad 			@ <UNDEFINED> instruction: 0xfffffaad
87801c90:	fffffaad 			@ <UNDEFINED> instruction: 0xfffffaad
87801c94:	fffffaad 			@ <UNDEFINED> instruction: 0xfffffaad
87801c98:	000001a5 	andeq	r0, r0, r5, lsr #3
87801c9c:	fffffaad 			@ <UNDEFINED> instruction: 0xfffffaad
87801ca0:	fffffaad 			@ <UNDEFINED> instruction: 0xfffffaad
87801ca4:	fffffaad 			@ <UNDEFINED> instruction: 0xfffffaad
87801ca8:	fffffaad 			@ <UNDEFINED> instruction: 0xfffffaad
87801cac:	fffffaad 			@ <UNDEFINED> instruction: 0xfffffaad
87801cb0:	fffffaad 			@ <UNDEFINED> instruction: 0xfffffaad
87801cb4:	fffffaad 			@ <UNDEFINED> instruction: 0xfffffaad
87801cb8:	fffffaad 			@ <UNDEFINED> instruction: 0xfffffaad
87801cbc:	fffffaad 			@ <UNDEFINED> instruction: 0xfffffaad
87801cc0:	fffffaad 			@ <UNDEFINED> instruction: 0xfffffaad
87801cc4:	fffffe69 			@ <UNDEFINED> instruction: 0xfffffe69
87801cc8:	000001d3 	ldrdeq	r0, [r0], -r3
87801ccc:	fffffaad 			@ <UNDEFINED> instruction: 0xfffffaad
87801cd0:	fffffaad 			@ <UNDEFINED> instruction: 0xfffffaad
87801cd4:	fffffaad 			@ <UNDEFINED> instruction: 0xfffffaad
87801cd8:	fffffaad 			@ <UNDEFINED> instruction: 0xfffffaad
87801cdc:	000001d3 	ldrdeq	r0, [r0], -r3
87801ce0:	fffffaad 			@ <UNDEFINED> instruction: 0xfffffaad
87801ce4:	fffffaad 			@ <UNDEFINED> instruction: 0xfffffaad
87801ce8:	fffffaad 			@ <UNDEFINED> instruction: 0xfffffaad
87801cec:	fffffaad 			@ <UNDEFINED> instruction: 0xfffffaad
87801cf0:	ffffffa1 			@ <UNDEFINED> instruction: 0xffffffa1
87801cf4:	00000213 	andeq	r0, r0, r3, lsl r2
87801cf8:	ffffff3f 			@ <UNDEFINED> instruction: 0xffffff3f
87801cfc:	fffffaad 			@ <UNDEFINED> instruction: 0xfffffaad
87801d00:	fffffaad 			@ <UNDEFINED> instruction: 0xfffffaad
87801d04:	fffffecd 			@ <UNDEFINED> instruction: 0xfffffecd
87801d08:	fffffaad 			@ <UNDEFINED> instruction: 0xfffffaad
87801d0c:	00000209 	andeq	r0, r0, r9, lsl #4
87801d10:	fffffaad 			@ <UNDEFINED> instruction: 0xfffffaad
87801d14:	fffffaad 			@ <UNDEFINED> instruction: 0xfffffaad
87801d18:	000001a9 	andeq	r0, r0, r9, lsr #3
87801d1c:	2000      	movs	r0, #0
87801d1e:	b009      	add	sp, #36	@ 0x24
87801d20:	e8bd 8ff0 	ldmia.w	sp!, {r4, r5, r6, r7, r8, r9, sl, fp, pc}
87801d24:	f857 0b04 	ldr.w	r0, [r7], #4
87801d28:	f04f 0c0a 	mov.w	ip, #10
87801d2c:	e711      	b.n	87801b52 <vsnprintf+0x78e>
87801d2e:	f04f 0c10 	mov.w	ip, #16
87801d32:	e70c      	b.n	87801b4e <vsnprintf+0x78a>
87801d34:	f857 3b04 	ldr.w	r3, [r7], #4
87801d38:	eba4 020b 	sub.w	r2, r4, fp
87801d3c:	f109 0e01 	add.w	lr, r9, #1
87801d40:	46ca      	mov	sl, r9
87801d42:	e719      	b.n	87801b78 <vsnprintf+0x7b4>
87801d44:	f04f 0c08 	mov.w	ip, #8
87801d48:	e701      	b.n	87801b4e <vsnprintf+0x78a>
87801d4a:	f042 0202 	orr.w	r2, r2, #2
87801d4e:	f04f 0c0a 	mov.w	ip, #10
87801d52:	f8d7 e004 	ldr.w	lr, [r7, #4]
87801d56:	46ca      	mov	sl, r9
87801d58:	f857 0b08 	ldr.w	r0, [r7], #8
87801d5c:	e657      	b.n	87801a0e <vsnprintf+0x64a>
87801d5e:	f042 0202 	orr.w	r2, r2, #2
87801d62:	f04f 0c0a 	mov.w	ip, #10
87801d66:	f857 0b04 	ldr.w	r0, [r7], #4
87801d6a:	f04f 0e00 	mov.w	lr, #0
87801d6e:	e64e      	b.n	87801a0e <vsnprintf+0x64a>
87801d70:	f042 0240 	orr.w	r2, r2, #64	@ 0x40
87801d74:	f04f 0c10 	mov.w	ip, #16
87801d78:	2868      	cmp	r0, #104	@ 0x68
87801d7a:	d1f4      	bne.n	87801d66 <vsnprintf+0x9a2>
87801d7c:	f857 0b04 	ldr.w	r0, [r7], #4
87801d80:	f04f 0e00 	mov.w	lr, #0
87801d84:	b280      	uxth	r0, r0
87801d86:	e642      	b.n	87801a0e <vsnprintf+0x64a>
87801d88:	f04f 0c0a 	mov.w	ip, #10
87801d8c:	e7e1      	b.n	87801d52 <vsnprintf+0x98e>
87801d8e:	f042 0240 	orr.w	r2, r2, #64	@ 0x40
87801d92:	f04f 0c10 	mov.w	ip, #16
87801d96:	e7dc      	b.n	87801d52 <vsnprintf+0x98e>
87801d98:	f04f 0c08 	mov.w	ip, #8
87801d9c:	e7d9      	b.n	87801d52 <vsnprintf+0x98e>
87801d9e:	f042 0202 	orr.w	r2, r2, #2
87801da2:	f04f 0c0a 	mov.w	ip, #10
87801da6:	2868      	cmp	r0, #104	@ 0x68
87801da8:	d1dd      	bne.n	87801d66 <vsnprintf+0x9a2>
87801daa:	f937 0b04 	ldrsh.w	r0, [r7], #4
87801dae:	ea4f 7ee0 	mov.w	lr, r0, asr #31
87801db2:	e62c      	b.n	87801a0e <vsnprintf+0x64a>
87801db4:	f042 0240 	orr.w	r2, r2, #64	@ 0x40
87801db8:	f04f 0c10 	mov.w	ip, #16
87801dbc:	e7d3      	b.n	87801d66 <vsnprintf+0x9a2>
87801dbe:	f04f 0c08 	mov.w	ip, #8
87801dc2:	e7d0      	b.n	87801d66 <vsnprintf+0x9a2>
87801dc4:	f04f 0c0a 	mov.w	ip, #10
87801dc8:	e7cd      	b.n	87801d66 <vsnprintf+0x9a2>
87801dca:	f042 0240 	orr.w	r2, r2, #64	@ 0x40
87801dce:	f04f 0c10 	mov.w	ip, #16
87801dd2:	e7c8      	b.n	87801d66 <vsnprintf+0x9a2>
87801dd4:	f04f 0c0a 	mov.w	ip, #10
87801dd8:	2868      	cmp	r0, #104	@ 0x68
87801dda:	d1c4      	bne.n	87801d66 <vsnprintf+0x9a2>
87801ddc:	e7ce      	b.n	87801d7c <vsnprintf+0x9b8>
87801dde:	f04f 0c08 	mov.w	ip, #8
87801de2:	2868      	cmp	r0, #104	@ 0x68
87801de4:	d1bf      	bne.n	87801d66 <vsnprintf+0x9a2>
87801de6:	e7c9      	b.n	87801d7c <vsnprintf+0x9b8>
87801de8:	4283      	cmp	r3, r0
87801dea:	bfd8      	it	le
87801dec:	f103 33ff 	addle.w	r3, r3, #4294967295	@ 0xffffffff
87801df0:	f77f ae66 	ble.w	87801ac0 <vsnprintf+0x6fc>
87801df4:	1a19      	subs	r1, r3, r0
87801df6:	4622      	mov	r2, r4
87801df8:	4421      	add	r1, r4
87801dfa:	f04f 0c20 	mov.w	ip, #32
87801dfe:	4296      	cmp	r6, r2
87801e00:	f102 0201 	add.w	r2, r2, #1
87801e04:	bf28      	it	cs
87801e06:	f802 cc01 	strbcs.w	ip, [r2, #-1]
87801e0a:	428a      	cmp	r2, r1
87801e0c:	d1f7      	bne.n	87801dfe <vsnprintf+0xa3a>
87801e0e:	4423      	add	r3, r4
87801e10:	1a1c      	subs	r4, r3, r0
87801e12:	1e43      	subs	r3, r0, #1
87801e14:	e654      	b.n	87801ac0 <vsnprintf+0x6fc>
87801e16:	4604      	mov	r4, r0
87801e18:	4618      	mov	r0, r3
87801e1a:	f7ff bafa 	b.w	87801412 <vsnprintf+0x4e>
87801e1e:	2b01      	cmp	r3, #1
87801e20:	dd14      	ble.n	87801e4c <vsnprintf+0xa88>
87801e22:	1e58      	subs	r0, r3, #1
87801e24:	4622      	mov	r2, r4
87801e26:	4420      	add	r0, r4
87801e28:	f04f 0c20 	mov.w	ip, #32
87801e2c:	4296      	cmp	r6, r2
87801e2e:	f102 0201 	add.w	r2, r2, #1
87801e32:	bf28      	it	cs
87801e34:	f802 cc01 	strbcs.w	ip, [r2, #-1]
87801e38:	4282      	cmp	r2, r0
87801e3a:	d1f7      	bne.n	87801e2c <vsnprintf+0xa68>
87801e3c:	1e62      	subs	r2, r4, #1
87801e3e:	18d4      	adds	r4, r2, r3
87801e40:	42a6      	cmp	r6, r4
87801e42:	d301      	bcc.n	87801e48 <vsnprintf+0xa84>
87801e44:	6838      	ldr	r0, [r7, #0]
87801e46:	54d0      	strb	r0, [r2, r3]
87801e48:	3401      	adds	r4, #1
87801e4a:	e610      	b.n	87801a6e <vsnprintf+0x6aa>
87801e4c:	42a6      	cmp	r6, r4
87801e4e:	bf39      	ittee	cc
87801e50:	4604      	movcc	r4, r0
87801e52:	460f      	movcc	r7, r1
87801e54:	683b      	ldrcs	r3, [r7, #0]
87801e56:	460f      	movcs	r7, r1
87801e58:	bf25      	ittet	cs
87801e5a:	7023      	strbcs	r3, [r4, #0]
87801e5c:	4604      	movcs	r4, r0
87801e5e:	f899 3001 	ldrbcc.w	r3, [r9, #1]
87801e62:	f899 3001 	ldrbcs.w	r3, [r9, #1]
87801e66:	2b00      	cmp	r3, #0
87801e68:	f47f aac4 	bne.w	878013f4 <vsnprintf+0x30>
87801e6c:	f7ff bace 	b.w	8780140c <vsnprintf+0x48>
87801e70:	ffffec2c 			@ <UNDEFINED> instruction: 0xffffec2c
87801e74:	00000178 	andeq	r0, r0, r8, ror r1
87801e78:	00001a04 	andeq	r1, r0, r4, lsl #20

87801e7c <vscnprintf>:
87801e7c:	b500      	push	{lr}
87801e7e:	b083      	sub	sp, #12
87801e80:	9101      	str	r1, [sp, #4]
87801e82:	f7ff fa9f 	bl	878013c4 <vsnprintf>
87801e86:	9901      	ldr	r1, [sp, #4]
87801e88:	4288      	cmp	r0, r1
87801e8a:	bf28      	it	cs
87801e8c:	f101 30ff 	addcs.w	r0, r1, #4294967295	@ 0xffffffff
87801e90:	b003      	add	sp, #12
87801e92:	bd00      	pop	{pc}

87801e94 <snprintf>:
87801e94:	b40c      	push	{r2, r3}
87801e96:	b508      	push	{r3, lr}
87801e98:	ab02      	add	r3, sp, #8
87801e9a:	f853 2b04 	ldr.w	r2, [r3], #4
87801e9e:	f7ff fa91 	bl	878013c4 <vsnprintf>
87801ea2:	e8bd 4008 	ldmia.w	sp!, {r3, lr}
87801ea6:	b002      	add	sp, #8
87801ea8:	4770      	bx	lr
87801eaa:	bf00      	nop

87801eac <scnprintf>:
87801eac:	b40c      	push	{r2, r3}
87801eae:	b500      	push	{lr}
87801eb0:	b083      	sub	sp, #12
87801eb2:	ab04      	add	r3, sp, #16
87801eb4:	9101      	str	r1, [sp, #4]
87801eb6:	f853 2b04 	ldr.w	r2, [r3], #4
87801eba:	f7ff fa83 	bl	878013c4 <vsnprintf>
87801ebe:	9901      	ldr	r1, [sp, #4]
87801ec0:	4288      	cmp	r0, r1
87801ec2:	bf28      	it	cs
87801ec4:	f101 30ff 	addcs.w	r0, r1, #4294967295	@ 0xffffffff
87801ec8:	b003      	add	sp, #12
87801eca:	f85d eb04 	ldr.w	lr, [sp], #4
87801ece:	b002      	add	sp, #8
87801ed0:	4770      	bx	lr
87801ed2:	bf00      	nop

87801ed4 <vsprintf>:
87801ed4:	4613      	mov	r3, r2
87801ed6:	460a      	mov	r2, r1
87801ed8:	f06f 4100 	mvn.w	r1, #2147483648	@ 0x80000000
87801edc:	f7ff ba72 	b.w	878013c4 <vsnprintf>

87801ee0 <sprintf>:
87801ee0:	b40e      	push	{r1, r2, r3}
87801ee2:	f06f 4100 	mvn.w	r1, #2147483648	@ 0x80000000
87801ee6:	b500      	push	{lr}
87801ee8:	ab01      	add	r3, sp, #4
87801eea:	f853 2b04 	ldr.w	r2, [r3], #4
87801eee:	f7ff fa69 	bl	878013c4 <vsnprintf>
87801ef2:	f85d eb04 	ldr.w	lr, [sp], #4
87801ef6:	b003      	add	sp, #12
87801ef8:	4770      	bx	lr
87801efa:	bf00      	nop

87801efc <vsscanf>:
87801efc:	e92d 47f0 	stmdb	sp!, {r4, r5, r6, r7, r8, r9, sl, lr}
87801f00:	460b      	mov	r3, r1
87801f02:	f8df 6598 	ldr.w	r6, [pc, #1432]	@ 8780249c <vsscanf+0x5a0>
87801f06:	7809      	ldrb	r1, [r1, #0]
87801f08:	b084      	sub	sp, #16
87801f0a:	447e      	add	r6, pc
87801f0c:	460f      	mov	r7, r1
87801f0e:	b1e1      	cbz	r1, 87801f4a <vsscanf+0x4e>
87801f10:	4614      	mov	r4, r2
87801f12:	4605      	mov	r5, r0
87801f14:	2700      	movs	r7, #0
87801f16:	f890 c000 	ldrb.w	ip, [r0]
87801f1a:	f1bc 0f00 	cmp.w	ip, #0
87801f1e:	d014      	beq.n	87801f4a <vsscanf+0x4e>
87801f20:	f8df 257c 	ldr.w	r2, [pc, #1404]	@ 878024a0 <vsscanf+0x5a4>
87801f24:	58b2      	ldr	r2, [r6, r2]
87801f26:	5c51      	ldrb	r1, [r2, r1]
87801f28:	0689      	lsls	r1, r1, #26
87801f2a:	f100 80ae 	bmi.w	8780208a <vsscanf+0x18e>
87801f2e:	7819      	ldrb	r1, [r3, #0]
87801f30:	2925      	cmp	r1, #37	@ 0x25
87801f32:	bf18      	it	ne
87801f34:	2900      	cmpne	r1, #0
87801f36:	bf14      	ite	ne
87801f38:	f04f 0e01 	movne.w	lr, #1
87801f3c:	f04f 0e00 	moveq.w	lr, #0
87801f40:	d007      	beq.n	87801f52 <vsscanf+0x56>
87801f42:	7802      	ldrb	r2, [r0, #0]
87801f44:	428a      	cmp	r2, r1
87801f46:	f000 81e8 	beq.w	8780231a <vsscanf+0x41e>
87801f4a:	4638      	mov	r0, r7
87801f4c:	b004      	add	sp, #16
87801f4e:	e8bd 87f0 	ldmia.w	sp!, {r4, r5, r6, r7, r8, r9, sl, pc}
87801f52:	2900      	cmp	r1, #0
87801f54:	d0f9      	beq.n	87801f4a <vsscanf+0x4e>
87801f56:	7859      	ldrb	r1, [r3, #1]
87801f58:	3301      	adds	r3, #1
87801f5a:	4688      	mov	r8, r1
87801f5c:	292a      	cmp	r1, #42	@ 0x2a
87801f5e:	f812 c001 	ldrb.w	ip, [r2, r1]
87801f62:	f000 8201 	beq.w	87802368 <vsscanf+0x46c>
87801f66:	f01c 0f04 	tst.w	ip, #4
87801f6a:	bf08      	it	eq
87801f6c:	f04f 39ff 	moveq.w	r9, #4294967295	@ 0xffffffff
87801f70:	f040 809f 	bne.w	878020b2 <vsscanf+0x1b6>
87801f74:	297a      	cmp	r1, #122	@ 0x7a
87801f76:	d8e8      	bhi.n	87801f4a <vsscanf+0x4e>
87801f78:	2967      	cmp	r1, #103	@ 0x67
87801f7a:	d867      	bhi.n	8780204c <vsscanf+0x150>
87801f7c:	294c      	cmp	r1, #76	@ 0x4c
87801f7e:	f000 81e6 	beq.w	8780234e <vsscanf+0x452>
87801f82:	295a      	cmp	r1, #90	@ 0x5a
87801f84:	bf18      	it	ne
87801f86:	f04f 31ff 	movne.w	r1, #4294967295	@ 0xffffffff
87801f8a:	f000 80a2 	beq.w	878020d2 <vsscanf+0x1d6>
87801f8e:	f1b8 0f00 	cmp.w	r8, #0
87801f92:	d0da      	beq.n	87801f4a <vsscanf+0x4e>
87801f94:	f890 a000 	ldrb.w	sl, [r0]
87801f98:	f1ba 0f00 	cmp.w	sl, #0
87801f9c:	d0d5      	beq.n	87801f4a <vsscanf+0x4e>
87801f9e:	3301      	adds	r3, #1
87801fa0:	f1b8 0f25 	cmp.w	r8, #37	@ 0x25
87801fa4:	f000 81da 	beq.w	8780235c <vsscanf+0x460>
87801fa8:	f1a8 0858 	sub.w	r8, r8, #88	@ 0x58
87801fac:	fa5f fc88 	uxtb.w	ip, r8
87801fb0:	f1bc 0f20 	cmp.w	ip, #32
87801fb4:	d8c9      	bhi.n	87801f4a <vsscanf+0x4e>
87801fb6:	f1b8 0f20 	cmp.w	r8, #32
87801fba:	d8c6      	bhi.n	87801f4a <vsscanf+0x4e>
87801fbc:	f20f 0c08 	addw	ip, pc, #8
87801fc0:	f85c 8028 	ldr.w	r8, [ip, r8, lsl #2]
87801fc4:	44c4      	add	ip, r8
87801fc6:	4760      	bx	ip
87801fc8:	0000011d 	andeq	r0, r0, sp, lsl r1
87801fcc:	ffffff83 			@ <UNDEFINED> instruction: 0xffffff83
87801fd0:	ffffff83 			@ <UNDEFINED> instruction: 0xffffff83
87801fd4:	ffffff83 			@ <UNDEFINED> instruction: 0xffffff83
87801fd8:	ffffff83 			@ <UNDEFINED> instruction: 0xffffff83
87801fdc:	ffffff83 			@ <UNDEFINED> instruction: 0xffffff83
87801fe0:	ffffff83 			@ <UNDEFINED> instruction: 0xffffff83
87801fe4:	ffffff83 			@ <UNDEFINED> instruction: 0xffffff83
87801fe8:	ffffff83 			@ <UNDEFINED> instruction: 0xffffff83
87801fec:	ffffff83 			@ <UNDEFINED> instruction: 0xffffff83
87801ff0:	ffffff83 			@ <UNDEFINED> instruction: 0xffffff83
87801ff4:	000001e5 	andeq	r0, r0, r5, ror #3
87801ff8:	000002af 	andeq	r0, r0, pc, lsr #5
87801ffc:	ffffff83 			@ <UNDEFINED> instruction: 0xffffff83
87802000:	ffffff83 			@ <UNDEFINED> instruction: 0xffffff83
87802004:	ffffff83 			@ <UNDEFINED> instruction: 0xffffff83
87802008:	ffffff83 			@ <UNDEFINED> instruction: 0xffffff83
8780200c:	00000419 	andeq	r0, r0, r9, lsl r4
87802010:	ffffff83 			@ <UNDEFINED> instruction: 0xffffff83
87802014:	ffffff83 			@ <UNDEFINED> instruction: 0xffffff83
87802018:	ffffff83 			@ <UNDEFINED> instruction: 0xffffff83
8780201c:	ffffff83 			@ <UNDEFINED> instruction: 0xffffff83
87802020:	000002a5 	andeq	r0, r0, r5, lsr #5
87802024:	0000028d 	andeq	r0, r0, sp, lsl #5
87802028:	ffffff83 			@ <UNDEFINED> instruction: 0xffffff83
8780202c:	ffffff83 			@ <UNDEFINED> instruction: 0xffffff83
87802030:	ffffff83 			@ <UNDEFINED> instruction: 0xffffff83
87802034:	0000023d 	andeq	r0, r0, sp, lsr r2
87802038:	ffffff83 			@ <UNDEFINED> instruction: 0xffffff83
8780203c:	0000021d 	andeq	r0, r0, sp, lsl r2
87802040:	ffffff83 			@ <UNDEFINED> instruction: 0xffffff83
87802044:	ffffff83 			@ <UNDEFINED> instruction: 0xffffff83
87802048:	0000011d 	andeq	r0, r0, sp, lsl r1
8780204c:	f1a1 0a68 	sub.w	sl, r1, #104	@ 0x68
87802050:	f04f 0c11 	mov.w	ip, #17
87802054:	f2c0 0c04 	movt	ip, #4
87802058:	fa5f fa8a 	uxtb.w	sl, sl
8780205c:	fa2c fc0a 	lsr.w	ip, ip, sl
87802060:	f01c 0f01 	tst.w	ip, #1
87802064:	d109      	bne.n	8780207a <vsscanf+0x17e>
87802066:	f890 a000 	ldrb.w	sl, [r0]
8780206a:	f1ba 0f00 	cmp.w	sl, #0
8780206e:	f43f af6c 	beq.w	87801f4a <vsscanf+0x4e>
87802072:	3301      	adds	r3, #1
87802074:	f04f 31ff 	mov.w	r1, #4294967295	@ 0xffffffff
87802078:	e796      	b.n	87801fa8 <vsscanf+0xac>
8780207a:	f893 c001 	ldrb.w	ip, [r3, #1]
8780207e:	458c      	cmp	ip, r1
87802080:	f000 81ce 	beq.w	87802420 <vsscanf+0x524>
87802084:	3301      	adds	r3, #1
87802086:	46e0      	mov	r8, ip
87802088:	e781      	b.n	87801f8e <vsscanf+0x92>
8780208a:	7819      	ldrb	r1, [r3, #0]
8780208c:	5c51      	ldrb	r1, [r2, r1]
8780208e:	0689      	lsls	r1, r1, #26
87802090:	d504      	bpl.n	8780209c <vsscanf+0x1a0>
87802092:	f813 1f01 	ldrb.w	r1, [r3, #1]!
87802096:	5c51      	ldrb	r1, [r2, r1]
87802098:	0689      	lsls	r1, r1, #26
8780209a:	d4fa      	bmi.n	87802092 <vsscanf+0x196>
8780209c:	f812 100c 	ldrb.w	r1, [r2, ip]
878020a0:	0689      	lsls	r1, r1, #26
878020a2:	f57f af44 	bpl.w	87801f2e <vsscanf+0x32>
878020a6:	f810 1f01 	ldrb.w	r1, [r0, #1]!
878020aa:	5c51      	ldrb	r1, [r2, r1]
878020ac:	0689      	lsls	r1, r1, #26
878020ae:	d4fa      	bmi.n	878020a6 <vsscanf+0x1aa>
878020b0:	e73d      	b.n	87801f2e <vsscanf+0x32>
878020b2:	46f1      	mov	r9, lr
878020b4:	f04f 0a0a 	mov.w	sl, #10
878020b8:	fb0a 1109 	mla	r1, sl, r9, r1
878020bc:	f1a1 0930 	sub.w	r9, r1, #48	@ 0x30
878020c0:	f813 1f01 	ldrb.w	r1, [r3, #1]!
878020c4:	4688      	mov	r8, r1
878020c6:	f812 c001 	ldrb.w	ip, [r2, r1]
878020ca:	f01c 0f04 	tst.w	ip, #4
878020ce:	d1f3      	bne.n	878020b8 <vsscanf+0x1bc>
878020d0:	e750      	b.n	87801f74 <vsscanf+0x78>
878020d2:	f893 8001 	ldrb.w	r8, [r3, #1]
878020d6:	3301      	adds	r3, #1
878020d8:	f1b8 0f5a 	cmp.w	r8, #90	@ 0x5a
878020dc:	f47f af57 	bne.w	87801f8e <vsscanf+0x92>
878020e0:	4641      	mov	r1, r8
878020e2:	e757      	b.n	87801f94 <vsscanf+0x98>
878020e4:	f812 c00a 	ldrb.w	ip, [r2, sl]
878020e8:	f01c 0920 	ands.w	r9, ip, #32
878020ec:	bf1c      	itt	ne
878020ee:	f04f 0900 	movne.w	r9, #0
878020f2:	f04f 0810 	movne.w	r8, #16
878020f6:	f000 8115 	beq.w	87802324 <vsscanf+0x428>
878020fa:	f810 af01 	ldrb.w	sl, [r0, #1]!
878020fe:	f812 c00a 	ldrb.w	ip, [r2, sl]
87802102:	f01c 0f20 	tst.w	ip, #32
87802106:	d1f8      	bne.n	878020fa <vsscanf+0x1fe>
87802108:	f1ba 0f2d 	cmp.w	sl, #45	@ 0x2d
8780210c:	bf14      	ite	ne
8780210e:	f04f 0e00 	movne.w	lr, #0
87802112:	f00e 0e01 	andeq.w	lr, lr, #1
87802116:	f1be 0f00 	cmp.w	lr, #0
8780211a:	f000 8101 	beq.w	87802320 <vsscanf+0x424>
8780211e:	f890 e001 	ldrb.w	lr, [r0, #1]
87802122:	f1be 0f00 	cmp.w	lr, #0
87802126:	f43f af10 	beq.w	87801f4a <vsscanf+0x4e>
8780212a:	f812 c00e 	ldrb.w	ip, [r2, lr]
8780212e:	f1b8 0f10 	cmp.w	r8, #16
87802132:	f000 80f7 	beq.w	87802324 <vsscanf+0x428>
87802136:	f1b8 0f0a 	cmp.w	r8, #10
8780213a:	d05d      	beq.n	878021f8 <vsscanf+0x2fc>
8780213c:	f1b8 0f08 	cmp.w	r8, #8
87802140:	f000 80f6 	beq.w	87802330 <vsscanf+0x434>
87802144:	f01c 0f04 	tst.w	ip, #4
87802148:	f43f aeff 	beq.w	87801f4a <vsscanf+0x4e>
8780214c:	2200      	movs	r2, #0
8780214e:	f8d4 8000 	ldr.w	r8, [r4]
87802152:	296c      	cmp	r1, #108	@ 0x6c
87802154:	f300 80a5 	bgt.w	878022a2 <vsscanf+0x3a6>
87802158:	2947      	cmp	r1, #71	@ 0x47
8780215a:	dd17      	ble.n	8780218c <vsscanf+0x290>
8780215c:	3948      	subs	r1, #72	@ 0x48
8780215e:	2924      	cmp	r1, #36	@ 0x24
87802160:	d814      	bhi.n	8780218c <vsscanf+0x290>
87802162:	e8df f001 	tbb	[pc, r1]
87802166:	131313cb 	tstne	r3, #738197507	@ 0x2c000003
8780216a:	131313bc 	tstne	r3, #188, 6	@ 0xf0000002
8780216e:	13131313 	tstne	r3, #1275068416	@ 0x4c000000
87802172:	13131313 	tstne	r3, #1275068416	@ 0x4c000000
87802176:	139e1313 	orrsne	r1, lr, #1275068416	@ 0x4c000000
8780217a:	13131313 	tstne	r3, #1275068416	@ 0x4c000000
8780217e:	13131313 	tstne	r3, #1275068416	@ 0x4c000000
87802182:	13131313 	tstne	r3, #1275068416	@ 0x4c000000
87802186:	131313ac 	tstne	r3, #172, 6	@ 0xb0000002
8780218a:	f1b90013 			@ <UNDEFINED> instruction: 0xf1b90013
8780218e:	0f00      	lsrs	r0, r0, #28
87802190:	f000 8087 	beq.w	878022a2 <vsscanf+0x3a6>
87802194:	f1ba 0f2d 	cmp.w	sl, #45	@ 0x2d
87802198:	9301      	str	r3, [sp, #4]
8780219a:	f000 814a 	beq.w	87802432 <vsscanf+0x536>
8780219e:	a903      	add	r1, sp, #12
878021a0:	f7fe ffea 	bl	87801178 <simple_strtoul>
878021a4:	9b01      	ldr	r3, [sp, #4]
878021a6:	f8c8 0000 	str.w	r0, [r8]
878021aa:	e081      	b.n	878022b0 <vsscanf+0x3b4>
878021ac:	f854 1b04 	ldr.w	r1, [r4], #4
878021b0:	f1b9 3fff 	cmp.w	r9, #4294967295	@ 0xffffffff
878021b4:	bf08      	it	eq
878021b6:	f04f 0901 	moveq.w	r9, #1
878021ba:	4602      	mov	r2, r0
878021bc:	f101 3cff 	add.w	ip, r1, #4294967295	@ 0xffffffff
878021c0:	e001      	b.n	878021c6 <vsscanf+0x2ca>
878021c2:	7811      	ldrb	r1, [r2, #0]
878021c4:	b139      	cbz	r1, 878021d6 <vsscanf+0x2da>
878021c6:	f812 1b01 	ldrb.w	r1, [r2], #1
878021ca:	f80c 1f01 	strb.w	r1, [ip, #1]!
878021ce:	1a81      	subs	r1, r0, r2
878021d0:	4449      	add	r1, r9
878021d2:	2900      	cmp	r1, #0
878021d4:	dcf5      	bgt.n	878021c2 <vsscanf+0x2c6>
878021d6:	3701      	adds	r7, #1
878021d8:	4610      	mov	r0, r2
878021da:	7819      	ldrb	r1, [r3, #0]
878021dc:	2900      	cmp	r1, #0
878021de:	f47f ae9a 	bne.w	87801f16 <vsscanf+0x1a>
878021e2:	e6b2      	b.n	87801f4a <vsscanf+0x4e>
878021e4:	f812 c00a 	ldrb.w	ip, [r2, sl]
878021e8:	f01c 0920 	ands.w	r9, ip, #32
878021ec:	bf1c      	itt	ne
878021ee:	f04f 0900 	movne.w	r9, #0
878021f2:	f04f 080a 	movne.w	r8, #10
878021f6:	d180      	bne.n	878020fa <vsscanf+0x1fe>
878021f8:	f01c 0f04 	tst.w	ip, #4
878021fc:	f43f aea5 	beq.w	87801f4a <vsscanf+0x4e>
87802200:	220a      	movs	r2, #10
87802202:	e7a4      	b.n	8780214e <vsscanf+0x252>
87802204:	f812 100a 	ldrb.w	r1, [r2, sl]
87802208:	f1b9 3fff 	cmp.w	r9, #4294967295	@ 0xffffffff
8780220c:	bf08      	it	eq
8780220e:	f06f 4900 	mvneq.w	r9, #2147483648	@ 0x80000000
87802212:	f854 cb04 	ldr.w	ip, [r4], #4
87802216:	0689      	lsls	r1, r1, #26
87802218:	d508      	bpl.n	8780222c <vsscanf+0x330>
8780221a:	f810 af01 	ldrb.w	sl, [r0, #1]!
8780221e:	f812 100a 	ldrb.w	r1, [r2, sl]
87802222:	0689      	lsls	r1, r1, #26
87802224:	d4f9      	bmi.n	8780221a <vsscanf+0x31e>
87802226:	f1ba 0f00 	cmp.w	sl, #0
8780222a:	d00e      	beq.n	8780224a <vsscanf+0x34e>
8780222c:	4481      	add	r9, r0
8780222e:	e008      	b.n	87802242 <vsscanf+0x346>
87802230:	4581      	cmp	r9, r0
87802232:	d00a      	beq.n	8780224a <vsscanf+0x34e>
87802234:	f80c ab01 	strb.w	sl, [ip], #1
87802238:	f810 af01 	ldrb.w	sl, [r0, #1]!
8780223c:	f1ba 0f00 	cmp.w	sl, #0
87802240:	d003      	beq.n	8780224a <vsscanf+0x34e>
87802242:	f812 100a 	ldrb.w	r1, [r2, sl]
87802246:	0689      	lsls	r1, r1, #26
87802248:	d5f2      	bpl.n	87802230 <vsscanf+0x334>
8780224a:	2200      	movs	r2, #0
8780224c:	3701      	adds	r7, #1
8780224e:	f88c 2000 	strb.w	r2, [ip]
87802252:	e7c2      	b.n	878021da <vsscanf+0x2de>
87802254:	f812 c00a 	ldrb.w	ip, [r2, sl]
87802258:	f01c 0920 	ands.w	r9, ip, #32
8780225c:	bf08      	it	eq
8780225e:	46d6      	moveq	lr, sl
87802260:	d066      	beq.n	87802330 <vsscanf+0x434>
87802262:	f04f 0900 	mov.w	r9, #0
87802266:	f04f 0808 	mov.w	r8, #8
8780226a:	e746      	b.n	878020fa <vsscanf+0x1fe>
8780226c:	f854 1b04 	ldr.w	r1, [r4], #4
87802270:	1b42      	subs	r2, r0, r5
87802272:	600a      	str	r2, [r1, #0]
87802274:	e7b1      	b.n	878021da <vsscanf+0x2de>
87802276:	f812 c00a 	ldrb.w	ip, [r2, sl]
8780227a:	f01c 0f20 	tst.w	ip, #32
8780227e:	bf1e      	ittt	ne
87802280:	f04f 0e01 	movne.w	lr, #1
87802284:	f04f 080a 	movne.w	r8, #10
87802288:	46f1      	movne	r9, lr
8780228a:	f47f af36 	bne.w	878020fa <vsscanf+0x1fe>
8780228e:	f1ba 0f2d 	cmp.w	sl, #45	@ 0x2d
87802292:	bf08      	it	eq
87802294:	f04f 0e0a 	moveq.w	lr, #10
87802298:	f000 80b1 	beq.w	878023fe <vsscanf+0x502>
8780229c:	f04f 0901 	mov.w	r9, #1
878022a0:	e7aa      	b.n	878021f8 <vsscanf+0x2fc>
878022a2:	a903      	add	r1, sp, #12
878022a4:	9301      	str	r3, [sp, #4]
878022a6:	f7fe ff67 	bl	87801178 <simple_strtoul>
878022aa:	f8c8 0000 	str.w	r0, [r8]
878022ae:	9b01      	ldr	r3, [sp, #4]
878022b0:	9803      	ldr	r0, [sp, #12]
878022b2:	3701      	adds	r7, #1
878022b4:	2800      	cmp	r0, #0
878022b6:	f43f ae48 	beq.w	87801f4a <vsscanf+0x4e>
878022ba:	3404      	adds	r4, #4
878022bc:	e78d      	b.n	878021da <vsscanf+0x2de>
878022be:	9301      	str	r3, [sp, #4]
878022c0:	f1b9 0f00 	cmp.w	r9, #0
878022c4:	f000 8085 	beq.w	878023d2 <vsscanf+0x4d6>
878022c8:	f1ba 0f2d 	cmp.w	sl, #45	@ 0x2d
878022cc:	f000 80c6 	beq.w	8780245c <vsscanf+0x560>
878022d0:	a903      	add	r1, sp, #12
878022d2:	f7fe ff51 	bl	87801178 <simple_strtoul>
878022d6:	9b01      	ldr	r3, [sp, #4]
878022d8:	f8a8 0000 	strh.w	r0, [r8]
878022dc:	e7e8      	b.n	878022b0 <vsscanf+0x3b4>
878022de:	9301      	str	r3, [sp, #4]
878022e0:	f1b9 0f00 	cmp.w	r9, #0
878022e4:	d06e      	beq.n	878023c4 <vsscanf+0x4c8>
878022e6:	f1ba 0f2d 	cmp.w	sl, #45	@ 0x2d
878022ea:	f000 80c5 	beq.w	87802478 <vsscanf+0x57c>
878022ee:	a903      	add	r1, sp, #12
878022f0:	f7fe ffcc 	bl	8780128c <simple_strtoull>
878022f4:	9b01      	ldr	r3, [sp, #4]
878022f6:	e9c8 0100 	strd	r0, r1, [r8]
878022fa:	e7d9      	b.n	878022b0 <vsscanf+0x3b4>
878022fc:	9301      	str	r3, [sp, #4]
878022fe:	f1b9 0f00 	cmp.w	r9, #0
87802302:	d058      	beq.n	878023b6 <vsscanf+0x4ba>
87802304:	f1ba 0f2d 	cmp.w	sl, #45	@ 0x2d
87802308:	f000 80af 	beq.w	8780246a <vsscanf+0x56e>
8780230c:	a903      	add	r1, sp, #12
8780230e:	f7fe ff33 	bl	87801178 <simple_strtoul>
87802312:	9b01      	ldr	r3, [sp, #4]
87802314:	f888 0000 	strb.w	r0, [r8]
87802318:	e7ca      	b.n	878022b0 <vsscanf+0x3b4>
8780231a:	3301      	adds	r3, #1
8780231c:	3001      	adds	r0, #1
8780231e:	e75c      	b.n	878021da <vsscanf+0x2de>
87802320:	46d6      	mov	lr, sl
87802322:	e6fe      	b.n	87802122 <vsscanf+0x226>
87802324:	f01c 0f44 	tst.w	ip, #68	@ 0x44
87802328:	f43f ae0f 	beq.w	87801f4a <vsscanf+0x4e>
8780232c:	2210      	movs	r2, #16
8780232e:	e70e      	b.n	8780214e <vsscanf+0x252>
87802330:	f3cc 0c80 	ubfx	ip, ip, #2, #1
87802334:	f08c 0c01 	eor.w	ip, ip, #1
87802338:	f1be 0f37 	cmp.w	lr, #55	@ 0x37
8780233c:	bf88      	it	hi
8780233e:	f04c 0c01 	orrhi.w	ip, ip, #1
87802342:	f01c 0f01 	tst.w	ip, #1
87802346:	f47f ae00 	bne.w	87801f4a <vsscanf+0x4e>
8780234a:	2208      	movs	r2, #8
8780234c:	e6ff      	b.n	8780214e <vsscanf+0x252>
8780234e:	f893 8001 	ldrb.w	r8, [r3, #1]
87802352:	f1b8 0f4c 	cmp.w	r8, #76	@ 0x4c
87802356:	d078      	beq.n	8780244a <vsscanf+0x54e>
87802358:	3301      	adds	r3, #1
8780235a:	e618      	b.n	87801f8e <vsscanf+0x92>
8780235c:	f1ba 0f25 	cmp.w	sl, #37	@ 0x25
87802360:	f47f adf3 	bne.w	87801f4a <vsscanf+0x4e>
87802364:	3001      	adds	r0, #1
87802366:	e738      	b.n	878021da <vsscanf+0x2de>
87802368:	f01c 0f20 	tst.w	ip, #32
8780236c:	d10f      	bne.n	8780238e <vsscanf+0x492>
8780236e:	f813 cf01 	ldrb.w	ip, [r3, #1]!
87802372:	f812 100c 	ldrb.w	r1, [r2, ip]
87802376:	f3c1 1140 	ubfx	r1, r1, #5, #1
8780237a:	f081 0101 	eor.w	r1, r1, #1
8780237e:	f1bc 0f00 	cmp.w	ip, #0
87802382:	bf0c      	ite	eq
87802384:	2100      	moveq	r1, #0
87802386:	f001 0101 	andne.w	r1, r1, #1
8780238a:	2900      	cmp	r1, #0
8780238c:	d1ef      	bne.n	8780236e <vsscanf+0x472>
8780238e:	f890 c000 	ldrb.w	ip, [r0]
87802392:	e001      	b.n	87802398 <vsscanf+0x49c>
87802394:	f810 cf01 	ldrb.w	ip, [r0, #1]!
87802398:	f812 100c 	ldrb.w	r1, [r2, ip]
8780239c:	f3c1 1140 	ubfx	r1, r1, #5, #1
878023a0:	f081 0101 	eor.w	r1, r1, #1
878023a4:	f1bc 0f00 	cmp.w	ip, #0
878023a8:	bf0c      	ite	eq
878023aa:	2100      	moveq	r1, #0
878023ac:	f001 0101 	andne.w	r1, r1, #1
878023b0:	2900      	cmp	r1, #0
878023b2:	d1ef      	bne.n	87802394 <vsscanf+0x498>
878023b4:	e711      	b.n	878021da <vsscanf+0x2de>
878023b6:	a903      	add	r1, sp, #12
878023b8:	f7fe fede 	bl	87801178 <simple_strtoul>
878023bc:	9b01      	ldr	r3, [sp, #4]
878023be:	f888 0000 	strb.w	r0, [r8]
878023c2:	e775      	b.n	878022b0 <vsscanf+0x3b4>
878023c4:	a903      	add	r1, sp, #12
878023c6:	f7fe ff61 	bl	8780128c <simple_strtoull>
878023ca:	9b01      	ldr	r3, [sp, #4]
878023cc:	e9c8 0100 	strd	r0, r1, [r8]
878023d0:	e76e      	b.n	878022b0 <vsscanf+0x3b4>
878023d2:	a903      	add	r1, sp, #12
878023d4:	f7fe fed0 	bl	87801178 <simple_strtoul>
878023d8:	9b01      	ldr	r3, [sp, #4]
878023da:	f8a8 0000 	strh.w	r0, [r8]
878023de:	e767      	b.n	878022b0 <vsscanf+0x3b4>
878023e0:	f812 c00a 	ldrb.w	ip, [r2, sl]
878023e4:	f01c 0e20 	ands.w	lr, ip, #32
878023e8:	bf1e      	ittt	ne
878023ea:	f04f 0e01 	movne.w	lr, #1
878023ee:	f04f 0800 	movne.w	r8, #0
878023f2:	46f1      	movne	r9, lr
878023f4:	f47f ae81 	bne.w	878020fa <vsscanf+0x1fe>
878023f8:	f1ba 0f2d 	cmp.w	sl, #45	@ 0x2d
878023fc:	d10d      	bne.n	8780241a <vsscanf+0x51e>
878023fe:	f890 c001 	ldrb.w	ip, [r0, #1]
87802402:	f1bc 0f00 	cmp.w	ip, #0
87802406:	f43f ada0 	beq.w	87801f4a <vsscanf+0x4e>
8780240a:	f812 c00c 	ldrb.w	ip, [r2, ip]
8780240e:	f04f 0a2d 	mov.w	sl, #45	@ 0x2d
87802412:	f1be 0f0a 	cmp.w	lr, #10
87802416:	f43f af41 	beq.w	8780229c <vsscanf+0x3a0>
8780241a:	f04f 0901 	mov.w	r9, #1
8780241e:	e691      	b.n	87802144 <vsscanf+0x248>
87802420:	2968      	cmp	r1, #104	@ 0x68
87802422:	d00d      	beq.n	87802440 <vsscanf+0x544>
87802424:	296c      	cmp	r1, #108	@ 0x6c
87802426:	d130      	bne.n	8780248a <vsscanf+0x58e>
87802428:	f893 8002 	ldrb.w	r8, [r3, #2]
8780242c:	214c      	movs	r1, #76	@ 0x4c
8780242e:	3302      	adds	r3, #2
87802430:	e5ad      	b.n	87801f8e <vsscanf+0x92>
87802432:	3001      	adds	r0, #1
87802434:	a903      	add	r1, sp, #12
87802436:	f7fe fe9f 	bl	87801178 <simple_strtoul>
8780243a:	9b01      	ldr	r3, [sp, #4]
8780243c:	4240      	negs	r0, r0
8780243e:	e6b2      	b.n	878021a6 <vsscanf+0x2aa>
87802440:	f893 8002 	ldrb.w	r8, [r3, #2]
87802444:	2148      	movs	r1, #72	@ 0x48
87802446:	3302      	adds	r3, #2
87802448:	e5a1      	b.n	87801f8e <vsscanf+0x92>
8780244a:	f890 a000 	ldrb.w	sl, [r0]
8780244e:	f1ba 0f00 	cmp.w	sl, #0
87802452:	f43f ad7a 	beq.w	87801f4a <vsscanf+0x4e>
87802456:	3302      	adds	r3, #2
87802458:	4641      	mov	r1, r8
8780245a:	e5a5      	b.n	87801fa8 <vsscanf+0xac>
8780245c:	3001      	adds	r0, #1
8780245e:	a903      	add	r1, sp, #12
87802460:	f7fe fe8a 	bl	87801178 <simple_strtoul>
87802464:	9b01      	ldr	r3, [sp, #4]
87802466:	4240      	negs	r0, r0
87802468:	e736      	b.n	878022d8 <vsscanf+0x3dc>
8780246a:	3001      	adds	r0, #1
8780246c:	a903      	add	r1, sp, #12
8780246e:	f7fe fe83 	bl	87801178 <simple_strtoul>
87802472:	9b01      	ldr	r3, [sp, #4]
87802474:	4240      	negs	r0, r0
87802476:	e74d      	b.n	87802314 <vsscanf+0x418>
87802478:	3001      	adds	r0, #1
8780247a:	a903      	add	r1, sp, #12
8780247c:	f7fe ff06 	bl	8780128c <simple_strtoull>
87802480:	4240      	negs	r0, r0
87802482:	9b01      	ldr	r3, [sp, #4]
87802484:	eb61 0141 	sbc.w	r1, r1, r1, lsl #1
87802488:	e735      	b.n	878022f6 <vsscanf+0x3fa>
8780248a:	f890 a000 	ldrb.w	sl, [r0]
8780248e:	f1ba 0f00 	cmp.w	sl, #0
87802492:	f43f ad5a 	beq.w	87801f4a <vsscanf+0x4e>
87802496:	3302      	adds	r3, #2
87802498:	217a      	movs	r1, #122	@ 0x7a
8780249a:	e585      	b.n	87801fa8 <vsscanf+0xac>
8780249c:	ffffe0f2 			@ <UNDEFINED> instruction: 0xffffe0f2
878024a0:	00000178 	andeq	r0, r0, r8, ror r1

878024a4 <sscanf>:
878024a4:	b40e      	push	{r1, r2, r3}
878024a6:	b500      	push	{lr}
878024a8:	aa01      	add	r2, sp, #4
878024aa:	f852 1b04 	ldr.w	r1, [r2], #4
878024ae:	f7ff fd25 	bl	87801efc <vsscanf>
878024b2:	f85d eb04 	ldr.w	lr, [sp], #4
878024b6:	b003      	add	sp, #12
878024b8:	4770      	bx	lr
878024ba:	bf00      	nop

878024bc <CLK_Enable>:
878024bc:	f44f 4380 	mov.w	r3, #16384	@ 0x4000
878024c0:	f2c0 230c 	movt	r3, #524	@ 0x20c
878024c4:	f04f 32ff 	mov.w	r2, #4294967295	@ 0xffffffff
878024c8:	669a      	str	r2, [r3, #104]	@ 0x68
878024ca:	66da      	str	r2, [r3, #108]	@ 0x6c
878024cc:	671a      	str	r2, [r3, #112]	@ 0x70
878024ce:	675a      	str	r2, [r3, #116]	@ 0x74
878024d0:	679a      	str	r2, [r3, #120]	@ 0x78
878024d2:	67da      	str	r2, [r3, #124]	@ 0x7c
878024d4:	f8c3 2080 	str.w	r2, [r3, #128]	@ 0x80
878024d8:	4770      	bx	lr
878024da:	bf00      	nop

878024dc <imx6ull_clk_init>:
878024dc:	f44f 4380 	mov.w	r3, #16384	@ 0x4000
878024e0:	f2c0 230c 	movt	r3, #524	@ 0x20c
878024e4:	b500      	push	{lr}
878024e6:	68da      	ldr	r2, [r3, #12]
878024e8:	0751      	lsls	r1, r2, #29
878024ea:	d407      	bmi.n	878024fc <imx6ull_clk_init+0x20>
878024ec:	68da      	ldr	r2, [r3, #12]
878024ee:	f422 7280 	bic.w	r2, r2, #256	@ 0x100
878024f2:	60da      	str	r2, [r3, #12]
878024f4:	68da      	ldr	r2, [r3, #12]
878024f6:	f042 0204 	orr.w	r2, r2, #4
878024fa:	60da      	str	r2, [r3, #12]
878024fc:	f44f 4200 	mov.w	r2, #32768	@ 0x8000
87802500:	f2c0 220c 	movt	r2, #524	@ 0x20c
87802504:	2158      	movs	r1, #88	@ 0x58
87802506:	f44f 4380 	mov.w	r3, #16384	@ 0x4000
8780250a:	f2c0 230c 	movt	r3, #524	@ 0x20c
8780250e:	f04f 0e01 	mov.w	lr, #1
87802512:	6011      	str	r1, [r2, #0]
87802514:	f241 001b 	movw	r0, #4123	@ 0x101b
87802518:	f2c2 0018 	movt	r0, #8216	@ 0x2018
8780251c:	f241 010c 	movw	r1, #4108	@ 0x100c
87802520:	f2c1 3111 	movt	r1, #4881	@ 0x1311
87802524:	f8d2 c000 	ldr.w	ip, [r2]
87802528:	f44c 5c00 	orr.w	ip, ip, #8192	@ 0x2000
8780252c:	f8c2 c000 	str.w	ip, [r2]
87802530:	f8c3 e010 	str.w	lr, [r3, #16]
87802534:	f8d3 c00c 	ldr.w	ip, [r3, #12]
87802538:	f02c 0c04 	bic.w	ip, ip, #4
8780253c:	f8c3 c00c 	str.w	ip, [r3, #12]
87802540:	f8d2 c100 	ldr.w	ip, [r2, #256]	@ 0x100
87802544:	f00c 3cc0 	and.w	ip, ip, #3233857728	@ 0xc0c0c0c0
87802548:	ea4c 0000 	orr.w	r0, ip, r0
8780254c:	f8c2 0100 	str.w	r0, [r2, #256]	@ 0x100
87802550:	f8d2 00f0 	ldr.w	r0, [r2, #240]	@ 0xf0
87802554:	f000 30c0 	and.w	r0, r0, #3233857728	@ 0xc0c0c0c0
87802558:	4301      	orrs	r1, r0
8780255a:	f8c2 10f0 	str.w	r1, [r2, #240]	@ 0xf0
8780255e:	699a      	ldr	r2, [r3, #24]
87802560:	f422 2240 	bic.w	r2, r2, #786432	@ 0xc0000
87802564:	619a      	str	r2, [r3, #24]
87802566:	699a      	ldr	r2, [r3, #24]
87802568:	f442 2280 	orr.w	r2, r2, #262144	@ 0x40000
8780256c:	619a      	str	r2, [r3, #24]
8780256e:	699a      	ldr	r2, [r3, #24]
87802570:	f022 7200 	bic.w	r2, r2, #33554432	@ 0x2000000
87802574:	619a      	str	r2, [r3, #24]
87802576:	699a      	ldr	r2, [r3, #24]
87802578:	f042 7200 	orr.w	r2, r2, #33554432	@ 0x2000000
8780257c:	619a      	str	r2, [r3, #24]
8780257e:	6c9a      	ldr	r2, [r3, #72]	@ 0x48
87802580:	0692      	lsls	r2, r2, #26
87802582:	d4fc      	bmi.n	8780257e <imx6ull_clk_init+0xa2>
87802584:	6959      	ldr	r1, [r3, #20]
87802586:	f44f 4280 	mov.w	r2, #16384	@ 0x4000
8780258a:	f2c0 220c 	movt	r2, #524	@ 0x20c
8780258e:	f421 51e0 	bic.w	r1, r1, #7168	@ 0x1c00
87802592:	6159      	str	r1, [r3, #20]
87802594:	6959      	ldr	r1, [r3, #20]
87802596:	f441 6100 	orr.w	r1, r1, #2048	@ 0x800
8780259a:	6159      	str	r1, [r3, #20]
8780259c:	6c93      	ldr	r3, [r2, #72]	@ 0x48
8780259e:	079b      	lsls	r3, r3, #30
878025a0:	d4fc      	bmi.n	8780259c <imx6ull_clk_init+0xc0>
878025a2:	6953      	ldr	r3, [r2, #20]
878025a4:	f423 7340 	bic.w	r3, r3, #768	@ 0x300
878025a8:	6153      	str	r3, [r2, #20]
878025aa:	6953      	ldr	r3, [r2, #20]
878025ac:	f443 7380 	orr.w	r3, r3, #256	@ 0x100
878025b0:	6153      	str	r3, [r2, #20]
878025b2:	6953      	ldr	r3, [r2, #20]
878025b4:	f023 0340 	bic.w	r3, r3, #64	@ 0x40
878025b8:	6153      	str	r3, [r2, #20]
878025ba:	6953      	ldr	r3, [r2, #20]
878025bc:	f423 637c 	bic.w	r3, r3, #4032	@ 0xfc0
878025c0:	6153      	str	r3, [r2, #20]
878025c2:	69d3      	ldr	r3, [r2, #28]
878025c4:	f023 0340 	bic.w	r3, r3, #64	@ 0x40
878025c8:	61d3      	str	r3, [r2, #28]
878025ca:	69d3      	ldr	r3, [r2, #28]
878025cc:	f023 033f 	bic.w	r3, r3, #63	@ 0x3f
878025d0:	61d3      	str	r3, [r2, #28]
878025d2:	bd00      	pop	{pc}

878025d4 <Delay_Short>:
878025d4:	b082      	sub	sp, #8
878025d6:	9001      	str	r0, [sp, #4]
878025d8:	9b01      	ldr	r3, [sp, #4]
878025da:	1e5a      	subs	r2, r3, #1
878025dc:	9201      	str	r2, [sp, #4]
878025de:	2b00      	cmp	r3, #0
878025e0:	d1fa      	bne.n	878025d8 <Delay_Short+0x4>
878025e2:	b002      	add	sp, #8
878025e4:	4770      	bx	lr
878025e6:	bf00      	nop

878025e8 <Delay>:
878025e8:	b082      	sub	sp, #8
878025ea:	9001      	str	r0, [sp, #4]
878025ec:	9b01      	ldr	r3, [sp, #4]
878025ee:	1e5a      	subs	r2, r3, #1
878025f0:	9201      	str	r2, [sp, #4]
878025f2:	b153      	cbz	r3, 8780260a <Delay+0x22>
878025f4:	f240 73ff 	movw	r3, #2047	@ 0x7ff
878025f8:	461a      	mov	r2, r3
878025fa:	3b01      	subs	r3, #1
878025fc:	2a00      	cmp	r2, #0
878025fe:	d1fb      	bne.n	878025f8 <Delay+0x10>
87802600:	9b01      	ldr	r3, [sp, #4]
87802602:	1e5a      	subs	r2, r3, #1
87802604:	9201      	str	r2, [sp, #4]
87802606:	2b00      	cmp	r3, #0
87802608:	d1f4      	bne.n	878025f4 <Delay+0xc>
8780260a:	b002      	add	sp, #8
8780260c:	4770      	bx	lr
8780260e:	bf00      	nop

87802610 <LED_Init>:
87802610:	2200      	movs	r2, #0
87802612:	f2c0 220e 	movt	r2, #526	@ 0x20e
87802616:	f44f 4340 	mov.w	r3, #49152	@ 0xc000
8780261a:	f2c0 2309 	movt	r3, #521	@ 0x209
8780261e:	2005      	movs	r0, #5
87802620:	2108      	movs	r1, #8
87802622:	6690      	str	r0, [r2, #104]	@ 0x68
87802624:	f241 00b0 	movw	r0, #4272	@ 0x10b0
87802628:	f8c2 02f4 	str.w	r0, [r2, #756]	@ 0x2f4
8780262c:	6059      	str	r1, [r3, #4]
8780262e:	681a      	ldr	r2, [r3, #0]
87802630:	430a      	orrs	r2, r1
87802632:	601a      	str	r2, [r3, #0]
87802634:	4770      	bx	lr
87802636:	bf00      	nop

87802638 <LED_ON>:
87802638:	f44f 4340 	mov.w	r3, #49152	@ 0xc000
8780263c:	f2c0 2309 	movt	r3, #521	@ 0x209
87802640:	681a      	ldr	r2, [r3, #0]
87802642:	f022 0208 	bic.w	r2, r2, #8
87802646:	601a      	str	r2, [r3, #0]
87802648:	4770      	bx	lr
8780264a:	bf00      	nop

8780264c <LED_OFF>:
8780264c:	f44f 4340 	mov.w	r3, #49152	@ 0xc000
87802650:	f2c0 2309 	movt	r3, #521	@ 0x209
87802654:	681a      	ldr	r2, [r3, #0]
87802656:	f042 0208 	orr.w	r2, r2, #8
8780265a:	601a      	str	r2, [r3, #0]
8780265c:	4770      	bx	lr
8780265e:	bf00      	nop

87802660 <LED_Switch>:
87802660:	b950      	cbnz	r0, 87802678 <LED_Switch+0x18>
87802662:	2901      	cmp	r1, #1
87802664:	d009      	beq.n	8780267a <LED_Switch+0x1a>
87802666:	b939      	cbnz	r1, 87802678 <LED_Switch+0x18>
87802668:	f44f 4340 	mov.w	r3, #49152	@ 0xc000
8780266c:	f2c0 2309 	movt	r3, #521	@ 0x209
87802670:	681a      	ldr	r2, [r3, #0]
87802672:	f042 0208 	orr.w	r2, r2, #8
87802676:	601a      	str	r2, [r3, #0]
87802678:	4770      	bx	lr
8780267a:	f44f 4340 	mov.w	r3, #49152	@ 0xc000
8780267e:	f2c0 2309 	movt	r3, #521	@ 0x209
87802682:	681a      	ldr	r2, [r3, #0]
87802684:	f022 0208 	bic.w	r2, r2, #8
87802688:	601a      	str	r2, [r3, #0]
8780268a:	4770      	bx	lr

8780268c <Beep_Init>:
8780268c:	b500      	push	{lr}
8780268e:	2300      	movs	r3, #0
87802690:	f2c0 230e 	movt	r3, #526	@ 0x20e
87802694:	b087      	sub	sp, #28
87802696:	2101      	movs	r1, #1
87802698:	f04f 0c05 	mov.w	ip, #5
8780269c:	f241 02b0 	movw	r2, #4272	@ 0x10b0
878026a0:	f44f 4040 	mov.w	r0, #49152	@ 0xc000
878026a4:	f2c0 200a 	movt	r0, #522	@ 0x20a
878026a8:	9103      	str	r1, [sp, #12]
878026aa:	f88d 1010 	strb.w	r1, [sp, #16]
878026ae:	f8c3 c070 	str.w	ip, [r3, #112]	@ 0x70
878026b2:	f8c3 22fc 	str.w	r2, [r3, #764]	@ 0x2fc
878026b6:	aa03      	add	r2, sp, #12
878026b8:	9001      	str	r0, [sp, #4]
878026ba:	f000 f8f1 	bl	878028a0 <gpio_init>
878026be:	2101      	movs	r1, #1
878026c0:	9801      	ldr	r0, [sp, #4]
878026c2:	460a      	mov	r2, r1
878026c4:	f000 f87e 	bl	878027c4 <gpio_pinwrite>
878026c8:	b007      	add	sp, #28
878026ca:	bd00      	pop	{pc}

878026cc <Beep_Switch>:
878026cc:	4601      	mov	r1, r0
878026ce:	b110      	cbz	r0, 878026d6 <Beep_Switch+0xa>
878026d0:	2801      	cmp	r0, #1
878026d2:	d008      	beq.n	878026e6 <Beep_Switch+0x1a>
878026d4:	4770      	bx	lr
878026d6:	2201      	movs	r2, #1
878026d8:	f44f 4040 	mov.w	r0, #49152	@ 0xc000
878026dc:	f2c0 200a 	movt	r0, #522	@ 0x20a
878026e0:	4611      	mov	r1, r2
878026e2:	f000 b86f 	b.w	878027c4 <gpio_pinwrite>
878026e6:	f44f 4040 	mov.w	r0, #49152	@ 0xc000
878026ea:	f2c0 200a 	movt	r0, #522	@ 0x20a
878026ee:	2200      	movs	r2, #0
878026f0:	f000 b868 	b.w	878027c4 <gpio_pinwrite>

878026f4 <Key_Init>:
878026f4:	b500      	push	{lr}
878026f6:	2300      	movs	r3, #0
878026f8:	f2c0 230e 	movt	r3, #526	@ 0x20e
878026fc:	b085      	sub	sp, #20
878026fe:	2205      	movs	r2, #5
87802700:	2180      	movs	r1, #128	@ 0x80
87802702:	f44f 4040 	mov.w	r0, #49152	@ 0xc000
87802706:	f2c0 2009 	movt	r0, #521	@ 0x209
8780270a:	f8c3 208c 	str.w	r2, [r3, #140]	@ 0x8c
8780270e:	f8c3 1318 	str.w	r1, [r3, #792]	@ 0x318
87802712:	aa01      	add	r2, sp, #4
87802714:	2112      	movs	r1, #18
87802716:	2300      	movs	r3, #0
87802718:	9301      	str	r3, [sp, #4]
8780271a:	f000 f8c1 	bl	878028a0 <gpio_init>
8780271e:	b005      	add	sp, #20
87802720:	bd00      	pop	{pc}
87802722:	bf00      	nop

87802724 <Key_Read>:
87802724:	f44f 4040 	mov.w	r0, #49152	@ 0xc000
87802728:	f2c0 2009 	movt	r0, #521	@ 0x209
8780272c:	2112      	movs	r1, #18
8780272e:	f000 b855 	b.w	878027dc <gpio_pinread>
87802732:	bf00      	nop

87802734 <Key_GetValue>:
87802734:	4a21      	ldr	r2, [pc, #132]	@ (878027bc <Key_GetValue+0x88>)
87802736:	b500      	push	{lr}
87802738:	447a      	add	r2, pc
8780273a:	b083      	sub	sp, #12
8780273c:	7813      	ldrb	r3, [r2, #0]
8780273e:	2b01      	cmp	r3, #1
87802740:	d003      	beq.n	8780274a <Key_GetValue+0x16>
87802742:	b17b      	cbz	r3, 87802764 <Key_GetValue+0x30>
87802744:	2000      	movs	r0, #0
87802746:	b003      	add	sp, #12
87802748:	bd00      	pop	{pc}
8780274a:	2112      	movs	r1, #18
8780274c:	f44f 4040 	mov.w	r0, #49152	@ 0xc000
87802750:	f2c0 2009 	movt	r0, #521	@ 0x209
87802754:	9200      	str	r2, [sp, #0]
87802756:	f000 f841 	bl	878027dc <gpio_pinread>
8780275a:	9a00      	ldr	r2, [sp, #0]
8780275c:	b1d8      	cbz	r0, 87802796 <Key_GetValue+0x62>
8780275e:	7813      	ldrb	r3, [r2, #0]
87802760:	2b00      	cmp	r3, #0
87802762:	d1ef      	bne.n	87802744 <Key_GetValue+0x10>
87802764:	2112      	movs	r1, #18
87802766:	f44f 4040 	mov.w	r0, #49152	@ 0xc000
8780276a:	f2c0 2009 	movt	r0, #521	@ 0x209
8780276e:	f000 f835 	bl	878027dc <gpio_pinread>
87802772:	2801      	cmp	r0, #1
87802774:	d1e6      	bne.n	87802744 <Key_GetValue+0x10>
87802776:	9000      	str	r0, [sp, #0]
87802778:	200a      	movs	r0, #10
8780277a:	f7ff ff35 	bl	878025e8 <Delay>
8780277e:	4a10      	ldr	r2, [pc, #64]	@ (878027c0 <Key_GetValue+0x8c>)
87802780:	9b00      	ldr	r3, [sp, #0]
87802782:	f44f 4040 	mov.w	r0, #49152	@ 0xc000
87802786:	f2c0 2009 	movt	r0, #521	@ 0x209
8780278a:	447a      	add	r2, pc
8780278c:	2112      	movs	r1, #18
8780278e:	7013      	strb	r3, [r2, #0]
87802790:	f000 f824 	bl	878027dc <gpio_pinread>
87802794:	e7d6      	b.n	87802744 <Key_GetValue+0x10>
87802796:	e9cd 2000 	strd	r2, r0, [sp]
8780279a:	200a      	movs	r0, #10
8780279c:	f7ff ff24 	bl	878025e8 <Delay>
878027a0:	2112      	movs	r1, #18
878027a2:	e9dd 2300 	ldrd	r2, r3, [sp]
878027a6:	f44f 4040 	mov.w	r0, #49152	@ 0xc000
878027aa:	f2c0 2009 	movt	r0, #521	@ 0x209
878027ae:	7013      	strb	r3, [r2, #0]
878027b0:	f000 f814 	bl	878027dc <gpio_pinread>
878027b4:	fab0 f080 	clz	r0, r0
878027b8:	0940      	lsrs	r0, r0, #5
878027ba:	e7c4      	b.n	87802746 <Key_GetValue+0x12>
878027bc:	00000eac 	andeq	r0, r0, ip, lsr #29
878027c0:	00000e5a 	andeq	r0, r0, sl, asr lr

878027c4 <gpio_pinwrite>:
878027c4:	2301      	movs	r3, #1
878027c6:	408b      	lsls	r3, r1
878027c8:	b922      	cbnz	r2, 878027d4 <gpio_pinwrite+0x10>
878027ca:	6802      	ldr	r2, [r0, #0]
878027cc:	ea22 0303 	bic.w	r3, r2, r3
878027d0:	6003      	str	r3, [r0, #0]
878027d2:	4770      	bx	lr
878027d4:	6802      	ldr	r2, [r0, #0]
878027d6:	4313      	orrs	r3, r2
878027d8:	6003      	str	r3, [r0, #0]
878027da:	4770      	bx	lr

878027dc <gpio_pinread>:
878027dc:	6800      	ldr	r0, [r0, #0]
878027de:	40c8      	lsrs	r0, r1
878027e0:	f000 0001 	and.w	r0, r0, #1
878027e4:	4770      	bx	lr
878027e6:	bf00      	nop

878027e8 <gpio_enable_interrupt>:
878027e8:	2301      	movs	r3, #1
878027ea:	6942      	ldr	r2, [r0, #20]
878027ec:	408b      	lsls	r3, r1
878027ee:	4313      	orrs	r3, r2
878027f0:	6143      	str	r3, [r0, #20]
878027f2:	4770      	bx	lr

878027f4 <gpio_disable_interrupt>:
878027f4:	2301      	movs	r3, #1
878027f6:	408b      	lsls	r3, r1
878027f8:	6941      	ldr	r1, [r0, #20]
878027fa:	ea21 0103 	bic.w	r1, r1, r3
878027fe:	6141      	str	r1, [r0, #20]
87802800:	4770      	bx	lr
87802802:	bf00      	nop

87802804 <gpio_clear_interrupt_flag>:
87802804:	2301      	movs	r3, #1
87802806:	408b      	lsls	r3, r1
87802808:	6981      	ldr	r1, [r0, #24]
8780280a:	ea21 0103 	bic.w	r1, r1, r3
8780280e:	6181      	str	r1, [r0, #24]
87802810:	4770      	bx	lr
87802812:	bf00      	nop

87802814 <gpio_get_interrupt_flag>:
87802814:	6980      	ldr	r0, [r0, #24]
87802816:	40c8      	lsrs	r0, r1
87802818:	f000 0001 	and.w	r0, r0, #1
8780281c:	4770      	bx	lr
8780281e:	bf00      	nop

87802820 <gpio_interrupt_init>:
87802820:	f04f 0c01 	mov.w	ip, #1
87802824:	69c3      	ldr	r3, [r0, #28]
87802826:	290f      	cmp	r1, #15
87802828:	f102 32ff 	add.w	r2, r2, #4294967295	@ 0xffffffff
8780282c:	fa0c fc01 	lsl.w	ip, ip, r1
87802830:	bfc8      	it	gt
87802832:	3910      	subgt	r1, #16
87802834:	ea23 030c 	bic.w	r3, r3, ip
87802838:	61c3      	str	r3, [r0, #28]
8780283a:	bfd4      	ite	le
8780283c:	300c      	addle	r0, #12
8780283e:	3010      	addgt	r0, #16
87802840:	2a04      	cmp	r2, #4
87802842:	d80e      	bhi.n	87802862 <gpio_interrupt_init+0x42>
87802844:	e8df f002 	tbb	[pc, r2]
87802848:	0d0e1d23 	stceq	13, cr1, [lr, #-140]	@ 0xffffff74
8780284c:	00490003 	subeq	r0, r9, r3
87802850:	2303      	movs	r3, #3
87802852:	6802      	ldr	r2, [r0, #0]
87802854:	408b      	lsls	r3, r1
87802856:	ea22 0203 	bic.w	r2, r2, r3
8780285a:	6002      	str	r2, [r0, #0]
8780285c:	6802      	ldr	r2, [r0, #0]
8780285e:	4313      	orrs	r3, r2
87802860:	6003      	str	r3, [r0, #0]
87802862:	4770      	bx	lr
87802864:	6802      	ldr	r2, [r0, #0]
87802866:	0049      	lsls	r1, r1, #1
87802868:	f04f 0c03 	mov.w	ip, #3
8780286c:	2302      	movs	r3, #2
8780286e:	fa0c fc01 	lsl.w	ip, ip, r1
87802872:	ea22 020c 	bic.w	r2, r2, ip
87802876:	6002      	str	r2, [r0, #0]
87802878:	408b      	lsls	r3, r1
8780287a:	6802      	ldr	r2, [r0, #0]
8780287c:	4313      	orrs	r3, r2
8780287e:	6003      	str	r3, [r0, #0]
87802880:	4770      	bx	lr
87802882:	6802      	ldr	r2, [r0, #0]
87802884:	0049      	lsls	r1, r1, #1
87802886:	f04f 0c03 	mov.w	ip, #3
8780288a:	2301      	movs	r3, #1
8780288c:	e7ef      	b.n	8780286e <gpio_interrupt_init+0x4e>
8780288e:	0049      	lsls	r1, r1, #1
87802890:	2203      	movs	r2, #3
87802892:	6803      	ldr	r3, [r0, #0]
87802894:	408a      	lsls	r2, r1
87802896:	ea23 0302 	bic.w	r3, r3, r2
8780289a:	6003      	str	r3, [r0, #0]
8780289c:	4770      	bx	lr
8780289e:	bf00      	nop

878028a0 <gpio_init>:
878028a0:	b410      	push	{r4}
878028a2:	2301      	movs	r3, #1
878028a4:	6814      	ldr	r4, [r2, #0]
878028a6:	f8d0 c004 	ldr.w	ip, [r0, #4]
878028aa:	408b      	lsls	r3, r1
878028ac:	b934      	cbnz	r4, 878028bc <gpio_init+0x1c>
878028ae:	ea2c 0303 	bic.w	r3, ip, r3
878028b2:	6892      	ldr	r2, [r2, #8]
878028b4:	bc10      	pop	{r4}
878028b6:	6043      	str	r3, [r0, #4]
878028b8:	f7ff bfb2 	b.w	87802820 <gpio_interrupt_init>
878028bc:	ea4c 0c03 	orr.w	ip, ip, r3
878028c0:	f8c0 c004 	str.w	ip, [r0, #4]
878028c4:	f892 c004 	ldrb.w	ip, [r2, #4]
878028c8:	f1bc 0f00 	cmp.w	ip, #0
878028cc:	d108      	bne.n	878028e0 <gpio_init+0x40>
878028ce:	f8d0 c000 	ldr.w	ip, [r0]
878028d2:	bc10      	pop	{r4}
878028d4:	ea2c 0303 	bic.w	r3, ip, r3
878028d8:	6003      	str	r3, [r0, #0]
878028da:	6892      	ldr	r2, [r2, #8]
878028dc:	f7ff bfa0 	b.w	87802820 <gpio_interrupt_init>
878028e0:	f8d0 c000 	ldr.w	ip, [r0]
878028e4:	bc10      	pop	{r4}
878028e6:	ea4c 0303 	orr.w	r3, ip, r3
878028ea:	6003      	str	r3, [r0, #0]
878028ec:	6892      	ldr	r2, [r2, #8]
878028ee:	f7ff bf97 	b.w	87802820 <gpio_interrupt_init>
878028f2:	bf00      	nop

878028f4 <gpio_io18_irq_handler_t>:
878028f4:	200a      	movs	r0, #10
878028f6:	b508      	push	{r3, lr}
878028f8:	f7ff fe76 	bl	878025e8 <Delay>
878028fc:	f44f 4040 	mov.w	r0, #49152	@ 0xc000
87802900:	f2c0 2009 	movt	r0, #521	@ 0x209
87802904:	2112      	movs	r1, #18
87802906:	f7ff ff85 	bl	87802814 <gpio_get_interrupt_flag>
8780290a:	b900      	cbnz	r0, 8780290e <gpio_io18_irq_handler_t+0x1a>
8780290c:	bd08      	pop	{r3, pc}
8780290e:	4b09      	ldr	r3, [pc, #36]	@ (87802934 <gpio_io18_irq_handler_t+0x40>)
87802910:	447b      	add	r3, pc
87802912:	7818      	ldrb	r0, [r3, #0]
87802914:	fab0 f080 	clz	r0, r0
87802918:	0940      	lsrs	r0, r0, #5
8780291a:	7018      	strb	r0, [r3, #0]
8780291c:	f7ff fed6 	bl	878026cc <Beep_Switch>
87802920:	f44f 4040 	mov.w	r0, #49152	@ 0xc000
87802924:	f2c0 2009 	movt	r0, #521	@ 0x209
87802928:	2112      	movs	r1, #18
8780292a:	e8bd 4008 	ldmia.w	sp!, {r3, lr}
8780292e:	f7ff bf69 	b.w	87802804 <gpio_clear_interrupt_flag>
87802932:	bf00      	nop
87802934:	000014dc 	ldrdeq	r1, [r0], -ip

87802938 <Exit_Init>:
87802938:	b530      	push	{r4, r5, lr}
8780293a:	2300      	movs	r3, #0
8780293c:	f2c0 230e 	movt	r3, #526	@ 0x20e
87802940:	b085      	sub	sp, #20
87802942:	f44f 4440 	mov.w	r4, #49152	@ 0xc000
87802946:	f2c0 2409 	movt	r4, #521	@ 0x209
8780294a:	2105      	movs	r1, #5
8780294c:	2080      	movs	r0, #128	@ 0x80
8780294e:	f8c3 108c 	str.w	r1, [r3, #140]	@ 0x8c
87802952:	aa01      	add	r2, sp, #4
87802954:	f8c3 0318 	str.w	r0, [r3, #792]	@ 0x318
87802958:	9103      	str	r1, [sp, #12]
8780295a:	4620      	mov	r0, r4
8780295c:	2112      	movs	r1, #18
8780295e:	2500      	movs	r5, #0
87802960:	9501      	str	r5, [sp, #4]
87802962:	f88d 5008 	strb.w	r5, [sp, #8]
87802966:	f7ff ff9b 	bl	878028a0 <gpio_init>
8780296a:	ee9f 3f10 	mrc	15, 4, r3, cr15, cr0, {0}
8780296e:	f36f 030f 	bfc	r3, #0, #16
87802972:	4908      	ldr	r1, [pc, #32]	@ (87802994 <Exit_Init+0x5c>)
87802974:	f503 5380 	add.w	r3, r3, #4096	@ 0x1000
87802978:	462a      	mov	r2, r5
8780297a:	2008      	movs	r0, #8
8780297c:	4479      	add	r1, pc
8780297e:	f8c3 010c 	str.w	r0, [r3, #268]	@ 0x10c
87802982:	2063      	movs	r0, #99	@ 0x63
87802984:	f000 f92a 	bl	87802bdc <system_register_irq_handler>
87802988:	2112      	movs	r1, #18
8780298a:	4620      	mov	r0, r4
8780298c:	f7ff ff2c 	bl	878027e8 <gpio_enable_interrupt>
87802990:	b005      	add	sp, #20
87802992:	bd30      	pop	{r4, r5, pc}
87802994:	ffffff75 			@ <UNDEFINED> instruction: 0xffffff75

87802998 <EPIT1_IRQHandler>:
87802998:	b508      	push	{r3, lr}
8780299a:	2200      	movs	r2, #0
8780299c:	f2c0 220d 	movt	r2, #525	@ 0x20d
878029a0:	4b0a      	ldr	r3, [pc, #40]	@ (878029cc <EPIT1_IRQHandler+0x34>)
878029a2:	447b      	add	r3, pc
878029a4:	7819      	ldrb	r1, [r3, #0]
878029a6:	fab1 f181 	clz	r1, r1
878029aa:	0949      	lsrs	r1, r1, #5
878029ac:	7019      	strb	r1, [r3, #0]
878029ae:	6853      	ldr	r3, [r2, #4]
878029b0:	07db      	lsls	r3, r3, #31
878029b2:	d407      	bmi.n	878029c4 <EPIT1_IRQHandler+0x2c>
878029b4:	2300      	movs	r3, #0
878029b6:	f2c0 230d 	movt	r3, #525	@ 0x20d
878029ba:	685a      	ldr	r2, [r3, #4]
878029bc:	f042 0201 	orr.w	r2, r2, #1
878029c0:	605a      	str	r2, [r3, #4]
878029c2:	bd08      	pop	{r3, pc}
878029c4:	2000      	movs	r0, #0
878029c6:	f7ff fe4b 	bl	87802660 <LED_Switch>
878029ca:	e7f3      	b.n	878029b4 <EPIT1_IRQHandler+0x1c>
878029cc:	0000144b 	andeq	r1, r0, fp, asr #8

878029d0 <EPIT1_Init>:
878029d0:	b510      	push	{r4, lr}
878029d2:	f640 73ff 	movw	r3, #4095	@ 0xfff
878029d6:	2400      	movs	r4, #0
878029d8:	f2c0 240d 	movt	r4, #525	@ 0x20d
878029dc:	4298      	cmp	r0, r3
878029de:	bf28      	it	cs
878029e0:	4618      	movcs	r0, r3
878029e2:	230e      	movs	r3, #14
878029e4:	f2c0 1300 	movt	r3, #256	@ 0x100
878029e8:	2200      	movs	r2, #0
878029ea:	ea43 1300 	orr.w	r3, r3, r0, lsl #4
878029ee:	6022      	str	r2, [r4, #0]
878029f0:	6023      	str	r3, [r4, #0]
878029f2:	60a1      	str	r1, [r4, #8]
878029f4:	60e2      	str	r2, [r4, #12]
878029f6:	ee9f 3f10 	mrc	15, 4, r3, cr15, cr0, {0}
878029fa:	f36f 030f 	bfc	r3, #0, #16
878029fe:	4908      	ldr	r1, [pc, #32]	@ (87802a20 <EPIT1_Init+0x50>)
87802a00:	f503 5380 	add.w	r3, r3, #4096	@ 0x1000
87802a04:	f04f 7080 	mov.w	r0, #16777216	@ 0x1000000
87802a08:	4479      	add	r1, pc
87802a0a:	f8c3 0108 	str.w	r0, [r3, #264]	@ 0x108
87802a0e:	2058      	movs	r0, #88	@ 0x58
87802a10:	f000 f8e4 	bl	87802bdc <system_register_irq_handler>
87802a14:	6823      	ldr	r3, [r4, #0]
87802a16:	f043 0301 	orr.w	r3, r3, #1
87802a1a:	6023      	str	r3, [r4, #0]
87802a1c:	bd10      	pop	{r4, pc}
87802a1e:	bf00      	nop
87802a20:	ffffff8d 			@ <UNDEFINED> instruction: 0xffffff8d

87802a24 <keyfilter_irq_handler_t>:
87802a24:	2300      	movs	r3, #0
87802a26:	f2c0 230d 	movt	r3, #525	@ 0x20d
87802a2a:	f44f 5c91 	mov.w	ip, #4640	@ 0x1220
87802a2e:	f2c0 0c0a 	movt	ip, #10
87802a32:	f44f 4040 	mov.w	r0, #49152	@ 0xc000
87802a36:	f2c0 2009 	movt	r0, #521	@ 0x209
87802a3a:	681a      	ldr	r2, [r3, #0]
87802a3c:	2112      	movs	r1, #18
87802a3e:	f022 0201 	bic.w	r2, r2, #1
87802a42:	601a      	str	r2, [r3, #0]
87802a44:	f8c3 c008 	str.w	ip, [r3, #8]
87802a48:	681a      	ldr	r2, [r3, #0]
87802a4a:	f042 0201 	orr.w	r2, r2, #1
87802a4e:	601a      	str	r2, [r3, #0]
87802a50:	f7ff bed8 	b.w	87802804 <gpio_clear_interrupt_flag>

87802a54 <KeyFilter_Init>:
87802a54:	b570      	push	{r4, r5, r6, lr}
87802a56:	2300      	movs	r3, #0
87802a58:	f2c0 230e 	movt	r3, #526	@ 0x20e
87802a5c:	b086      	sub	sp, #24
87802a5e:	4e27      	ldr	r6, [pc, #156]	@ (87802afc <KeyFilter_Init+0xa8>)
87802a60:	f44f 4440 	mov.w	r4, #49152	@ 0xc000
87802a64:	f2c0 2409 	movt	r4, #521	@ 0x209
87802a68:	2105      	movs	r1, #5
87802a6a:	2080      	movs	r0, #128	@ 0x80
87802a6c:	f8c3 108c 	str.w	r1, [r3, #140]	@ 0x8c
87802a70:	aa03      	add	r2, sp, #12
87802a72:	f8c3 0318 	str.w	r0, [r3, #792]	@ 0x318
87802a76:	4620      	mov	r0, r4
87802a78:	9105      	str	r1, [sp, #20]
87802a7a:	2112      	movs	r1, #18
87802a7c:	2500      	movs	r5, #0
87802a7e:	447e      	add	r6, pc
87802a80:	9503      	str	r5, [sp, #12]
87802a82:	f88d 5010 	strb.w	r5, [sp, #16]
87802a86:	f7ff ff0b 	bl	878028a0 <gpio_init>
87802a8a:	ee9f 3f10 	mrc	15, 4, r3, cr15, cr0, {0}
87802a8e:	f36f 030f 	bfc	r3, #0, #16
87802a92:	491b      	ldr	r1, [pc, #108]	@ (87802b00 <KeyFilter_Init+0xac>)
87802a94:	f503 5380 	add.w	r3, r3, #4096	@ 0x1000
87802a98:	2208      	movs	r2, #8
87802a9a:	4479      	add	r1, pc
87802a9c:	2063      	movs	r0, #99	@ 0x63
87802a9e:	f8c3 210c 	str.w	r2, [r3, #268]	@ 0x10c
87802aa2:	462a      	mov	r2, r5
87802aa4:	f000 f89a 	bl	87802bdc <system_register_irq_handler>
87802aa8:	4620      	mov	r0, r4
87802aaa:	462c      	mov	r4, r5
87802aac:	2112      	movs	r1, #18
87802aae:	f2c0 240d 	movt	r4, #525	@ 0x20d
87802ab2:	f7ff fe99 	bl	878027e8 <gpio_enable_interrupt>
87802ab6:	220e      	movs	r2, #14
87802ab8:	f2c0 1200 	movt	r2, #256	@ 0x100
87802abc:	f44f 5391 	mov.w	r3, #4640	@ 0x1220
87802ac0:	f2c0 030a 	movt	r3, #10
87802ac4:	6025      	str	r5, [r4, #0]
87802ac6:	6022      	str	r2, [r4, #0]
87802ac8:	60a3      	str	r3, [r4, #8]
87802aca:	60e5      	str	r5, [r4, #12]
87802acc:	ee9f 3f10 	mrc	15, 4, r3, cr15, cr0, {0}
87802ad0:	f36f 030f 	bfc	r3, #0, #16
87802ad4:	f04f 7180 	mov.w	r1, #16777216	@ 0x1000000
87802ad8:	f503 5380 	add.w	r3, r3, #4096	@ 0x1000
87802adc:	462a      	mov	r2, r5
87802ade:	2058      	movs	r0, #88	@ 0x58
87802ae0:	f8c3 1108 	str.w	r1, [r3, #264]	@ 0x108
87802ae4:	4b07      	ldr	r3, [pc, #28]	@ (87802b04 <KeyFilter_Init+0xb0>)
87802ae6:	58f3      	ldr	r3, [r6, r3]
87802ae8:	9301      	str	r3, [sp, #4]
87802aea:	4619      	mov	r1, r3
87802aec:	f000 f876 	bl	87802bdc <system_register_irq_handler>
87802af0:	6823      	ldr	r3, [r4, #0]
87802af2:	f043 0301 	orr.w	r3, r3, #1
87802af6:	6023      	str	r3, [r4, #0]
87802af8:	b006      	add	sp, #24
87802afa:	bd70      	pop	{r4, r5, r6, pc}
87802afc:	ffffd57e 			@ <UNDEFINED> instruction: 0xffffd57e
87802b00:	ffffff87 			@ <UNDEFINED> instruction: 0xffffff87
87802b04:	0000017c 	andeq	r0, r0, ip, ror r1

87802b08 <keyfilter_timer_init>:
87802b08:	b510      	push	{r4, lr}
87802b0a:	2400      	movs	r4, #0
87802b0c:	f2c0 240d 	movt	r4, #525	@ 0x20d
87802b10:	4910      	ldr	r1, [pc, #64]	@ (87802b54 <keyfilter_timer_init+0x4c>)
87802b12:	b082      	sub	sp, #8
87802b14:	2200      	movs	r2, #0
87802b16:	230e      	movs	r3, #14
87802b18:	f2c0 1300 	movt	r3, #256	@ 0x100
87802b1c:	6022      	str	r2, [r4, #0]
87802b1e:	4479      	add	r1, pc
87802b20:	6023      	str	r3, [r4, #0]
87802b22:	60a0      	str	r0, [r4, #8]
87802b24:	60e2      	str	r2, [r4, #12]
87802b26:	ee9f 3f10 	mrc	15, 4, r3, cr15, cr0, {0}
87802b2a:	f36f 030f 	bfc	r3, #0, #16
87802b2e:	f04f 7080 	mov.w	r0, #16777216	@ 0x1000000
87802b32:	f503 5380 	add.w	r3, r3, #4096	@ 0x1000
87802b36:	f8c3 0108 	str.w	r0, [r3, #264]	@ 0x108
87802b3a:	2058      	movs	r0, #88	@ 0x58
87802b3c:	4b06      	ldr	r3, [pc, #24]	@ (87802b58 <keyfilter_timer_init+0x50>)
87802b3e:	58cb      	ldr	r3, [r1, r3]
87802b40:	9301      	str	r3, [sp, #4]
87802b42:	4619      	mov	r1, r3
87802b44:	f000 f84a 	bl	87802bdc <system_register_irq_handler>
87802b48:	6823      	ldr	r3, [r4, #0]
87802b4a:	f043 0301 	orr.w	r3, r3, #1
87802b4e:	6023      	str	r3, [r4, #0]
87802b50:	b002      	add	sp, #8
87802b52:	bd10      	pop	{r4, pc}
87802b54:	ffffd4de 			@ <UNDEFINED> instruction: 0xffffd4de
87802b58:	0000017c 	andeq	r0, r0, ip, ror r1

87802b5c <keyfilter_timer_stop>:
87802b5c:	2300      	movs	r3, #0
87802b5e:	f2c0 230d 	movt	r3, #525	@ 0x20d
87802b62:	681a      	ldr	r2, [r3, #0]
87802b64:	f022 0201 	bic.w	r2, r2, #1
87802b68:	601a      	str	r2, [r3, #0]
87802b6a:	4770      	bx	lr

87802b6c <keyfilter_timer_restart>:
87802b6c:	2300      	movs	r3, #0
87802b6e:	f2c0 230d 	movt	r3, #525	@ 0x20d
87802b72:	681a      	ldr	r2, [r3, #0]
87802b74:	f022 0201 	bic.w	r2, r2, #1
87802b78:	601a      	str	r2, [r3, #0]
87802b7a:	6098      	str	r0, [r3, #8]
87802b7c:	681a      	ldr	r2, [r3, #0]
87802b7e:	f042 0201 	orr.w	r2, r2, #1
87802b82:	601a      	str	r2, [r3, #0]
87802b84:	4770      	bx	lr
87802b86:	bf00      	nop

87802b88 <keyfilter_EPIT1_IRQHandler>:
87802b88:	b508      	push	{r3, lr}
87802b8a:	2300      	movs	r3, #0
87802b8c:	f2c0 230d 	movt	r3, #525	@ 0x20d
87802b90:	685a      	ldr	r2, [r3, #4]
87802b92:	07d2      	lsls	r2, r2, #31
87802b94:	d407      	bmi.n	87802ba6 <keyfilter_EPIT1_IRQHandler+0x1e>
87802b96:	2300      	movs	r3, #0
87802b98:	f2c0 230d 	movt	r3, #525	@ 0x20d
87802b9c:	685a      	ldr	r2, [r3, #4]
87802b9e:	f042 0201 	orr.w	r2, r2, #1
87802ba2:	605a      	str	r2, [r3, #4]
87802ba4:	bd08      	pop	{r3, pc}
87802ba6:	681a      	ldr	r2, [r3, #0]
87802ba8:	f44f 4040 	mov.w	r0, #49152	@ 0xc000
87802bac:	f2c0 2009 	movt	r0, #521	@ 0x209
87802bb0:	2112      	movs	r1, #18
87802bb2:	f022 0201 	bic.w	r2, r2, #1
87802bb6:	601a      	str	r2, [r3, #0]
87802bb8:	f7ff fe10 	bl	878027dc <gpio_pinread>
87802bbc:	2800      	cmp	r0, #0
87802bbe:	d1ea      	bne.n	87802b96 <keyfilter_EPIT1_IRQHandler+0xe>
87802bc0:	4b04      	ldr	r3, [pc, #16]	@ (87802bd4 <keyfilter_EPIT1_IRQHandler+0x4c>)
87802bc2:	447b      	add	r3, pc
87802bc4:	7818      	ldrb	r0, [r3, #0]
87802bc6:	fab0 f080 	clz	r0, r0
87802bca:	0940      	lsrs	r0, r0, #5
87802bcc:	7018      	strb	r0, [r3, #0]
87802bce:	f7ff fd7d 	bl	878026cc <Beep_Switch>
87802bd2:	e7e0      	b.n	87802b96 <keyfilter_EPIT1_IRQHandler+0xe>
87802bd4:	0000122c 	andeq	r1, r0, ip, lsr #4

87802bd8 <default_handler_t>:
87802bd8:	e7fe      	b.n	87802bd8 <default_handler_t>
87802bda:	bf00      	nop

87802bdc <system_register_irq_handler>:
87802bdc:	289f      	cmp	r0, #159	@ 0x9f
87802bde:	dc07      	bgt.n	87802bf0 <system_register_irq_handler+0x14>
87802be0:	4b04      	ldr	r3, [pc, #16]	@ (87802bf4 <system_register_irq_handler+0x18>)
87802be2:	447b      	add	r3, pc
87802be4:	eb03 0cc0 	add.w	ip, r3, r0, lsl #3
87802be8:	f843 1030 	str.w	r1, [r3, r0, lsl #3]
87802bec:	f8cc 2004 	str.w	r2, [ip, #4]
87802bf0:	4770      	bx	lr
87802bf2:	bf00      	nop
87802bf4:	0000120e 	andeq	r1, r0, lr, lsl #4

87802bf8 <INT_Init>:
87802bf8:	b500      	push	{lr}
87802bfa:	ee9f 2f10 	mrc	15, 4, r2, cr15, cr0, {0}
87802bfe:	f36f 020f 	bfc	r2, #0, #16
87802c02:	2300      	movs	r3, #0
87802c04:	f502 5e80 	add.w	lr, r2, #4096	@ 0x1000
87802c08:	f04f 3cff 	mov.w	ip, #4294967295	@ 0xffffffff
87802c0c:	f8de 0004 	ldr.w	r0, [lr, #4]
87802c10:	f000 001f 	and.w	r0, r0, #31
87802c14:	3001      	adds	r0, #1
87802c16:	f503 618c 	add.w	r1, r3, #1120	@ 0x460
87802c1a:	3301      	adds	r3, #1
87802c1c:	4298      	cmp	r0, r3
87802c1e:	f842 c021 	str.w	ip, [r2, r1, lsl #2]
87802c22:	d1f8      	bne.n	87802c16 <INT_Init+0x1e>
87802c24:	4810      	ldr	r0, [pc, #64]	@ (87802c68 <INT_Init+0x70>)
87802c26:	f502 5100 	add.w	r1, r2, #8192	@ 0x2000
87802c2a:	23f8      	movs	r3, #248	@ 0xf8
87802c2c:	2200      	movs	r2, #0
87802c2e:	4478      	add	r0, pc
87802c30:	f04f 0c01 	mov.w	ip, #1
87802c34:	604b      	str	r3, [r1, #4]
87802c36:	2302      	movs	r3, #2
87802c38:	608b      	str	r3, [r1, #8]
87802c3a:	4603      	mov	r3, r0
87802c3c:	f8c0 2500 	str.w	r2, [r0, #1280]	@ 0x500
87802c40:	480a      	ldr	r0, [pc, #40]	@ (87802c6c <INT_Init+0x74>)
87802c42:	f8ce c000 	str.w	ip, [lr]
87802c46:	4478      	add	r0, pc
87802c48:	f8c1 c000 	str.w	ip, [r1]
87802c4c:	f503 61a0 	add.w	r1, r3, #1280	@ 0x500
87802c50:	e9c3 0200 	strd	r0, r2, [r3]
87802c54:	3308      	adds	r3, #8
87802c56:	4299      	cmp	r1, r3
87802c58:	d1fa      	bne.n	87802c50 <INT_Init+0x58>
87802c5a:	2300      	movs	r3, #0
87802c5c:	f2c8 7380 	movt	r3, #34688	@ 0x8780
87802c60:	ee0c 3f10 	mcr	15, 0, r3, cr12, cr0, {0}
87802c64:	bd00      	pop	{pc}
87802c66:	bf00      	nop
87802c68:	000011c2 	andeq	r1, r0, r2, asr #3
87802c6c:	ffffff8f 			@ <UNDEFINED> instruction: 0xffffff8f

87802c70 <system_irqhandler>:
87802c70:	b530      	push	{r4, r5, lr}
87802c72:	f3c0 0509 	ubfx	r5, r0, #0, #10
87802c76:	2d9f      	cmp	r5, #159	@ 0x9f
87802c78:	b083      	sub	sp, #12
87802c7a:	bf88      	it	hi
87802c7c:	00eb      	lslhi	r3, r5, #3
87802c7e:	d80a      	bhi.n	87802c96 <system_irqhandler+0x26>
87802c80:	4a0f      	ldr	r2, [pc, #60]	@ (87802cc0 <system_irqhandler+0x50>)
87802c82:	00eb      	lsls	r3, r5, #3
87802c84:	4628      	mov	r0, r5
87802c86:	9301      	str	r3, [sp, #4]
87802c88:	447a      	add	r2, pc
87802c8a:	18d1      	adds	r1, r2, r3
87802c8c:	f852 2035 	ldr.w	r2, [r2, r5, lsl #3]
87802c90:	6849      	ldr	r1, [r1, #4]
87802c92:	4790      	blx	r2
87802c94:	9b01      	ldr	r3, [sp, #4]
87802c96:	4c0b      	ldr	r4, [pc, #44]	@ (87802cc4 <system_irqhandler+0x54>)
87802c98:	4628      	mov	r0, r5
87802c9a:	447c      	add	r4, pc
87802c9c:	4423      	add	r3, r4
87802c9e:	f8d4 2500 	ldr.w	r2, [r4, #1280]	@ 0x500
87802ca2:	6859      	ldr	r1, [r3, #4]
87802ca4:	f854 5035 	ldr.w	r5, [r4, r5, lsl #3]
87802ca8:	3201      	adds	r2, #1
87802caa:	f8c4 2500 	str.w	r2, [r4, #1280]	@ 0x500
87802cae:	47a8      	blx	r5
87802cb0:	f8d4 3500 	ldr.w	r3, [r4, #1280]	@ 0x500
87802cb4:	3b01      	subs	r3, #1
87802cb6:	f8c4 3500 	str.w	r3, [r4, #1280]	@ 0x500
87802cba:	b003      	add	sp, #12
87802cbc:	bd30      	pop	{r4, r5, pc}
87802cbe:	bf00      	nop
87802cc0:	00001168 	andeq	r1, r0, r8, ror #2
87802cc4:	00001156 	andeq	r1, r0, r6, asr r1

87802cc8 <default_handler>:
87802cc8:	4770      	bx	lr
87802cca:	bf00      	nop

87802ccc <UART_IO_Init>:
87802ccc:	2300      	movs	r3, #0
87802cce:	f2c0 230e 	movt	r3, #526	@ 0x20e
87802cd2:	2100      	movs	r1, #0
87802cd4:	f241 02b0 	movw	r2, #4272	@ 0x10b0
87802cd8:	2003      	movs	r0, #3
87802cda:	f8c3 1084 	str.w	r1, [r3, #132]	@ 0x84
87802cde:	f8c3 1088 	str.w	r1, [r3, #136]	@ 0x88
87802ce2:	f8c3 0624 	str.w	r0, [r3, #1572]	@ 0x624
87802ce6:	f8c3 2310 	str.w	r2, [r3, #784]	@ 0x310
87802cea:	f8c3 2314 	str.w	r2, [r3, #788]	@ 0x314
87802cee:	4770      	bx	lr

87802cf0 <UART_SetBaudrate>:
87802cf0:	e92d 4ff0 	stmdb	sp!, {r4, r5, r6, r7, r8, r9, sl, fp, lr}
87802cf4:	460d      	mov	r5, r1
87802cf6:	4682      	mov	sl, r0
87802cf8:	b085      	sub	sp, #20
87802cfa:	4693      	mov	fp, r2
87802cfc:	010e      	lsls	r6, r1, #4
87802cfe:	f000 80ca 	beq.w	87802e96 <UART_SetBaudrate+0x1a6>
87802d02:	4634      	mov	r4, r6
87802d04:	4610      	mov	r0, r2
87802d06:	4621      	mov	r1, r4
87802d08:	f000 fa70 	bl	878031ec <__aeabi_uidivmod>
87802d0c:	4620      	mov	r0, r4
87802d0e:	460c      	mov	r4, r1
87802d10:	2900      	cmp	r1, #0
87802d12:	d1f8      	bne.n	87802d06 <UART_SetBaudrate+0x16>
87802d14:	4601      	mov	r1, r0
87802d16:	4607      	mov	r7, r0
87802d18:	4658      	mov	r0, fp
87802d1a:	f000 f939 	bl	87802f90 <__udivsi3>
87802d1e:	4639      	mov	r1, r7
87802d20:	4680      	mov	r8, r0
87802d22:	4630      	mov	r0, r6
87802d24:	f000 f934 	bl	87802f90 <__udivsi3>
87802d28:	4606      	mov	r6, r0
87802d2a:	f64f 73f9 	movw	r3, #65529	@ 0xfff9
87802d2e:	f2c0 0306 	movt	r3, #6
87802d32:	465c      	mov	r4, fp
87802d34:	4598      	cmp	r8, r3
87802d36:	bf98      	it	ls
87802d38:	f5b6 3f80 	cmpls.w	r6, #65536	@ 0x10000
87802d3c:	d37c      	bcc.n	87802e38 <UART_SetBaudrate+0x148>
87802d3e:	f108 32ff 	add.w	r2, r8, #4294967295	@ 0xffffffff
87802d42:	f646 53b9 	movw	r3, #28089	@ 0x6db9
87802d46:	f2c2 4393 	movt	r3, #9363	@ 0x2493
87802d4a:	4640      	mov	r0, r8
87802d4c:	fba3 1302 	umull	r1, r3, r3, r2
87802d50:	1ad2      	subs	r2, r2, r3
87802d52:	eb03 0752 	add.w	r7, r3, r2, lsr #1
87802d56:	1e73      	subs	r3, r6, #1
87802d58:	f248 0201 	movw	r2, #32769	@ 0x8001
87802d5c:	f2c8 0200 	movt	r2, #32768	@ 0x8000
87802d60:	0cbf      	lsrs	r7, r7, #18
87802d62:	3701      	adds	r7, #1
87802d64:	fba2 2303 	umull	r2, r3, r2, r3
87802d68:	0bdb      	lsrs	r3, r3, #15
87802d6a:	3301      	adds	r3, #1
87802d6c:	429f      	cmp	r7, r3
87802d6e:	bf38      	it	cc
87802d70:	461f      	movcc	r7, r3
87802d72:	4639      	mov	r1, r7
87802d74:	f000 f90c 	bl	87802f90 <__udivsi3>
87802d78:	4639      	mov	r1, r7
87802d7a:	4681      	mov	r9, r0
87802d7c:	4630      	mov	r0, r6
87802d7e:	f000 f907 	bl	87802f90 <__udivsi3>
87802d82:	4547      	cmp	r7, r8
87802d84:	d954      	bls.n	87802e30 <UART_SetBaudrate+0x140>
87802d86:	42b7      	cmp	r7, r6
87802d88:	d976      	bls.n	87802e78 <UART_SetBaudrate+0x188>
87802d8a:	2301      	movs	r3, #1
87802d8c:	f04f 0910 	mov.w	r9, #16
87802d90:	461e      	mov	r6, r3
87802d92:	4698      	mov	r8, r3
87802d94:	9301      	str	r3, [sp, #4]
87802d96:	9303      	str	r3, [sp, #12]
87802d98:	2305      	movs	r3, #5
87802d9a:	9302      	str	r3, [sp, #8]
87802d9c:	464a      	mov	r2, r9
87802d9e:	2300      	movs	r3, #0
87802da0:	4620      	mov	r0, r4
87802da2:	4619      	mov	r1, r3
87802da4:	4614      	mov	r4, r2
87802da6:	4617      	mov	r7, r2
87802da8:	f000 fa2c 	bl	87803204 <__aeabi_uldivmod>
87802dac:	2a00      	cmp	r2, #0
87802dae:	d1f6      	bne.n	87802d9e <UART_SetBaudrate+0xae>
87802db0:	4621      	mov	r1, r4
87802db2:	4658      	mov	r0, fp
87802db4:	f000 f8ec 	bl	87802f90 <__udivsi3>
87802db8:	4639      	mov	r1, r7
87802dba:	4604      	mov	r4, r0
87802dbc:	4648      	mov	r0, r9
87802dbe:	f000 f8e7 	bl	87802f90 <__udivsi3>
87802dc2:	4602      	mov	r2, r0
87802dc4:	9b01      	ldr	r3, [sp, #4]
87802dc6:	fba3 0104 	umull	r0, r1, r3, r4
87802dca:	2300      	movs	r3, #0
87802dcc:	f000 fa1a 	bl	87803204 <__aeabi_uldivmod>
87802dd0:	42a8      	cmp	r0, r5
87802dd2:	f171 0200 	sbcs.w	r2, r1, #0
87802dd6:	d348      	bcc.n	87802e6a <UART_SetBaudrate+0x17a>
87802dd8:	1b40      	subs	r0, r0, r5
87802dda:	f161 0100 	sbc.w	r1, r1, #0
87802dde:	f248 531f 	movw	r3, #34079	@ 0x851f
87802de2:	f2c5 13eb 	movt	r3, #20971	@ 0x51eb
87802de6:	fba3 3505 	umull	r3, r5, r3, r5
87802dea:	096d      	lsrs	r5, r5, #5
87802dec:	eb05 0545 	add.w	r5, r5, r5, lsl #1
87802df0:	42a8      	cmp	r0, r5
87802df2:	f171 0100 	sbcs.w	r1, r1, #0
87802df6:	d218      	bcs.n	87802e2a <UART_SetBaudrate+0x13a>
87802df8:	f8da 3090 	ldr.w	r3, [sl, #144]	@ 0x90
87802dfc:	3e01      	subs	r6, #1
87802dfe:	9a02      	ldr	r2, [sp, #8]
87802e00:	4640      	mov	r0, r8
87802e02:	f423 7360 	bic.w	r3, r3, #896	@ 0x380
87802e06:	f8ca 3090 	str.w	r3, [sl, #144]	@ 0x90
87802e0a:	9903      	ldr	r1, [sp, #12]
87802e0c:	b2b6      	uxth	r6, r6
87802e0e:	f8da 3090 	ldr.w	r3, [sl, #144]	@ 0x90
87802e12:	ea43 13c2 	orr.w	r3, r3, r2, lsl #7
87802e16:	f8ca 3090 	str.w	r3, [sl, #144]	@ 0x90
87802e1a:	f8ca 60a4 	str.w	r6, [sl, #164]	@ 0xa4
87802e1e:	f000 f8b7 	bl	87802f90 <__udivsi3>
87802e22:	1e43      	subs	r3, r0, #1
87802e24:	b29b      	uxth	r3, r3
87802e26:	f8ca 30a8 	str.w	r3, [sl, #168]	@ 0xa8
87802e2a:	b005      	add	sp, #20
87802e2c:	e8bd 8ff0 	ldmia.w	sp!, {r4, r5, r6, r7, r8, r9, sl, fp, pc}
87802e30:	42b7      	cmp	r7, r6
87802e32:	d92c      	bls.n	87802e8e <UART_SetBaudrate+0x19e>
87802e34:	46c8      	mov	r8, r9
87802e36:	2601      	movs	r6, #1
87802e38:	9601      	str	r6, [sp, #4]
87802e3a:	f108 33ff 	add.w	r3, r8, #4294967295	@ 0xffffffff
87802e3e:	f248 0201 	movw	r2, #32769	@ 0x8001
87802e42:	f2c8 0200 	movt	r2, #32768	@ 0x8000
87802e46:	fba2 2303 	umull	r2, r3, r2, r3
87802e4a:	0bdb      	lsrs	r3, r3, #15
87802e4c:	1e5a      	subs	r2, r3, #1
87802e4e:	3301      	adds	r3, #1
87802e50:	2a05      	cmp	r2, #5
87802e52:	9303      	str	r3, [sp, #12]
87802e54:	d80d      	bhi.n	87802e72 <UART_SetBaudrate+0x182>
87802e56:	4b11      	ldr	r3, [pc, #68]	@ (87802e9c <UART_SetBaudrate+0x1ac>)
87802e58:	447b      	add	r3, pc
87802e5a:	f853 3022 	ldr.w	r3, [r3, r2, lsl #2]
87802e5e:	9302      	str	r3, [sp, #8]
87802e60:	ea5f 1908 	movs.w	r9, r8, lsl #4
87802e64:	d19a      	bne.n	87802d9c <UART_SetBaudrate+0xac>
87802e66:	464a      	mov	r2, r9
87802e68:	e7ac      	b.n	87802dc4 <UART_SetBaudrate+0xd4>
87802e6a:	1a28      	subs	r0, r5, r0
87802e6c:	eb61 0141 	sbc.w	r1, r1, r1, lsl #1
87802e70:	e7b5      	b.n	87802dde <UART_SetBaudrate+0xee>
87802e72:	2305      	movs	r3, #5
87802e74:	9302      	str	r3, [sp, #8]
87802e76:	e7f3      	b.n	87802e60 <UART_SetBaudrate+0x170>
87802e78:	f04f 0801 	mov.w	r8, #1
87802e7c:	2305      	movs	r3, #5
87802e7e:	4606      	mov	r6, r0
87802e80:	f04f 0910 	mov.w	r9, #16
87802e84:	9001      	str	r0, [sp, #4]
87802e86:	f8cd 800c 	str.w	r8, [sp, #12]
87802e8a:	9302      	str	r3, [sp, #8]
87802e8c:	e786      	b.n	87802d9c <UART_SetBaudrate+0xac>
87802e8e:	4606      	mov	r6, r0
87802e90:	46c8      	mov	r8, r9
87802e92:	9001      	str	r0, [sp, #4]
87802e94:	e7d1      	b.n	87802e3a <UART_SetBaudrate+0x14a>
87802e96:	4690      	mov	r8, r2
87802e98:	e747      	b.n	87802d2a <UART_SetBaudrate+0x3a>
87802e9a:	bf00      	nop
87802e9c:	0000066c 	andeq	r0, r0, ip, ror #12

87802ea0 <UART_Init>:
87802ea0:	2300      	movs	r3, #0
87802ea2:	f2c0 230e 	movt	r3, #526	@ 0x20e
87802ea6:	b510      	push	{r4, lr}
87802ea8:	2400      	movs	r4, #0
87802eaa:	f2c0 2402 	movt	r4, #514	@ 0x202
87802eae:	2100      	movs	r1, #0
87802eb0:	f241 02b0 	movw	r2, #4272	@ 0x10b0
87802eb4:	f8c3 1084 	str.w	r1, [r3, #132]	@ 0x84
87802eb8:	2003      	movs	r0, #3
87802eba:	f8c3 1088 	str.w	r1, [r3, #136]	@ 0x88
87802ebe:	f8c3 0624 	str.w	r0, [r3, #1572]	@ 0x624
87802ec2:	f8c3 2310 	str.w	r2, [r3, #784]	@ 0x310
87802ec6:	f8c3 2314 	str.w	r2, [r3, #788]	@ 0x314
87802eca:	f8d4 3080 	ldr.w	r3, [r4, #128]	@ 0x80
87802ece:	f023 0301 	bic.w	r3, r3, #1
87802ed2:	f8c4 3080 	str.w	r3, [r4, #128]	@ 0x80
87802ed6:	f8d4 3084 	ldr.w	r3, [r4, #132]	@ 0x84
87802eda:	f043 0301 	orr.w	r3, r3, #1
87802ede:	f8c4 3084 	str.w	r3, [r4, #132]	@ 0x84
87802ee2:	f8d4 3084 	ldr.w	r3, [r4, #132]	@ 0x84
87802ee6:	07db      	lsls	r3, r3, #31
87802ee8:	d5fb      	bpl.n	87802ee2 <UART_Init+0x42>
87802eea:	2300      	movs	r3, #0
87802eec:	f8c4 3080 	str.w	r3, [r4, #128]	@ 0x80
87802ef0:	f44f 4234 	mov.w	r2, #46080	@ 0xb400
87802ef4:	f2c0 42c4 	movt	r2, #1220	@ 0x4c4
87802ef8:	f8d4 3080 	ldr.w	r3, [r4, #128]	@ 0x80
87802efc:	f44f 31e1 	mov.w	r1, #115200	@ 0x1c200
87802f00:	2000      	movs	r0, #0
87802f02:	f2c0 2002 	movt	r0, #514	@ 0x202
87802f06:	f423 4380 	bic.w	r3, r3, #16384	@ 0x4000
87802f0a:	f8c4 3080 	str.w	r3, [r4, #128]	@ 0x80
87802f0e:	f7ff feef 	bl	87802cf0 <UART_SetBaudrate>
87802f12:	f8d4 3080 	ldr.w	r3, [r4, #128]	@ 0x80
87802f16:	f043 0301 	orr.w	r3, r3, #1
87802f1a:	f8c4 3080 	str.w	r3, [r4, #128]	@ 0x80
87802f1e:	bd10      	pop	{r4, pc}

87802f20 <UART_Close>:
87802f20:	f8d0 3080 	ldr.w	r3, [r0, #128]	@ 0x80
87802f24:	f023 0301 	bic.w	r3, r3, #1
87802f28:	f8c0 3080 	str.w	r3, [r0, #128]	@ 0x80
87802f2c:	4770      	bx	lr
87802f2e:	bf00      	nop

87802f30 <UART_Open>:
87802f30:	f8d0 3080 	ldr.w	r3, [r0, #128]	@ 0x80
87802f34:	f043 0301 	orr.w	r3, r3, #1
87802f38:	f8c0 3080 	str.w	r3, [r0, #128]	@ 0x80
87802f3c:	4770      	bx	lr
87802f3e:	bf00      	nop

87802f40 <UART_SoftReset>:
87802f40:	f8d0 3084 	ldr.w	r3, [r0, #132]	@ 0x84
87802f44:	f043 0301 	orr.w	r3, r3, #1
87802f48:	f8c0 3084 	str.w	r3, [r0, #132]	@ 0x84
87802f4c:	f8d0 3084 	ldr.w	r3, [r0, #132]	@ 0x84
87802f50:	07db      	lsls	r3, r3, #31
87802f52:	d5fb      	bpl.n	87802f4c <UART_SoftReset+0xc>
87802f54:	4770      	bx	lr
87802f56:	bf00      	nop

87802f58 <UART_Read>:
87802f58:	f8d0 3098 	ldr.w	r3, [r0, #152]	@ 0x98
87802f5c:	075b      	lsls	r3, r3, #29
87802f5e:	d5fb      	bpl.n	87802f58 <UART_Read>
87802f60:	6800      	ldr	r0, [r0, #0]
87802f62:	b2c0      	uxtb	r0, r0
87802f64:	4770      	bx	lr
87802f66:	bf00      	nop

87802f68 <UART_Write>:
87802f68:	f8d0 3098 	ldr.w	r3, [r0, #152]	@ 0x98
87802f6c:	071b      	lsls	r3, r3, #28
87802f6e:	d5fb      	bpl.n	87802f68 <UART_Write>
87802f70:	6401      	str	r1, [r0, #64]	@ 0x40
87802f72:	4770      	bx	lr

87802f74 <UART_WriteString>:
87802f74:	780a      	ldrb	r2, [r1, #0]
87802f76:	b142      	cbz	r2, 87802f8a <UART_WriteString+0x16>
87802f78:	f8d0 3098 	ldr.w	r3, [r0, #152]	@ 0x98
87802f7c:	071b      	lsls	r3, r3, #28
87802f7e:	d5fb      	bpl.n	87802f78 <UART_WriteString+0x4>
87802f80:	6402      	str	r2, [r0, #64]	@ 0x40
87802f82:	f811 2f01 	ldrb.w	r2, [r1, #1]!
87802f86:	2a00      	cmp	r2, #0
87802f88:	d1f6      	bne.n	87802f78 <UART_WriteString+0x4>
87802f8a:	4770      	bx	lr

87802f8c <raise>:
87802f8c:	4770      	bx	lr
87802f8e:	bf00      	nop

87802f90 <__udivsi3>:
87802f90:	1e4a      	subs	r2, r1, #1
87802f92:	bf08      	it	eq
87802f94:	4770      	bxeq	lr
87802f96:	f0c0 8124 	bcc.w	878031e2 <__udivsi3+0x252>
87802f9a:	4288      	cmp	r0, r1
87802f9c:	f240 8116 	bls.w	878031cc <__udivsi3+0x23c>
87802fa0:	4211      	tst	r1, r2
87802fa2:	f000 8117 	beq.w	878031d4 <__udivsi3+0x244>
87802fa6:	fab0 f380 	clz	r3, r0
87802faa:	fab1 f281 	clz	r2, r1
87802fae:	eba2 0303 	sub.w	r3, r2, r3
87802fb2:	f1c3 031f 	rsb	r3, r3, #31
87802fb6:	a204      	add	r2, pc, #16	@ (adr r2, 87802fc8 <__udivsi3+0x38>)
87802fb8:	eb02 1303 	add.w	r3, r2, r3, lsl #4
87802fbc:	f04f 0200 	mov.w	r2, #0
87802fc0:	469f      	mov	pc, r3
87802fc2:	bf00      	nop
87802fc4:	f3af 8000 	nop.w
87802fc8:	ebb0 7fc1 	cmp.w	r0, r1, lsl #31
87802fcc:	bf00      	nop
87802fce:	eb42 0202 	adc.w	r2, r2, r2
87802fd2:	bf28      	it	cs
87802fd4:	eba0 70c1 	subcs.w	r0, r0, r1, lsl #31
87802fd8:	ebb0 7f81 	cmp.w	r0, r1, lsl #30
87802fdc:	bf00      	nop
87802fde:	eb42 0202 	adc.w	r2, r2, r2
87802fe2:	bf28      	it	cs
87802fe4:	eba0 7081 	subcs.w	r0, r0, r1, lsl #30
87802fe8:	ebb0 7f41 	cmp.w	r0, r1, lsl #29
87802fec:	bf00      	nop
87802fee:	eb42 0202 	adc.w	r2, r2, r2
87802ff2:	bf28      	it	cs
87802ff4:	eba0 7041 	subcs.w	r0, r0, r1, lsl #29
87802ff8:	ebb0 7f01 	cmp.w	r0, r1, lsl #28
87802ffc:	bf00      	nop
87802ffe:	eb42 0202 	adc.w	r2, r2, r2
87803002:	bf28      	it	cs
87803004:	eba0 7001 	subcs.w	r0, r0, r1, lsl #28
87803008:	ebb0 6fc1 	cmp.w	r0, r1, lsl #27
8780300c:	bf00      	nop
8780300e:	eb42 0202 	adc.w	r2, r2, r2
87803012:	bf28      	it	cs
87803014:	eba0 60c1 	subcs.w	r0, r0, r1, lsl #27
87803018:	ebb0 6f81 	cmp.w	r0, r1, lsl #26
8780301c:	bf00      	nop
8780301e:	eb42 0202 	adc.w	r2, r2, r2
87803022:	bf28      	it	cs
87803024:	eba0 6081 	subcs.w	r0, r0, r1, lsl #26
87803028:	ebb0 6f41 	cmp.w	r0, r1, lsl #25
8780302c:	bf00      	nop
8780302e:	eb42 0202 	adc.w	r2, r2, r2
87803032:	bf28      	it	cs
87803034:	eba0 6041 	subcs.w	r0, r0, r1, lsl #25
87803038:	ebb0 6f01 	cmp.w	r0, r1, lsl #24
8780303c:	bf00      	nop
8780303e:	eb42 0202 	adc.w	r2, r2, r2
87803042:	bf28      	it	cs
87803044:	eba0 6001 	subcs.w	r0, r0, r1, lsl #24
87803048:	ebb0 5fc1 	cmp.w	r0, r1, lsl #23
8780304c:	bf00      	nop
8780304e:	eb42 0202 	adc.w	r2, r2, r2
87803052:	bf28      	it	cs
87803054:	eba0 50c1 	subcs.w	r0, r0, r1, lsl #23
87803058:	ebb0 5f81 	cmp.w	r0, r1, lsl #22
8780305c:	bf00      	nop
8780305e:	eb42 0202 	adc.w	r2, r2, r2
87803062:	bf28      	it	cs
87803064:	eba0 5081 	subcs.w	r0, r0, r1, lsl #22
87803068:	ebb0 5f41 	cmp.w	r0, r1, lsl #21
8780306c:	bf00      	nop
8780306e:	eb42 0202 	adc.w	r2, r2, r2
87803072:	bf28      	it	cs
87803074:	eba0 5041 	subcs.w	r0, r0, r1, lsl #21
87803078:	ebb0 5f01 	cmp.w	r0, r1, lsl #20
8780307c:	bf00      	nop
8780307e:	eb42 0202 	adc.w	r2, r2, r2
87803082:	bf28      	it	cs
87803084:	eba0 5001 	subcs.w	r0, r0, r1, lsl #20
87803088:	ebb0 4fc1 	cmp.w	r0, r1, lsl #19
8780308c:	bf00      	nop
8780308e:	eb42 0202 	adc.w	r2, r2, r2
87803092:	bf28      	it	cs
87803094:	eba0 40c1 	subcs.w	r0, r0, r1, lsl #19
87803098:	ebb0 4f81 	cmp.w	r0, r1, lsl #18
8780309c:	bf00      	nop
8780309e:	eb42 0202 	adc.w	r2, r2, r2
878030a2:	bf28      	it	cs
878030a4:	eba0 4081 	subcs.w	r0, r0, r1, lsl #18
878030a8:	ebb0 4f41 	cmp.w	r0, r1, lsl #17
878030ac:	bf00      	nop
878030ae:	eb42 0202 	adc.w	r2, r2, r2
878030b2:	bf28      	it	cs
878030b4:	eba0 4041 	subcs.w	r0, r0, r1, lsl #17
878030b8:	ebb0 4f01 	cmp.w	r0, r1, lsl #16
878030bc:	bf00      	nop
878030be:	eb42 0202 	adc.w	r2, r2, r2
878030c2:	bf28      	it	cs
878030c4:	eba0 4001 	subcs.w	r0, r0, r1, lsl #16
878030c8:	ebb0 3fc1 	cmp.w	r0, r1, lsl #15
878030cc:	bf00      	nop
878030ce:	eb42 0202 	adc.w	r2, r2, r2
878030d2:	bf28      	it	cs
878030d4:	eba0 30c1 	subcs.w	r0, r0, r1, lsl #15
878030d8:	ebb0 3f81 	cmp.w	r0, r1, lsl #14
878030dc:	bf00      	nop
878030de:	eb42 0202 	adc.w	r2, r2, r2
878030e2:	bf28      	it	cs
878030e4:	eba0 3081 	subcs.w	r0, r0, r1, lsl #14
878030e8:	ebb0 3f41 	cmp.w	r0, r1, lsl #13
878030ec:	bf00      	nop
878030ee:	eb42 0202 	adc.w	r2, r2, r2
878030f2:	bf28      	it	cs
878030f4:	eba0 3041 	subcs.w	r0, r0, r1, lsl #13
878030f8:	ebb0 3f01 	cmp.w	r0, r1, lsl #12
878030fc:	bf00      	nop
878030fe:	eb42 0202 	adc.w	r2, r2, r2
87803102:	bf28      	it	cs
87803104:	eba0 3001 	subcs.w	r0, r0, r1, lsl #12
87803108:	ebb0 2fc1 	cmp.w	r0, r1, lsl #11
8780310c:	bf00      	nop
8780310e:	eb42 0202 	adc.w	r2, r2, r2
87803112:	bf28      	it	cs
87803114:	eba0 20c1 	subcs.w	r0, r0, r1, lsl #11
87803118:	ebb0 2f81 	cmp.w	r0, r1, lsl #10
8780311c:	bf00      	nop
8780311e:	eb42 0202 	adc.w	r2, r2, r2
87803122:	bf28      	it	cs
87803124:	eba0 2081 	subcs.w	r0, r0, r1, lsl #10
87803128:	ebb0 2f41 	cmp.w	r0, r1, lsl #9
8780312c:	bf00      	nop
8780312e:	eb42 0202 	adc.w	r2, r2, r2
87803132:	bf28      	it	cs
87803134:	eba0 2041 	subcs.w	r0, r0, r1, lsl #9
87803138:	ebb0 2f01 	cmp.w	r0, r1, lsl #8
8780313c:	bf00      	nop
8780313e:	eb42 0202 	adc.w	r2, r2, r2
87803142:	bf28      	it	cs
87803144:	eba0 2001 	subcs.w	r0, r0, r1, lsl #8
87803148:	ebb0 1fc1 	cmp.w	r0, r1, lsl #7
8780314c:	bf00      	nop
8780314e:	eb42 0202 	adc.w	r2, r2, r2
87803152:	bf28      	it	cs
87803154:	eba0 10c1 	subcs.w	r0, r0, r1, lsl #7
87803158:	ebb0 1f81 	cmp.w	r0, r1, lsl #6
8780315c:	bf00      	nop
8780315e:	eb42 0202 	adc.w	r2, r2, r2
87803162:	bf28      	it	cs
87803164:	eba0 1081 	subcs.w	r0, r0, r1, lsl #6
87803168:	ebb0 1f41 	cmp.w	r0, r1, lsl #5
8780316c:	bf00      	nop
8780316e:	eb42 0202 	adc.w	r2, r2, r2
87803172:	bf28      	it	cs
87803174:	eba0 1041 	subcs.w	r0, r0, r1, lsl #5
87803178:	ebb0 1f01 	cmp.w	r0, r1, lsl #4
8780317c:	bf00      	nop
8780317e:	eb42 0202 	adc.w	r2, r2, r2
87803182:	bf28      	it	cs
87803184:	eba0 1001 	subcs.w	r0, r0, r1, lsl #4
87803188:	ebb0 0fc1 	cmp.w	r0, r1, lsl #3
8780318c:	bf00      	nop
8780318e:	eb42 0202 	adc.w	r2, r2, r2
87803192:	bf28      	it	cs
87803194:	eba0 00c1 	subcs.w	r0, r0, r1, lsl #3
87803198:	ebb0 0f81 	cmp.w	r0, r1, lsl #2
8780319c:	bf00      	nop
8780319e:	eb42 0202 	adc.w	r2, r2, r2
878031a2:	bf28      	it	cs
878031a4:	eba0 0081 	subcs.w	r0, r0, r1, lsl #2
878031a8:	ebb0 0f41 	cmp.w	r0, r1, lsl #1
878031ac:	bf00      	nop
878031ae:	eb42 0202 	adc.w	r2, r2, r2
878031b2:	bf28      	it	cs
878031b4:	eba0 0041 	subcs.w	r0, r0, r1, lsl #1
878031b8:	ebb0 0f01 	cmp.w	r0, r1
878031bc:	bf00      	nop
878031be:	eb42 0202 	adc.w	r2, r2, r2
878031c2:	bf28      	it	cs
878031c4:	eba0 0001 	subcs.w	r0, r0, r1
878031c8:	4610      	mov	r0, r2
878031ca:	4770      	bx	lr
878031cc:	bf0c      	ite	eq
878031ce:	2001      	moveq	r0, #1
878031d0:	2000      	movne	r0, #0
878031d2:	4770      	bx	lr
878031d4:	fab1 f281 	clz	r2, r1
878031d8:	f1c2 021f 	rsb	r2, r2, #31
878031dc:	fa20 f002 	lsr.w	r0, r0, r2
878031e0:	4770      	bx	lr
878031e2:	b108      	cbz	r0, 878031e8 <__udivsi3+0x258>
878031e4:	f04f 30ff 	mov.w	r0, #4294967295	@ 0xffffffff
878031e8:	f000 b824 	b.w	87803234 <__aeabi_idiv0>

878031ec <__aeabi_uidivmod>:
878031ec:	2900      	cmp	r1, #0
878031ee:	d0f8      	beq.n	878031e2 <__udivsi3+0x252>
878031f0:	b503      	push	{r0, r1, lr}
878031f2:	f7ff fecd 	bl	87802f90 <__udivsi3>
878031f6:	e8bd 4006 	ldmia.w	sp!, {r1, r2, lr}
878031fa:	fb02 f300 	mul.w	r3, r2, r0
878031fe:	eba1 0103 	sub.w	r1, r1, r3
87803202:	4770      	bx	lr

87803204 <__aeabi_uldivmod>:
87803204:	b953      	cbnz	r3, 8780321c <__aeabi_uldivmod+0x18>
87803206:	b94a      	cbnz	r2, 8780321c <__aeabi_uldivmod+0x18>
87803208:	2900      	cmp	r1, #0
8780320a:	bf08      	it	eq
8780320c:	2800      	cmpeq	r0, #0
8780320e:	bf1c      	itt	ne
87803210:	f04f 31ff 	movne.w	r1, #4294967295	@ 0xffffffff
87803214:	f04f 30ff 	movne.w	r0, #4294967295	@ 0xffffffff
87803218:	f000 b80c 	b.w	87803234 <__aeabi_idiv0>
8780321c:	f1ad 0c08 	sub.w	ip, sp, #8
87803220:	e96d ce04 	strd	ip, lr, [sp, #-16]!
87803224:	f000 f80c 	bl	87803240 <__udivmoddi4>
87803228:	f8dd e004 	ldr.w	lr, [sp, #4]
8780322c:	e9dd 2302 	ldrd	r2, r3, [sp, #8]
87803230:	b004      	add	sp, #16
87803232:	4770      	bx	lr

87803234 <__aeabi_idiv0>:
87803234:	b502      	push	{r1, lr}
87803236:	f04f 0008 	mov.w	r0, #8
8780323a:	f7ff fea7 	bl	87802f8c <raise>
8780323e:	bd02      	pop	{r1, pc}

87803240 <__udivmoddi4>:
87803240:	e92d 41f0 	stmdb	sp!, {r4, r5, r6, r7, r8, lr}
87803244:	4290      	cmp	r0, r2
87803246:	468e      	mov	lr, r1
87803248:	eb7e 0103 	sbcs.w	r1, lr, r3
8780324c:	4684      	mov	ip, r0
8780324e:	bf3c      	itt	cc
87803250:	2400      	movcc	r4, #0
87803252:	4625      	movcc	r5, r4
87803254:	d36a      	bcc.n	8780332c <__udivmoddi4+0xec>
87803256:	fab3 f083 	clz	r0, r3
8780325a:	2b00      	cmp	r3, #0
8780325c:	d072      	beq.n	87803344 <__udivmoddi4+0x104>
8780325e:	fabe f18e 	clz	r1, lr
87803262:	f1be 0f00 	cmp.w	lr, #0
87803266:	d069      	beq.n	8780333c <__udivmoddi4+0xfc>
87803268:	1a40      	subs	r0, r0, r1
8780326a:	f1a0 0520 	sub.w	r5, r0, #32
8780326e:	f1c0 0620 	rsb	r6, r0, #32
87803272:	4083      	lsls	r3, r0
87803274:	46a8      	mov	r8, r5
87803276:	fa02 f405 	lsl.w	r4, r2, r5
8780327a:	4637      	mov	r7, r6
8780327c:	fa02 f100 	lsl.w	r1, r2, r0
87803280:	4323      	orrs	r3, r4
87803282:	40f2      	lsrs	r2, r6
87803284:	458c      	cmp	ip, r1
87803286:	ea43 0302 	orr.w	r3, r3, r2
8780328a:	eb7e 0203 	sbcs.w	r2, lr, r3
8780328e:	bf3c      	itt	cc
87803290:	2400      	movcc	r4, #0
87803292:	4625      	movcc	r5, r4
87803294:	d30a      	bcc.n	878032ac <__udivmoddi4+0x6c>
87803296:	2401      	movs	r4, #1
87803298:	ebbc 0c01 	subs.w	ip, ip, r1
8780329c:	eb6e 0e03 	sbc.w	lr, lr, r3
878032a0:	fa04 f505 	lsl.w	r5, r4, r5
878032a4:	fa24 f206 	lsr.w	r2, r4, r6
878032a8:	4315      	orrs	r5, r2
878032aa:	4084      	lsls	r4, r0
878032ac:	b3f0      	cbz	r0, 8780332c <__udivmoddi4+0xec>
878032ae:	0849      	lsrs	r1, r1, #1
878032b0:	4602      	mov	r2, r0
878032b2:	ea41 71c3 	orr.w	r1, r1, r3, lsl #31
878032b6:	085b      	lsrs	r3, r3, #1
878032b8:	e00d      	b.n	878032d6 <__udivmoddi4+0x96>
878032ba:	ebbc 0c01 	subs.w	ip, ip, r1
878032be:	eb6e 0e03 	sbc.w	lr, lr, r3
878032c2:	eb1c 0c0c 	adds.w	ip, ip, ip
878032c6:	eb4e 0e0e 	adc.w	lr, lr, lr
878032ca:	f11c 0c01 	adds.w	ip, ip, #1
878032ce:	f14e 0e00 	adc.w	lr, lr, #0
878032d2:	3a01      	subs	r2, #1
878032d4:	d009      	beq.n	878032ea <__udivmoddi4+0xaa>
878032d6:	458c      	cmp	ip, r1
878032d8:	eb7e 0603 	sbcs.w	r6, lr, r3
878032dc:	d2ed      	bcs.n	878032ba <__udivmoddi4+0x7a>
878032de:	eb1c 0c0c 	adds.w	ip, ip, ip
878032e2:	eb4e 0e0e 	adc.w	lr, lr, lr
878032e6:	3a01      	subs	r2, #1
878032e8:	d1f5      	bne.n	878032d6 <__udivmoddi4+0x96>
878032ea:	fa0e f307 	lsl.w	r3, lr, r7
878032ee:	eb14 040c 	adds.w	r4, r4, ip
878032f2:	fa2c fc00 	lsr.w	ip, ip, r0
878032f6:	eb45 050e 	adc.w	r5, r5, lr
878032fa:	ea4c 0c03 	orr.w	ip, ip, r3
878032fe:	fa2e f308 	lsr.w	r3, lr, r8
87803302:	ea4c 0c03 	orr.w	ip, ip, r3
87803306:	fa2e fe00 	lsr.w	lr, lr, r0
8780330a:	f1a0 0120 	sub.w	r1, r0, #32
8780330e:	f1c0 0220 	rsb	r2, r0, #32
87803312:	fa0e f300 	lsl.w	r3, lr, r0
87803316:	fa0c f101 	lsl.w	r1, ip, r1
8780331a:	fa2c f202 	lsr.w	r2, ip, r2
8780331e:	430b      	orrs	r3, r1
87803320:	fa0c f000 	lsl.w	r0, ip, r0
87803324:	4313      	orrs	r3, r2
87803326:	1a24      	subs	r4, r4, r0
87803328:	eb65 0503 	sbc.w	r5, r5, r3
8780332c:	9b06      	ldr	r3, [sp, #24]
8780332e:	b10b      	cbz	r3, 87803334 <__udivmoddi4+0xf4>
87803330:	e9c3 ce00 	strd	ip, lr, [r3]
87803334:	4620      	mov	r0, r4
87803336:	4629      	mov	r1, r5
87803338:	e8bd 81f0 	ldmia.w	sp!, {r4, r5, r6, r7, r8, pc}
8780333c:	fabc f18c 	clz	r1, ip
87803340:	3120      	adds	r1, #32
87803342:	e791      	b.n	87803268 <__udivmoddi4+0x28>
87803344:	fab2 f082 	clz	r0, r2
87803348:	fabe f18e 	clz	r1, lr
8780334c:	3020      	adds	r0, #32
8780334e:	f1be 0f00 	cmp.w	lr, #0
87803352:	d189      	bne.n	87803268 <__udivmoddi4+0x28>
87803354:	e7f2      	b.n	8780333c <__udivmoddi4+0xfc>
87803356:	bf00      	nop

87803358 <__main_from_arm>:
87803358:	e51ff004 	ldr	pc, [pc, #-4]	@ 8780335c <__main_from_arm+0x4>
8780335c:	87803361 	strhi	r3, [r0, r1, ror #6]

Disassembly of section .text.startup:

87803360 <main>:
87803360:	b580      	push	{r7, lr}
87803362:	b082      	sub	sp, #8
87803364:	f7ff fc48 	bl	87802bf8 <INT_Init>
87803368:	f7ff f8a8 	bl	878024bc <CLK_Enable>
8780336c:	f7ff fd98 	bl	87802ea0 <UART_Init>
87803370:	f7ff f94e 	bl	87802610 <LED_Init>
87803374:	f7ff f98a 	bl	8780268c <Beep_Init>
87803378:	f7ff f9bc 	bl	878026f4 <Key_Init>
8780337c:	ee9f 2f10 	mrc	15, 4, r2, cr15, cr0, {0}
87803380:	f36f 020f 	bfc	r2, #0, #16
87803384:	2300      	movs	r3, #0
87803386:	f502 5580 	add.w	r5, r2, #4096	@ 0x1000
8780338a:	f04f 34ff 	mov.w	r4, #4294967295	@ 0xffffffff
8780338e:	6868      	ldr	r0, [r5, #4]
87803390:	f000 001f 	and.w	r0, r0, #31
87803394:	3001      	adds	r0, #1
87803396:	f503 618c 	add.w	r1, r3, #1120	@ 0x460
8780339a:	3301      	adds	r3, #1
8780339c:	4298      	cmp	r0, r3
8780339e:	f842 4021 	str.w	r4, [r2, r1, lsl #2]
878033a2:	d1f8      	bne.n	87803396 <main+0x36>
878033a4:	f502 5200 	add.w	r2, r2, #8192	@ 0x2000
878033a8:	f8df 8060 	ldr.w	r8, [pc, #96]	@ 8780340c <main+0xac>
878033ac:	4f18      	ldr	r7, [pc, #96]	@ (87803410 <main+0xb0>)
878033ae:	2301      	movs	r3, #1
878033b0:	4e18      	ldr	r6, [pc, #96]	@ (87803414 <main+0xb4>)
878033b2:	44f8      	add	r8, pc
878033b4:	447f      	add	r7, pc
878033b6:	20f8      	movs	r0, #248	@ 0xf8
878033b8:	447e      	add	r6, pc
878033ba:	6050      	str	r0, [r2, #4]
878033bc:	2102      	movs	r1, #2
878033be:	6091      	str	r1, [r2, #8]
878033c0:	602b      	str	r3, [r5, #0]
878033c2:	6013      	str	r3, [r2, #0]
878033c4:	f7ff fab8 	bl	87802938 <Exit_Init>
878033c8:	2000      	movs	r0, #0
878033ca:	f648 2140 	movw	r1, #35392	@ 0x8a40
878033ce:	f2c0 11f7 	movt	r1, #503	@ 0x1f7
878033d2:	f7ff fafd 	bl	878029d0 <EPIT1_Init>
878033d6:	f7ff fb3d 	bl	87802a54 <KeyFilter_Init>
878033da:	4640      	mov	r0, r8
878033dc:	f7fd f82c 	bl	87800438 <printf>
878033e0:	4638      	mov	r0, r7
878033e2:	f7fd f829 	bl	87800438 <printf>
878033e6:	aa01      	add	r2, sp, #4
878033e8:	4669      	mov	r1, sp
878033ea:	4630      	mov	r0, r6
878033ec:	f7fd f848 	bl	87800480 <scanf>
878033f0:	4809      	ldr	r0, [pc, #36]	@ (87803418 <main+0xb8>)
878033f2:	e9dd 1200 	ldrd	r1, r2, [sp]
878033f6:	4478      	add	r0, pc
878033f8:	f7fd f81e 	bl	87800438 <printf>
878033fc:	4807      	ldr	r0, [pc, #28]	@ (8780341c <main+0xbc>)
878033fe:	e9dd 1200 	ldrd	r1, r2, [sp]
87803402:	4478      	add	r0, pc
87803404:	188b      	adds	r3, r1, r2
87803406:	f7fd f817 	bl	87800438 <printf>
8780340a:	e7e6      	b.n	878033da <main+0x7a>
8780340c:	0000006a 	andeq	r0, r0, sl, rrx
87803410:	0000007c 	andeq	r0, r0, ip, ror r0
87803414:	000000a4 	andeq	r0, r0, r4, lsr #1
87803418:	0000006e 	andeq	r0, r0, lr, rrx
8780341c:	00000082 	andeq	r0, r0, r2, lsl #1

Disassembly of section .rodata:

87803420 <digits.0-0x98>:
87803420:	6c6c6548 	stclvs	5, cr6, [ip], #-288	@ 0xfffffee0
87803424:	57202c6f 	strpl	r2, [r0, -pc, ror #24]!
87803428:	646c726f 	strbtvs	r7, [ip], #-623	@ 0xfffffd91
8780342c:	00000a21 	andeq	r0, r0, r1, lsr #20
87803430:	00000000 	andeq	r0, r0, r0
87803434:	e8b7afe8 	ldm	r7!, {r3, r5, r6, r7, r8, r9, sl, fp, sp, pc}
87803438:	85e593be 	strbhi	r9, [r5, #958]!	@ 0x3be
8780343c:	b8e432a5 	stmialt	r4!, {r0, r2, r5, r7, r9, ip, sp}^
87803440:	b495e6aa 	ldrlt	lr, [r5], #1706	@ 0x6aa
87803444:	efb095e6 	svc	0x00b095e6
87803448:	bde48cbc 	stcllt	12, cr8, [r4, #752]!	@ 0x2f0
8780344c:	a894e7bf 	ldmge	r4, {r0, r1, r2, r3, r4, r5, r7, r8, r9, sl, sp, lr, pc}
87803450:	e6baa9e7 	ldrt	sl, [sl], r7, ror #19
87803454:	9ae9bca0 	bls	872726dc <shift+0x872726dc>
87803458:	80bce594 	umlalshi	lr, ip, r4, r5
8780345c:	000a0d21 	andeq	r0, sl, r1, lsr #26
87803460:	25206425 	strcs	r6, [r0, #-1061]!	@ 0xfffffbdb
87803464:	00000064 	andeq	r0, r0, r4, rrx
87803468:	e8a882e6 	stmia	r8!, {r1, r2, r5, r6, r7, r9, pc}
8780346c:	85e593be 	strbhi	r9, [r5, #958]!	@ 0x3be
87803470:	849ae7a5 	ldrhi	lr, [sl], #1957	@ 0x7a5
87803474:	e6b495e6 	ldrt	r9, [r4], r6, ror #11
87803478:	98e6b095 	stmials	r6!, {r0, r2, r4, r7, ip, sp, pc}^
8780347c:	25203aaf 	strcs	r3, [r0, #-2735]!	@ 0xfffff551
87803480:	64252064 	strtvs	r2, [r5], #-100	@ 0xffffff9c
87803484:	00000a0d 	andeq	r0, r0, sp, lsl #20
87803488:	e8a882e6 	stmia	r8!, {r1, r2, r5, r6, r7, r9, pc}
8780348c:	85e593be 	strbhi	r9, [r5, #958]!	@ 0x3be
87803490:	849ae7a5 	ldrhi	lr, [sl], #1957	@ 0x7a5
87803494:	e6b495e6 	ldrt	r9, [r4], r6, ror #11
87803498:	9ae7b095 	bls	871ef6f4 <shift+0x871ef6f4>
8780349c:	8c92e584 	ldchi	5, cr14, [r2], {132}	@ 0x84
878034a0:	3aaf98e6 	bcc	863e9840 <shift+0x863e9840>
878034a4:	2b642520 	blcs	8910c92c <__bss_end+0x1908634>
878034a8:	253d6425 	ldrcs	r6, [sp, #-1061]!	@ 0xfffffbdb
878034ac:	000a0d64 	andeq	r0, sl, r4, ror #26
878034b0:	4c554e3c 	mrrcmi	14, 3, r4, r5, cr12
878034b4:	00003e4c 	andeq	r3, r0, ip, asr #28

878034b8 <digits.0>:
878034b8:	33323130 	teqcc	r2, #48, 2
878034bc:	37363534 			@ <UNDEFINED> instruction: 0x37363534
878034c0:	42413938 	submi	r3, r1, #56, 18	@ 0xe0000
878034c4:	46454443 	strbmi	r4, [r5], -r3, asr #8

878034c8 <CSWTCH.7>:
878034c8:	00000004 	andeq	r0, r0, r4
878034cc:	00000003 	andeq	r0, r0, r3
878034d0:	00000002 	andeq	r0, r0, r2
878034d4:	00000001 	andeq	r0, r0, r1
878034d8:	00000000 	andeq	r0, r0, r0
878034dc:	00000006 	andeq	r0, r0, r6

Disassembly of section .ARM.exidx:

878034e0 <.ARM.exidx>:
878034e0:	7ffffd60 	svcvc	0x00fffd60
878034e4:	00000001 	andeq	r0, r0, r1

Disassembly of section .data:

878034e8 <_ctype>:
878034e8:	08080808 	stmdaeq	r8, {r3, fp}
878034ec:	08080808 	stmdaeq	r8, {r3, fp}
878034f0:	28282808 	stmdacs	r8!, {r3, fp, sp}
878034f4:	08082828 	stmdaeq	r8, {r3, r5, fp, sp}
878034f8:	08080808 	stmdaeq	r8, {r3, fp}
878034fc:	08080808 	stmdaeq	r8, {r3, fp}
87803500:	08080808 	stmdaeq	r8, {r3, fp}
87803504:	08080808 	stmdaeq	r8, {r3, fp}
87803508:	101010a0 	andsne	r1, r0, r0, lsr #1
8780350c:	10101010 	andsne	r1, r0, r0, lsl r0
87803510:	10101010 	andsne	r1, r0, r0, lsl r0
87803514:	10101010 	andsne	r1, r0, r0, lsl r0
87803518:	04040404 	streq	r0, [r4], #-1028	@ 0xfffffbfc
8780351c:	04040404 	streq	r0, [r4], #-1028	@ 0xfffffbfc
87803520:	10100404 	andsne	r0, r0, r4, lsl #8
87803524:	10101010 	andsne	r1, r0, r0, lsl r0
87803528:	41414110 	cmpmi	r1, r0, lsl r1
8780352c:	01414141 	cmpeq	r1, r1, asr #2
87803530:	01010101 	tsteq	r1, r1, lsl #2
87803534:	01010101 	tsteq	r1, r1, lsl #2
87803538:	01010101 	tsteq	r1, r1, lsl #2
8780353c:	01010101 	tsteq	r1, r1, lsl #2
87803540:	10010101 	andne	r0, r1, r1, lsl #2
87803544:	10101010 	andsne	r1, r0, r0, lsl r0
87803548:	42424210 	submi	r4, r2, #16, 4
8780354c:	02424242 	subeq	r4, r2, #536870916	@ 0x20000004
87803550:	02020202 	andeq	r0, r2, #536870912	@ 0x20000000
87803554:	02020202 	andeq	r0, r2, #536870912	@ 0x20000000
87803558:	02020202 	andeq	r0, r2, #536870912	@ 0x20000000
8780355c:	02020202 	andeq	r0, r2, #536870912	@ 0x20000000
87803560:	10020202 	andne	r0, r2, r2, lsl #4
87803564:	08101010 	ldmdaeq	r0, {r4, ip}
	...
87803588:	101010a0 	andsne	r1, r0, r0, lsr #1
8780358c:	10101010 	andsne	r1, r0, r0, lsl r0
87803590:	10101010 	andsne	r1, r0, r0, lsl r0
87803594:	10101010 	andsne	r1, r0, r0, lsl r0
87803598:	10101010 	andsne	r1, r0, r0, lsl r0
8780359c:	10101010 	andsne	r1, r0, r0, lsl r0
878035a0:	10101010 	andsne	r1, r0, r0, lsl r0
878035a4:	10101010 	andsne	r1, r0, r0, lsl r0
878035a8:	01010101 	tsteq	r1, r1, lsl #2
878035ac:	01010101 	tsteq	r1, r1, lsl #2
878035b0:	01010101 	tsteq	r1, r1, lsl #2
878035b4:	01010101 	tsteq	r1, r1, lsl #2
878035b8:	01010101 	tsteq	r1, r1, lsl #2
878035bc:	10010101 	andne	r0, r1, r1, lsl #2
878035c0:	01010101 	tsteq	r1, r1, lsl #2
878035c4:	02010101 	andeq	r0, r1, #1073741824	@ 0x40000000
878035c8:	02020202 	andeq	r0, r2, #536870912	@ 0x20000000
878035cc:	02020202 	andeq	r0, r2, #536870912	@ 0x20000000
878035d0:	02020202 	andeq	r0, r2, #536870912	@ 0x20000000
878035d4:	02020202 	andeq	r0, r2, #536870912	@ 0x20000000
878035d8:	02020202 	andeq	r0, r2, #536870912	@ 0x20000000
878035dc:	10020202 	andne	r0, r2, r2, lsl #4
878035e0:	02020202 	andeq	r0, r2, #536870912	@ 0x20000000
878035e4:	02020202 	andeq	r0, r2, #536870912	@ 0x20000000

878035e8 <release.0>:
878035e8:	Address 0x878035e8 is out of bounds.


Disassembly of section .ARM.attributes:

00000000 <.ARM.attributes>:
   0:	00002e41 	andeq	r2, r0, r1, asr #28
   4:	61656100 	cmnvs	r5, r0, lsl #2
   8:	01006962 	tsteq	r0, r2, ror #18
   c:	00000024 	andeq	r0, r0, r4, lsr #32
  10:	412d3705 			@ <UNDEFINED> instruction: 0x412d3705
  14:	070a0600 	streq	r0, [sl, -r0, lsl #12]
  18:	09010841 	stmdbeq	r1, {r0, r6, fp}
  1c:	12040a02 	andne	r0, r4, #8192	@ 0x2000
  20:	15011404 	strne	r1, [r1, #-1028]	@ 0xfffffbfc
  24:	18031701 	stmdane	r3, {r0, r8, r9, sl, ip}
  28:	1c021a01 			@ <UNDEFINED> instruction: 0x1c021a01
  2c:	Address 0x2c is out of bounds.


Disassembly of section .comment:

00000000 <.comment>:
   0:	3a434347 	bcc	10d0d24 <shift+0x10d0d24>
   4:	62552820 	subsvs	r2, r5, #32, 16	@ 0x200000
   8:	75746e75 	ldrbvc	r6, [r4, #-3701]!	@ 0xfffff18b
   c:	2e353120 	cdpcs	1, 3, cr3, cr5, cr0, {1}
  10:	2d302e32 	ldccs	14, cr2, [r0, #-200]!	@ 0xffffff38
  14:	75627534 	strbvc	r7, [r2, #-1332]!	@ 0xfffffacc
  18:	3475746e 	ldrbtcc	r7, [r5], #-1134	@ 0xfffffb92
  1c:	35312029 	ldrcc	r2, [r1, #-41]!	@ 0xffffffd7
  20:	302e322e 	eorcc	r3, lr, lr, lsr #4
	...
