
AP3216C.elf:     file format elf32-littlearm


Disassembly of section .text:

87800000 <_start>:
87800000:	e59ff118 	ldr	pc, [pc, #280]	@ 87800120 <FIQ_Handler+0x8>
87800004:	e59ff118 	ldr	pc, [pc, #280]	@ 87800124 <FIQ_Handler+0xc>
87800008:	e59ff118 	ldr	pc, [pc, #280]	@ 87800128 <FIQ_Handler+0x10>
8780000c:	e59ff118 	ldr	pc, [pc, #280]	@ 8780012c <FIQ_Handler+0x14>
87800010:	e59ff118 	ldr	pc, [pc, #280]	@ 87800130 <FIQ_Handler+0x18>
87800014:	e59ff118 	ldr	pc, [pc, #280]	@ 87800134 <FIQ_Handler+0x1c>
87800018:	e59ff118 	ldr	pc, [pc, #280]	@ 87800138 <FIQ_Handler+0x20>
8780001c:	e59ff118 	ldr	pc, [pc, #280]	@ 8780013c <FIQ_Handler+0x24>

87800020 <Reset_Handler>:
87800020:	f10c0080 	cpsid	i
87800024:	ee110f10 	mrc	15, 0, r0, cr1, cr0, {0}
87800028:	e3c00a01 	bic	r0, r0, #4096	@ 0x1000
8780002c:	e3c00b02 	bic	r0, r0, #2048	@ 0x800
87800030:	e3c00004 	bic	r0, r0, #4
87800034:	e3c00002 	bic	r0, r0, #2
87800038:	e3c00001 	bic	r0, r0, #1
8780003c:	ee010f10 	mcr	15, 0, r0, cr1, cr0, {0}
87800040:	e59f00f8 	ldr	r0, [pc, #248]	@ 87800140 <FIQ_Handler+0x28>
87800044:	e59f10f8 	ldr	r1, [pc, #248]	@ 87800144 <FIQ_Handler+0x2c>
87800048:	e3a02000 	mov	r2, #0

8780004c <bss_loop>:
8780004c:	e4802004 	str	r2, [r0], #4
87800050:	e1500001 	cmp	r0, r1
87800054:	3afffffc 	bcc	8780004c <bss_loop>
87800058:	e10f0000 	mrs	r0, CPSR
8780005c:	e3c0001f 	bic	r0, r0, #31
87800060:	e3800012 	orr	r0, r0, #18
87800064:	e129f000 	msr	CPSR_fc, r0
87800068:	e59fd0d8 	ldr	sp, [pc, #216]	@ 87800148 <FIQ_Handler+0x30>
8780006c:	e10f0000 	mrs	r0, CPSR
87800070:	e3c0001f 	bic	r0, r0, #31
87800074:	e380001f 	orr	r0, r0, #31
87800078:	e129f000 	msr	CPSR_fc, r0
8780007c:	e59fd0c8 	ldr	sp, [pc, #200]	@ 8780014c <FIQ_Handler+0x34>
87800080:	e10f0000 	mrs	r0, CPSR
87800084:	e3c0001f 	bic	r0, r0, #31
87800088:	e3800013 	orr	r0, r0, #19
8780008c:	e129f000 	msr	CPSR_fc, r0
87800090:	e59fd0b8 	ldr	sp, [pc, #184]	@ 87800150 <FIQ_Handler+0x38>
87800094:	f1080080 	cpsie	i
87800098:	ea00117e 	b	87804698 <__main_from_arm>

8780009c <Undefine_Handler>:
8780009c:	e59f0080 	ldr	r0, [pc, #128]	@ 87800124 <FIQ_Handler+0xc>
878000a0:	e12fff10 	bx	r0

878000a4 <SVC_Handler>:
878000a4:	e59f007c 	ldr	r0, [pc, #124]	@ 87800128 <FIQ_Handler+0x10>
878000a8:	e12fff10 	bx	r0

878000ac <PreAbort_Handler>:
878000ac:	e59f0078 	ldr	r0, [pc, #120]	@ 8780012c <FIQ_Handler+0x14>
878000b0:	e12fff10 	bx	r0

878000b4 <DataAbort_Handler>:
878000b4:	e59f0074 	ldr	r0, [pc, #116]	@ 87800130 <FIQ_Handler+0x18>
878000b8:	e12fff10 	bx	r0

878000bc <NotUsed_Handler>:
878000bc:	e59f0070 	ldr	r0, [pc, #112]	@ 87800134 <FIQ_Handler+0x1c>
878000c0:	e12fff10 	bx	r0

878000c4 <IRQ_Handler>:
878000c4:	e52de004 	push	{lr}		@ (str lr, [sp, #-4]!)
878000c8:	e92d100f 	push	{r0, r1, r2, r3, ip}
878000cc:	e14f0000 	mrs	r0, SPSR
878000d0:	e52d0004 	push	{r0}		@ (str r0, [sp, #-4]!)
878000d4:	ee9f1f10 	mrc	15, 4, r1, cr15, cr0, {0}
878000d8:	e2811a02 	add	r1, r1, #8192	@ 0x2000
878000dc:	e591000c 	ldr	r0, [r1, #12]
878000e0:	e92d0003 	push	{r0, r1}
878000e4:	f1020013 	cps	#19
878000e8:	e52de004 	push	{lr}		@ (str lr, [sp, #-4]!)
878000ec:	e59f2060 	ldr	r2, [pc, #96]	@ 87800154 <FIQ_Handler+0x3c>
878000f0:	e12fff32 	blx	r2
878000f4:	e49de004 	pop	{lr}		@ (ldr lr, [sp], #4)
878000f8:	f1020012 	cps	#18
878000fc:	e8bd0003 	pop	{r0, r1}
87800100:	e5810010 	str	r0, [r1, #16]
87800104:	e49d0004 	pop	{r0}		@ (ldr r0, [sp], #4)
87800108:	e16ff000 	msr	SPSR_fsxc, r0
8780010c:	e49d0004 	pop	{r0}		@ (ldr r0, [sp], #4)
87800110:	e49de004 	pop	{lr}		@ (ldr lr, [sp], #4)
87800114:	e25ef004 	subs	pc, lr, #4

87800118 <FIQ_Handler>:
87800118:	e59f001c 	ldr	r0, [pc, #28]	@ 8780013c <FIQ_Handler+0x24>
8780011c:	e12fff10 	bx	r0
87800120:	87800020 	strhi	r0, [r0, r0, lsr #32]
87800124:	8780009c 			@ <UNDEFINED> instruction: 0x8780009c
87800128:	878000a4 	strhi	r0, [r0, r4, lsr #1]
8780012c:	878000ac 	strhi	r0, [r0, ip, lsr #1]
87800130:	878000b4 			@ <UNDEFINED> instruction: 0x878000b4
87800134:	878000bc 			@ <UNDEFINED> instruction: 0x878000bc
87800138:	878000c4 	strhi	r0, [r0, r4, asr #1]
8780013c:	87800118 	usada8hi	r0, r8, r1, r0
87800140:	87809090 			@ <UNDEFINED> instruction: 0x87809090
87800144:	87809dbc 			@ <UNDEFINED> instruction: 0x87809dbc
87800148:	80600000 	rsbhi	r0, r0, r0
8780014c:	80400000 	subhi	r0, r0, r0
87800150:	80200000 	eorhi	r0, r0, r0
87800154:	87802c71 			@ <UNDEFINED> instruction: 0x87802c71
87800158:	00001e41 	andeq	r1, r0, r1, asr #28
8780015c:	61656100 	cmnvs	r5, r0, lsl #2
87800160:	01006962 	tsteq	r0, r2, ror #18
87800164:	00000014 	andeq	r0, r0, r4, lsl r0
87800168:	412d3705 			@ <UNDEFINED> instruction: 0x412d3705
8780016c:	070a0600 	streq	r0, [sl, -r0, lsl #12]
87800170:	09010841 	stmdbeq	r1, {r0, r6, fp}
87800174:	00040a02 	andeq	r0, r4, r2, lsl #20
87800178:	87808f8c 	strhi	r8, [r0, ip, lsl #31]
8780017c:	87802999 			@ <UNDEFINED> instruction: 0x87802999
87800180:	87809d9c 			@ <UNDEFINED> instruction: 0x87809d9c

87800184 <_GLOBAL_OFFSET_TABLE_>:
	...

87800190 <__umodsi3>:
87800190:	e2512001 	subs	r2, r1, #1
87800194:	3a000062 	bcc	87800324 <Ldiv0>
87800198:	11500001 	cmpne	r0, r1
8780019c:	03a00000 	moveq	r0, #0
878001a0:	81110002 	tsthi	r1, r2
878001a4:	00000002 	andeq	r0, r0, r2
878001a8:	91a0f00e 	movls	pc, lr
878001ac:	e3a02000 	mov	r2, #0
878001b0:	e3510201 	cmp	r1, #268435456	@ 0x10000000
878001b4:	31510000 	cmpcc	r1, r0
878001b8:	31a01201 	lslcc	r1, r1, #4
878001bc:	32822004 	addcc	r2, r2, #4
878001c0:	3afffffa 	bcc	878001b0 <__umodsi3+0x20>
878001c4:	e3510102 	cmp	r1, #-2147483648	@ 0x80000000
878001c8:	31510000 	cmpcc	r1, r0
878001cc:	31a01081 	lslcc	r1, r1, #1
878001d0:	32822001 	addcc	r2, r2, #1
878001d4:	3afffffa 	bcc	878001c4 <__umodsi3+0x34>
878001d8:	e2522003 	subs	r2, r2, #3
878001dc:	ba00000e 	blt	8780021c <__umodsi3+0x8c>
878001e0:	e1500001 	cmp	r0, r1
878001e4:	20400001 	subcs	r0, r0, r1
878001e8:	e15000a1 	cmp	r0, r1, lsr #1
878001ec:	204000a1 	subcs	r0, r0, r1, lsr #1
878001f0:	e1500121 	cmp	r0, r1, lsr #2
878001f4:	20400121 	subcs	r0, r0, r1, lsr #2
878001f8:	e15001a1 	cmp	r0, r1, lsr #3
878001fc:	204001a1 	subcs	r0, r0, r1, lsr #3
87800200:	e3500001 	cmp	r0, #1
87800204:	e1a01221 	lsr	r1, r1, #4
87800208:	a2522004 	subsge	r2, r2, #4
8780020c:	aafffff3 	bge	878001e0 <__umodsi3+0x50>
87800210:	e3120003 	tst	r2, #3
87800214:	13300000 	teqne	r0, #0
87800218:	0a00000a 	beq	87800248 <__umodsi3+0xb8>
8780021c:	e3720002 	cmn	r2, #2
87800220:	ba000006 	blt	87800240 <__umodsi3+0xb0>
87800224:	0a000002 	beq	87800234 <__umodsi3+0xa4>
87800228:	e1500001 	cmp	r0, r1
8780022c:	20400001 	subcs	r0, r0, r1
87800230:	e1a010a1 	lsr	r1, r1, #1
87800234:	e1500001 	cmp	r0, r1
87800238:	20400001 	subcs	r0, r0, r1
8780023c:	e1a010a1 	lsr	r1, r1, #1
87800240:	e1500001 	cmp	r0, r1
87800244:	20400001 	subcs	r0, r0, r1
87800248:	e1a0f00e 	mov	pc, lr
8780024c:	90909090 	umullsls	r9, r0, r0, r0

87800250 <__modsi3>:
87800250:	e3510000 	cmp	r1, #0
87800254:	0a000032 	beq	87800324 <Ldiv0>
87800258:	42611000 	rsbmi	r1, r1, #0
8780025c:	e1b0c000 	movs	ip, r0
87800260:	42600000 	rsbmi	r0, r0, #0
87800264:	e2512001 	subs	r2, r1, #1
87800268:	11500001 	cmpne	r0, r1
8780026c:	03a00000 	moveq	r0, #0
87800270:	81110002 	tsthi	r1, r2
87800274:	00000002 	andeq	r0, r0, r2
87800278:	9a000026 	bls	87800318 <__modsi3+0xc8>
8780027c:	e3a02000 	mov	r2, #0
87800280:	e3510201 	cmp	r1, #268435456	@ 0x10000000
87800284:	31510000 	cmpcc	r1, r0
87800288:	31a01201 	lslcc	r1, r1, #4
8780028c:	32822004 	addcc	r2, r2, #4
87800290:	3afffffa 	bcc	87800280 <__modsi3+0x30>
87800294:	e3510102 	cmp	r1, #-2147483648	@ 0x80000000
87800298:	31510000 	cmpcc	r1, r0
8780029c:	31a01081 	lslcc	r1, r1, #1
878002a0:	32822001 	addcc	r2, r2, #1
878002a4:	3afffffa 	bcc	87800294 <__modsi3+0x44>
878002a8:	e2522003 	subs	r2, r2, #3
878002ac:	ba00000e 	blt	878002ec <__modsi3+0x9c>
878002b0:	e1500001 	cmp	r0, r1
878002b4:	20400001 	subcs	r0, r0, r1
878002b8:	e15000a1 	cmp	r0, r1, lsr #1
878002bc:	204000a1 	subcs	r0, r0, r1, lsr #1
878002c0:	e1500121 	cmp	r0, r1, lsr #2
878002c4:	20400121 	subcs	r0, r0, r1, lsr #2
878002c8:	e15001a1 	cmp	r0, r1, lsr #3
878002cc:	204001a1 	subcs	r0, r0, r1, lsr #3
878002d0:	e3500001 	cmp	r0, #1
878002d4:	e1a01221 	lsr	r1, r1, #4
878002d8:	a2522004 	subsge	r2, r2, #4
878002dc:	aafffff3 	bge	878002b0 <__modsi3+0x60>
878002e0:	e3120003 	tst	r2, #3
878002e4:	13300000 	teqne	r0, #0
878002e8:	0a00000a 	beq	87800318 <__modsi3+0xc8>
878002ec:	e3720002 	cmn	r2, #2
878002f0:	ba000006 	blt	87800310 <__modsi3+0xc0>
878002f4:	0a000002 	beq	87800304 <__modsi3+0xb4>
878002f8:	e1500001 	cmp	r0, r1
878002fc:	20400001 	subcs	r0, r0, r1
87800300:	e1a010a1 	lsr	r1, r1, #1
87800304:	e1500001 	cmp	r0, r1
87800308:	20400001 	subcs	r0, r0, r1
8780030c:	e1a010a1 	lsr	r1, r1, #1
87800310:	e1500001 	cmp	r0, r1
87800314:	20400001 	subcs	r0, r0, r1
87800318:	e35c0000 	cmp	ip, #0
8780031c:	42600000 	rsbmi	r0, r0, #0
87800320:	e1a0f00e 	mov	pc, lr

87800324 <Ldiv0>:
87800324:	e52de004 	push	{lr}		@ (str lr, [sp, #-4]!)
87800328:	e3a00000 	mov	r0, #0
8780032c:	e49df004 	pop	{pc}		@ (ldr pc, [sp], #4)

87800330 <__div64_32>:
87800330:	e92d 43f0 	stmdb	sp!, {r4, r5, r6, r7, r8, r9, lr}
87800334:	f04f 0800 	mov.w	r8, #0
87800338:	6846      	ldr	r6, [r0, #4]
8780033a:	6805      	ldr	r5, [r0, #0]
8780033c:	4607      	mov	r7, r0
8780033e:	42b1      	cmp	r1, r6
87800340:	b083      	sub	sp, #12
87800342:	4689      	mov	r9, r1
87800344:	460b      	mov	r3, r1
87800346:	4644      	mov	r4, r8
87800348:	bf84      	itt	hi
8780034a:	4640      	movhi	r0, r8
8780034c:	46c6      	movhi	lr, r8
8780034e:	d808      	bhi.n	87800362 <__div64_32+0x32>
87800350:	4630      	mov	r0, r6
87800352:	9101      	str	r1, [sp, #4]
87800354:	f003 ffbc 	bl	878042d0 <__udivsi3>
87800358:	464b      	mov	r3, r9
8780035a:	fb00 6619 	mls	r6, r0, r9, r6
8780035e:	4686      	mov	lr, r0
87800360:	4640      	mov	r0, r8
87800362:	45a9      	cmp	r9, r5
87800364:	f04f 0201 	mov.w	r2, #1
87800368:	eb78 0806 	sbcs.w	r8, r8, r6
8780036c:	bf34      	ite	cc
8780036e:	f04f 0801 	movcc.w	r8, #1
87800372:	f04f 0800 	movcs.w	r8, #0
87800376:	f1b9 0f00 	cmp.w	r9, #0
8780037a:	bf0c      	ite	eq
8780037c:	f04f 0800 	moveq.w	r8, #0
87800380:	f008 0801 	andne.w	r8, r8, #1
87800384:	f1b8 0f00 	cmp.w	r8, #0
87800388:	d016      	beq.n	878003b8 <__div64_32+0x88>
8780038a:	f04f 0800 	mov.w	r8, #0
8780038e:	18db      	adds	r3, r3, r3
87800390:	4164      	adcs	r4, r4
87800392:	1892      	adds	r2, r2, r2
87800394:	eb48 0c08 	adc.w	ip, r8, r8
87800398:	2b01      	cmp	r3, #1
8780039a:	f174 0100 	sbcs.w	r1, r4, #0
8780039e:	bfac      	ite	ge
878003a0:	2101      	movge	r1, #1
878003a2:	2100      	movlt	r1, #0
878003a4:	42ab      	cmp	r3, r5
878003a6:	f001 0101 	and.w	r1, r1, #1
878003aa:	eb74 0806 	sbcs.w	r8, r4, r6
878003ae:	46e0      	mov	r8, ip
878003b0:	bf28      	it	cs
878003b2:	2100      	movcs	r1, #0
878003b4:	2900      	cmp	r1, #0
878003b6:	d1ea      	bne.n	8780038e <__div64_32+0x5e>
878003b8:	429d      	cmp	r5, r3
878003ba:	ea4f 0c52 	mov.w	ip, r2, lsr #1
878003be:	ea4f 0153 	mov.w	r1, r3, lsr #1
878003c2:	eb76 0904 	sbcs.w	r9, r6, r4
878003c6:	d306      	bcc.n	878003d6 <__div64_32+0xa6>
878003c8:	1aed      	subs	r5, r5, r3
878003ca:	eb66 0604 	sbc.w	r6, r6, r4
878003ce:	1812      	adds	r2, r2, r0
878003d0:	eb48 0e0e 	adc.w	lr, r8, lr
878003d4:	4610      	mov	r0, r2
878003d6:	ea4c 72c8 	orr.w	r2, ip, r8, lsl #31
878003da:	ea4f 0858 	mov.w	r8, r8, lsr #1
878003de:	ea41 73c4 	orr.w	r3, r1, r4, lsl #31
878003e2:	0864      	lsrs	r4, r4, #1
878003e4:	ea52 0108 	orrs.w	r1, r2, r8
878003e8:	d1e6      	bne.n	878003b8 <__div64_32+0x88>
878003ea:	e9c7 0e00 	strd	r0, lr, [r7]
878003ee:	4628      	mov	r0, r5
878003f0:	b003      	add	sp, #12
878003f2:	e8bd 83f0 	ldmia.w	sp!, {r4, r5, r6, r7, r8, r9, pc}
878003f6:	bf00      	nop

878003f8 <__muldi3>:
878003f8:	b570      	push	{r4, r5, r6, lr}
878003fa:	ea4f 4410 	mov.w	r4, r0, lsr #16
878003fe:	ea4f 4c12 	mov.w	ip, r2, lsr #16
87800402:	ea20 4504 	bic.w	r5, r0, r4, lsl #16
87800406:	ea22 460c 	bic.w	r6, r2, ip, lsl #16
8780040a:	fb05 fe06 	mul.w	lr, r5, r6
8780040e:	fb04 f606 	mul.w	r6, r4, r6
87800412:	fb0c f505 	mul.w	r5, ip, r5
87800416:	fb04 fc0c 	mul.w	ip, r4, ip
8780041a:	1975      	adds	r5, r6, r5
8780041c:	bf28      	it	cs
8780041e:	f50c 3c80 	addcs.w	ip, ip, #65536	@ 0x10000
87800422:	eb1e 4e05 	adds.w	lr, lr, r5, lsl #16
87800426:	eb4c 4c15 	adc.w	ip, ip, r5, lsr #16
8780042a:	fb03 c300 	mla	r3, r3, r0, ip
8780042e:	4670      	mov	r0, lr
87800430:	fb02 3101 	mla	r1, r2, r1, r3
87800434:	bd70      	pop	{r4, r5, r6, pc}
87800436:	bf00      	nop

87800438 <printf>:
87800438:	b40f      	push	{r0, r1, r2, r3}
8780043a:	e92d 41f0 	stmdb	sp!, {r4, r5, r6, r7, r8, lr}
8780043e:	2700      	movs	r7, #0
87800440:	f2c0 2702 	movt	r7, #514	@ 0x202
87800444:	aa06      	add	r2, sp, #24
87800446:	4e0d      	ldr	r6, [pc, #52]	@ (8780047c <printf+0x44>)
87800448:	2400      	movs	r4, #0
8780044a:	447e      	add	r6, pc
8780044c:	f852 1b04 	ldr.w	r1, [r2], #4
87800450:	4630      	mov	r0, r6
87800452:	f001 fd3f 	bl	87801ed4 <vsprintf>
87800456:	1e75      	subs	r5, r6, #1
87800458:	4680      	mov	r8, r0
8780045a:	e004      	b.n	87800466 <printf+0x2e>
8780045c:	3401      	adds	r4, #1
8780045e:	f815 1f01 	ldrb.w	r1, [r5, #1]!
87800462:	f003 fa35 	bl	878038d0 <UART_Write>
87800466:	4630      	mov	r0, r6
87800468:	f000 f8f8 	bl	8780065c <strlen>
8780046c:	42a0      	cmp	r0, r4
8780046e:	4638      	mov	r0, r7
87800470:	d8f4      	bhi.n	8780045c <printf+0x24>
87800472:	4640      	mov	r0, r8
87800474:	e8bd 41f0 	ldmia.w	sp!, {r4, r5, r6, r7, r8, lr}
87800478:	b004      	add	sp, #16
8780047a:	4770      	bx	lr
8780047c:	00008c42 	andeq	r8, r0, r2, asr #24

87800480 <scanf>:
87800480:	b40f      	push	{r0, r1, r2, r3}
87800482:	b5f8      	push	{r3, r4, r5, r6, r7, lr}
87800484:	2700      	movs	r7, #0
87800486:	f2c0 2702 	movt	r7, #514	@ 0x202
8780048a:	4d13      	ldr	r5, [pc, #76]	@ (878004d8 <scanf+0x58>)
8780048c:	2600      	movs	r6, #0
8780048e:	447d      	add	r5, pc
87800490:	f205 35ff 	addw	r5, r5, #1023	@ 0x3ff
87800494:	e002      	b.n	8780049c <scanf+0x1c>
87800496:	3601      	adds	r6, #1
87800498:	f805 4f01 	strb.w	r4, [r5, #1]!
8780049c:	4638      	mov	r0, r7
8780049e:	f003 fa0f 	bl	878038c0 <UART_Read>
878004a2:	4604      	mov	r4, r0
878004a4:	4601      	mov	r1, r0
878004a6:	4638      	mov	r0, r7
878004a8:	f003 fa12 	bl	878038d0 <UART_Write>
878004ac:	2c0a      	cmp	r4, #10
878004ae:	bf18      	it	ne
878004b0:	2c0d      	cmpne	r4, #13
878004b2:	d1f0      	bne.n	87800496 <scanf+0x16>
878004b4:	4809      	ldr	r0, [pc, #36]	@ (878004dc <scanf+0x5c>)
878004b6:	aa06      	add	r2, sp, #24
878004b8:	2300      	movs	r3, #0
878004ba:	4478      	add	r0, pc
878004bc:	4406      	add	r6, r0
878004be:	f852 1b04 	ldr.w	r1, [r2], #4
878004c2:	f500 6080 	add.w	r0, r0, #1024	@ 0x400
878004c6:	f886 3400 	strb.w	r3, [r6, #1024]	@ 0x400
878004ca:	f001 fd17 	bl	87801efc <vsscanf>
878004ce:	e8bd 40f8 	ldmia.w	sp!, {r3, r4, r5, r6, r7, lr}
878004d2:	b004      	add	sp, #16
878004d4:	4770      	bx	lr
878004d6:	bf00      	nop
878004d8:	00008bfe 	strdeq	r8, [r0], -lr
878004dc:	00008bd2 	ldrdeq	r8, [r0], -r2

878004e0 <strnicmp>:
878004e0:	b530      	push	{r4, r5, lr}
878004e2:	460c      	mov	r4, r1
878004e4:	4916      	ldr	r1, [pc, #88]	@ (87800540 <strnicmp+0x60>)
878004e6:	4479      	add	r1, pc
878004e8:	b31a      	cbz	r2, 87800532 <strnicmp+0x52>
878004ea:	4402      	add	r2, r0
878004ec:	f100 3cff 	add.w	ip, r0, #4294967295	@ 0xffffffff
878004f0:	3c01      	subs	r4, #1
878004f2:	1e55      	subs	r5, r2, #1
878004f4:	e014      	b.n	87800520 <strnicmp+0x40>
878004f6:	b1db      	cbz	r3, 87800530 <strnicmp+0x50>
878004f8:	4298      	cmp	r0, r3
878004fa:	d00f      	beq.n	8780051c <strnicmp+0x3c>
878004fc:	588a      	ldr	r2, [r1, r2]
878004fe:	f812 e000 	ldrb.w	lr, [r2, r0]
87800502:	5cd2      	ldrb	r2, [r2, r3]
87800504:	f00e 0e01 	and.w	lr, lr, #1
87800508:	f002 0201 	and.w	r2, r2, #1
8780050c:	eb00 104e 	add.w	r0, r0, lr, lsl #5
87800510:	eb03 1342 	add.w	r3, r3, r2, lsl #5
87800514:	b2c0      	uxtb	r0, r0
87800516:	b2db      	uxtb	r3, r3
87800518:	4283      	cmp	r3, r0
8780051a:	d10e      	bne.n	8780053a <strnicmp+0x5a>
8780051c:	4565      	cmp	r5, ip
8780051e:	d00a      	beq.n	87800536 <strnicmp+0x56>
87800520:	f81c 0f01 	ldrb.w	r0, [ip, #1]!
87800524:	4a07      	ldr	r2, [pc, #28]	@ (87800544 <strnicmp+0x64>)
87800526:	f814 3f01 	ldrb.w	r3, [r4, #1]!
8780052a:	2800      	cmp	r0, #0
8780052c:	d1e3      	bne.n	878004f6 <strnicmp+0x16>
8780052e:	4258      	negs	r0, r3
87800530:	bd30      	pop	{r4, r5, pc}
87800532:	4610      	mov	r0, r2
87800534:	bd30      	pop	{r4, r5, pc}
87800536:	2000      	movs	r0, #0
87800538:	bd30      	pop	{r4, r5, pc}
8780053a:	1ac0      	subs	r0, r0, r3
8780053c:	bd30      	pop	{r4, r5, pc}
8780053e:	bf00      	nop
87800540:	fffffb16 			@ <UNDEFINED> instruction: 0xfffffb16
87800544:	00000178 	andeq	r0, r0, r8, ror r1

87800548 <strcpy>:
87800548:	1e42      	subs	r2, r0, #1
8780054a:	f811 3b01 	ldrb.w	r3, [r1], #1
8780054e:	f802 3f01 	strb.w	r3, [r2, #1]!
87800552:	2b00      	cmp	r3, #0
87800554:	d1f9      	bne.n	8780054a <strcpy+0x2>
87800556:	4770      	bx	lr

87800558 <strncpy>:
87800558:	f100 3cff 	add.w	ip, r0, #4294967295	@ 0xffffffff
8780055c:	440a      	add	r2, r1
8780055e:	e004      	b.n	8780056a <strncpy+0x12>
87800560:	f811 3b01 	ldrb.w	r3, [r1], #1
87800564:	f80c 3f01 	strb.w	r3, [ip, #1]!
87800568:	b10b      	cbz	r3, 8780056e <strncpy+0x16>
8780056a:	4291      	cmp	r1, r2
8780056c:	d1f8      	bne.n	87800560 <strncpy+0x8>
8780056e:	4770      	bx	lr

87800570 <strcat>:
87800570:	7803      	ldrb	r3, [r0, #0]
87800572:	b163      	cbz	r3, 8780058e <strcat+0x1e>
87800574:	4603      	mov	r3, r0
87800576:	f813 2f01 	ldrb.w	r2, [r3, #1]!
8780057a:	2a00      	cmp	r2, #0
8780057c:	d1fb      	bne.n	87800576 <strcat+0x6>
8780057e:	3b01      	subs	r3, #1
87800580:	f811 2b01 	ldrb.w	r2, [r1], #1
87800584:	f803 2f01 	strb.w	r2, [r3, #1]!
87800588:	2a00      	cmp	r2, #0
8780058a:	d1f9      	bne.n	87800580 <strcat+0x10>
8780058c:	4770      	bx	lr
8780058e:	4603      	mov	r3, r0
87800590:	e7f5      	b.n	8780057e <strcat+0xe>
87800592:	bf00      	nop

87800594 <strncat>:
87800594:	4694      	mov	ip, r2
87800596:	b192      	cbz	r2, 878005be <strncat+0x2a>
87800598:	7803      	ldrb	r3, [r0, #0]
8780059a:	b1a3      	cbz	r3, 878005c6 <strncat+0x32>
8780059c:	4603      	mov	r3, r0
8780059e:	f813 2f01 	ldrb.w	r2, [r3, #1]!
878005a2:	2a00      	cmp	r2, #0
878005a4:	d1fb      	bne.n	8780059e <strncat+0xa>
878005a6:	3901      	subs	r1, #1
878005a8:	449c      	add	ip, r3
878005aa:	e001      	b.n	878005b0 <strncat+0x1c>
878005ac:	4563      	cmp	r3, ip
878005ae:	d007      	beq.n	878005c0 <strncat+0x2c>
878005b0:	f811 2f01 	ldrb.w	r2, [r1, #1]!
878005b4:	3301      	adds	r3, #1
878005b6:	f803 2c01 	strb.w	r2, [r3, #-1]
878005ba:	2a00      	cmp	r2, #0
878005bc:	d1f6      	bne.n	878005ac <strncat+0x18>
878005be:	4770      	bx	lr
878005c0:	2200      	movs	r2, #0
878005c2:	701a      	strb	r2, [r3, #0]
878005c4:	4770      	bx	lr
878005c6:	4603      	mov	r3, r0
878005c8:	e7ed      	b.n	878005a6 <strncat+0x12>
878005ca:	bf00      	nop

878005cc <strcmp>:
878005cc:	1e42      	subs	r2, r0, #1
878005ce:	3901      	subs	r1, #1
878005d0:	e000      	b.n	878005d4 <strcmp+0x8>
878005d2:	b13b      	cbz	r3, 878005e4 <strcmp+0x18>
878005d4:	f812 3f01 	ldrb.w	r3, [r2, #1]!
878005d8:	f811 0f01 	ldrb.w	r0, [r1, #1]!
878005dc:	1a18      	subs	r0, r3, r0
878005de:	b240      	sxtb	r0, r0
878005e0:	2800      	cmp	r0, #0
878005e2:	d0f6      	beq.n	878005d2 <strcmp+0x6>
878005e4:	4770      	bx	lr
878005e6:	bf00      	nop

878005e8 <strncmp>:
878005e8:	b18a      	cbz	r2, 8780060e <strncmp+0x26>
878005ea:	3a01      	subs	r2, #1
878005ec:	1e43      	subs	r3, r0, #1
878005ee:	3901      	subs	r1, #1
878005f0:	eb00 0c02 	add.w	ip, r0, r2
878005f4:	e002      	b.n	878005fc <strncmp+0x14>
878005f6:	b152      	cbz	r2, 8780060e <strncmp+0x26>
878005f8:	4563      	cmp	r3, ip
878005fa:	d00a      	beq.n	87800612 <strncmp+0x2a>
878005fc:	f813 2f01 	ldrb.w	r2, [r3, #1]!
87800600:	f811 0f01 	ldrb.w	r0, [r1, #1]!
87800604:	1a10      	subs	r0, r2, r0
87800606:	b240      	sxtb	r0, r0
87800608:	2800      	cmp	r0, #0
8780060a:	d0f4      	beq.n	878005f6 <strncmp+0xe>
8780060c:	4770      	bx	lr
8780060e:	4610      	mov	r0, r2
87800610:	4770      	bx	lr
87800612:	4770      	bx	lr

87800614 <strchr>:
87800614:	7803      	ldrb	r3, [r0, #0]
87800616:	b2c9      	uxtb	r1, r1
87800618:	428b      	cmp	r3, r1
8780061a:	d006      	beq.n	8780062a <strchr+0x16>
8780061c:	b123      	cbz	r3, 87800628 <strchr+0x14>
8780061e:	f810 3f01 	ldrb.w	r3, [r0, #1]!
87800622:	428b      	cmp	r3, r1
87800624:	d1fa      	bne.n	8780061c <strchr+0x8>
87800626:	4770      	bx	lr
87800628:	4618      	mov	r0, r3
8780062a:	4770      	bx	lr

8780062c <strrchr>:
8780062c:	7803      	ldrb	r3, [r0, #0]
8780062e:	b19b      	cbz	r3, 87800658 <strrchr+0x2c>
87800630:	4603      	mov	r3, r0
87800632:	f813 2f01 	ldrb.w	r2, [r3, #1]!
87800636:	2a00      	cmp	r2, #0
87800638:	d1fb      	bne.n	87800632 <strrchr+0x6>
8780063a:	b2c9      	uxtb	r1, r1
8780063c:	e001      	b.n	87800642 <strrchr+0x16>
8780063e:	4298      	cmp	r0, r3
87800640:	d807      	bhi.n	87800652 <strrchr+0x26>
87800642:	f893 c000 	ldrb.w	ip, [r3]
87800646:	461a      	mov	r2, r3
87800648:	3b01      	subs	r3, #1
8780064a:	458c      	cmp	ip, r1
8780064c:	d1f7      	bne.n	8780063e <strrchr+0x12>
8780064e:	4610      	mov	r0, r2
87800650:	4770      	bx	lr
87800652:	2200      	movs	r2, #0
87800654:	4610      	mov	r0, r2
87800656:	4770      	bx	lr
87800658:	4603      	mov	r3, r0
8780065a:	e7ee      	b.n	8780063a <strrchr+0xe>

8780065c <strlen>:
8780065c:	7803      	ldrb	r3, [r0, #0]
8780065e:	b133      	cbz	r3, 8780066e <strlen+0x12>
87800660:	4603      	mov	r3, r0
87800662:	f813 2f01 	ldrb.w	r2, [r3, #1]!
87800666:	2a00      	cmp	r2, #0
87800668:	d1fb      	bne.n	87800662 <strlen+0x6>
8780066a:	1a18      	subs	r0, r3, r0
8780066c:	4770      	bx	lr
8780066e:	4618      	mov	r0, r3
87800670:	4770      	bx	lr
87800672:	bf00      	nop

87800674 <strnlen>:
87800674:	4603      	mov	r3, r0
87800676:	eb00 0c01 	add.w	ip, r0, r1
8780067a:	b919      	cbnz	r1, 87800684 <strnlen+0x10>
8780067c:	e007      	b.n	8780068e <strnlen+0x1a>
8780067e:	3301      	adds	r3, #1
87800680:	459c      	cmp	ip, r3
87800682:	d004      	beq.n	8780068e <strnlen+0x1a>
87800684:	781a      	ldrb	r2, [r3, #0]
87800686:	2a00      	cmp	r2, #0
87800688:	d1f9      	bne.n	8780067e <strnlen+0xa>
8780068a:	1a18      	subs	r0, r3, r0
8780068c:	4770      	bx	lr
8780068e:	4608      	mov	r0, r1
87800690:	4770      	bx	lr
87800692:	bf00      	nop

87800694 <strspn>:
87800694:	b510      	push	{r4, lr}
87800696:	460c      	mov	r4, r1
87800698:	7801      	ldrb	r1, [r0, #0]
8780069a:	b1b9      	cbz	r1, 878006cc <strspn+0x38>
8780069c:	f894 e000 	ldrb.w	lr, [r4]
878006a0:	f1be 0f00 	cmp.w	lr, #0
878006a4:	d101      	bne.n	878006aa <strspn+0x16>
878006a6:	4670      	mov	r0, lr
878006a8:	bd10      	pop	{r4, pc}
878006aa:	4684      	mov	ip, r0
878006ac:	2000      	movs	r0, #0
878006ae:	4622      	mov	r2, r4
878006b0:	4673      	mov	r3, lr
878006b2:	e003      	b.n	878006bc <strspn+0x28>
878006b4:	f812 3f01 	ldrb.w	r3, [r2, #1]!
878006b8:	2b00      	cmp	r3, #0
878006ba:	d0f5      	beq.n	878006a8 <strspn+0x14>
878006bc:	4299      	cmp	r1, r3
878006be:	d1f9      	bne.n	878006b4 <strspn+0x20>
878006c0:	f81c 1f01 	ldrb.w	r1, [ip, #1]!
878006c4:	3001      	adds	r0, #1
878006c6:	2900      	cmp	r1, #0
878006c8:	d1f1      	bne.n	878006ae <strspn+0x1a>
878006ca:	bd10      	pop	{r4, pc}
878006cc:	4608      	mov	r0, r1
878006ce:	bd10      	pop	{r4, pc}

878006d0 <strpbrk>:
878006d0:	f890 c000 	ldrb.w	ip, [r0]
878006d4:	f1bc 0f00 	cmp.w	ip, #0
878006d8:	d01d      	beq.n	87800716 <strpbrk+0x46>
878006da:	b500      	push	{lr}
878006dc:	f891 e000 	ldrb.w	lr, [r1]
878006e0:	f1be 0f00 	cmp.w	lr, #0
878006e4:	d012      	beq.n	8780070c <strpbrk+0x3c>
878006e6:	460a      	mov	r2, r1
878006e8:	4673      	mov	r3, lr
878006ea:	e002      	b.n	878006f2 <strpbrk+0x22>
878006ec:	f812 3f01 	ldrb.w	r3, [r2, #1]!
878006f0:	b113      	cbz	r3, 878006f8 <strpbrk+0x28>
878006f2:	4563      	cmp	r3, ip
878006f4:	d1fa      	bne.n	878006ec <strpbrk+0x1c>
878006f6:	bd00      	pop	{pc}
878006f8:	f810 cf01 	ldrb.w	ip, [r0, #1]!
878006fc:	f1bc 0f00 	cmp.w	ip, #0
87800700:	d1f1      	bne.n	878006e6 <strpbrk+0x16>
87800702:	4660      	mov	r0, ip
87800704:	bd00      	pop	{pc}
87800706:	f810 3f02 	ldrb.w	r3, [r0, #2]!
8780070a:	b113      	cbz	r3, 87800712 <strpbrk+0x42>
8780070c:	7843      	ldrb	r3, [r0, #1]
8780070e:	2b00      	cmp	r3, #0
87800710:	d1f9      	bne.n	87800706 <strpbrk+0x36>
87800712:	4618      	mov	r0, r3
87800714:	bd00      	pop	{pc}
87800716:	4660      	mov	r0, ip
87800718:	4770      	bx	lr
8780071a:	bf00      	nop

8780071c <strtok>:
8780071c:	b530      	push	{r4, r5, lr}
8780071e:	460c      	mov	r4, r1
87800720:	4605      	mov	r5, r0
87800722:	2800      	cmp	r0, #0
87800724:	d047      	beq.n	878007b6 <strtok+0x9a>
87800726:	7828      	ldrb	r0, [r5, #0]
87800728:	2800      	cmp	r0, #0
8780072a:	d03e      	beq.n	878007aa <strtok+0x8e>
8780072c:	7821      	ldrb	r1, [r4, #0]
8780072e:	468c      	mov	ip, r1
87800730:	bb11      	cbnz	r1, 87800778 <strtok+0x5c>
87800732:	eb05 000c 	add.w	r0, r5, ip
87800736:	f815 c00c 	ldrb.w	ip, [r5, ip]
8780073a:	f1bc 0f00 	cmp.w	ip, #0
8780073e:	d034      	beq.n	878007aa <strtok+0x8e>
87800740:	4603      	mov	r3, r0
87800742:	2900      	cmp	r1, #0
87800744:	d041      	beq.n	878007ca <strtok+0xae>
87800746:	4605      	mov	r5, r0
87800748:	4622      	mov	r2, r4
8780074a:	460b      	mov	r3, r1
8780074c:	e002      	b.n	87800754 <strtok+0x38>
8780074e:	f812 3f01 	ldrb.w	r3, [r2, #1]!
87800752:	b153      	cbz	r3, 8780076a <strtok+0x4e>
87800754:	4563      	cmp	r3, ip
87800756:	d1fa      	bne.n	8780074e <strtok+0x32>
87800758:	782b      	ldrb	r3, [r5, #0]
8780075a:	b113      	cbz	r3, 87800762 <strtok+0x46>
8780075c:	2300      	movs	r3, #0
8780075e:	f805 3b01 	strb.w	r3, [r5], #1
87800762:	4b1c      	ldr	r3, [pc, #112]	@ (878007d4 <strtok+0xb8>)
87800764:	447b      	add	r3, pc
87800766:	601d      	str	r5, [r3, #0]
87800768:	bd30      	pop	{r4, r5, pc}
8780076a:	f815 cf01 	ldrb.w	ip, [r5, #1]!
8780076e:	f1bc 0f00 	cmp.w	ip, #0
87800772:	d1e9      	bne.n	87800748 <strtok+0x2c>
87800774:	4665      	mov	r5, ip
87800776:	e7f4      	b.n	87800762 <strtok+0x46>
87800778:	46ae      	mov	lr, r5
8780077a:	f04f 0c00 	mov.w	ip, #0
8780077e:	4622      	mov	r2, r4
87800780:	460b      	mov	r3, r1
87800782:	e003      	b.n	8780078c <strtok+0x70>
87800784:	f812 3f01 	ldrb.w	r3, [r2, #1]!
87800788:	2b00      	cmp	r3, #0
8780078a:	d0d2      	beq.n	87800732 <strtok+0x16>
8780078c:	4283      	cmp	r3, r0
8780078e:	d1f9      	bne.n	87800784 <strtok+0x68>
87800790:	f81e 0f01 	ldrb.w	r0, [lr, #1]!
87800794:	f10c 0c01 	add.w	ip, ip, #1
87800798:	2800      	cmp	r0, #0
8780079a:	d1f0      	bne.n	8780077e <strtok+0x62>
8780079c:	eb05 000c 	add.w	r0, r5, ip
878007a0:	f815 c00c 	ldrb.w	ip, [r5, ip]
878007a4:	f1bc 0f00 	cmp.w	ip, #0
878007a8:	d1ca      	bne.n	87800740 <strtok+0x24>
878007aa:	4b0b      	ldr	r3, [pc, #44]	@ (878007d8 <strtok+0xbc>)
878007ac:	2200      	movs	r2, #0
878007ae:	447b      	add	r3, pc
878007b0:	601a      	str	r2, [r3, #0]
878007b2:	2000      	movs	r0, #0
878007b4:	bd30      	pop	{r4, r5, pc}
878007b6:	4b09      	ldr	r3, [pc, #36]	@ (878007dc <strtok+0xc0>)
878007b8:	447b      	add	r3, pc
878007ba:	681d      	ldr	r5, [r3, #0]
878007bc:	2d00      	cmp	r5, #0
878007be:	d1b2      	bne.n	87800726 <strtok+0xa>
878007c0:	e7f7      	b.n	878007b2 <strtok+0x96>
878007c2:	f813 5f02 	ldrb.w	r5, [r3, #2]!
878007c6:	2d00      	cmp	r5, #0
878007c8:	d0cb      	beq.n	87800762 <strtok+0x46>
878007ca:	785d      	ldrb	r5, [r3, #1]
878007cc:	2d00      	cmp	r5, #0
878007ce:	d1f8      	bne.n	878007c2 <strtok+0xa6>
878007d0:	e7c7      	b.n	87800762 <strtok+0x46>
878007d2:	bf00      	nop
878007d4:	00009128 	andeq	r9, r0, r8, lsr #2
878007d8:	000090de 	ldrdeq	r9, [r0], -lr
878007dc:	000090d4 	ldrdeq	r9, [r0], -r4

878007e0 <strsep>:
878007e0:	b530      	push	{r4, r5, lr}
878007e2:	4605      	mov	r5, r0
878007e4:	6800      	ldr	r0, [r0, #0]
878007e6:	b1a0      	cbz	r0, 87800812 <strsep+0x32>
878007e8:	f890 c000 	ldrb.w	ip, [r0]
878007ec:	f1bc 0f00 	cmp.w	ip, #0
878007f0:	d015      	beq.n	8780081e <strsep+0x3e>
878007f2:	780c      	ldrb	r4, [r1, #0]
878007f4:	b1ac      	cbz	r4, 87800822 <strsep+0x42>
878007f6:	4686      	mov	lr, r0
878007f8:	460a      	mov	r2, r1
878007fa:	4623      	mov	r3, r4
878007fc:	e002      	b.n	87800804 <strsep+0x24>
878007fe:	f812 3f01 	ldrb.w	r3, [r2, #1]!
87800802:	b13b      	cbz	r3, 87800814 <strsep+0x34>
87800804:	4563      	cmp	r3, ip
87800806:	d1fa      	bne.n	878007fe <strsep+0x1e>
87800808:	4673      	mov	r3, lr
8780080a:	2200      	movs	r2, #0
8780080c:	f803 2b01 	strb.w	r2, [r3], #1
87800810:	602b      	str	r3, [r5, #0]
87800812:	bd30      	pop	{r4, r5, pc}
87800814:	f81e cf01 	ldrb.w	ip, [lr, #1]!
87800818:	f1bc 0f00 	cmp.w	ip, #0
8780081c:	d1ec      	bne.n	878007f8 <strsep+0x18>
8780081e:	4663      	mov	r3, ip
87800820:	e7f6      	b.n	87800810 <strsep+0x30>
87800822:	4602      	mov	r2, r0
87800824:	e003      	b.n	8780082e <strsep+0x4e>
87800826:	f812 3f02 	ldrb.w	r3, [r2, #2]!
8780082a:	2b00      	cmp	r3, #0
8780082c:	d0f0      	beq.n	87800810 <strsep+0x30>
8780082e:	7853      	ldrb	r3, [r2, #1]
87800830:	2b00      	cmp	r3, #0
87800832:	d1f8      	bne.n	87800826 <strsep+0x46>
87800834:	e7ec      	b.n	87800810 <strsep+0x30>
87800836:	bf00      	nop

87800838 <memset>:
87800838:	b12a      	cbz	r2, 87800846 <memset+0xe>
8780083a:	4402      	add	r2, r0
8780083c:	4603      	mov	r3, r0
8780083e:	f803 1b01 	strb.w	r1, [r3], #1
87800842:	429a      	cmp	r2, r3
87800844:	d1fb      	bne.n	8780083e <memset+0x6>
87800846:	4770      	bx	lr

87800848 <bcopy>:
87800848:	b13a      	cbz	r2, 8780085a <bcopy+0x12>
8780084a:	3901      	subs	r1, #1
8780084c:	4402      	add	r2, r0
8780084e:	f810 3b01 	ldrb.w	r3, [r0], #1
87800852:	f801 3f01 	strb.w	r3, [r1, #1]!
87800856:	4290      	cmp	r0, r2
87800858:	d1f9      	bne.n	8780084e <bcopy+0x6>
8780085a:	4770      	bx	lr

8780085c <memcpy>:
8780085c:	b13a      	cbz	r2, 8780086e <memcpy+0x12>
8780085e:	1e43      	subs	r3, r0, #1
87800860:	440a      	add	r2, r1
87800862:	f811 cb01 	ldrb.w	ip, [r1], #1
87800866:	f803 cf01 	strb.w	ip, [r3, #1]!
8780086a:	4291      	cmp	r1, r2
8780086c:	d1f9      	bne.n	87800862 <memcpy+0x6>
8780086e:	4770      	bx	lr

87800870 <memmove>:
87800870:	4288      	cmp	r0, r1
87800872:	d809      	bhi.n	87800888 <memmove+0x18>
87800874:	b18a      	cbz	r2, 8780089a <memmove+0x2a>
87800876:	1e43      	subs	r3, r0, #1
87800878:	440a      	add	r2, r1
8780087a:	f811 cb01 	ldrb.w	ip, [r1], #1
8780087e:	f803 cf01 	strb.w	ip, [r3, #1]!
87800882:	428a      	cmp	r2, r1
87800884:	d1f9      	bne.n	8780087a <memmove+0xa>
87800886:	4770      	bx	lr
87800888:	b13a      	cbz	r2, 8780089a <memmove+0x2a>
8780088a:	188b      	adds	r3, r1, r2
8780088c:	4402      	add	r2, r0
8780088e:	f813 cd01 	ldrb.w	ip, [r3, #-1]!
87800892:	f802 cd01 	strb.w	ip, [r2, #-1]!
87800896:	4299      	cmp	r1, r3
87800898:	d1f9      	bne.n	8780088e <memmove+0x1e>
8780089a:	4770      	bx	lr

8780089c <memcmp>:
8780089c:	b17a      	cbz	r2, 878008be <memcmp+0x22>
8780089e:	3a01      	subs	r2, #1
878008a0:	1e43      	subs	r3, r0, #1
878008a2:	3901      	subs	r1, #1
878008a4:	eb00 0c02 	add.w	ip, r0, r2
878008a8:	e001      	b.n	878008ae <memcmp+0x12>
878008aa:	459c      	cmp	ip, r3
878008ac:	d006      	beq.n	878008bc <memcmp+0x20>
878008ae:	f813 0f01 	ldrb.w	r0, [r3, #1]!
878008b2:	f811 2f01 	ldrb.w	r2, [r1, #1]!
878008b6:	1a80      	subs	r0, r0, r2
878008b8:	d0f7      	beq.n	878008aa <memcmp+0xe>
878008ba:	4770      	bx	lr
878008bc:	4770      	bx	lr
878008be:	4610      	mov	r0, r2
878008c0:	e7fb      	b.n	878008ba <memcmp+0x1e>
878008c2:	bf00      	nop

878008c4 <memscan>:
878008c4:	b152      	cbz	r2, 878008dc <memscan+0x18>
878008c6:	4603      	mov	r3, r0
878008c8:	4402      	add	r2, r0
878008ca:	e001      	b.n	878008d0 <memscan+0xc>
878008cc:	429a      	cmp	r2, r3
878008ce:	d006      	beq.n	878008de <memscan+0x1a>
878008d0:	f893 c000 	ldrb.w	ip, [r3]
878008d4:	4618      	mov	r0, r3
878008d6:	3301      	adds	r3, #1
878008d8:	458c      	cmp	ip, r1
878008da:	d1f7      	bne.n	878008cc <memscan+0x8>
878008dc:	4770      	bx	lr
878008de:	4610      	mov	r0, r2
878008e0:	4770      	bx	lr
878008e2:	bf00      	nop

878008e4 <strstr>:
878008e4:	b5f0      	push	{r4, r5, r6, r7, lr}
878008e6:	4604      	mov	r4, r0
878008e8:	780b      	ldrb	r3, [r1, #0]
878008ea:	b303      	cbz	r3, 8780092e <strstr+0x4a>
878008ec:	460b      	mov	r3, r1
878008ee:	f813 2f01 	ldrb.w	r2, [r3, #1]!
878008f2:	2a00      	cmp	r2, #0
878008f4:	d1fb      	bne.n	878008ee <strstr+0xa>
878008f6:	1a5e      	subs	r6, r3, r1
878008f8:	d019      	beq.n	8780092e <strstr+0x4a>
878008fa:	7823      	ldrb	r3, [r4, #0]
878008fc:	b12b      	cbz	r3, 8780090a <strstr+0x26>
878008fe:	4623      	mov	r3, r4
87800900:	f813 2f01 	ldrb.w	r2, [r3, #1]!
87800904:	2a00      	cmp	r2, #0
87800906:	d1fb      	bne.n	87800900 <strstr+0x1c>
87800908:	1b1b      	subs	r3, r3, r4
8780090a:	429e      	cmp	r6, r3
8780090c:	dc16      	bgt.n	8780093c <strstr+0x58>
8780090e:	19a0      	adds	r0, r4, r6
87800910:	1e4f      	subs	r7, r1, #1
87800912:	18e5      	adds	r5, r4, r3
87800914:	1e63      	subs	r3, r4, #1
87800916:	463a      	mov	r2, r7
87800918:	f813 cf01 	ldrb.w	ip, [r3, #1]!
8780091c:	f812 1f01 	ldrb.w	r1, [r2, #1]!
87800920:	eba0 0e03 	sub.w	lr, r0, r3
87800924:	458c      	cmp	ip, r1
87800926:	d104      	bne.n	87800932 <strstr+0x4e>
87800928:	f1be 0f01 	cmp.w	lr, #1
8780092c:	d1f4      	bne.n	87800918 <strstr+0x34>
8780092e:	4620      	mov	r0, r4
87800930:	bdf0      	pop	{r4, r5, r6, r7, pc}
87800932:	3401      	adds	r4, #1
87800934:	3001      	adds	r0, #1
87800936:	1b2b      	subs	r3, r5, r4
87800938:	429e      	cmp	r6, r3
8780093a:	ddeb      	ble.n	87800914 <strstr+0x30>
8780093c:	2400      	movs	r4, #0
8780093e:	4620      	mov	r0, r4
87800940:	bdf0      	pop	{r4, r5, r6, r7, pc}
87800942:	bf00      	nop

87800944 <memchr>:
87800944:	4402      	add	r2, r0
87800946:	b2c9      	uxtb	r1, r1
87800948:	e004      	b.n	87800954 <memchr+0x10>
8780094a:	f813 cb01 	ldrb.w	ip, [r3], #1
8780094e:	458c      	cmp	ip, r1
87800950:	d004      	beq.n	8780095c <memchr+0x18>
87800952:	4618      	mov	r0, r3
87800954:	4603      	mov	r3, r0
87800956:	4290      	cmp	r0, r2
87800958:	d1f7      	bne.n	8780094a <memchr+0x6>
8780095a:	2000      	movs	r0, #0
8780095c:	4770      	bx	lr
8780095e:	bf00      	nop

87800960 <number>:
87800960:	e92d 4ff0 	stmdb	sp!, {r4, r5, r6, r7, r8, r9, sl, fp, lr}
87800964:	4684      	mov	ip, r0
87800966:	b0a5      	sub	sp, #148	@ 0x94
87800968:	9c31      	ldr	r4, [sp, #196]	@ 0xc4
8780096a:	9d2e      	ldr	r5, [sp, #184]	@ 0xb8
8780096c:	f004 0920 	and.w	r9, r4, #32
87800970:	f004 0b10 	and.w	fp, r4, #16
87800974:	f3c4 1040 	ubfx	r0, r4, #5, #1
87800978:	2d0a      	cmp	r5, #10
8780097a:	bf0c      	ite	eq
8780097c:	2000      	moveq	r0, #0
8780097e:	f000 0001 	andne.w	r0, r0, #1
87800982:	f004 0502 	and.w	r5, r4, #2
87800986:	2800      	cmp	r0, #0
87800988:	f040 8100 	bne.w	87800b8c <number+0x22c>
8780098c:	f1bb 0f00 	cmp.w	fp, #0
87800990:	f000 80cf 	beq.w	87800b32 <number+0x1d2>
87800994:	f024 0001 	bic.w	r0, r4, #1
87800998:	9002      	str	r0, [sp, #8]
8780099a:	2d00      	cmp	r5, #0
8780099c:	f040 812e 	bne.w	87800bfc <number+0x29c>
878009a0:	ea52 0003 	orrs.w	r0, r2, r3
878009a4:	f000 8257 	beq.w	87800e56 <number+0x4f6>
878009a8:	2010      	movs	r0, #16
878009aa:	9501      	str	r5, [sp, #4]
878009ac:	9003      	str	r0, [sp, #12]
878009ae:	982e      	ldr	r0, [sp, #184]	@ 0xb8
878009b0:	280a      	cmp	r0, #10
878009b2:	f000 81c9 	beq.w	87800d48 <number+0x3e8>
878009b6:	2810      	cmp	r0, #16
878009b8:	f04f 0a00 	mov.w	sl, #0
878009bc:	bf0b      	itete	eq
878009be:	260f      	moveq	r6, #15
878009c0:	2607      	movne	r6, #7
878009c2:	2404      	moveq	r4, #4
878009c4:	2403      	movne	r4, #3
878009c6:	f8df 87ac 	ldr.w	r8, [pc, #1964]	@ 87801174 <number+0x814>
878009ca:	f10d 052b 	add.w	r5, sp, #43	@ 0x2b
878009ce:	f04f 0e00 	mov.w	lr, #0
878009d2:	f1c4 0720 	rsb	r7, r4, #32
878009d6:	44f8      	add	r8, pc
878009d8:	e9cd ab04 	strd	sl, fp, [sp, #16]
878009dc:	ea02 0a06 	and.w	sl, r2, r6
878009e0:	f1b4 0b20 	subs.w	fp, r4, #32
878009e4:	fa22 f204 	lsr.w	r2, r2, r4
878009e8:	4670      	mov	r0, lr
878009ea:	fa43 fb0b 	asr.w	fp, r3, fp
878009ee:	f10e 0e01 	add.w	lr, lr, #1
878009f2:	f818 a00a 	ldrb.w	sl, [r8, sl]
878009f6:	ea49 0a0a 	orr.w	sl, r9, sl
878009fa:	f805 af01 	strb.w	sl, [r5, #1]!
878009fe:	fa03 fa07 	lsl.w	sl, r3, r7
87800a02:	ea42 020a 	orr.w	r2, r2, sl
87800a06:	fa43 f304 	asr.w	r3, r3, r4
87800a0a:	bf58      	it	pl
87800a0c:	ea42 020b 	orrpl.w	r2, r2, fp
87800a10:	ea52 0a03 	orrs.w	sl, r2, r3
87800a14:	d1e2      	bne.n	878009dc <number+0x7c>
87800a16:	9b30      	ldr	r3, [sp, #192]	@ 0xc0
87800a18:	9c03      	ldr	r4, [sp, #12]
87800a1a:	9a2f      	ldr	r2, [sp, #188]	@ 0xbc
87800a1c:	4573      	cmp	r3, lr
87800a1e:	bfb8      	it	lt
87800a20:	4673      	movlt	r3, lr
87800a22:	e9dd ab04 	ldrd	sl, fp, [sp, #16]
87800a26:	1ad2      	subs	r2, r2, r3
87800a28:	b984      	cbnz	r4, 87800a4c <number+0xec>
87800a2a:	2a00      	cmp	r2, #0
87800a2c:	bfd8      	it	le
87800a2e:	f102 32ff 	addle.w	r2, r2, #4294967295	@ 0xffffffff
87800a32:	dd0b      	ble.n	87800a4c <number+0xec>
87800a34:	4462      	add	r2, ip
87800a36:	2420      	movs	r4, #32
87800a38:	4561      	cmp	r1, ip
87800a3a:	f10c 0c01 	add.w	ip, ip, #1
87800a3e:	bf88      	it	hi
87800a40:	f80c 4c01 	strbhi.w	r4, [ip, #-1]
87800a44:	4594      	cmp	ip, r2
87800a46:	d1f7      	bne.n	87800a38 <number+0xd8>
87800a48:	f04f 32ff 	mov.w	r2, #4294967295	@ 0xffffffff
87800a4c:	9c01      	ldr	r4, [sp, #4]
87800a4e:	b134      	cbz	r4, 87800a5e <number+0xfe>
87800a50:	4561      	cmp	r1, ip
87800a52:	f10c 0c01 	add.w	ip, ip, #1
87800a56:	bf84      	itt	hi
87800a58:	9c01      	ldrhi	r4, [sp, #4]
87800a5a:	f80c 4c01 	strbhi.w	r4, [ip, #-1]
87800a5e:	f1ba 0f00 	cmp.w	sl, #0
87800a62:	d00c      	beq.n	87800a7e <number+0x11e>
87800a64:	9d2e      	ldr	r5, [sp, #184]	@ 0xb8
87800a66:	4561      	cmp	r1, ip
87800a68:	bf84      	itt	hi
87800a6a:	2430      	movhi	r4, #48	@ 0x30
87800a6c:	f88c 4000 	strbhi.w	r4, [ip]
87800a70:	f10c 0401 	add.w	r4, ip, #1
87800a74:	2d10      	cmp	r5, #16
87800a76:	bf18      	it	ne
87800a78:	46a4      	movne	ip, r4
87800a7a:	f000 8128 	beq.w	87800cce <number+0x36e>
87800a7e:	f1bb 0f00 	cmp.w	fp, #0
87800a82:	f040 80b6 	bne.w	87800bf2 <number+0x292>
87800a86:	9c02      	ldr	r4, [sp, #8]
87800a88:	f014 0f01 	tst.w	r4, #1
87800a8c:	bf14      	ite	ne
87800a8e:	2430      	movne	r4, #48	@ 0x30
87800a90:	2420      	moveq	r4, #32
87800a92:	1e55      	subs	r5, r2, #1
87800a94:	f100 8271 	bmi.w	87800f7a <number+0x61a>
87800a98:	4462      	add	r2, ip
87800a9a:	4561      	cmp	r1, ip
87800a9c:	f10c 0c01 	add.w	ip, ip, #1
87800aa0:	bf88      	it	hi
87800aa2:	f80c 4c01 	strbhi.w	r4, [ip, #-1]
87800aa6:	4562      	cmp	r2, ip
87800aa8:	d1f7      	bne.n	87800a9a <number+0x13a>
87800aaa:	3b01      	subs	r3, #1
87800aac:	4694      	mov	ip, r2
87800aae:	4573      	cmp	r3, lr
87800ab0:	bfa8      	it	ge
87800ab2:	f04f 32ff 	movge.w	r2, #4294967295	@ 0xffffffff
87800ab6:	f2c0 82d8 	blt.w	8780106a <number+0x70a>
87800aba:	4664      	mov	r4, ip
87800abc:	eb0c 0603 	add.w	r6, ip, r3
87800ac0:	2730      	movs	r7, #48	@ 0x30
87800ac2:	42a1      	cmp	r1, r4
87800ac4:	f104 0401 	add.w	r4, r4, #1
87800ac8:	bf88      	it	hi
87800aca:	f804 7c01 	strbhi.w	r7, [r4, #-1]
87800ace:	1b35      	subs	r5, r6, r4
87800ad0:	4575      	cmp	r5, lr
87800ad2:	daf6      	bge.n	87800ac2 <number+0x162>
87800ad4:	f10c 0401 	add.w	r4, ip, #1
87800ad8:	eba3 0c0e 	sub.w	ip, r3, lr
87800adc:	4573      	cmp	r3, lr
87800ade:	bfb8      	it	lt
87800ae0:	f04f 0c00 	movlt.w	ip, #0
87800ae4:	44a4      	add	ip, r4
87800ae6:	2800      	cmp	r0, #0
87800ae8:	db11      	blt.n	87800b0e <number+0x1ae>
87800aea:	ab0b      	add	r3, sp, #44	@ 0x2c
87800aec:	4403      	add	r3, r0
87800aee:	3001      	adds	r0, #1
87800af0:	eb0c 0400 	add.w	r4, ip, r0
87800af4:	4660      	mov	r0, ip
87800af6:	4281      	cmp	r1, r0
87800af8:	f100 0001 	add.w	r0, r0, #1
87800afc:	f103 33ff 	add.w	r3, r3, #4294967295	@ 0xffffffff
87800b00:	bf84      	itt	hi
87800b02:	785d      	ldrbhi	r5, [r3, #1]
87800b04:	f800 5c01 	strbhi.w	r5, [r0, #-1]
87800b08:	4284      	cmp	r4, r0
87800b0a:	d1f4      	bne.n	87800af6 <number+0x196>
87800b0c:	46a4      	mov	ip, r4
87800b0e:	2a00      	cmp	r2, #0
87800b10:	dd0b      	ble.n	87800b2a <number+0x1ca>
87800b12:	4462      	add	r2, ip
87800b14:	4660      	mov	r0, ip
87800b16:	2320      	movs	r3, #32
87800b18:	4281      	cmp	r1, r0
87800b1a:	f100 0001 	add.w	r0, r0, #1
87800b1e:	bf88      	it	hi
87800b20:	f800 3c01 	strbhi.w	r3, [r0, #-1]
87800b24:	4282      	cmp	r2, r0
87800b26:	d1f7      	bne.n	87800b18 <number+0x1b8>
87800b28:	4694      	mov	ip, r2
87800b2a:	4660      	mov	r0, ip
87800b2c:	b025      	add	sp, #148	@ 0x94
87800b2e:	e8bd 8ff0 	ldmia.w	sp!, {r4, r5, r6, r7, r8, r9, sl, fp, pc}
87800b32:	f004 0011 	and.w	r0, r4, #17
87800b36:	9003      	str	r0, [sp, #12]
87800b38:	2d00      	cmp	r5, #0
87800b3a:	d171      	bne.n	87800c20 <number+0x2c0>
87800b3c:	ea52 0003 	orrs.w	r0, r2, r3
87800b40:	f040 8314 	bne.w	8780116c <number+0x80c>
87800b44:	9b30      	ldr	r3, [sp, #192]	@ 0xc0
87800b46:	2030      	movs	r0, #48	@ 0x30
87800b48:	9a2f      	ldr	r2, [sp, #188]	@ 0xbc
87800b4a:	2b01      	cmp	r3, #1
87800b4c:	f88d 002c 	strb.w	r0, [sp, #44]	@ 0x2c
87800b50:	bfb8      	it	lt
87800b52:	2301      	movlt	r3, #1
87800b54:	f004 0011 	and.w	r0, r4, #17
87800b58:	1ad2      	subs	r2, r2, r3
87800b5a:	2800      	cmp	r0, #0
87800b5c:	f040 8243 	bne.w	87800fe6 <number+0x686>
87800b60:	f8cd b004 	str.w	fp, [sp, #4]
87800b64:	2a00      	cmp	r2, #0
87800b66:	bfc1      	itttt	gt
87800b68:	9402      	strgt	r4, [sp, #8]
87800b6a:	2000      	movgt	r0, #0
87800b6c:	f04f 0e01 	movgt.w	lr, #1
87800b70:	4682      	movgt	sl, r0
87800b72:	f73f af5f 	bgt.w	87800a34 <number+0xd4>
87800b76:	9801      	ldr	r0, [sp, #4]
87800b78:	3a01      	subs	r2, #1
87800b7a:	9402      	str	r4, [sp, #8]
87800b7c:	2800      	cmp	r0, #0
87800b7e:	f000 82aa 	beq.w	878010d6 <number+0x776>
87800b82:	2000      	movs	r0, #0
87800b84:	f04f 0e01 	mov.w	lr, #1
87800b88:	4682      	mov	sl, r0
87800b8a:	e761      	b.n	87800a50 <number+0xf0>
87800b8c:	f1bb 0f00 	cmp.w	fp, #0
87800b90:	d06b      	beq.n	87800c6a <number+0x30a>
87800b92:	f024 0001 	bic.w	r0, r4, #1
87800b96:	9002      	str	r0, [sp, #8]
87800b98:	2d00      	cmp	r5, #0
87800b9a:	f040 80ac 	bne.w	87800cf6 <number+0x396>
87800b9e:	4604      	mov	r4, r0
87800ba0:	2010      	movs	r0, #16
87800ba2:	9501      	str	r5, [sp, #4]
87800ba4:	9d2e      	ldr	r5, [sp, #184]	@ 0xb8
87800ba6:	2d10      	cmp	r5, #16
87800ba8:	9d2f      	ldr	r5, [sp, #188]	@ 0xbc
87800baa:	d06f      	beq.n	87800c8c <number+0x32c>
87800bac:	3d01      	subs	r5, #1
87800bae:	952f      	str	r5, [sp, #188]	@ 0xbc
87800bb0:	ea52 0503 	orrs.w	r5, r2, r3
87800bb4:	f040 80b0 	bne.w	87800d18 <number+0x3b8>
87800bb8:	9b30      	ldr	r3, [sp, #192]	@ 0xc0
87800bba:	2530      	movs	r5, #48	@ 0x30
87800bbc:	9a2f      	ldr	r2, [sp, #188]	@ 0xbc
87800bbe:	2b01      	cmp	r3, #1
87800bc0:	f88d 502c 	strb.w	r5, [sp, #44]	@ 0x2c
87800bc4:	bfb8      	it	lt
87800bc6:	2301      	movlt	r3, #1
87800bc8:	1ad2      	subs	r2, r2, r3
87800bca:	2800      	cmp	r0, #0
87800bcc:	f000 80ab 	beq.w	87800d26 <number+0x3c6>
87800bd0:	9801      	ldr	r0, [sp, #4]
87800bd2:	2800      	cmp	r0, #0
87800bd4:	f040 8084 	bne.w	87800ce0 <number+0x380>
87800bd8:	458c      	cmp	ip, r1
87800bda:	f080 826d 	bcs.w	878010b8 <number+0x758>
87800bde:	9801      	ldr	r0, [sp, #4]
87800be0:	f04f 0e01 	mov.w	lr, #1
87800be4:	f80c 5b01 	strb.w	r5, [ip], #1
87800be8:	9402      	str	r4, [sp, #8]
87800bea:	f1bb 0f00 	cmp.w	fp, #0
87800bee:	f43f af4a 	beq.w	87800a86 <number+0x126>
87800bf2:	3b01      	subs	r3, #1
87800bf4:	4573      	cmp	r3, lr
87800bf6:	f6bf af60 	bge.w	87800aba <number+0x15a>
87800bfa:	e774      	b.n	87800ae6 <number+0x186>
87800bfc:	2b00      	cmp	r3, #0
87800bfe:	f2c0 823c 	blt.w	8780107a <number+0x71a>
87800c02:	0760      	lsls	r0, r4, #29
87800c04:	f140 81ae 	bpl.w	87800f64 <number+0x604>
87800c08:	982f      	ldr	r0, [sp, #188]	@ 0xbc
87800c0a:	3801      	subs	r0, #1
87800c0c:	902f      	str	r0, [sp, #188]	@ 0xbc
87800c0e:	ea52 0003 	orrs.w	r0, r2, r3
87800c12:	f000 8200 	beq.w	87801016 <number+0x6b6>
87800c16:	2010      	movs	r0, #16
87800c18:	9003      	str	r0, [sp, #12]
87800c1a:	202b      	movs	r0, #43	@ 0x2b
87800c1c:	9001      	str	r0, [sp, #4]
87800c1e:	e6c6      	b.n	878009ae <number+0x4e>
87800c20:	455b      	cmp	r3, fp
87800c22:	f2c0 8194 	blt.w	87800f4e <number+0x5ee>
87800c26:	0767      	lsls	r7, r4, #29
87800c28:	f100 81c1 	bmi.w	87800fae <number+0x64e>
87800c2c:	0727      	lsls	r7, r4, #28
87800c2e:	f140 8276 	bpl.w	8780111e <number+0x7be>
87800c32:	982f      	ldr	r0, [sp, #188]	@ 0xbc
87800c34:	3801      	subs	r0, #1
87800c36:	902f      	str	r0, [sp, #188]	@ 0xbc
87800c38:	ea52 0003 	orrs.w	r0, r2, r3
87800c3c:	bf1e      	ittt	ne
87800c3e:	9402      	strne	r4, [sp, #8]
87800c40:	2020      	movne	r0, #32
87800c42:	9001      	strne	r0, [sp, #4]
87800c44:	f47f aeb3 	bne.w	878009ae <number+0x4e>
87800c48:	9b30      	ldr	r3, [sp, #192]	@ 0xc0
87800c4a:	2030      	movs	r0, #48	@ 0x30
87800c4c:	9a2f      	ldr	r2, [sp, #188]	@ 0xbc
87800c4e:	2b01      	cmp	r3, #1
87800c50:	f88d 002c 	strb.w	r0, [sp, #44]	@ 0x2c
87800c54:	bfb8      	it	lt
87800c56:	2301      	movlt	r3, #1
87800c58:	f004 0011 	and.w	r0, r4, #17
87800c5c:	1ad2      	subs	r2, r2, r3
87800c5e:	2800      	cmp	r0, #0
87800c60:	f040 827e 	bne.w	87801160 <number+0x800>
87800c64:	2020      	movs	r0, #32
87800c66:	9001      	str	r0, [sp, #4]
87800c68:	e77c      	b.n	87800b64 <number+0x204>
87800c6a:	f004 0011 	and.w	r0, r4, #17
87800c6e:	2d00      	cmp	r5, #0
87800c70:	f000 80ee 	beq.w	87800e50 <number+0x4f0>
87800c74:	455b      	cmp	r3, fp
87800c76:	f2c0 81bb 	blt.w	87800ff0 <number+0x690>
87800c7a:	0765      	lsls	r5, r4, #29
87800c7c:	f140 8209 	bpl.w	87801092 <number+0x732>
87800c80:	9d2f      	ldr	r5, [sp, #188]	@ 0xbc
87800c82:	3d01      	subs	r5, #1
87800c84:	952f      	str	r5, [sp, #188]	@ 0xbc
87800c86:	252b      	movs	r5, #43	@ 0x2b
87800c88:	9501      	str	r5, [sp, #4]
87800c8a:	e78b      	b.n	87800ba4 <number+0x244>
87800c8c:	3d02      	subs	r5, #2
87800c8e:	952f      	str	r5, [sp, #188]	@ 0xbc
87800c90:	ea52 0503 	orrs.w	r5, r2, r3
87800c94:	f040 817d 	bne.w	87800f92 <number+0x632>
87800c98:	9b30      	ldr	r3, [sp, #192]	@ 0xc0
87800c9a:	2530      	movs	r5, #48	@ 0x30
87800c9c:	9a2f      	ldr	r2, [sp, #188]	@ 0xbc
87800c9e:	2b01      	cmp	r3, #1
87800ca0:	f88d 502c 	strb.w	r5, [sp, #44]	@ 0x2c
87800ca4:	bfb8      	it	lt
87800ca6:	2301      	movlt	r3, #1
87800ca8:	1ad2      	subs	r2, r2, r3
87800caa:	2800      	cmp	r0, #0
87800cac:	d03b      	beq.n	87800d26 <number+0x3c6>
87800cae:	9801      	ldr	r0, [sp, #4]
87800cb0:	b9b0      	cbnz	r0, 87800ce0 <number+0x380>
87800cb2:	458c      	cmp	ip, r1
87800cb4:	9402      	str	r4, [sp, #8]
87800cb6:	9801      	ldr	r0, [sp, #4]
87800cb8:	bf24      	itt	cs
87800cba:	f10c 0401 	addcs.w	r4, ip, #1
87800cbe:	f04f 0e01 	movcs.w	lr, #1
87800cc2:	d204      	bcs.n	87800cce <number+0x36e>
87800cc4:	4664      	mov	r4, ip
87800cc6:	f04f 0e01 	mov.w	lr, #1
87800cca:	f804 5b01 	strb.w	r5, [r4], #1
87800cce:	42a1      	cmp	r1, r4
87800cd0:	f10c 0c02 	add.w	ip, ip, #2
87800cd4:	bf84      	itt	hi
87800cd6:	f049 0458 	orrhi.w	r4, r9, #88	@ 0x58
87800cda:	f80c 4c01 	strbhi.w	r4, [ip, #-1]
87800cde:	e6ce      	b.n	87800a7e <number+0x11e>
87800ce0:	458c      	cmp	ip, r1
87800ce2:	f080 8191 	bcs.w	87801008 <number+0x6a8>
87800ce6:	9801      	ldr	r0, [sp, #4]
87800ce8:	f80c 0b01 	strb.w	r0, [ip], #1
87800cec:	2000      	movs	r0, #0
87800cee:	9402      	str	r4, [sp, #8]
87800cf0:	f04f 0e01 	mov.w	lr, #1
87800cf4:	e6b6      	b.n	87800a64 <number+0x104>
87800cf6:	2b00      	cmp	r3, #0
87800cf8:	f280 81d4 	bge.w	878010a4 <number+0x744>
87800cfc:	982e      	ldr	r0, [sp, #184]	@ 0xb8
87800cfe:	4252      	negs	r2, r2
87800d00:	eb63 0343 	sbc.w	r3, r3, r3, lsl #1
87800d04:	2810      	cmp	r0, #16
87800d06:	982f      	ldr	r0, [sp, #188]	@ 0xbc
87800d08:	f000 8199 	beq.w	8780103e <number+0x6de>
87800d0c:	9c02      	ldr	r4, [sp, #8]
87800d0e:	3802      	subs	r0, #2
87800d10:	902f      	str	r0, [sp, #188]	@ 0xbc
87800d12:	2010      	movs	r0, #16
87800d14:	252d      	movs	r5, #45	@ 0x2d
87800d16:	9501      	str	r5, [sp, #4]
87800d18:	e9cd 4002 	strd	r4, r0, [sp, #8]
87800d1c:	2607      	movs	r6, #7
87800d1e:	f04f 0a01 	mov.w	sl, #1
87800d22:	2403      	movs	r4, #3
87800d24:	e64f      	b.n	878009c6 <number+0x66>
87800d26:	4282      	cmp	r2, r0
87800d28:	bfc2      	ittt	gt
87800d2a:	9402      	strgt	r4, [sp, #8]
87800d2c:	f04f 0a01 	movgt.w	sl, #1
87800d30:	46d6      	movgt	lr, sl
87800d32:	f73f ae7f 	bgt.w	87800a34 <number+0xd4>
87800d36:	9d01      	ldr	r5, [sp, #4]
87800d38:	3a01      	subs	r2, #1
87800d3a:	9402      	str	r4, [sp, #8]
87800d3c:	2d00      	cmp	r5, #0
87800d3e:	d0d7      	beq.n	87800cf0 <number+0x390>
87800d40:	f04f 0a01 	mov.w	sl, #1
87800d44:	46d6      	mov	lr, sl
87800d46:	e683      	b.n	87800a50 <number+0xf0>
87800d48:	f248 649f 	movw	r4, #34463	@ 0x869f
87800d4c:	f2c0 0401 	movt	r4, #1
87800d50:	2000      	movs	r0, #0
87800d52:	4294      	cmp	r4, r2
87800d54:	4198      	sbcs	r0, r3
87800d56:	e9cd 2308 	strd	r2, r3, [sp, #32]
87800d5a:	f080 81cb 	bcs.w	878010f4 <number+0x794>
87800d5e:	469e      	mov	lr, r3
87800d60:	f645 20c5 	movw	r0, #23237	@ 0x5ac5
87800d64:	f6c0 207c 	movt	r0, #2684	@ 0xa7c
87800d68:	f248 63a0 	movw	r3, #34464	@ 0x86a0
87800d6c:	f2c0 0301 	movt	r3, #1
87800d70:	e9cd 9b04 	strd	r9, fp, [sp, #16]
87800d74:	f10d 0831 	add.w	r8, sp, #49	@ 0x31
87800d78:	46a3      	mov	fp, r4
87800d7a:	469a      	mov	sl, r3
87800d7c:	4681      	mov	r9, r0
87800d7e:	f8cd c018 	str.w	ip, [sp, #24]
87800d82:	9107      	str	r1, [sp, #28]
87800d84:	e058      	b.n	87800e38 <number+0x4d8>
87800d86:	fba9 3101 	umull	r3, r1, r9, r1
87800d8a:	f8cd e024 	str.w	lr, [sp, #36]	@ 0x24
87800d8e:	09cb      	lsrs	r3, r1, #7
87800d90:	fb0a 2313 	mls	r3, sl, r3, r2
87800d94:	09ca      	lsrs	r2, r1, #7
87800d96:	9208      	str	r2, [sp, #32]
87800d98:	f3c3 2703 	ubfx	r7, r3, #8, #4
87800d9c:	f3c3 1103 	ubfx	r1, r3, #4, #4
87800da0:	0b1c      	lsrs	r4, r3, #12
87800da2:	19c8      	adds	r0, r1, r7
87800da4:	4420      	add	r0, r4
87800da6:	2506      	movs	r5, #6
87800da8:	f003 030f 	and.w	r3, r3, #15
87800dac:	eb04 06c4 	add.w	r6, r4, r4, lsl #3
87800db0:	440e      	add	r6, r1
87800db2:	eb07 0187 	add.w	r1, r7, r7, lsl #2
87800db6:	440e      	add	r6, r1
87800db8:	f04f 0c0a 	mov.w	ip, #10
87800dbc:	fb05 3300 	mla	r3, r5, r0, r3
87800dc0:	20cd      	movs	r0, #205	@ 0xcd
87800dc2:	250d      	movs	r5, #13
87800dc4:	4593      	cmp	fp, r2
87800dc6:	fb00 f103 	mul.w	r1, r0, r3
87800dca:	ea4f 21d1 	mov.w	r1, r1, lsr #11
87800dce:	440e      	add	r6, r1
87800dd0:	fb0c 3311 	mls	r3, ip, r1, r3
87800dd4:	4641      	mov	r1, r8
87800dd6:	f108 0805 	add.w	r8, r8, #5
87800dda:	f103 0330 	add.w	r3, r3, #48	@ 0x30
87800dde:	f808 3c0a 	strb.w	r3, [r8, #-10]
87800de2:	fb00 f306 	mul.w	r3, r0, r6
87800de6:	ea4f 23d3 	mov.w	r3, r3, lsr #11
87800dea:	eb03 0747 	add.w	r7, r3, r7, lsl #1
87800dee:	fb0c 6313 	mls	r3, ip, r3, r6
87800df2:	fb07 f505 	mul.w	r5, r7, r5
87800df6:	f103 0330 	add.w	r3, r3, #48	@ 0x30
87800dfa:	f808 3c09 	strb.w	r3, [r8, #-9]
87800dfe:	f04f 0300 	mov.w	r3, #0
87800e02:	ea4f 15d5 	mov.w	r5, r5, lsr #7
87800e06:	eb73 030e 	sbcs.w	r3, r3, lr
87800e0a:	eb05 0484 	add.w	r4, r5, r4, lsl #2
87800e0e:	fb0c 7515 	mls	r5, ip, r5, r7
87800e12:	fb04 f000 	mul.w	r0, r4, r0
87800e16:	f105 0530 	add.w	r5, r5, #48	@ 0x30
87800e1a:	f808 5c08 	strb.w	r5, [r8, #-8]
87800e1e:	ea4f 20d0 	mov.w	r0, r0, lsr #11
87800e22:	fb0c 4410 	mls	r4, ip, r0, r4
87800e26:	f100 0030 	add.w	r0, r0, #48	@ 0x30
87800e2a:	f808 0c06 	strb.w	r0, [r8, #-6]
87800e2e:	f104 0430 	add.w	r4, r4, #48	@ 0x30
87800e32:	f808 4c07 	strb.w	r4, [r8, #-7]
87800e36:	d224      	bcs.n	87800e82 <number+0x522>
87800e38:	0951      	lsrs	r1, r2, #5
87800e3a:	f1be 0f00 	cmp.w	lr, #0
87800e3e:	d0a2      	beq.n	87800d86 <number+0x426>
87800e40:	4651      	mov	r1, sl
87800e42:	a808      	add	r0, sp, #32
87800e44:	f7ff fa74 	bl	87800330 <__div64_32>
87800e48:	4603      	mov	r3, r0
87800e4a:	e9dd 2e08 	ldrd	r2, lr, [sp, #32]
87800e4e:	e7a3      	b.n	87800d98 <number+0x438>
87800e50:	f8cd b004 	str.w	fp, [sp, #4]
87800e54:	e6a6      	b.n	87800ba4 <number+0x244>
87800e56:	9b30      	ldr	r3, [sp, #192]	@ 0xc0
87800e58:	2030      	movs	r0, #48	@ 0x30
87800e5a:	9a2f      	ldr	r2, [sp, #188]	@ 0xbc
87800e5c:	2b01      	cmp	r3, #1
87800e5e:	f88d 002c 	strb.w	r0, [sp, #44]	@ 0x2c
87800e62:	bfb8      	it	lt
87800e64:	2301      	movlt	r3, #1
87800e66:	1ad2      	subs	r2, r2, r3
87800e68:	f1bb 0f00 	cmp.w	fp, #0
87800e6c:	f000 80bc 	beq.w	87800fe8 <number+0x688>
87800e70:	3b01      	subs	r3, #1
87800e72:	bf08      	it	eq
87800e74:	4618      	moveq	r0, r3
87800e76:	f43f ae38 	beq.w	87800aea <number+0x18a>
87800e7a:	2000      	movs	r0, #0
87800e7c:	f04f 0e01 	mov.w	lr, #1
87800e80:	e61b      	b.n	87800aba <number+0x15a>
87800e82:	468e      	mov	lr, r1
87800e84:	f10d 082c 	add.w	r8, sp, #44	@ 0x2c
87800e88:	e9dd 9b04 	ldrd	r9, fp, [sp, #16]
87800e8c:	e9dd c106 	ldrd	ip, r1, [sp, #24]
87800e90:	f3c2 1503 	ubfx	r5, r2, #4, #4
87800e94:	f3c2 2003 	ubfx	r0, r2, #8, #4
87800e98:	0b14      	lsrs	r4, r2, #12
87800e9a:	182b      	adds	r3, r5, r0
87800e9c:	f002 020f 	and.w	r2, r2, #15
87800ea0:	2606      	movs	r6, #6
87800ea2:	4423      	add	r3, r4
87800ea4:	27cd      	movs	r7, #205	@ 0xcd
87800ea6:	fb06 2303 	mla	r3, r6, r3, r2
87800eaa:	eb04 02c4 	add.w	r2, r4, r4, lsl #3
87800eae:	4415      	add	r5, r2
87800eb0:	eb00 0280 	add.w	r2, r0, r0, lsl #2
87800eb4:	4415      	add	r5, r2
87800eb6:	260a      	movs	r6, #10
87800eb8:	fb07 f203 	mul.w	r2, r7, r3
87800ebc:	0ad2      	lsrs	r2, r2, #11
87800ebe:	fb06 3312 	mls	r3, r6, r2, r3
87800ec2:	1952      	adds	r2, r2, r5
87800ec4:	f103 0330 	add.w	r3, r3, #48	@ 0x30
87800ec8:	f88e 3000 	strb.w	r3, [lr]
87800ecc:	bf08      	it	eq
87800ece:	f10e 0e01 	addeq.w	lr, lr, #1
87800ed2:	d02d      	beq.n	87800f30 <number+0x5d0>
87800ed4:	fb07 f302 	mul.w	r3, r7, r2
87800ed8:	0adb      	lsrs	r3, r3, #11
87800eda:	eb03 0040 	add.w	r0, r3, r0, lsl #1
87800ede:	fb06 2213 	mls	r2, r6, r3, r2
87800ee2:	f102 0330 	add.w	r3, r2, #48	@ 0x30
87800ee6:	f88e 3001 	strb.w	r3, [lr, #1]
87800eea:	ea54 0300 	orrs.w	r3, r4, r0
87800eee:	bf08      	it	eq
87800ef0:	f10e 0e02 	addeq.w	lr, lr, #2
87800ef4:	d01c      	beq.n	87800f30 <number+0x5d0>
87800ef6:	230d      	movs	r3, #13
87800ef8:	fb00 f303 	mul.w	r3, r0, r3
87800efc:	09db      	lsrs	r3, r3, #7
87800efe:	fb06 0013 	mls	r0, r6, r3, r0
87800f02:	eb13 0384 	adds.w	r3, r3, r4, lsl #2
87800f06:	f100 0230 	add.w	r2, r0, #48	@ 0x30
87800f0a:	f88e 2002 	strb.w	r2, [lr, #2]
87800f0e:	bf08      	it	eq
87800f10:	f10e 0e03 	addeq.w	lr, lr, #3
87800f14:	d00c      	beq.n	87800f30 <number+0x5d0>
87800f16:	fb07 f203 	mul.w	r2, r7, r3
87800f1a:	0ad2      	lsrs	r2, r2, #11
87800f1c:	fb06 3312 	mls	r3, r6, r2, r3
87800f20:	3330      	adds	r3, #48	@ 0x30
87800f22:	f88e 3003 	strb.w	r3, [lr, #3]
87800f26:	2a00      	cmp	r2, #0
87800f28:	f040 80e8 	bne.w	878010fc <number+0x79c>
87800f2c:	f10e 0e04 	add.w	lr, lr, #4
87800f30:	9b30      	ldr	r3, [sp, #192]	@ 0xc0
87800f32:	ebae 0e08 	sub.w	lr, lr, r8
87800f36:	9c03      	ldr	r4, [sp, #12]
87800f38:	f10e 30ff 	add.w	r0, lr, #4294967295	@ 0xffffffff
87800f3c:	9a2f      	ldr	r2, [sp, #188]	@ 0xbc
87800f3e:	4573      	cmp	r3, lr
87800f40:	bfb8      	it	lt
87800f42:	4673      	movlt	r3, lr
87800f44:	1ad2      	subs	r2, r2, r3
87800f46:	bb5c      	cbnz	r4, 87800fa0 <number+0x640>
87800f48:	f8dd a00c 	ldr.w	sl, [sp, #12]
87800f4c:	e56d      	b.n	87800a2a <number+0xca>
87800f4e:	982f      	ldr	r0, [sp, #188]	@ 0xbc
87800f50:	4252      	negs	r2, r2
87800f52:	9402      	str	r4, [sp, #8]
87800f54:	f100 30ff 	add.w	r0, r0, #4294967295	@ 0xffffffff
87800f58:	eb63 0343 	sbc.w	r3, r3, r3, lsl #1
87800f5c:	902f      	str	r0, [sp, #188]	@ 0xbc
87800f5e:	202d      	movs	r0, #45	@ 0x2d
87800f60:	9001      	str	r0, [sp, #4]
87800f62:	e524      	b.n	878009ae <number+0x4e>
87800f64:	f014 0408 	ands.w	r4, r4, #8
87800f68:	d174      	bne.n	87801054 <number+0x6f4>
87800f6a:	ea52 0003 	orrs.w	r0, r2, r3
87800f6e:	f43f af72 	beq.w	87800e56 <number+0x4f6>
87800f72:	2010      	movs	r0, #16
87800f74:	9401      	str	r4, [sp, #4]
87800f76:	9003      	str	r0, [sp, #12]
87800f78:	e519      	b.n	878009ae <number+0x4e>
87800f7a:	3b01      	subs	r3, #1
87800f7c:	4573      	cmp	r3, lr
87800f7e:	bfa8      	it	ge
87800f80:	462a      	movge	r2, r5
87800f82:	f6bf ad9a 	bge.w	87800aba <number+0x15a>
87800f86:	2800      	cmp	r0, #0
87800f88:	bfa8      	it	ge
87800f8a:	462a      	movge	r2, r5
87800f8c:	f6bf adad 	bge.w	87800aea <number+0x18a>
87800f90:	e5cb      	b.n	87800b2a <number+0x1ca>
87800f92:	e9cd 4002 	strd	r4, r0, [sp, #8]
87800f96:	260f      	movs	r6, #15
87800f98:	f04f 0a01 	mov.w	sl, #1
87800f9c:	2404      	movs	r4, #4
87800f9e:	e512      	b.n	878009c6 <number+0x66>
87800fa0:	9c01      	ldr	r4, [sp, #4]
87800fa2:	2c00      	cmp	r4, #0
87800fa4:	f43f ad6b 	beq.w	87800a7e <number+0x11e>
87800fa8:	f04f 0a00 	mov.w	sl, #0
87800fac:	e550      	b.n	87800a50 <number+0xf0>
87800fae:	982f      	ldr	r0, [sp, #188]	@ 0xbc
87800fb0:	3801      	subs	r0, #1
87800fb2:	902f      	str	r0, [sp, #188]	@ 0xbc
87800fb4:	ea52 0003 	orrs.w	r0, r2, r3
87800fb8:	bf1e      	ittt	ne
87800fba:	9402      	strne	r4, [sp, #8]
87800fbc:	202b      	movne	r0, #43	@ 0x2b
87800fbe:	9001      	strne	r0, [sp, #4]
87800fc0:	f47f acf5 	bne.w	878009ae <number+0x4e>
87800fc4:	9b30      	ldr	r3, [sp, #192]	@ 0xc0
87800fc6:	2030      	movs	r0, #48	@ 0x30
87800fc8:	9a2f      	ldr	r2, [sp, #188]	@ 0xbc
87800fca:	2b01      	cmp	r3, #1
87800fcc:	f88d 002c 	strb.w	r0, [sp, #44]	@ 0x2c
87800fd0:	bfb8      	it	lt
87800fd2:	2301      	movlt	r3, #1
87800fd4:	f004 0011 	and.w	r0, r4, #17
87800fd8:	1ad2      	subs	r2, r2, r3
87800fda:	2800      	cmp	r0, #0
87800fdc:	f040 80c3 	bne.w	87801166 <number+0x806>
87800fe0:	202b      	movs	r0, #43	@ 0x2b
87800fe2:	9001      	str	r0, [sp, #4]
87800fe4:	e5be      	b.n	87800b64 <number+0x204>
87800fe6:	9402      	str	r4, [sp, #8]
87800fe8:	2000      	movs	r0, #0
87800fea:	f04f 0e01 	mov.w	lr, #1
87800fee:	e54a      	b.n	87800a86 <number+0x126>
87800ff0:	9d2e      	ldr	r5, [sp, #184]	@ 0xb8
87800ff2:	4252      	negs	r2, r2
87800ff4:	eb6b 0303 	sbc.w	r3, fp, r3
87800ff8:	2d10      	cmp	r5, #16
87800ffa:	9d2f      	ldr	r5, [sp, #188]	@ 0xbc
87800ffc:	d075      	beq.n	878010ea <number+0x78a>
87800ffe:	3d02      	subs	r5, #2
87801000:	952f      	str	r5, [sp, #188]	@ 0xbc
87801002:	252d      	movs	r5, #45	@ 0x2d
87801004:	9501      	str	r5, [sp, #4]
87801006:	e687      	b.n	87800d18 <number+0x3b8>
87801008:	f10c 0c01 	add.w	ip, ip, #1
8780100c:	2000      	movs	r0, #0
8780100e:	f04f 0e01 	mov.w	lr, #1
87801012:	9402      	str	r4, [sp, #8]
87801014:	e526      	b.n	87800a64 <number+0x104>
87801016:	9b30      	ldr	r3, [sp, #192]	@ 0xc0
87801018:	2030      	movs	r0, #48	@ 0x30
8780101a:	9a2f      	ldr	r2, [sp, #188]	@ 0xbc
8780101c:	2b01      	cmp	r3, #1
8780101e:	f88d 002c 	strb.w	r0, [sp, #44]	@ 0x2c
87801022:	bfb8      	it	lt
87801024:	2301      	movlt	r3, #1
87801026:	202b      	movs	r0, #43	@ 0x2b
87801028:	1ad2      	subs	r2, r2, r3
8780102a:	458c      	cmp	ip, r1
8780102c:	f04f 0e01 	mov.w	lr, #1
87801030:	bf34      	ite	cc
87801032:	f80c 0b01 	strbcc.w	r0, [ip], #1
87801036:	f10c 0c01 	addcs.w	ip, ip, #1
8780103a:	2000      	movs	r0, #0
8780103c:	e51f      	b.n	87800a7e <number+0x11e>
8780103e:	3803      	subs	r0, #3
87801040:	902f      	str	r0, [sp, #188]	@ 0xbc
87801042:	982e      	ldr	r0, [sp, #184]	@ 0xb8
87801044:	9003      	str	r0, [sp, #12]
87801046:	202d      	movs	r0, #45	@ 0x2d
87801048:	260f      	movs	r6, #15
8780104a:	f04f 0a01 	mov.w	sl, #1
8780104e:	2404      	movs	r4, #4
87801050:	9001      	str	r0, [sp, #4]
87801052:	e4b8      	b.n	878009c6 <number+0x66>
87801054:	982f      	ldr	r0, [sp, #188]	@ 0xbc
87801056:	3801      	subs	r0, #1
87801058:	902f      	str	r0, [sp, #188]	@ 0xbc
8780105a:	ea52 0003 	orrs.w	r0, r2, r3
8780105e:	d053      	beq.n	87801108 <number+0x7a8>
87801060:	2010      	movs	r0, #16
87801062:	9003      	str	r0, [sp, #12]
87801064:	2020      	movs	r0, #32
87801066:	9001      	str	r0, [sp, #4]
87801068:	e4a1      	b.n	878009ae <number+0x4e>
8780106a:	2800      	cmp	r0, #0
8780106c:	4694      	mov	ip, r2
8780106e:	bfa8      	it	ge
87801070:	f04f 32ff 	movge.w	r2, #4294967295	@ 0xffffffff
87801074:	f6bf ad39 	bge.w	87800aea <number+0x18a>
87801078:	e557      	b.n	87800b2a <number+0x1ca>
8780107a:	982f      	ldr	r0, [sp, #188]	@ 0xbc
8780107c:	4252      	negs	r2, r2
8780107e:	f100 30ff 	add.w	r0, r0, #4294967295	@ 0xffffffff
87801082:	eb63 0343 	sbc.w	r3, r3, r3, lsl #1
87801086:	902f      	str	r0, [sp, #188]	@ 0xbc
87801088:	2010      	movs	r0, #16
8780108a:	9003      	str	r0, [sp, #12]
8780108c:	202d      	movs	r0, #45	@ 0x2d
8780108e:	9001      	str	r0, [sp, #4]
87801090:	e48d      	b.n	878009ae <number+0x4e>
87801092:	0726      	lsls	r6, r4, #28
87801094:	f57f aedc 	bpl.w	87800e50 <number+0x4f0>
87801098:	9d2f      	ldr	r5, [sp, #188]	@ 0xbc
8780109a:	3d01      	subs	r5, #1
8780109c:	952f      	str	r5, [sp, #188]	@ 0xbc
8780109e:	2520      	movs	r5, #32
878010a0:	9501      	str	r5, [sp, #4]
878010a2:	e57f      	b.n	87800ba4 <number+0x244>
878010a4:	0760      	lsls	r0, r4, #29
878010a6:	d519      	bpl.n	878010dc <number+0x77c>
878010a8:	982f      	ldr	r0, [sp, #188]	@ 0xbc
878010aa:	252b      	movs	r5, #43	@ 0x2b
878010ac:	9c02      	ldr	r4, [sp, #8]
878010ae:	3801      	subs	r0, #1
878010b0:	9501      	str	r5, [sp, #4]
878010b2:	902f      	str	r0, [sp, #188]	@ 0xbc
878010b4:	2010      	movs	r0, #16
878010b6:	e575      	b.n	87800ba4 <number+0x244>
878010b8:	f10c 0c01 	add.w	ip, ip, #1
878010bc:	f1bb 0f00 	cmp.w	fp, #0
878010c0:	d007      	beq.n	878010d2 <number+0x772>
878010c2:	3b01      	subs	r3, #1
878010c4:	9801      	ldr	r0, [sp, #4]
878010c6:	bf18      	it	ne
878010c8:	f04f 0e01 	movne.w	lr, #1
878010cc:	f47f acf5 	bne.w	87800aba <number+0x15a>
878010d0:	e50b      	b.n	87800aea <number+0x18a>
878010d2:	4658      	mov	r0, fp
878010d4:	9402      	str	r4, [sp, #8]
878010d6:	f04f 0e01 	mov.w	lr, #1
878010da:	e4d4      	b.n	87800a86 <number+0x126>
878010dc:	f014 0008 	ands.w	r0, r4, #8
878010e0:	d136      	bne.n	87801150 <number+0x7f0>
878010e2:	9001      	str	r0, [sp, #4]
878010e4:	2010      	movs	r0, #16
878010e6:	9c02      	ldr	r4, [sp, #8]
878010e8:	e55c      	b.n	87800ba4 <number+0x244>
878010ea:	3d03      	subs	r5, #3
878010ec:	e9cd 4002 	strd	r4, r0, [sp, #8]
878010f0:	952f      	str	r5, [sp, #188]	@ 0xbc
878010f2:	e7a8      	b.n	87801046 <number+0x6e6>
878010f4:	f10d 082c 	add.w	r8, sp, #44	@ 0x2c
878010f8:	46c6      	mov	lr, r8
878010fa:	e6c9      	b.n	87800e90 <number+0x530>
878010fc:	3230      	adds	r2, #48	@ 0x30
878010fe:	f10e 0e05 	add.w	lr, lr, #5
87801102:	f80e 2c01 	strb.w	r2, [lr, #-1]
87801106:	e713      	b.n	87800f30 <number+0x5d0>
87801108:	9b30      	ldr	r3, [sp, #192]	@ 0xc0
8780110a:	2030      	movs	r0, #48	@ 0x30
8780110c:	9a2f      	ldr	r2, [sp, #188]	@ 0xbc
8780110e:	2b01      	cmp	r3, #1
87801110:	f88d 002c 	strb.w	r0, [sp, #44]	@ 0x2c
87801114:	bfb8      	it	lt
87801116:	2301      	movlt	r3, #1
87801118:	2020      	movs	r0, #32
8780111a:	1ad2      	subs	r2, r2, r3
8780111c:	e785      	b.n	8780102a <number+0x6ca>
8780111e:	ea52 0003 	orrs.w	r0, r2, r3
87801122:	d123      	bne.n	8780116c <number+0x80c>
87801124:	9b30      	ldr	r3, [sp, #192]	@ 0xc0
87801126:	2030      	movs	r0, #48	@ 0x30
87801128:	9a2f      	ldr	r2, [sp, #188]	@ 0xbc
8780112a:	2b01      	cmp	r3, #1
8780112c:	f88d 002c 	strb.w	r0, [sp, #44]	@ 0x2c
87801130:	bfb8      	it	lt
87801132:	2301      	movlt	r3, #1
87801134:	f004 0011 	and.w	r0, r4, #17
87801138:	1ad2      	subs	r2, r2, r3
8780113a:	9402      	str	r4, [sp, #8]
8780113c:	2800      	cmp	r0, #0
8780113e:	f47f af53 	bne.w	87800fe8 <number+0x688>
87801142:	4658      	mov	r0, fp
87801144:	46da      	mov	sl, fp
87801146:	f04f 0e01 	mov.w	lr, #1
8780114a:	f8cd b004 	str.w	fp, [sp, #4]
8780114e:	e46c      	b.n	87800a2a <number+0xca>
87801150:	982f      	ldr	r0, [sp, #188]	@ 0xbc
87801152:	2520      	movs	r5, #32
87801154:	9c02      	ldr	r4, [sp, #8]
87801156:	3801      	subs	r0, #1
87801158:	9501      	str	r5, [sp, #4]
8780115a:	902f      	str	r0, [sp, #188]	@ 0xbc
8780115c:	2010      	movs	r0, #16
8780115e:	e521      	b.n	87800ba4 <number+0x244>
87801160:	2020      	movs	r0, #32
87801162:	9402      	str	r4, [sp, #8]
87801164:	e761      	b.n	8780102a <number+0x6ca>
87801166:	202b      	movs	r0, #43	@ 0x2b
87801168:	9402      	str	r4, [sp, #8]
8780116a:	e75e      	b.n	8780102a <number+0x6ca>
8780116c:	e9cd b401 	strd	fp, r4, [sp, #4]
87801170:	e41d      	b.n	878009ae <number+0x4e>
87801172:	bf00      	nop
87801174:	00003e1a 	andeq	r3, r0, sl, lsl lr

87801178 <simple_strtoul>:
87801178:	b570      	push	{r4, r5, r6, lr}
8780117a:	4604      	mov	r4, r0
8780117c:	f8df c0e8 	ldr.w	ip, [pc, #232]	@ 87801268 <simple_strtoul+0xf0>
87801180:	7803      	ldrb	r3, [r0, #0]
87801182:	460e      	mov	r6, r1
87801184:	44fc      	add	ip, pc
87801186:	bb62      	cbnz	r2, 878011e2 <simple_strtoul+0x6a>
87801188:	2b30      	cmp	r3, #48	@ 0x30
8780118a:	d049      	beq.n	87801220 <simple_strtoul+0xa8>
8780118c:	4a37      	ldr	r2, [pc, #220]	@ (8780126c <simple_strtoul+0xf4>)
8780118e:	469e      	mov	lr, r3
87801190:	f85c 5002 	ldr.w	r5, [ip, r2]
87801194:	220a      	movs	r2, #10
87801196:	f815 c003 	ldrb.w	ip, [r5, r3]
8780119a:	f00c 0044 	and.w	r0, ip, #68	@ 0x44
8780119e:	b1e8      	cbz	r0, 878011dc <simple_strtoul+0x64>
878011a0:	2000      	movs	r0, #0
878011a2:	e009      	b.n	878011b8 <simple_strtoul+0x40>
878011a4:	f814 3f01 	ldrb.w	r3, [r4, #1]!
878011a8:	fb02 c000 	mla	r0, r2, r0, ip
878011ac:	469e      	mov	lr, r3
878011ae:	f815 c003 	ldrb.w	ip, [r5, r3]
878011b2:	f01c 0f44 	tst.w	ip, #68	@ 0x44
878011b6:	d011      	beq.n	878011dc <simple_strtoul+0x64>
878011b8:	f01c 0f04 	tst.w	ip, #4
878011bc:	f1a3 0120 	sub.w	r1, r3, #32
878011c0:	bf18      	it	ne
878011c2:	f1ae 0c30 	subne.w	ip, lr, #48	@ 0x30
878011c6:	d107      	bne.n	878011d8 <simple_strtoul+0x60>
878011c8:	f01c 0f02 	tst.w	ip, #2
878011cc:	fa5f fc81 	uxtb.w	ip, r1
878011d0:	bf18      	it	ne
878011d2:	4663      	movne	r3, ip
878011d4:	f1a3 0c37 	sub.w	ip, r3, #55	@ 0x37
878011d8:	4594      	cmp	ip, r2
878011da:	d3e3      	bcc.n	878011a4 <simple_strtoul+0x2c>
878011dc:	b106      	cbz	r6, 878011e0 <simple_strtoul+0x68>
878011de:	6034      	str	r4, [r6, #0]
878011e0:	bd70      	pop	{r4, r5, r6, pc}
878011e2:	4922      	ldr	r1, [pc, #136]	@ (8780126c <simple_strtoul+0xf4>)
878011e4:	2a10      	cmp	r2, #16
878011e6:	f85c 5001 	ldr.w	r5, [ip, r1]
878011ea:	d005      	beq.n	878011f8 <simple_strtoul+0x80>
878011ec:	f815 c003 	ldrb.w	ip, [r5, r3]
878011f0:	469e      	mov	lr, r3
878011f2:	f00c 0044 	and.w	r0, ip, #68	@ 0x44
878011f6:	e7d2      	b.n	8780119e <simple_strtoul+0x26>
878011f8:	2b30      	cmp	r3, #48	@ 0x30
878011fa:	d1f7      	bne.n	878011ec <simple_strtoul+0x74>
878011fc:	7841      	ldrb	r1, [r0, #1]
878011fe:	f1a1 0020 	sub.w	r0, r1, #32
87801202:	f815 c001 	ldrb.w	ip, [r5, r1]
87801206:	b2c0      	uxtb	r0, r0
87801208:	f01c 0f02 	tst.w	ip, #2
8780120c:	bf18      	it	ne
8780120e:	4601      	movne	r1, r0
87801210:	2958      	cmp	r1, #88	@ 0x58
87801212:	d026      	beq.n	87801262 <simple_strtoul+0xea>
87801214:	f895 c030 	ldrb.w	ip, [r5, #48]	@ 0x30
87801218:	469e      	mov	lr, r3
8780121a:	f00c 0044 	and.w	r0, ip, #68	@ 0x44
8780121e:	e7be      	b.n	8780119e <simple_strtoul+0x26>
87801220:	4a12      	ldr	r2, [pc, #72]	@ (8780126c <simple_strtoul+0xf4>)
87801222:	1c41      	adds	r1, r0, #1
87801224:	7843      	ldrb	r3, [r0, #1]
87801226:	469e      	mov	lr, r3
87801228:	f85c 5002 	ldr.w	r5, [ip, r2]
8780122c:	f815 c003 	ldrb.w	ip, [r5, r3]
87801230:	f01c 0f02 	tst.w	ip, #2
87801234:	bf16      	itet	ne
87801236:	f1a3 0220 	subne.w	r2, r3, #32
8780123a:	461a      	moveq	r2, r3
8780123c:	b2d2      	uxtbne	r2, r2
8780123e:	2a58      	cmp	r2, #88	@ 0x58
87801240:	d004      	beq.n	8780124c <simple_strtoul+0xd4>
87801242:	460c      	mov	r4, r1
87801244:	f00c 0044 	and.w	r0, ip, #68	@ 0x44
87801248:	2208      	movs	r2, #8
8780124a:	e7a8      	b.n	8780119e <simple_strtoul+0x26>
8780124c:	7880      	ldrb	r0, [r0, #2]
8780124e:	5c2a      	ldrb	r2, [r5, r0]
87801250:	f012 0f44 	tst.w	r2, #68	@ 0x44
87801254:	d0f5      	beq.n	87801242 <simple_strtoul+0xca>
87801256:	4694      	mov	ip, r2
87801258:	4686      	mov	lr, r0
8780125a:	3402      	adds	r4, #2
8780125c:	4603      	mov	r3, r0
8780125e:	2210      	movs	r2, #16
87801260:	e79e      	b.n	878011a0 <simple_strtoul+0x28>
87801262:	78a3      	ldrb	r3, [r4, #2]
87801264:	3402      	adds	r4, #2
87801266:	e7c1      	b.n	878011ec <simple_strtoul+0x74>
87801268:	ffffee78 			@ <UNDEFINED> instruction: 0xffffee78
8780126c:	00000178 	andeq	r0, r0, r8, ror r1

87801270 <simple_strtol>:
87801270:	b508      	push	{r3, lr}
87801272:	7803      	ldrb	r3, [r0, #0]
87801274:	2b2d      	cmp	r3, #45	@ 0x2d
87801276:	d003      	beq.n	87801280 <simple_strtol+0x10>
87801278:	e8bd 4008 	ldmia.w	sp!, {r3, lr}
8780127c:	f7ff bf7c 	b.w	87801178 <simple_strtoul>
87801280:	3001      	adds	r0, #1
87801282:	f7ff ff79 	bl	87801178 <simple_strtoul>
87801286:	4240      	negs	r0, r0
87801288:	bd08      	pop	{r3, pc}
8780128a:	bf00      	nop

8780128c <simple_strtoull>:
8780128c:	e92d 41f0 	stmdb	sp!, {r4, r5, r6, r7, r8, lr}
87801290:	4604      	mov	r4, r0
87801292:	4842      	ldr	r0, [pc, #264]	@ (8780139c <simple_strtoull+0x110>)
87801294:	460e      	mov	r6, r1
87801296:	4478      	add	r0, pc
87801298:	f894 e000 	ldrb.w	lr, [r4]
8780129c:	bbc2      	cbnz	r2, 87801310 <simple_strtoull+0x84>
8780129e:	f1be 0f30 	cmp.w	lr, #48	@ 0x30
878012a2:	d053      	beq.n	8780134c <simple_strtoull+0xc0>
878012a4:	4a3e      	ldr	r2, [pc, #248]	@ (878013a0 <simple_strtoull+0x114>)
878012a6:	4673      	mov	r3, lr
878012a8:	5885      	ldr	r5, [r0, r2]
878012aa:	220a      	movs	r2, #10
878012ac:	f815 c00e 	ldrb.w	ip, [r5, lr]
878012b0:	f00c 0044 	and.w	r0, ip, #68	@ 0x44
878012b4:	2800      	cmp	r0, #0
878012b6:	d06a      	beq.n	8780138e <simple_strtoull+0x102>
878012b8:	2000      	movs	r0, #0
878012ba:	4601      	mov	r1, r0
878012bc:	e00a      	b.n	878012d4 <simple_strtoull+0x48>
878012be:	f814 ef01 	ldrb.w	lr, [r4, #1]!
878012c2:	18f8      	adds	r0, r7, r3
878012c4:	eb4c 0108 	adc.w	r1, ip, r8
878012c8:	4673      	mov	r3, lr
878012ca:	f815 c00e 	ldrb.w	ip, [r5, lr]
878012ce:	f01c 0f44 	tst.w	ip, #68	@ 0x44
878012d2:	d019      	beq.n	87801308 <simple_strtoull+0x7c>
878012d4:	f01c 0f04 	tst.w	ip, #4
878012d8:	bf18      	it	ne
878012da:	3b30      	subne	r3, #48	@ 0x30
878012dc:	d10a      	bne.n	878012f4 <simple_strtoull+0x68>
878012de:	f1ae 0e20 	sub.w	lr, lr, #32
878012e2:	f01c 0f02 	tst.w	ip, #2
878012e6:	f1a3 0337 	sub.w	r3, r3, #55	@ 0x37
878012ea:	bf1c      	itt	ne
878012ec:	fa5f fe8e 	uxtbne.w	lr, lr
878012f0:	f1ae 0337 	subne.w	r3, lr, #55	@ 0x37
878012f4:	fba0 7e02 	umull	r7, lr, r0, r2
878012f8:	ea4f 78e3 	mov.w	r8, r3, asr #31
878012fc:	4293      	cmp	r3, r2
878012fe:	fb02 ec01 	mla	ip, r2, r1, lr
87801302:	f178 0e00 	sbcs.w	lr, r8, #0
87801306:	d3da      	bcc.n	878012be <simple_strtoull+0x32>
87801308:	b106      	cbz	r6, 8780130c <simple_strtoull+0x80>
8780130a:	6034      	str	r4, [r6, #0]
8780130c:	e8bd 81f0 	ldmia.w	sp!, {r4, r5, r6, r7, r8, pc}
87801310:	4b23      	ldr	r3, [pc, #140]	@ (878013a0 <simple_strtoull+0x114>)
87801312:	2a10      	cmp	r2, #16
87801314:	58c5      	ldr	r5, [r0, r3]
87801316:	d005      	beq.n	87801324 <simple_strtoull+0x98>
87801318:	f815 c00e 	ldrb.w	ip, [r5, lr]
8780131c:	4673      	mov	r3, lr
8780131e:	f00c 0044 	and.w	r0, ip, #68	@ 0x44
87801322:	e7c7      	b.n	878012b4 <simple_strtoull+0x28>
87801324:	f1be 0f30 	cmp.w	lr, #48	@ 0x30
87801328:	d1f6      	bne.n	87801318 <simple_strtoull+0x8c>
8780132a:	7863      	ldrb	r3, [r4, #1]
8780132c:	f1a3 0120 	sub.w	r1, r3, #32
87801330:	5ce8      	ldrb	r0, [r5, r3]
87801332:	b2c9      	uxtb	r1, r1
87801334:	f010 0f02 	tst.w	r0, #2
87801338:	bf18      	it	ne
8780133a:	460b      	movne	r3, r1
8780133c:	2b58      	cmp	r3, #88	@ 0x58
8780133e:	d028      	beq.n	87801392 <simple_strtoull+0x106>
87801340:	f895 c030 	ldrb.w	ip, [r5, #48]	@ 0x30
87801344:	4673      	mov	r3, lr
87801346:	f00c 0044 	and.w	r0, ip, #68	@ 0x44
8780134a:	e7b3      	b.n	878012b4 <simple_strtoull+0x28>
8780134c:	4b14      	ldr	r3, [pc, #80]	@ (878013a0 <simple_strtoull+0x114>)
8780134e:	1c61      	adds	r1, r4, #1
87801350:	f894 e001 	ldrb.w	lr, [r4, #1]
87801354:	58c5      	ldr	r5, [r0, r3]
87801356:	4673      	mov	r3, lr
87801358:	f815 c00e 	ldrb.w	ip, [r5, lr]
8780135c:	f01c 0f02 	tst.w	ip, #2
87801360:	bf16      	itet	ne
87801362:	f1ae 0220 	subne.w	r2, lr, #32
87801366:	4672      	moveq	r2, lr
87801368:	b2d2      	uxtbne	r2, r2
8780136a:	2a58      	cmp	r2, #88	@ 0x58
8780136c:	d004      	beq.n	87801378 <simple_strtoull+0xec>
8780136e:	460c      	mov	r4, r1
87801370:	f00c 0044 	and.w	r0, ip, #68	@ 0x44
87801374:	2208      	movs	r2, #8
87801376:	e79d      	b.n	878012b4 <simple_strtoull+0x28>
87801378:	78a0      	ldrb	r0, [r4, #2]
8780137a:	5c2a      	ldrb	r2, [r5, r0]
8780137c:	f012 0f44 	tst.w	r2, #68	@ 0x44
87801380:	d0f5      	beq.n	8780136e <simple_strtoull+0xe2>
87801382:	4694      	mov	ip, r2
87801384:	4603      	mov	r3, r0
87801386:	3402      	adds	r4, #2
87801388:	4686      	mov	lr, r0
8780138a:	2210      	movs	r2, #16
8780138c:	e794      	b.n	878012b8 <simple_strtoull+0x2c>
8780138e:	4601      	mov	r1, r0
87801390:	e7ba      	b.n	87801308 <simple_strtoull+0x7c>
87801392:	f894 e002 	ldrb.w	lr, [r4, #2]
87801396:	3402      	adds	r4, #2
87801398:	e7be      	b.n	87801318 <simple_strtoull+0x8c>
8780139a:	bf00      	nop
8780139c:	ffffed66 			@ <UNDEFINED> instruction: 0xffffed66
878013a0:	00000178 	andeq	r0, r0, r8, ror r1

878013a4 <simple_strtoll>:
878013a4:	b508      	push	{r3, lr}
878013a6:	7803      	ldrb	r3, [r0, #0]
878013a8:	2b2d      	cmp	r3, #45	@ 0x2d
878013aa:	d003      	beq.n	878013b4 <simple_strtoll+0x10>
878013ac:	e8bd 4008 	ldmia.w	sp!, {r3, lr}
878013b0:	f7ff bf6c 	b.w	8780128c <simple_strtoull>
878013b4:	3001      	adds	r0, #1
878013b6:	f7ff ff69 	bl	8780128c <simple_strtoull>
878013ba:	4240      	negs	r0, r0
878013bc:	eb61 0141 	sbc.w	r1, r1, r1, lsl #1
878013c0:	bd08      	pop	{r3, pc}
878013c2:	bf00      	nop

878013c4 <vsnprintf>:
878013c4:	e92d 4ff0 	stmdb	sp!, {r4, r5, r6, r7, r8, r9, sl, fp, lr}
878013c8:	1e0d      	subs	r5, r1, #0
878013ca:	f8df 8aa4 	ldr.w	r8, [pc, #2724]	@ 87801e70 <vsnprintf+0xaac>
878013ce:	b089      	sub	sp, #36	@ 0x24
878013d0:	44f8      	add	r8, pc
878013d2:	f2c0 84a3 	blt.w	87801d1c <vsnprintf+0x958>
878013d6:	4696      	mov	lr, r2
878013d8:	1e6e      	subs	r6, r5, #1
878013da:	4406      	add	r6, r0
878013dc:	1e42      	subs	r2, r0, #1
878013de:	461f      	mov	r7, r3
878013e0:	4296      	cmp	r6, r2
878013e2:	f89e 3000 	ldrb.w	r3, [lr]
878013e6:	d31d      	bcc.n	87801424 <vsnprintf+0x60>
878013e8:	2b00      	cmp	r3, #0
878013ea:	f000 8514 	beq.w	87801e16 <vsnprintf+0xa52>
878013ee:	4683      	mov	fp, r0
878013f0:	4604      	mov	r4, r0
878013f2:	9505      	str	r5, [sp, #20]
878013f4:	2b25      	cmp	r3, #37	@ 0x25
878013f6:	d01c      	beq.n	87801432 <vsnprintf+0x6e>
878013f8:	42a6      	cmp	r6, r4
878013fa:	bf28      	it	cs
878013fc:	7023      	strbcs	r3, [r4, #0]
878013fe:	f10e 0e01 	add.w	lr, lr, #1
87801402:	3401      	adds	r4, #1
87801404:	f89e 3000 	ldrb.w	r3, [lr]
87801408:	2b00      	cmp	r3, #0
8780140a:	d1f3      	bne.n	878013f4 <vsnprintf+0x30>
8780140c:	9d05      	ldr	r5, [sp, #20]
8780140e:	eba4 000b 	sub.w	r0, r4, fp
87801412:	42a6      	cmp	r6, r4
87801414:	f080 8170 	bcs.w	878016f8 <vsnprintf+0x334>
87801418:	b10d      	cbz	r5, 8780141e <vsnprintf+0x5a>
8780141a:	2300      	movs	r3, #0
8780141c:	7033      	strb	r3, [r6, #0]
8780141e:	b009      	add	sp, #36	@ 0x24
87801420:	e8bd 8ff0 	ldmia.w	sp!, {r4, r5, r6, r7, r8, r9, sl, fp, pc}
87801424:	2b00      	cmp	r3, #0
87801426:	f000 8165 	beq.w	878016f4 <vsnprintf+0x330>
8780142a:	4245      	negs	r5, r0
8780142c:	f04f 36ff 	mov.w	r6, #4294967295	@ 0xffffffff
87801430:	e7dd      	b.n	878013ee <vsnprintf+0x2a>
87801432:	2200      	movs	r2, #0
87801434:	f89e 0001 	ldrb.w	r0, [lr, #1]
87801438:	f10e 0901 	add.w	r9, lr, #1
8780143c:	f1a0 0320 	sub.w	r3, r0, #32
87801440:	2b10      	cmp	r3, #16
87801442:	d80a      	bhi.n	8780145a <vsnprintf+0x96>
87801444:	e8df f003 	tbb	[pc, r3]
87801448:	9d0909a1 	vstrls.16	s0, [r9, #-322]	@ 0xfffffebe	@ <UNPREDICTABLE>
8780144c:	09090909 	stmdbeq	r9, {r0, r3, r8, fp}
87801450:	99090909 	stmdbls	r9, {r0, r3, r8, fp}
87801454:	09099509 	stmdbeq	r9, {r0, r3, r8, sl, ip, pc}
87801458:	f8df0091 			@ <UNDEFINED> instruction: 0xf8df0091
8780145c:	3a18      	subs	r2, #24
8780145e:	4601      	mov	r1, r0
87801460:	f858 c003 	ldr.w	ip, [r8, r3]
87801464:	f81c 3000 	ldrb.w	r3, [ip, r0]
87801468:	075b      	lsls	r3, r3, #29
8780146a:	f100 8135 	bmi.w	878016d8 <vsnprintf+0x314>
8780146e:	282a      	cmp	r0, #42	@ 0x2a
87801470:	bf18      	it	ne
87801472:	f04f 33ff 	movne.w	r3, #4294967295	@ 0xffffffff
87801476:	d10a      	bne.n	8780148e <vsnprintf+0xca>
87801478:	f857 3b04 	ldr.w	r3, [r7], #4
8780147c:	f10e 0902 	add.w	r9, lr, #2
87801480:	f89e 0002 	ldrb.w	r0, [lr, #2]
87801484:	2b00      	cmp	r3, #0
87801486:	bfbc      	itt	lt
87801488:	425b      	neglt	r3, r3
8780148a:	f042 0210 	orrlt.w	r2, r2, #16
8780148e:	282e      	cmp	r0, #46	@ 0x2e
87801490:	bf18      	it	ne
87801492:	f04f 31ff 	movne.w	r1, #4294967295	@ 0xffffffff
87801496:	f000 8107 	beq.w	878016a8 <vsnprintf+0x2e4>
8780149a:	287a      	cmp	r0, #122	@ 0x7a
8780149c:	f200 80ed 	bhi.w	8780167a <vsnprintf+0x2b6>
878014a0:	2867      	cmp	r0, #103	@ 0x67
878014a2:	d876      	bhi.n	87801592 <vsnprintf+0x1ce>
878014a4:	284c      	cmp	r0, #76	@ 0x4c
878014a6:	bf08      	it	eq
878014a8:	f109 0901 	addeq.w	r9, r9, #1
878014ac:	f000 8129 	beq.w	87801702 <vsnprintf+0x33e>
878014b0:	285a      	cmp	r0, #90	@ 0x5a
878014b2:	f000 81d9 	beq.w	87801868 <vsnprintf+0x4a4>
878014b6:	3825      	subs	r0, #37	@ 0x25
878014b8:	2853      	cmp	r0, #83	@ 0x53
878014ba:	f200 80de 	bhi.w	8780167a <vsnprintf+0x2b6>
878014be:	e8df f010 	tbh	[pc, r0, lsl #1]
878014c2:	00dc02de 	ldrsbeq	r0, [ip], #46	@ 0x2e
878014c6:	00dc00dc 	ldrsbeq	r0, [ip], #12
878014ca:	00dc00dc 	ldrsbeq	r0, [ip], #12
878014ce:	00dc00dc 	ldrsbeq	r0, [ip], #12
878014d2:	00dc00dc 	ldrsbeq	r0, [ip], #12
878014d6:	00dc00dc 	ldrsbeq	r0, [ip], #12
878014da:	00dc00dc 	ldrsbeq	r0, [ip], #12
878014de:	00dc00dc 	ldrsbeq	r0, [ip], #12
878014e2:	00dc00dc 	ldrsbeq	r0, [ip], #12
878014e6:	00dc00dc 	ldrsbeq	r0, [ip], #12
878014ea:	00dc00dc 	ldrsbeq	r0, [ip], #12
878014ee:	00dc00dc 	ldrsbeq	r0, [ip], #12
878014f2:	00dc00dc 	ldrsbeq	r0, [ip], #12
878014f6:	00dc00dc 	ldrsbeq	r0, [ip], #12
878014fa:	00dc00dc 	ldrsbeq	r0, [ip], #12
878014fe:	00dc00dc 	ldrsbeq	r0, [ip], #12
87801502:	00dc00dc 	ldrsbeq	r0, [ip], #12
87801506:	00dc00dc 	ldrsbeq	r0, [ip], #12
8780150a:	00dc00dc 	ldrsbeq	r0, [ip], #12
8780150e:	00dc00dc 	ldrsbeq	r0, [ip], #12
87801512:	00dc00dc 	ldrsbeq	r0, [ip], #12
87801516:	00dc00dc 	ldrsbeq	r0, [ip], #12
8780151a:	00dc00dc 	ldrsbeq	r0, [ip], #12
8780151e:	00dc00dc 	ldrsbeq	r0, [ip], #12
87801522:	00dc00dc 	ldrsbeq	r0, [ip], #12
87801526:	034200dc 	movteq	r0, #8412	@ 0x20dc
8780152a:	00dc00dc 	ldrsbeq	r0, [ip], #12
8780152e:	00dc00dc 	ldrsbeq	r0, [ip], #12
87801532:	00dc00dc 	ldrsbeq	r0, [ip], #12
87801536:	00dc00dc 	ldrsbeq	r0, [ip], #12
8780153a:	00dc00dc 	ldrsbeq	r0, [ip], #12
8780153e:	029d02ba 	addseq	r0, sp, #-1610612725	@ 0xa000000b
87801542:	00dc00dc 	ldrsbeq	r0, [ip], #12
87801546:	00dc00dc 	ldrsbeq	r0, [ip], #12
8780154a:	00dc029d 	smullseq	r0, ip, sp, r2
8780154e:	00dc00dc 	ldrsbeq	r0, [ip], #12
87801552:	043900dc 	ldrteq	r0, [r9], #-220	@ 0xffffff24
87801556:	03250441 			@ <UNDEFINED> instruction: 0x03250441
8780155a:	00dc00dc 	ldrsbeq	r0, [ip], #12
8780155e:	00dc02ec 	sbcseq	r0, ip, ip, ror #5
87801562:	00dc0431 	sbcseq	r0, ip, r1, lsr r4
87801566:	043600dc 	ldrteq	r0, [r6], #-220	@ 0xffffff24
8780156a:	f042 0201 	orr.w	r2, r2, #1
8780156e:	46ce      	mov	lr, r9
87801570:	e760      	b.n	87801434 <vsnprintf+0x70>
87801572:	f042 0210 	orr.w	r2, r2, #16
87801576:	46ce      	mov	lr, r9
87801578:	e75c      	b.n	87801434 <vsnprintf+0x70>
8780157a:	f042 0204 	orr.w	r2, r2, #4
8780157e:	46ce      	mov	lr, r9
87801580:	e758      	b.n	87801434 <vsnprintf+0x70>
87801582:	f042 0220 	orr.w	r2, r2, #32
87801586:	46ce      	mov	lr, r9
87801588:	e754      	b.n	87801434 <vsnprintf+0x70>
8780158a:	f042 0208 	orr.w	r2, r2, #8
8780158e:	46ce      	mov	lr, r9
87801590:	e750      	b.n	87801434 <vsnprintf+0x70>
87801592:	f1a0 0e68 	sub.w	lr, r0, #104	@ 0x68
87801596:	f04f 0c11 	mov.w	ip, #17
8780159a:	f2c0 0c04 	movt	ip, #4
8780159e:	fa5f fe8e 	uxtb.w	lr, lr
878015a2:	fa2c fc0e 	lsr.w	ip, ip, lr
878015a6:	f01c 0f01 	tst.w	ip, #1
878015aa:	d084      	beq.n	878014b6 <vsnprintf+0xf2>
878015ac:	f109 0a01 	add.w	sl, r9, #1
878015b0:	286c      	cmp	r0, #108	@ 0x6c
878015b2:	f040 82fc 	bne.w	87801bae <vsnprintf+0x7ea>
878015b6:	f899 0001 	ldrb.w	r0, [r9, #1]
878015ba:	286c      	cmp	r0, #108	@ 0x6c
878015bc:	bf08      	it	eq
878015be:	f109 0902 	addeq.w	r9, r9, #2
878015c2:	f000 809e 	beq.w	87801702 <vsnprintf+0x33e>
878015c6:	3825      	subs	r0, #37	@ 0x25
878015c8:	2853      	cmp	r0, #83	@ 0x53
878015ca:	d855      	bhi.n	87801678 <vsnprintf+0x2b4>
878015cc:	e8df f010 	tbh	[pc, r0, lsl #1]
878015d0:	00540256 	subseq	r0, r4, r6, asr r2
878015d4:	00540054 	subseq	r0, r4, r4, asr r0
878015d8:	00540054 	subseq	r0, r4, r4, asr r0
878015dc:	00540054 	subseq	r0, r4, r4, asr r0
878015e0:	00540054 	subseq	r0, r4, r4, asr r0
878015e4:	00540054 	subseq	r0, r4, r4, asr r0
878015e8:	00540054 	subseq	r0, r4, r4, asr r0
878015ec:	00540054 	subseq	r0, r4, r4, asr r0
878015f0:	00540054 	subseq	r0, r4, r4, asr r0
878015f4:	00540054 	subseq	r0, r4, r4, asr r0
878015f8:	00540054 	subseq	r0, r4, r4, asr r0
878015fc:	00540054 	subseq	r0, r4, r4, asr r0
87801600:	00540054 	subseq	r0, r4, r4, asr r0
87801604:	00540054 	subseq	r0, r4, r4, asr r0
87801608:	00540054 	subseq	r0, r4, r4, asr r0
8780160c:	00540054 	subseq	r0, r4, r4, asr r0
87801610:	00540054 	subseq	r0, r4, r4, asr r0
87801614:	00540054 	subseq	r0, r4, r4, asr r0
87801618:	00540054 	subseq	r0, r4, r4, asr r0
8780161c:	00540054 	subseq	r0, r4, r4, asr r0
87801620:	00540054 	subseq	r0, r4, r4, asr r0
87801624:	00540054 	subseq	r0, r4, r4, asr r0
87801628:	00540054 	subseq	r0, r4, r4, asr r0
8780162c:	00540054 	subseq	r0, r4, r4, asr r0
87801630:	00540054 	subseq	r0, r4, r4, asr r0
87801634:	03fd0054 	mvnseq	r0, #84	@ 0x54
87801638:	00540054 	subseq	r0, r4, r4, asr r0
8780163c:	00540054 	subseq	r0, r4, r4, asr r0
87801640:	00540054 	subseq	r0, r4, r4, asr r0
87801644:	00540054 	subseq	r0, r4, r4, asr r0
87801648:	00540054 	subseq	r0, r4, r4, asr r0
8780164c:	02c50232 	sbceq	r0, r5, #536870915	@ 0x20000003
87801650:	00540054 	subseq	r0, r4, r4, asr r0
87801654:	00540054 	subseq	r0, r4, r4, asr r0
87801658:	005402c5 	subseq	r0, r4, r5, asr #5
8780165c:	00540054 	subseq	r0, r4, r4, asr r0
87801660:	02e20054 	rsceq	r0, r2, #84	@ 0x54
87801664:	029d03f7 	addseq	r0, sp, #-603979773	@ 0xdc000003
87801668:	00540054 	subseq	r0, r4, r4, asr r0
8780166c:	00540264 	subseq	r0, r4, r4, ror #4
87801670:	005402db 	ldrsbeq	r0, [r4], #-43	@ 0xffffffd5
87801674:	03f40054 	mvnseq	r0, #84	@ 0x54
87801678:	46d1      	mov	r9, sl
8780167a:	42a6      	cmp	r6, r4
8780167c:	f104 0201 	add.w	r2, r4, #1
87801680:	bf24      	itt	cs
87801682:	2325      	movcs	r3, #37	@ 0x25
87801684:	7023      	strbcs	r3, [r4, #0]
87801686:	f899 3000 	ldrb.w	r3, [r9]
8780168a:	2b00      	cmp	r3, #0
8780168c:	f000 81b3 	beq.w	878019f6 <vsnprintf+0x632>
87801690:	4296      	cmp	r6, r2
87801692:	bf28      	it	cs
87801694:	7063      	strbcs	r3, [r4, #1]
87801696:	f109 0e01 	add.w	lr, r9, #1
8780169a:	3402      	adds	r4, #2
8780169c:	f899 3001 	ldrb.w	r3, [r9, #1]
878016a0:	2b00      	cmp	r3, #0
878016a2:	f47f aea7 	bne.w	878013f4 <vsnprintf+0x30>
878016a6:	e6b1      	b.n	8780140c <vsnprintf+0x48>
878016a8:	f899 e001 	ldrb.w	lr, [r9, #1]
878016ac:	f109 0a01 	add.w	sl, r9, #1
878016b0:	4670      	mov	r0, lr
878016b2:	f81c 100e 	ldrb.w	r1, [ip, lr]
878016b6:	f011 0104 	ands.w	r1, r1, #4
878016ba:	f040 818b 	bne.w	878019d4 <vsnprintf+0x610>
878016be:	282a      	cmp	r0, #42	@ 0x2a
878016c0:	bf11      	iteee	ne
878016c2:	46d1      	movne	r9, sl
878016c4:	f857 1b04 	ldreq.w	r1, [r7], #4
878016c8:	f899 0002 	ldrbeq.w	r0, [r9, #2]
878016cc:	f109 0902 	addeq.w	r9, r9, #2
878016d0:	bf08      	it	eq
878016d2:	ea21 71e1 	biceq.w	r1, r1, r1, asr #31
878016d6:	e6e0      	b.n	8780149a <vsnprintf+0xd6>
878016d8:	2300      	movs	r3, #0
878016da:	f04f 0a0a 	mov.w	sl, #10
878016de:	fb0a 1303 	mla	r3, sl, r3, r1
878016e2:	f819 1f01 	ldrb.w	r1, [r9, #1]!
878016e6:	3b30      	subs	r3, #48	@ 0x30
878016e8:	4608      	mov	r0, r1
878016ea:	f81c 5001 	ldrb.w	r5, [ip, r1]
878016ee:	076d      	lsls	r5, r5, #29
878016f0:	d4f5      	bmi.n	878016de <vsnprintf+0x31a>
878016f2:	e6cc      	b.n	8780148e <vsnprintf+0xca>
878016f4:	4604      	mov	r4, r0
878016f6:	4618      	mov	r0, r3
878016f8:	2300      	movs	r3, #0
878016fa:	7023      	strb	r3, [r4, #0]
878016fc:	b009      	add	sp, #36	@ 0x24
878016fe:	e8bd 8ff0 	ldmia.w	sp!, {r4, r5, r6, r7, r8, r9, sl, fp, pc}
87801702:	f899 0000 	ldrb.w	r0, [r9]
87801706:	3825      	subs	r0, #37	@ 0x25
87801708:	2853      	cmp	r0, #83	@ 0x53
8780170a:	d8b6      	bhi.n	8780167a <vsnprintf+0x2b6>
8780170c:	f20f 0c08 	addw	ip, pc, #8
87801710:	f85c 0020 	ldr.w	r0, [ip, r0, lsl #2]
87801714:	4484      	add	ip, r0
87801716:	4760      	bx	ip
87801718:	00000367 	andeq	r0, r0, r7, ror #6
8780171c:	ffffff63 			@ <UNDEFINED> instruction: 0xffffff63
87801720:	ffffff63 			@ <UNDEFINED> instruction: 0xffffff63
87801724:	ffffff63 			@ <UNDEFINED> instruction: 0xffffff63
87801728:	ffffff63 			@ <UNDEFINED> instruction: 0xffffff63
8780172c:	ffffff63 			@ <UNDEFINED> instruction: 0xffffff63
87801730:	ffffff63 			@ <UNDEFINED> instruction: 0xffffff63
87801734:	ffffff63 			@ <UNDEFINED> instruction: 0xffffff63
87801738:	ffffff63 			@ <UNDEFINED> instruction: 0xffffff63
8780173c:	ffffff63 			@ <UNDEFINED> instruction: 0xffffff63
87801740:	ffffff63 			@ <UNDEFINED> instruction: 0xffffff63
87801744:	ffffff63 			@ <UNDEFINED> instruction: 0xffffff63
87801748:	ffffff63 			@ <UNDEFINED> instruction: 0xffffff63
8780174c:	ffffff63 			@ <UNDEFINED> instruction: 0xffffff63
87801750:	ffffff63 			@ <UNDEFINED> instruction: 0xffffff63
87801754:	ffffff63 			@ <UNDEFINED> instruction: 0xffffff63
87801758:	ffffff63 			@ <UNDEFINED> instruction: 0xffffff63
8780175c:	ffffff63 			@ <UNDEFINED> instruction: 0xffffff63
87801760:	ffffff63 			@ <UNDEFINED> instruction: 0xffffff63
87801764:	ffffff63 			@ <UNDEFINED> instruction: 0xffffff63
87801768:	ffffff63 			@ <UNDEFINED> instruction: 0xffffff63
8780176c:	ffffff63 			@ <UNDEFINED> instruction: 0xffffff63
87801770:	ffffff63 			@ <UNDEFINED> instruction: 0xffffff63
87801774:	ffffff63 			@ <UNDEFINED> instruction: 0xffffff63
87801778:	ffffff63 			@ <UNDEFINED> instruction: 0xffffff63
8780177c:	ffffff63 			@ <UNDEFINED> instruction: 0xffffff63
87801780:	ffffff63 			@ <UNDEFINED> instruction: 0xffffff63
87801784:	ffffff63 			@ <UNDEFINED> instruction: 0xffffff63
87801788:	ffffff63 			@ <UNDEFINED> instruction: 0xffffff63
8780178c:	ffffff63 			@ <UNDEFINED> instruction: 0xffffff63
87801790:	ffffff63 			@ <UNDEFINED> instruction: 0xffffff63
87801794:	ffffff63 			@ <UNDEFINED> instruction: 0xffffff63
87801798:	ffffff63 			@ <UNDEFINED> instruction: 0xffffff63
8780179c:	ffffff63 			@ <UNDEFINED> instruction: 0xffffff63
878017a0:	ffffff63 			@ <UNDEFINED> instruction: 0xffffff63
878017a4:	ffffff63 			@ <UNDEFINED> instruction: 0xffffff63
878017a8:	ffffff63 			@ <UNDEFINED> instruction: 0xffffff63
878017ac:	ffffff63 			@ <UNDEFINED> instruction: 0xffffff63
878017b0:	ffffff63 			@ <UNDEFINED> instruction: 0xffffff63
878017b4:	ffffff63 			@ <UNDEFINED> instruction: 0xffffff63
878017b8:	ffffff63 			@ <UNDEFINED> instruction: 0xffffff63
878017bc:	ffffff63 			@ <UNDEFINED> instruction: 0xffffff63
878017c0:	ffffff63 			@ <UNDEFINED> instruction: 0xffffff63
878017c4:	ffffff63 			@ <UNDEFINED> instruction: 0xffffff63
878017c8:	ffffff63 			@ <UNDEFINED> instruction: 0xffffff63
878017cc:	ffffff63 			@ <UNDEFINED> instruction: 0xffffff63
878017d0:	ffffff63 			@ <UNDEFINED> instruction: 0xffffff63
878017d4:	ffffff63 			@ <UNDEFINED> instruction: 0xffffff63
878017d8:	ffffff63 			@ <UNDEFINED> instruction: 0xffffff63
878017dc:	ffffff63 			@ <UNDEFINED> instruction: 0xffffff63
878017e0:	ffffff63 			@ <UNDEFINED> instruction: 0xffffff63
878017e4:	00000677 	andeq	r0, r0, r7, ror r6
878017e8:	ffffff63 			@ <UNDEFINED> instruction: 0xffffff63
878017ec:	ffffff63 			@ <UNDEFINED> instruction: 0xffffff63
878017f0:	ffffff63 			@ <UNDEFINED> instruction: 0xffffff63
878017f4:	ffffff63 			@ <UNDEFINED> instruction: 0xffffff63
878017f8:	ffffff63 			@ <UNDEFINED> instruction: 0xffffff63
878017fc:	ffffff63 			@ <UNDEFINED> instruction: 0xffffff63
87801800:	ffffff63 			@ <UNDEFINED> instruction: 0xffffff63
87801804:	ffffff63 			@ <UNDEFINED> instruction: 0xffffff63
87801808:	ffffff63 			@ <UNDEFINED> instruction: 0xffffff63
8780180c:	ffffff63 			@ <UNDEFINED> instruction: 0xffffff63
87801810:	0000031f 	andeq	r0, r0, pc, lsl r3
87801814:	00000633 	andeq	r0, r0, r3, lsr r6
87801818:	ffffff63 			@ <UNDEFINED> instruction: 0xffffff63
8780181c:	ffffff63 			@ <UNDEFINED> instruction: 0xffffff63
87801820:	ffffff63 			@ <UNDEFINED> instruction: 0xffffff63
87801824:	ffffff63 			@ <UNDEFINED> instruction: 0xffffff63
87801828:	00000633 	andeq	r0, r0, r3, lsr r6
8780182c:	ffffff63 			@ <UNDEFINED> instruction: 0xffffff63
87801830:	ffffff63 			@ <UNDEFINED> instruction: 0xffffff63
87801834:	ffffff63 			@ <UNDEFINED> instruction: 0xffffff63
87801838:	ffffff63 			@ <UNDEFINED> instruction: 0xffffff63
8780183c:	0000061d 	andeq	r0, r0, sp, lsl r6
87801840:	00000681 	andeq	r0, r0, r1, lsl #13
87801844:	000003f5 	strdeq	r0, [r0], -r5
87801848:	ffffff63 			@ <UNDEFINED> instruction: 0xffffff63
8780184c:	ffffff63 			@ <UNDEFINED> instruction: 0xffffff63
87801850:	00000383 	andeq	r0, r0, r3, lsl #7
87801854:	ffffff63 			@ <UNDEFINED> instruction: 0xffffff63
87801858:	00000671 	andeq	r0, r0, r1, ror r6
8780185c:	ffffff63 			@ <UNDEFINED> instruction: 0xffffff63
87801860:	ffffff63 			@ <UNDEFINED> instruction: 0xffffff63
87801864:	0000067b 	andeq	r0, r0, fp, ror r6
87801868:	f899 0001 	ldrb.w	r0, [r9, #1]
8780186c:	f109 0a01 	add.w	sl, r9, #1
87801870:	3825      	subs	r0, #37	@ 0x25
87801872:	2853      	cmp	r0, #83	@ 0x53
87801874:	f63f af00 	bhi.w	87801678 <vsnprintf+0x2b4>
87801878:	f20f 0c08 	addw	ip, pc, #8
8780187c:	f85c 0020 	ldr.w	r0, [ip, r0, lsl #2]
87801880:	4484      	add	ip, r0
87801882:	4760      	bx	ip
87801884:	000001f9 	strdeq	r0, [r0], -r9
87801888:	fffffdf5 			@ <UNDEFINED> instruction: 0xfffffdf5
8780188c:	fffffdf5 			@ <UNDEFINED> instruction: 0xfffffdf5
87801890:	fffffdf5 			@ <UNDEFINED> instruction: 0xfffffdf5
87801894:	fffffdf5 			@ <UNDEFINED> instruction: 0xfffffdf5
87801898:	fffffdf5 			@ <UNDEFINED> instruction: 0xfffffdf5
8780189c:	fffffdf5 			@ <UNDEFINED> instruction: 0xfffffdf5
878018a0:	fffffdf5 			@ <UNDEFINED> instruction: 0xfffffdf5
878018a4:	fffffdf5 			@ <UNDEFINED> instruction: 0xfffffdf5
878018a8:	fffffdf5 			@ <UNDEFINED> instruction: 0xfffffdf5
878018ac:	fffffdf5 			@ <UNDEFINED> instruction: 0xfffffdf5
878018b0:	fffffdf5 			@ <UNDEFINED> instruction: 0xfffffdf5
878018b4:	fffffdf5 			@ <UNDEFINED> instruction: 0xfffffdf5
878018b8:	fffffdf5 			@ <UNDEFINED> instruction: 0xfffffdf5
878018bc:	fffffdf5 			@ <UNDEFINED> instruction: 0xfffffdf5
878018c0:	fffffdf5 			@ <UNDEFINED> instruction: 0xfffffdf5
878018c4:	fffffdf5 			@ <UNDEFINED> instruction: 0xfffffdf5
878018c8:	fffffdf5 			@ <UNDEFINED> instruction: 0xfffffdf5
878018cc:	fffffdf5 			@ <UNDEFINED> instruction: 0xfffffdf5
878018d0:	fffffdf5 			@ <UNDEFINED> instruction: 0xfffffdf5
878018d4:	fffffdf5 			@ <UNDEFINED> instruction: 0xfffffdf5
878018d8:	fffffdf5 			@ <UNDEFINED> instruction: 0xfffffdf5
878018dc:	fffffdf5 			@ <UNDEFINED> instruction: 0xfffffdf5
878018e0:	fffffdf5 			@ <UNDEFINED> instruction: 0xfffffdf5
878018e4:	fffffdf5 			@ <UNDEFINED> instruction: 0xfffffdf5
878018e8:	fffffdf5 			@ <UNDEFINED> instruction: 0xfffffdf5
878018ec:	fffffdf5 			@ <UNDEFINED> instruction: 0xfffffdf5
878018f0:	fffffdf5 			@ <UNDEFINED> instruction: 0xfffffdf5
878018f4:	fffffdf5 			@ <UNDEFINED> instruction: 0xfffffdf5
878018f8:	fffffdf5 			@ <UNDEFINED> instruction: 0xfffffdf5
878018fc:	fffffdf5 			@ <UNDEFINED> instruction: 0xfffffdf5
87801900:	fffffdf5 			@ <UNDEFINED> instruction: 0xfffffdf5
87801904:	fffffdf5 			@ <UNDEFINED> instruction: 0xfffffdf5
87801908:	fffffdf5 			@ <UNDEFINED> instruction: 0xfffffdf5
8780190c:	fffffdf5 			@ <UNDEFINED> instruction: 0xfffffdf5
87801910:	fffffdf5 			@ <UNDEFINED> instruction: 0xfffffdf5
87801914:	fffffdf5 			@ <UNDEFINED> instruction: 0xfffffdf5
87801918:	fffffdf5 			@ <UNDEFINED> instruction: 0xfffffdf5
8780191c:	fffffdf5 			@ <UNDEFINED> instruction: 0xfffffdf5
87801920:	fffffdf5 			@ <UNDEFINED> instruction: 0xfffffdf5
87801924:	fffffdf5 			@ <UNDEFINED> instruction: 0xfffffdf5
87801928:	fffffdf5 			@ <UNDEFINED> instruction: 0xfffffdf5
8780192c:	fffffdf5 			@ <UNDEFINED> instruction: 0xfffffdf5
87801930:	fffffdf5 			@ <UNDEFINED> instruction: 0xfffffdf5
87801934:	fffffdf5 			@ <UNDEFINED> instruction: 0xfffffdf5
87801938:	fffffdf5 			@ <UNDEFINED> instruction: 0xfffffdf5
8780193c:	fffffdf5 			@ <UNDEFINED> instruction: 0xfffffdf5
87801940:	fffffdf5 			@ <UNDEFINED> instruction: 0xfffffdf5
87801944:	fffffdf5 			@ <UNDEFINED> instruction: 0xfffffdf5
87801948:	fffffdf5 			@ <UNDEFINED> instruction: 0xfffffdf5
8780194c:	fffffdf5 			@ <UNDEFINED> instruction: 0xfffffdf5
87801950:	00000531 	andeq	r0, r0, r1, lsr r5
87801954:	fffffdf5 			@ <UNDEFINED> instruction: 0xfffffdf5
87801958:	fffffdf5 			@ <UNDEFINED> instruction: 0xfffffdf5
8780195c:	fffffdf5 			@ <UNDEFINED> instruction: 0xfffffdf5
87801960:	fffffdf5 			@ <UNDEFINED> instruction: 0xfffffdf5
87801964:	fffffdf5 			@ <UNDEFINED> instruction: 0xfffffdf5
87801968:	fffffdf5 			@ <UNDEFINED> instruction: 0xfffffdf5
8780196c:	fffffdf5 			@ <UNDEFINED> instruction: 0xfffffdf5
87801970:	fffffdf5 			@ <UNDEFINED> instruction: 0xfffffdf5
87801974:	fffffdf5 			@ <UNDEFINED> instruction: 0xfffffdf5
87801978:	fffffdf5 			@ <UNDEFINED> instruction: 0xfffffdf5
8780197c:	000001b1 			@ <UNDEFINED> instruction: 0x000001b1
87801980:	000004db 	ldrdeq	r0, [r0], -fp
87801984:	fffffdf5 			@ <UNDEFINED> instruction: 0xfffffdf5
87801988:	fffffdf5 			@ <UNDEFINED> instruction: 0xfffffdf5
8780198c:	fffffdf5 			@ <UNDEFINED> instruction: 0xfffffdf5
87801990:	fffffdf5 			@ <UNDEFINED> instruction: 0xfffffdf5
87801994:	000004db 	ldrdeq	r0, [r0], -fp
87801998:	fffffdf5 			@ <UNDEFINED> instruction: 0xfffffdf5
8780199c:	fffffdf5 			@ <UNDEFINED> instruction: 0xfffffdf5
878019a0:	fffffdf5 			@ <UNDEFINED> instruction: 0xfffffdf5
878019a4:	fffffdf5 			@ <UNDEFINED> instruction: 0xfffffdf5
878019a8:	000002e9 	andeq	r0, r0, r9, ror #5
878019ac:	0000053b 	andeq	r0, r0, fp, lsr r5
878019b0:	00000287 	andeq	r0, r0, r7, lsl #5
878019b4:	fffffdf5 			@ <UNDEFINED> instruction: 0xfffffdf5
878019b8:	fffffdf5 			@ <UNDEFINED> instruction: 0xfffffdf5
878019bc:	00000215 	andeq	r0, r0, r5, lsl r2
878019c0:	fffffdf5 			@ <UNDEFINED> instruction: 0xfffffdf5
878019c4:	00000541 	andeq	r0, r0, r1, asr #10
878019c8:	fffffdf5 			@ <UNDEFINED> instruction: 0xfffffdf5
878019cc:	fffffdf5 			@ <UNDEFINED> instruction: 0xfffffdf5
878019d0:	00000535 	andeq	r0, r0, r5, lsr r5
878019d4:	2100      	movs	r1, #0
878019d6:	250a      	movs	r5, #10
878019d8:	f81a 0f01 	ldrb.w	r0, [sl, #1]!
878019dc:	fb05 e101 	mla	r1, r5, r1, lr
878019e0:	4686      	mov	lr, r0
878019e2:	3930      	subs	r1, #48	@ 0x30
878019e4:	f81c 9000 	ldrb.w	r9, [ip, r0]
878019e8:	f019 0f04 	tst.w	r9, #4
878019ec:	d1f4      	bne.n	878019d8 <vsnprintf+0x614>
878019ee:	ea21 71e1 	bic.w	r1, r1, r1, asr #31
878019f2:	46d1      	mov	r9, sl
878019f4:	e551      	b.n	8780149a <vsnprintf+0xd6>
878019f6:	9d05      	ldr	r5, [sp, #20]
878019f8:	4614      	mov	r4, r2
878019fa:	e508      	b.n	8780140e <vsnprintf+0x4a>
878019fc:	f857 0b04 	ldr.w	r0, [r7], #4
87801a00:	f042 0202 	orr.w	r2, r2, #2
87801a04:	46ca      	mov	sl, r9
87801a06:	f04f 0c0a 	mov.w	ip, #10
87801a0a:	ea4f 7ee0 	mov.w	lr, r0, asr #31
87801a0e:	e9cd 1202 	strd	r1, r2, [sp, #8]
87801a12:	4602      	mov	r2, r0
87801a14:	e9cd c300 	strd	ip, r3, [sp]
87801a18:	4620      	mov	r0, r4
87801a1a:	4673      	mov	r3, lr
87801a1c:	4631      	mov	r1, r6
87801a1e:	f7fe ff9f 	bl	87800960 <number>
87801a22:	f89a 3001 	ldrb.w	r3, [sl, #1]
87801a26:	4604      	mov	r4, r0
87801a28:	f10a 0e01 	add.w	lr, sl, #1
87801a2c:	2b00      	cmp	r3, #0
87801a2e:	f47f ace1 	bne.w	878013f4 <vsnprintf+0x30>
87801a32:	e4eb      	b.n	8780140c <vsnprintf+0x48>
87801a34:	46d1      	mov	r9, sl
87801a36:	1c60      	adds	r0, r4, #1
87801a38:	1d39      	adds	r1, r7, #4
87801a3a:	f109 0e01 	add.w	lr, r9, #1
87801a3e:	06d5      	lsls	r5, r2, #27
87801a40:	f140 81ed 	bpl.w	87801e1e <vsnprintf+0xa5a>
87801a44:	42a6      	cmp	r6, r4
87801a46:	bf24      	itt	cs
87801a48:	683a      	ldrcs	r2, [r7, #0]
87801a4a:	7022      	strbcs	r2, [r4, #0]
87801a4c:	2b01      	cmp	r3, #1
87801a4e:	bfd8      	it	le
87801a50:	4604      	movle	r4, r0
87801a52:	dd0c      	ble.n	87801a6e <vsnprintf+0x6aa>
87801a54:	441c      	add	r4, r3
87801a56:	4602      	mov	r2, r0
87801a58:	2720      	movs	r7, #32
87801a5a:	4296      	cmp	r6, r2
87801a5c:	f102 0201 	add.w	r2, r2, #1
87801a60:	bf28      	it	cs
87801a62:	f802 7c01 	strbcs.w	r7, [r2, #-1]
87801a66:	42a2      	cmp	r2, r4
87801a68:	d1f7      	bne.n	87801a5a <vsnprintf+0x696>
87801a6a:	3b01      	subs	r3, #1
87801a6c:	18c4      	adds	r4, r0, r3
87801a6e:	f899 3001 	ldrb.w	r3, [r9, #1]
87801a72:	460f      	mov	r7, r1
87801a74:	2b00      	cmp	r3, #0
87801a76:	f47f acbd 	bne.w	878013f4 <vsnprintf+0x30>
87801a7a:	e4c7      	b.n	8780140c <vsnprintf+0x48>
87801a7c:	46d1      	mov	r9, sl
87801a7e:	42a6      	cmp	r6, r4
87801a80:	f109 0e01 	add.w	lr, r9, #1
87801a84:	bf24      	itt	cs
87801a86:	2325      	movcs	r3, #37	@ 0x25
87801a88:	7023      	strbcs	r3, [r4, #0]
87801a8a:	3401      	adds	r4, #1
87801a8c:	f899 3001 	ldrb.w	r3, [r9, #1]
87801a90:	2b00      	cmp	r3, #0
87801a92:	f47f acaf 	bne.w	878013f4 <vsnprintf+0x30>
87801a96:	e4b9      	b.n	8780140c <vsnprintf+0x48>
87801a98:	46d1      	mov	r9, sl
87801a9a:	f857 ab04 	ldr.w	sl, [r7], #4
87801a9e:	f5ba 6f80 	cmp.w	sl, #1024	@ 0x400
87801aa2:	d202      	bcs.n	87801aaa <vsnprintf+0x6e6>
87801aa4:	f8df a3d0 	ldr.w	sl, [pc, #976]	@ 87801e78 <vsnprintf+0xab4>
87801aa8:	44fa      	add	sl, pc
87801aaa:	4650      	mov	r0, sl
87801aac:	e9cd 3206 	strd	r3, r2, [sp, #24]
87801ab0:	f7fe fde0 	bl	87800674 <strnlen>
87801ab4:	9a07      	ldr	r2, [sp, #28]
87801ab6:	9b06      	ldr	r3, [sp, #24]
87801ab8:	f012 0f10 	tst.w	r2, #16
87801abc:	f000 8194 	beq.w	87801de8 <vsnprintf+0xa24>
87801ac0:	2800      	cmp	r0, #0
87801ac2:	dd0c      	ble.n	87801ade <vsnprintf+0x71a>
87801ac4:	1822      	adds	r2, r4, r0
87801ac6:	42a6      	cmp	r6, r4
87801ac8:	f104 0401 	add.w	r4, r4, #1
87801acc:	f10a 0a01 	add.w	sl, sl, #1
87801ad0:	bf24      	itt	cs
87801ad2:	f81a 1c01 	ldrbcs.w	r1, [sl, #-1]
87801ad6:	f804 1c01 	strbcs.w	r1, [r4, #-1]
87801ada:	4294      	cmp	r4, r2
87801adc:	d1f3      	bne.n	87801ac6 <vsnprintf+0x702>
87801ade:	4283      	cmp	r3, r0
87801ae0:	f109 0e01 	add.w	lr, r9, #1
87801ae4:	bfc2      	ittt	gt
87801ae6:	1a1b      	subgt	r3, r3, r0
87801ae8:	2220      	movgt	r2, #32
87801aea:	191b      	addgt	r3, r3, r4
87801aec:	dd07      	ble.n	87801afe <vsnprintf+0x73a>
87801aee:	42a6      	cmp	r6, r4
87801af0:	f104 0401 	add.w	r4, r4, #1
87801af4:	bf28      	it	cs
87801af6:	f804 2c01 	strbcs.w	r2, [r4, #-1]
87801afa:	429c      	cmp	r4, r3
87801afc:	d1f7      	bne.n	87801aee <vsnprintf+0x72a>
87801afe:	f899 3001 	ldrb.w	r3, [r9, #1]
87801b02:	2b00      	cmp	r3, #0
87801b04:	f47f ac76 	bne.w	878013f4 <vsnprintf+0x30>
87801b08:	e480      	b.n	8780140c <vsnprintf+0x48>
87801b0a:	46d1      	mov	r9, sl
87801b0c:	1c58      	adds	r0, r3, #1
87801b0e:	4620      	mov	r0, r4
87801b10:	f857 4b04 	ldr.w	r4, [r7], #4
87801b14:	bf08      	it	eq
87801b16:	f042 0201 	orreq.w	r2, r2, #1
87801b1a:	bf08      	it	eq
87801b1c:	2308      	moveq	r3, #8
87801b1e:	e9cd 1202 	strd	r1, r2, [sp, #8]
87801b22:	f04f 0c10 	mov.w	ip, #16
87801b26:	4622      	mov	r2, r4
87801b28:	e9cd c300 	strd	ip, r3, [sp]
87801b2c:	4631      	mov	r1, r6
87801b2e:	2300      	movs	r3, #0
87801b30:	f7fe ff16 	bl	87800960 <number>
87801b34:	f899 3001 	ldrb.w	r3, [r9, #1]
87801b38:	4604      	mov	r4, r0
87801b3a:	f109 0e01 	add.w	lr, r9, #1
87801b3e:	2b00      	cmp	r3, #0
87801b40:	f47f ac58 	bne.w	878013f4 <vsnprintf+0x30>
87801b44:	e462      	b.n	8780140c <vsnprintf+0x48>
87801b46:	f042 0240 	orr.w	r2, r2, #64	@ 0x40
87801b4a:	f04f 0c10 	mov.w	ip, #16
87801b4e:	f857 0b04 	ldr.w	r0, [r7], #4
87801b52:	46ca      	mov	sl, r9
87801b54:	f04f 0e00 	mov.w	lr, #0
87801b58:	e759      	b.n	87801a0e <vsnprintf+0x64a>
87801b5a:	f857 0b04 	ldr.w	r0, [r7], #4
87801b5e:	f042 0202 	orr.w	r2, r2, #2
87801b62:	f04f 0c0a 	mov.w	ip, #10
87801b66:	ea4f 7ee0 	mov.w	lr, r0, asr #31
87801b6a:	e750      	b.n	87801a0e <vsnprintf+0x64a>
87801b6c:	f857 3b04 	ldr.w	r3, [r7], #4
87801b70:	f109 0e02 	add.w	lr, r9, #2
87801b74:	eba4 020b 	sub.w	r2, r4, fp
87801b78:	601a      	str	r2, [r3, #0]
87801b7a:	f89a 3001 	ldrb.w	r3, [sl, #1]
87801b7e:	2b00      	cmp	r3, #0
87801b80:	f47f ac38 	bne.w	878013f4 <vsnprintf+0x30>
87801b84:	e442      	b.n	8780140c <vsnprintf+0x48>
87801b86:	f857 0b04 	ldr.w	r0, [r7], #4
87801b8a:	f04f 0e00 	mov.w	lr, #0
87801b8e:	f04f 0c0a 	mov.w	ip, #10
87801b92:	e73c      	b.n	87801a0e <vsnprintf+0x64a>
87801b94:	f857 2b04 	ldr.w	r2, [r7], #4
87801b98:	eba4 030b 	sub.w	r3, r4, fp
87801b9c:	f109 0e02 	add.w	lr, r9, #2
87801ba0:	6013      	str	r3, [r2, #0]
87801ba2:	f899 3002 	ldrb.w	r3, [r9, #2]
87801ba6:	2b00      	cmp	r3, #0
87801ba8:	f47f ac24 	bne.w	878013f4 <vsnprintf+0x30>
87801bac:	e42e      	b.n	8780140c <vsnprintf+0x48>
87801bae:	f899 c001 	ldrb.w	ip, [r9, #1]
87801bb2:	f1ac 0c25 	sub.w	ip, ip, #37	@ 0x25
87801bb6:	f1bc 0f53 	cmp.w	ip, #83	@ 0x53
87801bba:	f63f ad5d 	bhi.w	87801678 <vsnprintf+0x2b4>
87801bbe:	f20f 0e0c 	addw	lr, pc, #12
87801bc2:	f85e c02c 	ldr.w	ip, [lr, ip, lsl #2]
87801bc6:	44e6      	add	lr, ip
87801bc8:	4770      	bx	lr
87801bca:	bf00      	nop
87801bcc:	fffffeb1 			@ <UNDEFINED> instruction: 0xfffffeb1
87801bd0:	fffffaad 			@ <UNDEFINED> instruction: 0xfffffaad
87801bd4:	fffffaad 			@ <UNDEFINED> instruction: 0xfffffaad
87801bd8:	fffffaad 			@ <UNDEFINED> instruction: 0xfffffaad
87801bdc:	fffffaad 			@ <UNDEFINED> instruction: 0xfffffaad
87801be0:	fffffaad 			@ <UNDEFINED> instruction: 0xfffffaad
87801be4:	fffffaad 			@ <UNDEFINED> instruction: 0xfffffaad
87801be8:	fffffaad 			@ <UNDEFINED> instruction: 0xfffffaad
87801bec:	fffffaad 			@ <UNDEFINED> instruction: 0xfffffaad
87801bf0:	fffffaad 			@ <UNDEFINED> instruction: 0xfffffaad
87801bf4:	fffffaad 			@ <UNDEFINED> instruction: 0xfffffaad
87801bf8:	fffffaad 			@ <UNDEFINED> instruction: 0xfffffaad
87801bfc:	fffffaad 			@ <UNDEFINED> instruction: 0xfffffaad
87801c00:	fffffaad 			@ <UNDEFINED> instruction: 0xfffffaad
87801c04:	fffffaad 			@ <UNDEFINED> instruction: 0xfffffaad
87801c08:	fffffaad 			@ <UNDEFINED> instruction: 0xfffffaad
87801c0c:	fffffaad 			@ <UNDEFINED> instruction: 0xfffffaad
87801c10:	fffffaad 			@ <UNDEFINED> instruction: 0xfffffaad
87801c14:	fffffaad 			@ <UNDEFINED> instruction: 0xfffffaad
87801c18:	fffffaad 			@ <UNDEFINED> instruction: 0xfffffaad
87801c1c:	fffffaad 			@ <UNDEFINED> instruction: 0xfffffaad
87801c20:	fffffaad 			@ <UNDEFINED> instruction: 0xfffffaad
87801c24:	fffffaad 			@ <UNDEFINED> instruction: 0xfffffaad
87801c28:	fffffaad 			@ <UNDEFINED> instruction: 0xfffffaad
87801c2c:	fffffaad 			@ <UNDEFINED> instruction: 0xfffffaad
87801c30:	fffffaad 			@ <UNDEFINED> instruction: 0xfffffaad
87801c34:	fffffaad 			@ <UNDEFINED> instruction: 0xfffffaad
87801c38:	fffffaad 			@ <UNDEFINED> instruction: 0xfffffaad
87801c3c:	fffffaad 			@ <UNDEFINED> instruction: 0xfffffaad
87801c40:	fffffaad 			@ <UNDEFINED> instruction: 0xfffffaad
87801c44:	fffffaad 			@ <UNDEFINED> instruction: 0xfffffaad
87801c48:	fffffaad 			@ <UNDEFINED> instruction: 0xfffffaad
87801c4c:	fffffaad 			@ <UNDEFINED> instruction: 0xfffffaad
87801c50:	fffffaad 			@ <UNDEFINED> instruction: 0xfffffaad
87801c54:	fffffaad 			@ <UNDEFINED> instruction: 0xfffffaad
87801c58:	fffffaad 			@ <UNDEFINED> instruction: 0xfffffaad
87801c5c:	fffffaad 			@ <UNDEFINED> instruction: 0xfffffaad
87801c60:	fffffaad 			@ <UNDEFINED> instruction: 0xfffffaad
87801c64:	fffffaad 			@ <UNDEFINED> instruction: 0xfffffaad
87801c68:	fffffaad 			@ <UNDEFINED> instruction: 0xfffffaad
87801c6c:	fffffaad 			@ <UNDEFINED> instruction: 0xfffffaad
87801c70:	fffffaad 			@ <UNDEFINED> instruction: 0xfffffaad
87801c74:	fffffaad 			@ <UNDEFINED> instruction: 0xfffffaad
87801c78:	fffffaad 			@ <UNDEFINED> instruction: 0xfffffaad
87801c7c:	fffffaad 			@ <UNDEFINED> instruction: 0xfffffaad
87801c80:	fffffaad 			@ <UNDEFINED> instruction: 0xfffffaad
87801c84:	fffffaad 			@ <UNDEFINED> instruction: 0xfffffaad
87801c88:	fffffaad 			@ <UNDEFINED> instruction: 0xfffffaad
87801c8c:	fffffaad 			@ <UNDEFINED> instruction: 0xfffffaad
87801c90:	fffffaad 			@ <UNDEFINED> instruction: 0xfffffaad
87801c94:	fffffaad 			@ <UNDEFINED> instruction: 0xfffffaad
87801c98:	000001a5 	andeq	r0, r0, r5, lsr #3
87801c9c:	fffffaad 			@ <UNDEFINED> instruction: 0xfffffaad
87801ca0:	fffffaad 			@ <UNDEFINED> instruction: 0xfffffaad
87801ca4:	fffffaad 			@ <UNDEFINED> instruction: 0xfffffaad
87801ca8:	fffffaad 			@ <UNDEFINED> instruction: 0xfffffaad
87801cac:	fffffaad 			@ <UNDEFINED> instruction: 0xfffffaad
87801cb0:	fffffaad 			@ <UNDEFINED> instruction: 0xfffffaad
87801cb4:	fffffaad 			@ <UNDEFINED> instruction: 0xfffffaad
87801cb8:	fffffaad 			@ <UNDEFINED> instruction: 0xfffffaad
87801cbc:	fffffaad 			@ <UNDEFINED> instruction: 0xfffffaad
87801cc0:	fffffaad 			@ <UNDEFINED> instruction: 0xfffffaad
87801cc4:	fffffe69 			@ <UNDEFINED> instruction: 0xfffffe69
87801cc8:	000001d3 	ldrdeq	r0, [r0], -r3
87801ccc:	fffffaad 			@ <UNDEFINED> instruction: 0xfffffaad
87801cd0:	fffffaad 			@ <UNDEFINED> instruction: 0xfffffaad
87801cd4:	fffffaad 			@ <UNDEFINED> instruction: 0xfffffaad
87801cd8:	fffffaad 			@ <UNDEFINED> instruction: 0xfffffaad
87801cdc:	000001d3 	ldrdeq	r0, [r0], -r3
87801ce0:	fffffaad 			@ <UNDEFINED> instruction: 0xfffffaad
87801ce4:	fffffaad 			@ <UNDEFINED> instruction: 0xfffffaad
87801ce8:	fffffaad 			@ <UNDEFINED> instruction: 0xfffffaad
87801cec:	fffffaad 			@ <UNDEFINED> instruction: 0xfffffaad
87801cf0:	ffffffa1 			@ <UNDEFINED> instruction: 0xffffffa1
87801cf4:	00000213 	andeq	r0, r0, r3, lsl r2
87801cf8:	ffffff3f 			@ <UNDEFINED> instruction: 0xffffff3f
87801cfc:	fffffaad 			@ <UNDEFINED> instruction: 0xfffffaad
87801d00:	fffffaad 			@ <UNDEFINED> instruction: 0xfffffaad
87801d04:	fffffecd 			@ <UNDEFINED> instruction: 0xfffffecd
87801d08:	fffffaad 			@ <UNDEFINED> instruction: 0xfffffaad
87801d0c:	00000209 	andeq	r0, r0, r9, lsl #4
87801d10:	fffffaad 			@ <UNDEFINED> instruction: 0xfffffaad
87801d14:	fffffaad 			@ <UNDEFINED> instruction: 0xfffffaad
87801d18:	000001a9 	andeq	r0, r0, r9, lsr #3
87801d1c:	2000      	movs	r0, #0
87801d1e:	b009      	add	sp, #36	@ 0x24
87801d20:	e8bd 8ff0 	ldmia.w	sp!, {r4, r5, r6, r7, r8, r9, sl, fp, pc}
87801d24:	f857 0b04 	ldr.w	r0, [r7], #4
87801d28:	f04f 0c0a 	mov.w	ip, #10
87801d2c:	e711      	b.n	87801b52 <vsnprintf+0x78e>
87801d2e:	f04f 0c10 	mov.w	ip, #16
87801d32:	e70c      	b.n	87801b4e <vsnprintf+0x78a>
87801d34:	f857 3b04 	ldr.w	r3, [r7], #4
87801d38:	eba4 020b 	sub.w	r2, r4, fp
87801d3c:	f109 0e01 	add.w	lr, r9, #1
87801d40:	46ca      	mov	sl, r9
87801d42:	e719      	b.n	87801b78 <vsnprintf+0x7b4>
87801d44:	f04f 0c08 	mov.w	ip, #8
87801d48:	e701      	b.n	87801b4e <vsnprintf+0x78a>
87801d4a:	f042 0202 	orr.w	r2, r2, #2
87801d4e:	f04f 0c0a 	mov.w	ip, #10
87801d52:	f8d7 e004 	ldr.w	lr, [r7, #4]
87801d56:	46ca      	mov	sl, r9
87801d58:	f857 0b08 	ldr.w	r0, [r7], #8
87801d5c:	e657      	b.n	87801a0e <vsnprintf+0x64a>
87801d5e:	f042 0202 	orr.w	r2, r2, #2
87801d62:	f04f 0c0a 	mov.w	ip, #10
87801d66:	f857 0b04 	ldr.w	r0, [r7], #4
87801d6a:	f04f 0e00 	mov.w	lr, #0
87801d6e:	e64e      	b.n	87801a0e <vsnprintf+0x64a>
87801d70:	f042 0240 	orr.w	r2, r2, #64	@ 0x40
87801d74:	f04f 0c10 	mov.w	ip, #16
87801d78:	2868      	cmp	r0, #104	@ 0x68
87801d7a:	d1f4      	bne.n	87801d66 <vsnprintf+0x9a2>
87801d7c:	f857 0b04 	ldr.w	r0, [r7], #4
87801d80:	f04f 0e00 	mov.w	lr, #0
87801d84:	b280      	uxth	r0, r0
87801d86:	e642      	b.n	87801a0e <vsnprintf+0x64a>
87801d88:	f04f 0c0a 	mov.w	ip, #10
87801d8c:	e7e1      	b.n	87801d52 <vsnprintf+0x98e>
87801d8e:	f042 0240 	orr.w	r2, r2, #64	@ 0x40
87801d92:	f04f 0c10 	mov.w	ip, #16
87801d96:	e7dc      	b.n	87801d52 <vsnprintf+0x98e>
87801d98:	f04f 0c08 	mov.w	ip, #8
87801d9c:	e7d9      	b.n	87801d52 <vsnprintf+0x98e>
87801d9e:	f042 0202 	orr.w	r2, r2, #2
87801da2:	f04f 0c0a 	mov.w	ip, #10
87801da6:	2868      	cmp	r0, #104	@ 0x68
87801da8:	d1dd      	bne.n	87801d66 <vsnprintf+0x9a2>
87801daa:	f937 0b04 	ldrsh.w	r0, [r7], #4
87801dae:	ea4f 7ee0 	mov.w	lr, r0, asr #31
87801db2:	e62c      	b.n	87801a0e <vsnprintf+0x64a>
87801db4:	f042 0240 	orr.w	r2, r2, #64	@ 0x40
87801db8:	f04f 0c10 	mov.w	ip, #16
87801dbc:	e7d3      	b.n	87801d66 <vsnprintf+0x9a2>
87801dbe:	f04f 0c08 	mov.w	ip, #8
87801dc2:	e7d0      	b.n	87801d66 <vsnprintf+0x9a2>
87801dc4:	f04f 0c0a 	mov.w	ip, #10
87801dc8:	e7cd      	b.n	87801d66 <vsnprintf+0x9a2>
87801dca:	f042 0240 	orr.w	r2, r2, #64	@ 0x40
87801dce:	f04f 0c10 	mov.w	ip, #16
87801dd2:	e7c8      	b.n	87801d66 <vsnprintf+0x9a2>
87801dd4:	f04f 0c0a 	mov.w	ip, #10
87801dd8:	2868      	cmp	r0, #104	@ 0x68
87801dda:	d1c4      	bne.n	87801d66 <vsnprintf+0x9a2>
87801ddc:	e7ce      	b.n	87801d7c <vsnprintf+0x9b8>
87801dde:	f04f 0c08 	mov.w	ip, #8
87801de2:	2868      	cmp	r0, #104	@ 0x68
87801de4:	d1bf      	bne.n	87801d66 <vsnprintf+0x9a2>
87801de6:	e7c9      	b.n	87801d7c <vsnprintf+0x9b8>
87801de8:	4283      	cmp	r3, r0
87801dea:	bfd8      	it	le
87801dec:	f103 33ff 	addle.w	r3, r3, #4294967295	@ 0xffffffff
87801df0:	f77f ae66 	ble.w	87801ac0 <vsnprintf+0x6fc>
87801df4:	1a19      	subs	r1, r3, r0
87801df6:	4622      	mov	r2, r4
87801df8:	4421      	add	r1, r4
87801dfa:	f04f 0c20 	mov.w	ip, #32
87801dfe:	4296      	cmp	r6, r2
87801e00:	f102 0201 	add.w	r2, r2, #1
87801e04:	bf28      	it	cs
87801e06:	f802 cc01 	strbcs.w	ip, [r2, #-1]
87801e0a:	428a      	cmp	r2, r1
87801e0c:	d1f7      	bne.n	87801dfe <vsnprintf+0xa3a>
87801e0e:	4423      	add	r3, r4
87801e10:	1a1c      	subs	r4, r3, r0
87801e12:	1e43      	subs	r3, r0, #1
87801e14:	e654      	b.n	87801ac0 <vsnprintf+0x6fc>
87801e16:	4604      	mov	r4, r0
87801e18:	4618      	mov	r0, r3
87801e1a:	f7ff bafa 	b.w	87801412 <vsnprintf+0x4e>
87801e1e:	2b01      	cmp	r3, #1
87801e20:	dd14      	ble.n	87801e4c <vsnprintf+0xa88>
87801e22:	1e58      	subs	r0, r3, #1
87801e24:	4622      	mov	r2, r4
87801e26:	4420      	add	r0, r4
87801e28:	f04f 0c20 	mov.w	ip, #32
87801e2c:	4296      	cmp	r6, r2
87801e2e:	f102 0201 	add.w	r2, r2, #1
87801e32:	bf28      	it	cs
87801e34:	f802 cc01 	strbcs.w	ip, [r2, #-1]
87801e38:	4282      	cmp	r2, r0
87801e3a:	d1f7      	bne.n	87801e2c <vsnprintf+0xa68>
87801e3c:	1e62      	subs	r2, r4, #1
87801e3e:	18d4      	adds	r4, r2, r3
87801e40:	42a6      	cmp	r6, r4
87801e42:	d301      	bcc.n	87801e48 <vsnprintf+0xa84>
87801e44:	6838      	ldr	r0, [r7, #0]
87801e46:	54d0      	strb	r0, [r2, r3]
87801e48:	3401      	adds	r4, #1
87801e4a:	e610      	b.n	87801a6e <vsnprintf+0x6aa>
87801e4c:	42a6      	cmp	r6, r4
87801e4e:	bf39      	ittee	cc
87801e50:	4604      	movcc	r4, r0
87801e52:	460f      	movcc	r7, r1
87801e54:	683b      	ldrcs	r3, [r7, #0]
87801e56:	460f      	movcs	r7, r1
87801e58:	bf25      	ittet	cs
87801e5a:	7023      	strbcs	r3, [r4, #0]
87801e5c:	4604      	movcs	r4, r0
87801e5e:	f899 3001 	ldrbcc.w	r3, [r9, #1]
87801e62:	f899 3001 	ldrbcs.w	r3, [r9, #1]
87801e66:	2b00      	cmp	r3, #0
87801e68:	f47f aac4 	bne.w	878013f4 <vsnprintf+0x30>
87801e6c:	f7ff bace 	b.w	8780140c <vsnprintf+0x48>
87801e70:	ffffec2c 			@ <UNDEFINED> instruction: 0xffffec2c
87801e74:	00000178 	andeq	r0, r0, r8, ror r1
87801e78:	00002d08 	andeq	r2, r0, r8, lsl #26

87801e7c <vscnprintf>:
87801e7c:	b500      	push	{lr}
87801e7e:	b083      	sub	sp, #12
87801e80:	9101      	str	r1, [sp, #4]
87801e82:	f7ff fa9f 	bl	878013c4 <vsnprintf>
87801e86:	9901      	ldr	r1, [sp, #4]
87801e88:	4288      	cmp	r0, r1
87801e8a:	bf28      	it	cs
87801e8c:	f101 30ff 	addcs.w	r0, r1, #4294967295	@ 0xffffffff
87801e90:	b003      	add	sp, #12
87801e92:	bd00      	pop	{pc}

87801e94 <snprintf>:
87801e94:	b40c      	push	{r2, r3}
87801e96:	b508      	push	{r3, lr}
87801e98:	ab02      	add	r3, sp, #8
87801e9a:	f853 2b04 	ldr.w	r2, [r3], #4
87801e9e:	f7ff fa91 	bl	878013c4 <vsnprintf>
87801ea2:	e8bd 4008 	ldmia.w	sp!, {r3, lr}
87801ea6:	b002      	add	sp, #8
87801ea8:	4770      	bx	lr
87801eaa:	bf00      	nop

87801eac <scnprintf>:
87801eac:	b40c      	push	{r2, r3}
87801eae:	b500      	push	{lr}
87801eb0:	b083      	sub	sp, #12
87801eb2:	ab04      	add	r3, sp, #16
87801eb4:	9101      	str	r1, [sp, #4]
87801eb6:	f853 2b04 	ldr.w	r2, [r3], #4
87801eba:	f7ff fa83 	bl	878013c4 <vsnprintf>
87801ebe:	9901      	ldr	r1, [sp, #4]
87801ec0:	4288      	cmp	r0, r1
87801ec2:	bf28      	it	cs
87801ec4:	f101 30ff 	addcs.w	r0, r1, #4294967295	@ 0xffffffff
87801ec8:	b003      	add	sp, #12
87801eca:	f85d eb04 	ldr.w	lr, [sp], #4
87801ece:	b002      	add	sp, #8
87801ed0:	4770      	bx	lr
87801ed2:	bf00      	nop

87801ed4 <vsprintf>:
87801ed4:	4613      	mov	r3, r2
87801ed6:	460a      	mov	r2, r1
87801ed8:	f06f 4100 	mvn.w	r1, #2147483648	@ 0x80000000
87801edc:	f7ff ba72 	b.w	878013c4 <vsnprintf>

87801ee0 <sprintf>:
87801ee0:	b40e      	push	{r1, r2, r3}
87801ee2:	f06f 4100 	mvn.w	r1, #2147483648	@ 0x80000000
87801ee6:	b500      	push	{lr}
87801ee8:	ab01      	add	r3, sp, #4
87801eea:	f853 2b04 	ldr.w	r2, [r3], #4
87801eee:	f7ff fa69 	bl	878013c4 <vsnprintf>
87801ef2:	f85d eb04 	ldr.w	lr, [sp], #4
87801ef6:	b003      	add	sp, #12
87801ef8:	4770      	bx	lr
87801efa:	bf00      	nop

87801efc <vsscanf>:
87801efc:	e92d 47f0 	stmdb	sp!, {r4, r5, r6, r7, r8, r9, sl, lr}
87801f00:	460b      	mov	r3, r1
87801f02:	f8df 6598 	ldr.w	r6, [pc, #1432]	@ 8780249c <vsscanf+0x5a0>
87801f06:	7809      	ldrb	r1, [r1, #0]
87801f08:	b084      	sub	sp, #16
87801f0a:	447e      	add	r6, pc
87801f0c:	460f      	mov	r7, r1
87801f0e:	b1e1      	cbz	r1, 87801f4a <vsscanf+0x4e>
87801f10:	4614      	mov	r4, r2
87801f12:	4605      	mov	r5, r0
87801f14:	2700      	movs	r7, #0
87801f16:	f890 c000 	ldrb.w	ip, [r0]
87801f1a:	f1bc 0f00 	cmp.w	ip, #0
87801f1e:	d014      	beq.n	87801f4a <vsscanf+0x4e>
87801f20:	f8df 257c 	ldr.w	r2, [pc, #1404]	@ 878024a0 <vsscanf+0x5a4>
87801f24:	58b2      	ldr	r2, [r6, r2]
87801f26:	5c51      	ldrb	r1, [r2, r1]
87801f28:	0689      	lsls	r1, r1, #26
87801f2a:	f100 80ae 	bmi.w	8780208a <vsscanf+0x18e>
87801f2e:	7819      	ldrb	r1, [r3, #0]
87801f30:	2925      	cmp	r1, #37	@ 0x25
87801f32:	bf18      	it	ne
87801f34:	2900      	cmpne	r1, #0
87801f36:	bf14      	ite	ne
87801f38:	f04f 0e01 	movne.w	lr, #1
87801f3c:	f04f 0e00 	moveq.w	lr, #0
87801f40:	d007      	beq.n	87801f52 <vsscanf+0x56>
87801f42:	7802      	ldrb	r2, [r0, #0]
87801f44:	428a      	cmp	r2, r1
87801f46:	f000 81e8 	beq.w	8780231a <vsscanf+0x41e>
87801f4a:	4638      	mov	r0, r7
87801f4c:	b004      	add	sp, #16
87801f4e:	e8bd 87f0 	ldmia.w	sp!, {r4, r5, r6, r7, r8, r9, sl, pc}
87801f52:	2900      	cmp	r1, #0
87801f54:	d0f9      	beq.n	87801f4a <vsscanf+0x4e>
87801f56:	7859      	ldrb	r1, [r3, #1]
87801f58:	3301      	adds	r3, #1
87801f5a:	4688      	mov	r8, r1
87801f5c:	292a      	cmp	r1, #42	@ 0x2a
87801f5e:	f812 c001 	ldrb.w	ip, [r2, r1]
87801f62:	f000 8201 	beq.w	87802368 <vsscanf+0x46c>
87801f66:	f01c 0f04 	tst.w	ip, #4
87801f6a:	bf08      	it	eq
87801f6c:	f04f 39ff 	moveq.w	r9, #4294967295	@ 0xffffffff
87801f70:	f040 809f 	bne.w	878020b2 <vsscanf+0x1b6>
87801f74:	297a      	cmp	r1, #122	@ 0x7a
87801f76:	d8e8      	bhi.n	87801f4a <vsscanf+0x4e>
87801f78:	2967      	cmp	r1, #103	@ 0x67
87801f7a:	d867      	bhi.n	8780204c <vsscanf+0x150>
87801f7c:	294c      	cmp	r1, #76	@ 0x4c
87801f7e:	f000 81e6 	beq.w	8780234e <vsscanf+0x452>
87801f82:	295a      	cmp	r1, #90	@ 0x5a
87801f84:	bf18      	it	ne
87801f86:	f04f 31ff 	movne.w	r1, #4294967295	@ 0xffffffff
87801f8a:	f000 80a2 	beq.w	878020d2 <vsscanf+0x1d6>
87801f8e:	f1b8 0f00 	cmp.w	r8, #0
87801f92:	d0da      	beq.n	87801f4a <vsscanf+0x4e>
87801f94:	f890 a000 	ldrb.w	sl, [r0]
87801f98:	f1ba 0f00 	cmp.w	sl, #0
87801f9c:	d0d5      	beq.n	87801f4a <vsscanf+0x4e>
87801f9e:	3301      	adds	r3, #1
87801fa0:	f1b8 0f25 	cmp.w	r8, #37	@ 0x25
87801fa4:	f000 81da 	beq.w	8780235c <vsscanf+0x460>
87801fa8:	f1a8 0858 	sub.w	r8, r8, #88	@ 0x58
87801fac:	fa5f fc88 	uxtb.w	ip, r8
87801fb0:	f1bc 0f20 	cmp.w	ip, #32
87801fb4:	d8c9      	bhi.n	87801f4a <vsscanf+0x4e>
87801fb6:	f1b8 0f20 	cmp.w	r8, #32
87801fba:	d8c6      	bhi.n	87801f4a <vsscanf+0x4e>
87801fbc:	f20f 0c08 	addw	ip, pc, #8
87801fc0:	f85c 8028 	ldr.w	r8, [ip, r8, lsl #2]
87801fc4:	44c4      	add	ip, r8
87801fc6:	4760      	bx	ip
87801fc8:	0000011d 	andeq	r0, r0, sp, lsl r1
87801fcc:	ffffff83 			@ <UNDEFINED> instruction: 0xffffff83
87801fd0:	ffffff83 			@ <UNDEFINED> instruction: 0xffffff83
87801fd4:	ffffff83 			@ <UNDEFINED> instruction: 0xffffff83
87801fd8:	ffffff83 			@ <UNDEFINED> instruction: 0xffffff83
87801fdc:	ffffff83 			@ <UNDEFINED> instruction: 0xffffff83
87801fe0:	ffffff83 			@ <UNDEFINED> instruction: 0xffffff83
87801fe4:	ffffff83 			@ <UNDEFINED> instruction: 0xffffff83
87801fe8:	ffffff83 			@ <UNDEFINED> instruction: 0xffffff83
87801fec:	ffffff83 			@ <UNDEFINED> instruction: 0xffffff83
87801ff0:	ffffff83 			@ <UNDEFINED> instruction: 0xffffff83
87801ff4:	000001e5 	andeq	r0, r0, r5, ror #3
87801ff8:	000002af 	andeq	r0, r0, pc, lsr #5
87801ffc:	ffffff83 			@ <UNDEFINED> instruction: 0xffffff83
87802000:	ffffff83 			@ <UNDEFINED> instruction: 0xffffff83
87802004:	ffffff83 			@ <UNDEFINED> instruction: 0xffffff83
87802008:	ffffff83 			@ <UNDEFINED> instruction: 0xffffff83
8780200c:	00000419 	andeq	r0, r0, r9, lsl r4
87802010:	ffffff83 			@ <UNDEFINED> instruction: 0xffffff83
87802014:	ffffff83 			@ <UNDEFINED> instruction: 0xffffff83
87802018:	ffffff83 			@ <UNDEFINED> instruction: 0xffffff83
8780201c:	ffffff83 			@ <UNDEFINED> instruction: 0xffffff83
87802020:	000002a5 	andeq	r0, r0, r5, lsr #5
87802024:	0000028d 	andeq	r0, r0, sp, lsl #5
87802028:	ffffff83 			@ <UNDEFINED> instruction: 0xffffff83
8780202c:	ffffff83 			@ <UNDEFINED> instruction: 0xffffff83
87802030:	ffffff83 			@ <UNDEFINED> instruction: 0xffffff83
87802034:	0000023d 	andeq	r0, r0, sp, lsr r2
87802038:	ffffff83 			@ <UNDEFINED> instruction: 0xffffff83
8780203c:	0000021d 	andeq	r0, r0, sp, lsl r2
87802040:	ffffff83 			@ <UNDEFINED> instruction: 0xffffff83
87802044:	ffffff83 			@ <UNDEFINED> instruction: 0xffffff83
87802048:	0000011d 	andeq	r0, r0, sp, lsl r1
8780204c:	f1a1 0a68 	sub.w	sl, r1, #104	@ 0x68
87802050:	f04f 0c11 	mov.w	ip, #17
87802054:	f2c0 0c04 	movt	ip, #4
87802058:	fa5f fa8a 	uxtb.w	sl, sl
8780205c:	fa2c fc0a 	lsr.w	ip, ip, sl
87802060:	f01c 0f01 	tst.w	ip, #1
87802064:	d109      	bne.n	8780207a <vsscanf+0x17e>
87802066:	f890 a000 	ldrb.w	sl, [r0]
8780206a:	f1ba 0f00 	cmp.w	sl, #0
8780206e:	f43f af6c 	beq.w	87801f4a <vsscanf+0x4e>
87802072:	3301      	adds	r3, #1
87802074:	f04f 31ff 	mov.w	r1, #4294967295	@ 0xffffffff
87802078:	e796      	b.n	87801fa8 <vsscanf+0xac>
8780207a:	f893 c001 	ldrb.w	ip, [r3, #1]
8780207e:	458c      	cmp	ip, r1
87802080:	f000 81ce 	beq.w	87802420 <vsscanf+0x524>
87802084:	3301      	adds	r3, #1
87802086:	46e0      	mov	r8, ip
87802088:	e781      	b.n	87801f8e <vsscanf+0x92>
8780208a:	7819      	ldrb	r1, [r3, #0]
8780208c:	5c51      	ldrb	r1, [r2, r1]
8780208e:	0689      	lsls	r1, r1, #26
87802090:	d504      	bpl.n	8780209c <vsscanf+0x1a0>
87802092:	f813 1f01 	ldrb.w	r1, [r3, #1]!
87802096:	5c51      	ldrb	r1, [r2, r1]
87802098:	0689      	lsls	r1, r1, #26
8780209a:	d4fa      	bmi.n	87802092 <vsscanf+0x196>
8780209c:	f812 100c 	ldrb.w	r1, [r2, ip]
878020a0:	0689      	lsls	r1, r1, #26
878020a2:	f57f af44 	bpl.w	87801f2e <vsscanf+0x32>
878020a6:	f810 1f01 	ldrb.w	r1, [r0, #1]!
878020aa:	5c51      	ldrb	r1, [r2, r1]
878020ac:	0689      	lsls	r1, r1, #26
878020ae:	d4fa      	bmi.n	878020a6 <vsscanf+0x1aa>
878020b0:	e73d      	b.n	87801f2e <vsscanf+0x32>
878020b2:	46f1      	mov	r9, lr
878020b4:	f04f 0a0a 	mov.w	sl, #10
878020b8:	fb0a 1109 	mla	r1, sl, r9, r1
878020bc:	f1a1 0930 	sub.w	r9, r1, #48	@ 0x30
878020c0:	f813 1f01 	ldrb.w	r1, [r3, #1]!
878020c4:	4688      	mov	r8, r1
878020c6:	f812 c001 	ldrb.w	ip, [r2, r1]
878020ca:	f01c 0f04 	tst.w	ip, #4
878020ce:	d1f3      	bne.n	878020b8 <vsscanf+0x1bc>
878020d0:	e750      	b.n	87801f74 <vsscanf+0x78>
878020d2:	f893 8001 	ldrb.w	r8, [r3, #1]
878020d6:	3301      	adds	r3, #1
878020d8:	f1b8 0f5a 	cmp.w	r8, #90	@ 0x5a
878020dc:	f47f af57 	bne.w	87801f8e <vsscanf+0x92>
878020e0:	4641      	mov	r1, r8
878020e2:	e757      	b.n	87801f94 <vsscanf+0x98>
878020e4:	f812 c00a 	ldrb.w	ip, [r2, sl]
878020e8:	f01c 0920 	ands.w	r9, ip, #32
878020ec:	bf1c      	itt	ne
878020ee:	f04f 0900 	movne.w	r9, #0
878020f2:	f04f 0810 	movne.w	r8, #16
878020f6:	f000 8115 	beq.w	87802324 <vsscanf+0x428>
878020fa:	f810 af01 	ldrb.w	sl, [r0, #1]!
878020fe:	f812 c00a 	ldrb.w	ip, [r2, sl]
87802102:	f01c 0f20 	tst.w	ip, #32
87802106:	d1f8      	bne.n	878020fa <vsscanf+0x1fe>
87802108:	f1ba 0f2d 	cmp.w	sl, #45	@ 0x2d
8780210c:	bf14      	ite	ne
8780210e:	f04f 0e00 	movne.w	lr, #0
87802112:	f00e 0e01 	andeq.w	lr, lr, #1
87802116:	f1be 0f00 	cmp.w	lr, #0
8780211a:	f000 8101 	beq.w	87802320 <vsscanf+0x424>
8780211e:	f890 e001 	ldrb.w	lr, [r0, #1]
87802122:	f1be 0f00 	cmp.w	lr, #0
87802126:	f43f af10 	beq.w	87801f4a <vsscanf+0x4e>
8780212a:	f812 c00e 	ldrb.w	ip, [r2, lr]
8780212e:	f1b8 0f10 	cmp.w	r8, #16
87802132:	f000 80f7 	beq.w	87802324 <vsscanf+0x428>
87802136:	f1b8 0f0a 	cmp.w	r8, #10
8780213a:	d05d      	beq.n	878021f8 <vsscanf+0x2fc>
8780213c:	f1b8 0f08 	cmp.w	r8, #8
87802140:	f000 80f6 	beq.w	87802330 <vsscanf+0x434>
87802144:	f01c 0f04 	tst.w	ip, #4
87802148:	f43f aeff 	beq.w	87801f4a <vsscanf+0x4e>
8780214c:	2200      	movs	r2, #0
8780214e:	f8d4 8000 	ldr.w	r8, [r4]
87802152:	296c      	cmp	r1, #108	@ 0x6c
87802154:	f300 80a5 	bgt.w	878022a2 <vsscanf+0x3a6>
87802158:	2947      	cmp	r1, #71	@ 0x47
8780215a:	dd17      	ble.n	8780218c <vsscanf+0x290>
8780215c:	3948      	subs	r1, #72	@ 0x48
8780215e:	2924      	cmp	r1, #36	@ 0x24
87802160:	d814      	bhi.n	8780218c <vsscanf+0x290>
87802162:	e8df f001 	tbb	[pc, r1]
87802166:	131313cb 	tstne	r3, #738197507	@ 0x2c000003
8780216a:	131313bc 	tstne	r3, #188, 6	@ 0xf0000002
8780216e:	13131313 	tstne	r3, #1275068416	@ 0x4c000000
87802172:	13131313 	tstne	r3, #1275068416	@ 0x4c000000
87802176:	139e1313 	orrsne	r1, lr, #1275068416	@ 0x4c000000
8780217a:	13131313 	tstne	r3, #1275068416	@ 0x4c000000
8780217e:	13131313 	tstne	r3, #1275068416	@ 0x4c000000
87802182:	13131313 	tstne	r3, #1275068416	@ 0x4c000000
87802186:	131313ac 	tstne	r3, #172, 6	@ 0xb0000002
8780218a:	f1b90013 			@ <UNDEFINED> instruction: 0xf1b90013
8780218e:	0f00      	lsrs	r0, r0, #28
87802190:	f000 8087 	beq.w	878022a2 <vsscanf+0x3a6>
87802194:	f1ba 0f2d 	cmp.w	sl, #45	@ 0x2d
87802198:	9301      	str	r3, [sp, #4]
8780219a:	f000 814a 	beq.w	87802432 <vsscanf+0x536>
8780219e:	a903      	add	r1, sp, #12
878021a0:	f7fe ffea 	bl	87801178 <simple_strtoul>
878021a4:	9b01      	ldr	r3, [sp, #4]
878021a6:	f8c8 0000 	str.w	r0, [r8]
878021aa:	e081      	b.n	878022b0 <vsscanf+0x3b4>
878021ac:	f854 1b04 	ldr.w	r1, [r4], #4
878021b0:	f1b9 3fff 	cmp.w	r9, #4294967295	@ 0xffffffff
878021b4:	bf08      	it	eq
878021b6:	f04f 0901 	moveq.w	r9, #1
878021ba:	4602      	mov	r2, r0
878021bc:	f101 3cff 	add.w	ip, r1, #4294967295	@ 0xffffffff
878021c0:	e001      	b.n	878021c6 <vsscanf+0x2ca>
878021c2:	7811      	ldrb	r1, [r2, #0]
878021c4:	b139      	cbz	r1, 878021d6 <vsscanf+0x2da>
878021c6:	f812 1b01 	ldrb.w	r1, [r2], #1
878021ca:	f80c 1f01 	strb.w	r1, [ip, #1]!
878021ce:	1a81      	subs	r1, r0, r2
878021d0:	4449      	add	r1, r9
878021d2:	2900      	cmp	r1, #0
878021d4:	dcf5      	bgt.n	878021c2 <vsscanf+0x2c6>
878021d6:	3701      	adds	r7, #1
878021d8:	4610      	mov	r0, r2
878021da:	7819      	ldrb	r1, [r3, #0]
878021dc:	2900      	cmp	r1, #0
878021de:	f47f ae9a 	bne.w	87801f16 <vsscanf+0x1a>
878021e2:	e6b2      	b.n	87801f4a <vsscanf+0x4e>
878021e4:	f812 c00a 	ldrb.w	ip, [r2, sl]
878021e8:	f01c 0920 	ands.w	r9, ip, #32
878021ec:	bf1c      	itt	ne
878021ee:	f04f 0900 	movne.w	r9, #0
878021f2:	f04f 080a 	movne.w	r8, #10
878021f6:	d180      	bne.n	878020fa <vsscanf+0x1fe>
878021f8:	f01c 0f04 	tst.w	ip, #4
878021fc:	f43f aea5 	beq.w	87801f4a <vsscanf+0x4e>
87802200:	220a      	movs	r2, #10
87802202:	e7a4      	b.n	8780214e <vsscanf+0x252>
87802204:	f812 100a 	ldrb.w	r1, [r2, sl]
87802208:	f1b9 3fff 	cmp.w	r9, #4294967295	@ 0xffffffff
8780220c:	bf08      	it	eq
8780220e:	f06f 4900 	mvneq.w	r9, #2147483648	@ 0x80000000
87802212:	f854 cb04 	ldr.w	ip, [r4], #4
87802216:	0689      	lsls	r1, r1, #26
87802218:	d508      	bpl.n	8780222c <vsscanf+0x330>
8780221a:	f810 af01 	ldrb.w	sl, [r0, #1]!
8780221e:	f812 100a 	ldrb.w	r1, [r2, sl]
87802222:	0689      	lsls	r1, r1, #26
87802224:	d4f9      	bmi.n	8780221a <vsscanf+0x31e>
87802226:	f1ba 0f00 	cmp.w	sl, #0
8780222a:	d00e      	beq.n	8780224a <vsscanf+0x34e>
8780222c:	4481      	add	r9, r0
8780222e:	e008      	b.n	87802242 <vsscanf+0x346>
87802230:	4581      	cmp	r9, r0
87802232:	d00a      	beq.n	8780224a <vsscanf+0x34e>
87802234:	f80c ab01 	strb.w	sl, [ip], #1
87802238:	f810 af01 	ldrb.w	sl, [r0, #1]!
8780223c:	f1ba 0f00 	cmp.w	sl, #0
87802240:	d003      	beq.n	8780224a <vsscanf+0x34e>
87802242:	f812 100a 	ldrb.w	r1, [r2, sl]
87802246:	0689      	lsls	r1, r1, #26
87802248:	d5f2      	bpl.n	87802230 <vsscanf+0x334>
8780224a:	2200      	movs	r2, #0
8780224c:	3701      	adds	r7, #1
8780224e:	f88c 2000 	strb.w	r2, [ip]
87802252:	e7c2      	b.n	878021da <vsscanf+0x2de>
87802254:	f812 c00a 	ldrb.w	ip, [r2, sl]
87802258:	f01c 0920 	ands.w	r9, ip, #32
8780225c:	bf08      	it	eq
8780225e:	46d6      	moveq	lr, sl
87802260:	d066      	beq.n	87802330 <vsscanf+0x434>
87802262:	f04f 0900 	mov.w	r9, #0
87802266:	f04f 0808 	mov.w	r8, #8
8780226a:	e746      	b.n	878020fa <vsscanf+0x1fe>
8780226c:	f854 1b04 	ldr.w	r1, [r4], #4
87802270:	1b42      	subs	r2, r0, r5
87802272:	600a      	str	r2, [r1, #0]
87802274:	e7b1      	b.n	878021da <vsscanf+0x2de>
87802276:	f812 c00a 	ldrb.w	ip, [r2, sl]
8780227a:	f01c 0f20 	tst.w	ip, #32
8780227e:	bf1e      	ittt	ne
87802280:	f04f 0e01 	movne.w	lr, #1
87802284:	f04f 080a 	movne.w	r8, #10
87802288:	46f1      	movne	r9, lr
8780228a:	f47f af36 	bne.w	878020fa <vsscanf+0x1fe>
8780228e:	f1ba 0f2d 	cmp.w	sl, #45	@ 0x2d
87802292:	bf08      	it	eq
87802294:	f04f 0e0a 	moveq.w	lr, #10
87802298:	f000 80b1 	beq.w	878023fe <vsscanf+0x502>
8780229c:	f04f 0901 	mov.w	r9, #1
878022a0:	e7aa      	b.n	878021f8 <vsscanf+0x2fc>
878022a2:	a903      	add	r1, sp, #12
878022a4:	9301      	str	r3, [sp, #4]
878022a6:	f7fe ff67 	bl	87801178 <simple_strtoul>
878022aa:	f8c8 0000 	str.w	r0, [r8]
878022ae:	9b01      	ldr	r3, [sp, #4]
878022b0:	9803      	ldr	r0, [sp, #12]
878022b2:	3701      	adds	r7, #1
878022b4:	2800      	cmp	r0, #0
878022b6:	f43f ae48 	beq.w	87801f4a <vsscanf+0x4e>
878022ba:	3404      	adds	r4, #4
878022bc:	e78d      	b.n	878021da <vsscanf+0x2de>
878022be:	9301      	str	r3, [sp, #4]
878022c0:	f1b9 0f00 	cmp.w	r9, #0
878022c4:	f000 8085 	beq.w	878023d2 <vsscanf+0x4d6>
878022c8:	f1ba 0f2d 	cmp.w	sl, #45	@ 0x2d
878022cc:	f000 80c6 	beq.w	8780245c <vsscanf+0x560>
878022d0:	a903      	add	r1, sp, #12
878022d2:	f7fe ff51 	bl	87801178 <simple_strtoul>
878022d6:	9b01      	ldr	r3, [sp, #4]
878022d8:	f8a8 0000 	strh.w	r0, [r8]
878022dc:	e7e8      	b.n	878022b0 <vsscanf+0x3b4>
878022de:	9301      	str	r3, [sp, #4]
878022e0:	f1b9 0f00 	cmp.w	r9, #0
878022e4:	d06e      	beq.n	878023c4 <vsscanf+0x4c8>
878022e6:	f1ba 0f2d 	cmp.w	sl, #45	@ 0x2d
878022ea:	f000 80c5 	beq.w	87802478 <vsscanf+0x57c>
878022ee:	a903      	add	r1, sp, #12
878022f0:	f7fe ffcc 	bl	8780128c <simple_strtoull>
878022f4:	9b01      	ldr	r3, [sp, #4]
878022f6:	e9c8 0100 	strd	r0, r1, [r8]
878022fa:	e7d9      	b.n	878022b0 <vsscanf+0x3b4>
878022fc:	9301      	str	r3, [sp, #4]
878022fe:	f1b9 0f00 	cmp.w	r9, #0
87802302:	d058      	beq.n	878023b6 <vsscanf+0x4ba>
87802304:	f1ba 0f2d 	cmp.w	sl, #45	@ 0x2d
87802308:	f000 80af 	beq.w	8780246a <vsscanf+0x56e>
8780230c:	a903      	add	r1, sp, #12
8780230e:	f7fe ff33 	bl	87801178 <simple_strtoul>
87802312:	9b01      	ldr	r3, [sp, #4]
87802314:	f888 0000 	strb.w	r0, [r8]
87802318:	e7ca      	b.n	878022b0 <vsscanf+0x3b4>
8780231a:	3301      	adds	r3, #1
8780231c:	3001      	adds	r0, #1
8780231e:	e75c      	b.n	878021da <vsscanf+0x2de>
87802320:	46d6      	mov	lr, sl
87802322:	e6fe      	b.n	87802122 <vsscanf+0x226>
87802324:	f01c 0f44 	tst.w	ip, #68	@ 0x44
87802328:	f43f ae0f 	beq.w	87801f4a <vsscanf+0x4e>
8780232c:	2210      	movs	r2, #16
8780232e:	e70e      	b.n	8780214e <vsscanf+0x252>
87802330:	f3cc 0c80 	ubfx	ip, ip, #2, #1
87802334:	f08c 0c01 	eor.w	ip, ip, #1
87802338:	f1be 0f37 	cmp.w	lr, #55	@ 0x37
8780233c:	bf88      	it	hi
8780233e:	f04c 0c01 	orrhi.w	ip, ip, #1
87802342:	f01c 0f01 	tst.w	ip, #1
87802346:	f47f ae00 	bne.w	87801f4a <vsscanf+0x4e>
8780234a:	2208      	movs	r2, #8
8780234c:	e6ff      	b.n	8780214e <vsscanf+0x252>
8780234e:	f893 8001 	ldrb.w	r8, [r3, #1]
87802352:	f1b8 0f4c 	cmp.w	r8, #76	@ 0x4c
87802356:	d078      	beq.n	8780244a <vsscanf+0x54e>
87802358:	3301      	adds	r3, #1
8780235a:	e618      	b.n	87801f8e <vsscanf+0x92>
8780235c:	f1ba 0f25 	cmp.w	sl, #37	@ 0x25
87802360:	f47f adf3 	bne.w	87801f4a <vsscanf+0x4e>
87802364:	3001      	adds	r0, #1
87802366:	e738      	b.n	878021da <vsscanf+0x2de>
87802368:	f01c 0f20 	tst.w	ip, #32
8780236c:	d10f      	bne.n	8780238e <vsscanf+0x492>
8780236e:	f813 cf01 	ldrb.w	ip, [r3, #1]!
87802372:	f812 100c 	ldrb.w	r1, [r2, ip]
87802376:	f3c1 1140 	ubfx	r1, r1, #5, #1
8780237a:	f081 0101 	eor.w	r1, r1, #1
8780237e:	f1bc 0f00 	cmp.w	ip, #0
87802382:	bf0c      	ite	eq
87802384:	2100      	moveq	r1, #0
87802386:	f001 0101 	andne.w	r1, r1, #1
8780238a:	2900      	cmp	r1, #0
8780238c:	d1ef      	bne.n	8780236e <vsscanf+0x472>
8780238e:	f890 c000 	ldrb.w	ip, [r0]
87802392:	e001      	b.n	87802398 <vsscanf+0x49c>
87802394:	f810 cf01 	ldrb.w	ip, [r0, #1]!
87802398:	f812 100c 	ldrb.w	r1, [r2, ip]
8780239c:	f3c1 1140 	ubfx	r1, r1, #5, #1
878023a0:	f081 0101 	eor.w	r1, r1, #1
878023a4:	f1bc 0f00 	cmp.w	ip, #0
878023a8:	bf0c      	ite	eq
878023aa:	2100      	moveq	r1, #0
878023ac:	f001 0101 	andne.w	r1, r1, #1
878023b0:	2900      	cmp	r1, #0
878023b2:	d1ef      	bne.n	87802394 <vsscanf+0x498>
878023b4:	e711      	b.n	878021da <vsscanf+0x2de>
878023b6:	a903      	add	r1, sp, #12
878023b8:	f7fe fede 	bl	87801178 <simple_strtoul>
878023bc:	9b01      	ldr	r3, [sp, #4]
878023be:	f888 0000 	strb.w	r0, [r8]
878023c2:	e775      	b.n	878022b0 <vsscanf+0x3b4>
878023c4:	a903      	add	r1, sp, #12
878023c6:	f7fe ff61 	bl	8780128c <simple_strtoull>
878023ca:	9b01      	ldr	r3, [sp, #4]
878023cc:	e9c8 0100 	strd	r0, r1, [r8]
878023d0:	e76e      	b.n	878022b0 <vsscanf+0x3b4>
878023d2:	a903      	add	r1, sp, #12
878023d4:	f7fe fed0 	bl	87801178 <simple_strtoul>
878023d8:	9b01      	ldr	r3, [sp, #4]
878023da:	f8a8 0000 	strh.w	r0, [r8]
878023de:	e767      	b.n	878022b0 <vsscanf+0x3b4>
878023e0:	f812 c00a 	ldrb.w	ip, [r2, sl]
878023e4:	f01c 0e20 	ands.w	lr, ip, #32
878023e8:	bf1e      	ittt	ne
878023ea:	f04f 0e01 	movne.w	lr, #1
878023ee:	f04f 0800 	movne.w	r8, #0
878023f2:	46f1      	movne	r9, lr
878023f4:	f47f ae81 	bne.w	878020fa <vsscanf+0x1fe>
878023f8:	f1ba 0f2d 	cmp.w	sl, #45	@ 0x2d
878023fc:	d10d      	bne.n	8780241a <vsscanf+0x51e>
878023fe:	f890 c001 	ldrb.w	ip, [r0, #1]
87802402:	f1bc 0f00 	cmp.w	ip, #0
87802406:	f43f ada0 	beq.w	87801f4a <vsscanf+0x4e>
8780240a:	f812 c00c 	ldrb.w	ip, [r2, ip]
8780240e:	f04f 0a2d 	mov.w	sl, #45	@ 0x2d
87802412:	f1be 0f0a 	cmp.w	lr, #10
87802416:	f43f af41 	beq.w	8780229c <vsscanf+0x3a0>
8780241a:	f04f 0901 	mov.w	r9, #1
8780241e:	e691      	b.n	87802144 <vsscanf+0x248>
87802420:	2968      	cmp	r1, #104	@ 0x68
87802422:	d00d      	beq.n	87802440 <vsscanf+0x544>
87802424:	296c      	cmp	r1, #108	@ 0x6c
87802426:	d130      	bne.n	8780248a <vsscanf+0x58e>
87802428:	f893 8002 	ldrb.w	r8, [r3, #2]
8780242c:	214c      	movs	r1, #76	@ 0x4c
8780242e:	3302      	adds	r3, #2
87802430:	e5ad      	b.n	87801f8e <vsscanf+0x92>
87802432:	3001      	adds	r0, #1
87802434:	a903      	add	r1, sp, #12
87802436:	f7fe fe9f 	bl	87801178 <simple_strtoul>
8780243a:	9b01      	ldr	r3, [sp, #4]
8780243c:	4240      	negs	r0, r0
8780243e:	e6b2      	b.n	878021a6 <vsscanf+0x2aa>
87802440:	f893 8002 	ldrb.w	r8, [r3, #2]
87802444:	2148      	movs	r1, #72	@ 0x48
87802446:	3302      	adds	r3, #2
87802448:	e5a1      	b.n	87801f8e <vsscanf+0x92>
8780244a:	f890 a000 	ldrb.w	sl, [r0]
8780244e:	f1ba 0f00 	cmp.w	sl, #0
87802452:	f43f ad7a 	beq.w	87801f4a <vsscanf+0x4e>
87802456:	3302      	adds	r3, #2
87802458:	4641      	mov	r1, r8
8780245a:	e5a5      	b.n	87801fa8 <vsscanf+0xac>
8780245c:	3001      	adds	r0, #1
8780245e:	a903      	add	r1, sp, #12
87802460:	f7fe fe8a 	bl	87801178 <simple_strtoul>
87802464:	9b01      	ldr	r3, [sp, #4]
87802466:	4240      	negs	r0, r0
87802468:	e736      	b.n	878022d8 <vsscanf+0x3dc>
8780246a:	3001      	adds	r0, #1
8780246c:	a903      	add	r1, sp, #12
8780246e:	f7fe fe83 	bl	87801178 <simple_strtoul>
87802472:	9b01      	ldr	r3, [sp, #4]
87802474:	4240      	negs	r0, r0
87802476:	e74d      	b.n	87802314 <vsscanf+0x418>
87802478:	3001      	adds	r0, #1
8780247a:	a903      	add	r1, sp, #12
8780247c:	f7fe ff06 	bl	8780128c <simple_strtoull>
87802480:	4240      	negs	r0, r0
87802482:	9b01      	ldr	r3, [sp, #4]
87802484:	eb61 0141 	sbc.w	r1, r1, r1, lsl #1
87802488:	e735      	b.n	878022f6 <vsscanf+0x3fa>
8780248a:	f890 a000 	ldrb.w	sl, [r0]
8780248e:	f1ba 0f00 	cmp.w	sl, #0
87802492:	f43f ad5a 	beq.w	87801f4a <vsscanf+0x4e>
87802496:	3302      	adds	r3, #2
87802498:	217a      	movs	r1, #122	@ 0x7a
8780249a:	e585      	b.n	87801fa8 <vsscanf+0xac>
8780249c:	ffffe0f2 			@ <UNDEFINED> instruction: 0xffffe0f2
878024a0:	00000178 	andeq	r0, r0, r8, ror r1

878024a4 <sscanf>:
878024a4:	b40e      	push	{r1, r2, r3}
878024a6:	b500      	push	{lr}
878024a8:	aa01      	add	r2, sp, #4
878024aa:	f852 1b04 	ldr.w	r1, [r2], #4
878024ae:	f7ff fd25 	bl	87801efc <vsscanf>
878024b2:	f85d eb04 	ldr.w	lr, [sp], #4
878024b6:	b003      	add	sp, #12
878024b8:	4770      	bx	lr
878024ba:	bf00      	nop

878024bc <CLK_Enable>:
878024bc:	f44f 4380 	mov.w	r3, #16384	@ 0x4000
878024c0:	f2c0 230c 	movt	r3, #524	@ 0x20c
878024c4:	f04f 32ff 	mov.w	r2, #4294967295	@ 0xffffffff
878024c8:	669a      	str	r2, [r3, #104]	@ 0x68
878024ca:	66da      	str	r2, [r3, #108]	@ 0x6c
878024cc:	671a      	str	r2, [r3, #112]	@ 0x70
878024ce:	675a      	str	r2, [r3, #116]	@ 0x74
878024d0:	679a      	str	r2, [r3, #120]	@ 0x78
878024d2:	67da      	str	r2, [r3, #124]	@ 0x7c
878024d4:	f8c3 2080 	str.w	r2, [r3, #128]	@ 0x80
878024d8:	4770      	bx	lr
878024da:	bf00      	nop

878024dc <imx6ull_clk_init>:
878024dc:	f44f 4380 	mov.w	r3, #16384	@ 0x4000
878024e0:	f2c0 230c 	movt	r3, #524	@ 0x20c
878024e4:	b500      	push	{lr}
878024e6:	68da      	ldr	r2, [r3, #12]
878024e8:	0751      	lsls	r1, r2, #29
878024ea:	d407      	bmi.n	878024fc <imx6ull_clk_init+0x20>
878024ec:	68da      	ldr	r2, [r3, #12]
878024ee:	f422 7280 	bic.w	r2, r2, #256	@ 0x100
878024f2:	60da      	str	r2, [r3, #12]
878024f4:	68da      	ldr	r2, [r3, #12]
878024f6:	f042 0204 	orr.w	r2, r2, #4
878024fa:	60da      	str	r2, [r3, #12]
878024fc:	f44f 4200 	mov.w	r2, #32768	@ 0x8000
87802500:	f2c0 220c 	movt	r2, #524	@ 0x20c
87802504:	2158      	movs	r1, #88	@ 0x58
87802506:	f44f 4380 	mov.w	r3, #16384	@ 0x4000
8780250a:	f2c0 230c 	movt	r3, #524	@ 0x20c
8780250e:	f04f 0e01 	mov.w	lr, #1
87802512:	6011      	str	r1, [r2, #0]
87802514:	f241 001b 	movw	r0, #4123	@ 0x101b
87802518:	f2c2 0018 	movt	r0, #8216	@ 0x2018
8780251c:	f241 010c 	movw	r1, #4108	@ 0x100c
87802520:	f2c1 3111 	movt	r1, #4881	@ 0x1311
87802524:	f8d2 c000 	ldr.w	ip, [r2]
87802528:	f44c 5c00 	orr.w	ip, ip, #8192	@ 0x2000
8780252c:	f8c2 c000 	str.w	ip, [r2]
87802530:	f8c3 e010 	str.w	lr, [r3, #16]
87802534:	f8d3 c00c 	ldr.w	ip, [r3, #12]
87802538:	f02c 0c04 	bic.w	ip, ip, #4
8780253c:	f8c3 c00c 	str.w	ip, [r3, #12]
87802540:	f8d2 c100 	ldr.w	ip, [r2, #256]	@ 0x100
87802544:	f00c 3cc0 	and.w	ip, ip, #3233857728	@ 0xc0c0c0c0
87802548:	ea4c 0000 	orr.w	r0, ip, r0
8780254c:	f8c2 0100 	str.w	r0, [r2, #256]	@ 0x100
87802550:	f8d2 00f0 	ldr.w	r0, [r2, #240]	@ 0xf0
87802554:	f000 30c0 	and.w	r0, r0, #3233857728	@ 0xc0c0c0c0
87802558:	4301      	orrs	r1, r0
8780255a:	f8c2 10f0 	str.w	r1, [r2, #240]	@ 0xf0
8780255e:	699a      	ldr	r2, [r3, #24]
87802560:	f422 2240 	bic.w	r2, r2, #786432	@ 0xc0000
87802564:	619a      	str	r2, [r3, #24]
87802566:	699a      	ldr	r2, [r3, #24]
87802568:	f442 2280 	orr.w	r2, r2, #262144	@ 0x40000
8780256c:	619a      	str	r2, [r3, #24]
8780256e:	699a      	ldr	r2, [r3, #24]
87802570:	f022 7200 	bic.w	r2, r2, #33554432	@ 0x2000000
87802574:	619a      	str	r2, [r3, #24]
87802576:	699a      	ldr	r2, [r3, #24]
87802578:	f042 7200 	orr.w	r2, r2, #33554432	@ 0x2000000
8780257c:	619a      	str	r2, [r3, #24]
8780257e:	6c9a      	ldr	r2, [r3, #72]	@ 0x48
87802580:	0692      	lsls	r2, r2, #26
87802582:	d4fc      	bmi.n	8780257e <imx6ull_clk_init+0xa2>
87802584:	6959      	ldr	r1, [r3, #20]
87802586:	f44f 4280 	mov.w	r2, #16384	@ 0x4000
8780258a:	f2c0 220c 	movt	r2, #524	@ 0x20c
8780258e:	f421 51e0 	bic.w	r1, r1, #7168	@ 0x1c00
87802592:	6159      	str	r1, [r3, #20]
87802594:	6959      	ldr	r1, [r3, #20]
87802596:	f441 6100 	orr.w	r1, r1, #2048	@ 0x800
8780259a:	6159      	str	r1, [r3, #20]
8780259c:	6c93      	ldr	r3, [r2, #72]	@ 0x48
8780259e:	079b      	lsls	r3, r3, #30
878025a0:	d4fc      	bmi.n	8780259c <imx6ull_clk_init+0xc0>
878025a2:	6953      	ldr	r3, [r2, #20]
878025a4:	f423 7340 	bic.w	r3, r3, #768	@ 0x300
878025a8:	6153      	str	r3, [r2, #20]
878025aa:	6953      	ldr	r3, [r2, #20]
878025ac:	f443 7380 	orr.w	r3, r3, #256	@ 0x100
878025b0:	6153      	str	r3, [r2, #20]
878025b2:	6953      	ldr	r3, [r2, #20]
878025b4:	f023 0340 	bic.w	r3, r3, #64	@ 0x40
878025b8:	6153      	str	r3, [r2, #20]
878025ba:	6953      	ldr	r3, [r2, #20]
878025bc:	f423 637c 	bic.w	r3, r3, #4032	@ 0xfc0
878025c0:	6153      	str	r3, [r2, #20]
878025c2:	69d3      	ldr	r3, [r2, #28]
878025c4:	f023 0340 	bic.w	r3, r3, #64	@ 0x40
878025c8:	61d3      	str	r3, [r2, #28]
878025ca:	69d3      	ldr	r3, [r2, #28]
878025cc:	f023 033f 	bic.w	r3, r3, #63	@ 0x3f
878025d0:	61d3      	str	r3, [r2, #28]
878025d2:	bd00      	pop	{pc}

878025d4 <Delay_Short>:
878025d4:	b082      	sub	sp, #8
878025d6:	9001      	str	r0, [sp, #4]
878025d8:	9b01      	ldr	r3, [sp, #4]
878025da:	1e5a      	subs	r2, r3, #1
878025dc:	9201      	str	r2, [sp, #4]
878025de:	2b00      	cmp	r3, #0
878025e0:	d1fa      	bne.n	878025d8 <Delay_Short+0x4>
878025e2:	b002      	add	sp, #8
878025e4:	4770      	bx	lr
878025e6:	bf00      	nop

878025e8 <Delay_ms>:
878025e8:	b082      	sub	sp, #8
878025ea:	9001      	str	r0, [sp, #4]
878025ec:	9b01      	ldr	r3, [sp, #4]
878025ee:	1e5a      	subs	r2, r3, #1
878025f0:	9201      	str	r2, [sp, #4]
878025f2:	b153      	cbz	r3, 8780260a <Delay_ms+0x22>
878025f4:	f240 73ff 	movw	r3, #2047	@ 0x7ff
878025f8:	461a      	mov	r2, r3
878025fa:	3b01      	subs	r3, #1
878025fc:	2a00      	cmp	r2, #0
878025fe:	d1fb      	bne.n	878025f8 <Delay_ms+0x10>
87802600:	9b01      	ldr	r3, [sp, #4]
87802602:	1e5a      	subs	r2, r3, #1
87802604:	9201      	str	r2, [sp, #4]
87802606:	2b00      	cmp	r3, #0
87802608:	d1f4      	bne.n	878025f4 <Delay_ms+0xc>
8780260a:	b002      	add	sp, #8
8780260c:	4770      	bx	lr
8780260e:	bf00      	nop

87802610 <LED_Init>:
87802610:	2200      	movs	r2, #0
87802612:	f2c0 220e 	movt	r2, #526	@ 0x20e
87802616:	f44f 4340 	mov.w	r3, #49152	@ 0xc000
8780261a:	f2c0 2309 	movt	r3, #521	@ 0x209
8780261e:	2005      	movs	r0, #5
87802620:	2108      	movs	r1, #8
87802622:	6690      	str	r0, [r2, #104]	@ 0x68
87802624:	f241 00b0 	movw	r0, #4272	@ 0x10b0
87802628:	f8c2 02f4 	str.w	r0, [r2, #756]	@ 0x2f4
8780262c:	6059      	str	r1, [r3, #4]
8780262e:	681a      	ldr	r2, [r3, #0]
87802630:	430a      	orrs	r2, r1
87802632:	601a      	str	r2, [r3, #0]
87802634:	4770      	bx	lr
87802636:	bf00      	nop

87802638 <LED_ON>:
87802638:	f44f 4340 	mov.w	r3, #49152	@ 0xc000
8780263c:	f2c0 2309 	movt	r3, #521	@ 0x209
87802640:	681a      	ldr	r2, [r3, #0]
87802642:	f022 0208 	bic.w	r2, r2, #8
87802646:	601a      	str	r2, [r3, #0]
87802648:	4770      	bx	lr
8780264a:	bf00      	nop

8780264c <LED_OFF>:
8780264c:	f44f 4340 	mov.w	r3, #49152	@ 0xc000
87802650:	f2c0 2309 	movt	r3, #521	@ 0x209
87802654:	681a      	ldr	r2, [r3, #0]
87802656:	f042 0208 	orr.w	r2, r2, #8
8780265a:	601a      	str	r2, [r3, #0]
8780265c:	4770      	bx	lr
8780265e:	bf00      	nop

87802660 <LED_Switch>:
87802660:	b950      	cbnz	r0, 87802678 <LED_Switch+0x18>
87802662:	2901      	cmp	r1, #1
87802664:	d009      	beq.n	8780267a <LED_Switch+0x1a>
87802666:	b939      	cbnz	r1, 87802678 <LED_Switch+0x18>
87802668:	f44f 4340 	mov.w	r3, #49152	@ 0xc000
8780266c:	f2c0 2309 	movt	r3, #521	@ 0x209
87802670:	681a      	ldr	r2, [r3, #0]
87802672:	f042 0208 	orr.w	r2, r2, #8
87802676:	601a      	str	r2, [r3, #0]
87802678:	4770      	bx	lr
8780267a:	f44f 4340 	mov.w	r3, #49152	@ 0xc000
8780267e:	f2c0 2309 	movt	r3, #521	@ 0x209
87802682:	681a      	ldr	r2, [r3, #0]
87802684:	f022 0208 	bic.w	r2, r2, #8
87802688:	601a      	str	r2, [r3, #0]
8780268a:	4770      	bx	lr

8780268c <Beep_Init>:
8780268c:	b500      	push	{lr}
8780268e:	2300      	movs	r3, #0
87802690:	f2c0 230e 	movt	r3, #526	@ 0x20e
87802694:	b087      	sub	sp, #28
87802696:	2101      	movs	r1, #1
87802698:	f04f 0c05 	mov.w	ip, #5
8780269c:	f241 02b0 	movw	r2, #4272	@ 0x10b0
878026a0:	f44f 4040 	mov.w	r0, #49152	@ 0xc000
878026a4:	f2c0 200a 	movt	r0, #522	@ 0x20a
878026a8:	9103      	str	r1, [sp, #12]
878026aa:	f88d 1010 	strb.w	r1, [sp, #16]
878026ae:	f8c3 c070 	str.w	ip, [r3, #112]	@ 0x70
878026b2:	f8c3 22fc 	str.w	r2, [r3, #764]	@ 0x2fc
878026b6:	aa03      	add	r2, sp, #12
878026b8:	9001      	str	r0, [sp, #4]
878026ba:	f000 f8f1 	bl	878028a0 <gpio_init>
878026be:	2101      	movs	r1, #1
878026c0:	9801      	ldr	r0, [sp, #4]
878026c2:	460a      	mov	r2, r1
878026c4:	f000 f87e 	bl	878027c4 <gpio_pinwrite>
878026c8:	b007      	add	sp, #28
878026ca:	bd00      	pop	{pc}

878026cc <Beep_Switch>:
878026cc:	4601      	mov	r1, r0
878026ce:	b110      	cbz	r0, 878026d6 <Beep_Switch+0xa>
878026d0:	2801      	cmp	r0, #1
878026d2:	d008      	beq.n	878026e6 <Beep_Switch+0x1a>
878026d4:	4770      	bx	lr
878026d6:	2201      	movs	r2, #1
878026d8:	f44f 4040 	mov.w	r0, #49152	@ 0xc000
878026dc:	f2c0 200a 	movt	r0, #522	@ 0x20a
878026e0:	4611      	mov	r1, r2
878026e2:	f000 b86f 	b.w	878027c4 <gpio_pinwrite>
878026e6:	f44f 4040 	mov.w	r0, #49152	@ 0xc000
878026ea:	f2c0 200a 	movt	r0, #522	@ 0x20a
878026ee:	2200      	movs	r2, #0
878026f0:	f000 b868 	b.w	878027c4 <gpio_pinwrite>

878026f4 <Key_Init>:
878026f4:	b500      	push	{lr}
878026f6:	2300      	movs	r3, #0
878026f8:	f2c0 230e 	movt	r3, #526	@ 0x20e
878026fc:	b085      	sub	sp, #20
878026fe:	2205      	movs	r2, #5
87802700:	2180      	movs	r1, #128	@ 0x80
87802702:	f44f 4040 	mov.w	r0, #49152	@ 0xc000
87802706:	f2c0 2009 	movt	r0, #521	@ 0x209
8780270a:	f8c3 208c 	str.w	r2, [r3, #140]	@ 0x8c
8780270e:	f8c3 1318 	str.w	r1, [r3, #792]	@ 0x318
87802712:	aa01      	add	r2, sp, #4
87802714:	2112      	movs	r1, #18
87802716:	2300      	movs	r3, #0
87802718:	9301      	str	r3, [sp, #4]
8780271a:	f000 f8c1 	bl	878028a0 <gpio_init>
8780271e:	b005      	add	sp, #20
87802720:	bd00      	pop	{pc}
87802722:	bf00      	nop

87802724 <Key_Read>:
87802724:	f44f 4040 	mov.w	r0, #49152	@ 0xc000
87802728:	f2c0 2009 	movt	r0, #521	@ 0x209
8780272c:	2112      	movs	r1, #18
8780272e:	f000 b855 	b.w	878027dc <gpio_pinread>
87802732:	bf00      	nop

87802734 <Key_GetValue>:
87802734:	4a21      	ldr	r2, [pc, #132]	@ (878027bc <Key_GetValue+0x88>)
87802736:	b500      	push	{lr}
87802738:	447a      	add	r2, pc
8780273a:	b083      	sub	sp, #12
8780273c:	7813      	ldrb	r3, [r2, #0]
8780273e:	2b01      	cmp	r3, #1
87802740:	d003      	beq.n	8780274a <Key_GetValue+0x16>
87802742:	b17b      	cbz	r3, 87802764 <Key_GetValue+0x30>
87802744:	2000      	movs	r0, #0
87802746:	b003      	add	sp, #12
87802748:	bd00      	pop	{pc}
8780274a:	2112      	movs	r1, #18
8780274c:	f44f 4040 	mov.w	r0, #49152	@ 0xc000
87802750:	f2c0 2009 	movt	r0, #521	@ 0x209
87802754:	9200      	str	r2, [sp, #0]
87802756:	f000 f841 	bl	878027dc <gpio_pinread>
8780275a:	9a00      	ldr	r2, [sp, #0]
8780275c:	b1d8      	cbz	r0, 87802796 <Key_GetValue+0x62>
8780275e:	7813      	ldrb	r3, [r2, #0]
87802760:	2b00      	cmp	r3, #0
87802762:	d1ef      	bne.n	87802744 <Key_GetValue+0x10>
87802764:	2112      	movs	r1, #18
87802766:	f44f 4040 	mov.w	r0, #49152	@ 0xc000
8780276a:	f2c0 2009 	movt	r0, #521	@ 0x209
8780276e:	f000 f835 	bl	878027dc <gpio_pinread>
87802772:	2801      	cmp	r0, #1
87802774:	d1e6      	bne.n	87802744 <Key_GetValue+0x10>
87802776:	9000      	str	r0, [sp, #0]
87802778:	200a      	movs	r0, #10
8780277a:	f7ff ff35 	bl	878025e8 <Delay_ms>
8780277e:	4a10      	ldr	r2, [pc, #64]	@ (878027c0 <Key_GetValue+0x8c>)
87802780:	9b00      	ldr	r3, [sp, #0]
87802782:	f44f 4040 	mov.w	r0, #49152	@ 0xc000
87802786:	f2c0 2009 	movt	r0, #521	@ 0x209
8780278a:	447a      	add	r2, pc
8780278c:	2112      	movs	r1, #18
8780278e:	7013      	strb	r3, [r2, #0]
87802790:	f000 f824 	bl	878027dc <gpio_pinread>
87802794:	e7d6      	b.n	87802744 <Key_GetValue+0x10>
87802796:	e9cd 2000 	strd	r2, r0, [sp]
8780279a:	200a      	movs	r0, #10
8780279c:	f7ff ff24 	bl	878025e8 <Delay_ms>
878027a0:	2112      	movs	r1, #18
878027a2:	e9dd 2300 	ldrd	r2, r3, [sp]
878027a6:	f44f 4040 	mov.w	r0, #49152	@ 0xc000
878027aa:	f2c0 2009 	movt	r0, #521	@ 0x209
878027ae:	7013      	strb	r3, [r2, #0]
878027b0:	f000 f814 	bl	878027dc <gpio_pinread>
878027b4:	fab0 f080 	clz	r0, r0
878027b8:	0940      	lsrs	r0, r0, #5
878027ba:	e7c4      	b.n	87802746 <Key_GetValue+0x12>
878027bc:	00006950 	andeq	r6, r0, r0, asr r9
878027c0:	000068fe 	strdeq	r6, [r0], -lr

878027c4 <gpio_pinwrite>:
878027c4:	2301      	movs	r3, #1
878027c6:	408b      	lsls	r3, r1
878027c8:	b922      	cbnz	r2, 878027d4 <gpio_pinwrite+0x10>
878027ca:	6802      	ldr	r2, [r0, #0]
878027cc:	ea22 0303 	bic.w	r3, r2, r3
878027d0:	6003      	str	r3, [r0, #0]
878027d2:	4770      	bx	lr
878027d4:	6802      	ldr	r2, [r0, #0]
878027d6:	4313      	orrs	r3, r2
878027d8:	6003      	str	r3, [r0, #0]
878027da:	4770      	bx	lr

878027dc <gpio_pinread>:
878027dc:	6800      	ldr	r0, [r0, #0]
878027de:	40c8      	lsrs	r0, r1
878027e0:	f000 0001 	and.w	r0, r0, #1
878027e4:	4770      	bx	lr
878027e6:	bf00      	nop

878027e8 <gpio_enable_interrupt>:
878027e8:	2301      	movs	r3, #1
878027ea:	6942      	ldr	r2, [r0, #20]
878027ec:	408b      	lsls	r3, r1
878027ee:	4313      	orrs	r3, r2
878027f0:	6143      	str	r3, [r0, #20]
878027f2:	4770      	bx	lr

878027f4 <gpio_disable_interrupt>:
878027f4:	2301      	movs	r3, #1
878027f6:	408b      	lsls	r3, r1
878027f8:	6941      	ldr	r1, [r0, #20]
878027fa:	ea21 0103 	bic.w	r1, r1, r3
878027fe:	6141      	str	r1, [r0, #20]
87802800:	4770      	bx	lr
87802802:	bf00      	nop

87802804 <gpio_clear_interrupt_flag>:
87802804:	2301      	movs	r3, #1
87802806:	408b      	lsls	r3, r1
87802808:	6981      	ldr	r1, [r0, #24]
8780280a:	ea21 0103 	bic.w	r1, r1, r3
8780280e:	6181      	str	r1, [r0, #24]
87802810:	4770      	bx	lr
87802812:	bf00      	nop

87802814 <gpio_get_interrupt_flag>:
87802814:	6980      	ldr	r0, [r0, #24]
87802816:	40c8      	lsrs	r0, r1
87802818:	f000 0001 	and.w	r0, r0, #1
8780281c:	4770      	bx	lr
8780281e:	bf00      	nop

87802820 <gpio_interrupt_init>:
87802820:	f04f 0c01 	mov.w	ip, #1
87802824:	69c3      	ldr	r3, [r0, #28]
87802826:	290f      	cmp	r1, #15
87802828:	f102 32ff 	add.w	r2, r2, #4294967295	@ 0xffffffff
8780282c:	fa0c fc01 	lsl.w	ip, ip, r1
87802830:	bfc8      	it	gt
87802832:	3910      	subgt	r1, #16
87802834:	ea23 030c 	bic.w	r3, r3, ip
87802838:	61c3      	str	r3, [r0, #28]
8780283a:	bfd4      	ite	le
8780283c:	300c      	addle	r0, #12
8780283e:	3010      	addgt	r0, #16
87802840:	2a04      	cmp	r2, #4
87802842:	d80e      	bhi.n	87802862 <gpio_interrupt_init+0x42>
87802844:	e8df f002 	tbb	[pc, r2]
87802848:	0d0e1d23 	stceq	13, cr1, [lr, #-140]	@ 0xffffff74
8780284c:	00490003 	subeq	r0, r9, r3
87802850:	2303      	movs	r3, #3
87802852:	6802      	ldr	r2, [r0, #0]
87802854:	408b      	lsls	r3, r1
87802856:	ea22 0203 	bic.w	r2, r2, r3
8780285a:	6002      	str	r2, [r0, #0]
8780285c:	6802      	ldr	r2, [r0, #0]
8780285e:	4313      	orrs	r3, r2
87802860:	6003      	str	r3, [r0, #0]
87802862:	4770      	bx	lr
87802864:	6802      	ldr	r2, [r0, #0]
87802866:	0049      	lsls	r1, r1, #1
87802868:	f04f 0c03 	mov.w	ip, #3
8780286c:	2302      	movs	r3, #2
8780286e:	fa0c fc01 	lsl.w	ip, ip, r1
87802872:	ea22 020c 	bic.w	r2, r2, ip
87802876:	6002      	str	r2, [r0, #0]
87802878:	408b      	lsls	r3, r1
8780287a:	6802      	ldr	r2, [r0, #0]
8780287c:	4313      	orrs	r3, r2
8780287e:	6003      	str	r3, [r0, #0]
87802880:	4770      	bx	lr
87802882:	6802      	ldr	r2, [r0, #0]
87802884:	0049      	lsls	r1, r1, #1
87802886:	f04f 0c03 	mov.w	ip, #3
8780288a:	2301      	movs	r3, #1
8780288c:	e7ef      	b.n	8780286e <gpio_interrupt_init+0x4e>
8780288e:	0049      	lsls	r1, r1, #1
87802890:	2203      	movs	r2, #3
87802892:	6803      	ldr	r3, [r0, #0]
87802894:	408a      	lsls	r2, r1
87802896:	ea23 0302 	bic.w	r3, r3, r2
8780289a:	6003      	str	r3, [r0, #0]
8780289c:	4770      	bx	lr
8780289e:	bf00      	nop

878028a0 <gpio_init>:
878028a0:	b410      	push	{r4}
878028a2:	2301      	movs	r3, #1
878028a4:	6814      	ldr	r4, [r2, #0]
878028a6:	f8d0 c004 	ldr.w	ip, [r0, #4]
878028aa:	408b      	lsls	r3, r1
878028ac:	b934      	cbnz	r4, 878028bc <gpio_init+0x1c>
878028ae:	ea2c 0303 	bic.w	r3, ip, r3
878028b2:	6892      	ldr	r2, [r2, #8]
878028b4:	bc10      	pop	{r4}
878028b6:	6043      	str	r3, [r0, #4]
878028b8:	f7ff bfb2 	b.w	87802820 <gpio_interrupt_init>
878028bc:	ea4c 0c03 	orr.w	ip, ip, r3
878028c0:	f8c0 c004 	str.w	ip, [r0, #4]
878028c4:	f892 c004 	ldrb.w	ip, [r2, #4]
878028c8:	f1bc 0f00 	cmp.w	ip, #0
878028cc:	d108      	bne.n	878028e0 <gpio_init+0x40>
878028ce:	f8d0 c000 	ldr.w	ip, [r0]
878028d2:	bc10      	pop	{r4}
878028d4:	ea2c 0303 	bic.w	r3, ip, r3
878028d8:	6003      	str	r3, [r0, #0]
878028da:	6892      	ldr	r2, [r2, #8]
878028dc:	f7ff bfa0 	b.w	87802820 <gpio_interrupt_init>
878028e0:	f8d0 c000 	ldr.w	ip, [r0]
878028e4:	bc10      	pop	{r4}
878028e6:	ea4c 0303 	orr.w	r3, ip, r3
878028ea:	6003      	str	r3, [r0, #0]
878028ec:	6892      	ldr	r2, [r2, #8]
878028ee:	f7ff bf97 	b.w	87802820 <gpio_interrupt_init>
878028f2:	bf00      	nop

878028f4 <gpio_io18_irq_handler_t>:
878028f4:	200a      	movs	r0, #10
878028f6:	b508      	push	{r3, lr}
878028f8:	f7ff fe76 	bl	878025e8 <Delay_ms>
878028fc:	f44f 4040 	mov.w	r0, #49152	@ 0xc000
87802900:	f2c0 2009 	movt	r0, #521	@ 0x209
87802904:	2112      	movs	r1, #18
87802906:	f7ff ff85 	bl	87802814 <gpio_get_interrupt_flag>
8780290a:	b900      	cbnz	r0, 8780290e <gpio_io18_irq_handler_t+0x1a>
8780290c:	bd08      	pop	{r3, pc}
8780290e:	4b09      	ldr	r3, [pc, #36]	@ (87802934 <gpio_io18_irq_handler_t+0x40>)
87802910:	447b      	add	r3, pc
87802912:	7818      	ldrb	r0, [r3, #0]
87802914:	fab0 f080 	clz	r0, r0
87802918:	0940      	lsrs	r0, r0, #5
8780291a:	7018      	strb	r0, [r3, #0]
8780291c:	f7ff fed6 	bl	878026cc <Beep_Switch>
87802920:	f44f 4040 	mov.w	r0, #49152	@ 0xc000
87802924:	f2c0 2009 	movt	r0, #521	@ 0x209
87802928:	2112      	movs	r1, #18
8780292a:	e8bd 4008 	ldmia.w	sp!, {r3, lr}
8780292e:	f7ff bf69 	b.w	87802804 <gpio_clear_interrupt_flag>
87802932:	bf00      	nop
87802934:	00006f80 	andeq	r6, r0, r0, lsl #31

87802938 <Exit_Init>:
87802938:	b530      	push	{r4, r5, lr}
8780293a:	2300      	movs	r3, #0
8780293c:	f2c0 230e 	movt	r3, #526	@ 0x20e
87802940:	b085      	sub	sp, #20
87802942:	f44f 4440 	mov.w	r4, #49152	@ 0xc000
87802946:	f2c0 2409 	movt	r4, #521	@ 0x209
8780294a:	2105      	movs	r1, #5
8780294c:	2080      	movs	r0, #128	@ 0x80
8780294e:	f8c3 108c 	str.w	r1, [r3, #140]	@ 0x8c
87802952:	aa01      	add	r2, sp, #4
87802954:	f8c3 0318 	str.w	r0, [r3, #792]	@ 0x318
87802958:	9103      	str	r1, [sp, #12]
8780295a:	4620      	mov	r0, r4
8780295c:	2112      	movs	r1, #18
8780295e:	2500      	movs	r5, #0
87802960:	9501      	str	r5, [sp, #4]
87802962:	f88d 5008 	strb.w	r5, [sp, #8]
87802966:	f7ff ff9b 	bl	878028a0 <gpio_init>
8780296a:	ee9f 3f10 	mrc	15, 4, r3, cr15, cr0, {0}
8780296e:	f36f 030f 	bfc	r3, #0, #16
87802972:	4908      	ldr	r1, [pc, #32]	@ (87802994 <Exit_Init+0x5c>)
87802974:	f503 5380 	add.w	r3, r3, #4096	@ 0x1000
87802978:	462a      	mov	r2, r5
8780297a:	2008      	movs	r0, #8
8780297c:	4479      	add	r1, pc
8780297e:	f8c3 010c 	str.w	r0, [r3, #268]	@ 0x10c
87802982:	2063      	movs	r0, #99	@ 0x63
87802984:	f000 f92a 	bl	87802bdc <system_register_irq_handler>
87802988:	2112      	movs	r1, #18
8780298a:	4620      	mov	r0, r4
8780298c:	f7ff ff2c 	bl	878027e8 <gpio_enable_interrupt>
87802990:	b005      	add	sp, #20
87802992:	bd30      	pop	{r4, r5, pc}
87802994:	ffffff75 			@ <UNDEFINED> instruction: 0xffffff75

87802998 <EPIT1_IRQHandler>:
87802998:	b508      	push	{r3, lr}
8780299a:	2200      	movs	r2, #0
8780299c:	f2c0 220d 	movt	r2, #525	@ 0x20d
878029a0:	4b0a      	ldr	r3, [pc, #40]	@ (878029cc <EPIT1_IRQHandler+0x34>)
878029a2:	447b      	add	r3, pc
878029a4:	7819      	ldrb	r1, [r3, #0]
878029a6:	fab1 f181 	clz	r1, r1
878029aa:	0949      	lsrs	r1, r1, #5
878029ac:	7019      	strb	r1, [r3, #0]
878029ae:	6853      	ldr	r3, [r2, #4]
878029b0:	07db      	lsls	r3, r3, #31
878029b2:	d407      	bmi.n	878029c4 <EPIT1_IRQHandler+0x2c>
878029b4:	2300      	movs	r3, #0
878029b6:	f2c0 230d 	movt	r3, #525	@ 0x20d
878029ba:	685a      	ldr	r2, [r3, #4]
878029bc:	f042 0201 	orr.w	r2, r2, #1
878029c0:	605a      	str	r2, [r3, #4]
878029c2:	bd08      	pop	{r3, pc}
878029c4:	2000      	movs	r0, #0
878029c6:	f7ff fe4b 	bl	87802660 <LED_Switch>
878029ca:	e7f3      	b.n	878029b4 <EPIT1_IRQHandler+0x1c>
878029cc:	00006eef 	andeq	r6, r0, pc, ror #29

878029d0 <EPIT1_Init>:
878029d0:	b510      	push	{r4, lr}
878029d2:	f640 73ff 	movw	r3, #4095	@ 0xfff
878029d6:	2400      	movs	r4, #0
878029d8:	f2c0 240d 	movt	r4, #525	@ 0x20d
878029dc:	4298      	cmp	r0, r3
878029de:	bf28      	it	cs
878029e0:	4618      	movcs	r0, r3
878029e2:	230e      	movs	r3, #14
878029e4:	f2c0 1300 	movt	r3, #256	@ 0x100
878029e8:	2200      	movs	r2, #0
878029ea:	ea43 1300 	orr.w	r3, r3, r0, lsl #4
878029ee:	6022      	str	r2, [r4, #0]
878029f0:	6023      	str	r3, [r4, #0]
878029f2:	60a1      	str	r1, [r4, #8]
878029f4:	60e2      	str	r2, [r4, #12]
878029f6:	ee9f 3f10 	mrc	15, 4, r3, cr15, cr0, {0}
878029fa:	f36f 030f 	bfc	r3, #0, #16
878029fe:	4908      	ldr	r1, [pc, #32]	@ (87802a20 <EPIT1_Init+0x50>)
87802a00:	f503 5380 	add.w	r3, r3, #4096	@ 0x1000
87802a04:	f04f 7080 	mov.w	r0, #16777216	@ 0x1000000
87802a08:	4479      	add	r1, pc
87802a0a:	f8c3 0108 	str.w	r0, [r3, #264]	@ 0x108
87802a0e:	2058      	movs	r0, #88	@ 0x58
87802a10:	f000 f8e4 	bl	87802bdc <system_register_irq_handler>
87802a14:	6823      	ldr	r3, [r4, #0]
87802a16:	f043 0301 	orr.w	r3, r3, #1
87802a1a:	6023      	str	r3, [r4, #0]
87802a1c:	bd10      	pop	{r4, pc}
87802a1e:	bf00      	nop
87802a20:	ffffff8d 			@ <UNDEFINED> instruction: 0xffffff8d

87802a24 <keyfilter_irq_handler_t>:
87802a24:	2300      	movs	r3, #0
87802a26:	f2c0 230d 	movt	r3, #525	@ 0x20d
87802a2a:	f44f 5c91 	mov.w	ip, #4640	@ 0x1220
87802a2e:	f2c0 0c0a 	movt	ip, #10
87802a32:	f44f 4040 	mov.w	r0, #49152	@ 0xc000
87802a36:	f2c0 2009 	movt	r0, #521	@ 0x209
87802a3a:	681a      	ldr	r2, [r3, #0]
87802a3c:	2112      	movs	r1, #18
87802a3e:	f022 0201 	bic.w	r2, r2, #1
87802a42:	601a      	str	r2, [r3, #0]
87802a44:	f8c3 c008 	str.w	ip, [r3, #8]
87802a48:	681a      	ldr	r2, [r3, #0]
87802a4a:	f042 0201 	orr.w	r2, r2, #1
87802a4e:	601a      	str	r2, [r3, #0]
87802a50:	f7ff bed8 	b.w	87802804 <gpio_clear_interrupt_flag>

87802a54 <KeyFilter_Init>:
87802a54:	b570      	push	{r4, r5, r6, lr}
87802a56:	2300      	movs	r3, #0
87802a58:	f2c0 230e 	movt	r3, #526	@ 0x20e
87802a5c:	b086      	sub	sp, #24
87802a5e:	4e27      	ldr	r6, [pc, #156]	@ (87802afc <KeyFilter_Init+0xa8>)
87802a60:	f44f 4440 	mov.w	r4, #49152	@ 0xc000
87802a64:	f2c0 2409 	movt	r4, #521	@ 0x209
87802a68:	2105      	movs	r1, #5
87802a6a:	2080      	movs	r0, #128	@ 0x80
87802a6c:	f8c3 108c 	str.w	r1, [r3, #140]	@ 0x8c
87802a70:	aa03      	add	r2, sp, #12
87802a72:	f8c3 0318 	str.w	r0, [r3, #792]	@ 0x318
87802a76:	4620      	mov	r0, r4
87802a78:	9105      	str	r1, [sp, #20]
87802a7a:	2112      	movs	r1, #18
87802a7c:	2500      	movs	r5, #0
87802a7e:	447e      	add	r6, pc
87802a80:	9503      	str	r5, [sp, #12]
87802a82:	f88d 5010 	strb.w	r5, [sp, #16]
87802a86:	f7ff ff0b 	bl	878028a0 <gpio_init>
87802a8a:	ee9f 3f10 	mrc	15, 4, r3, cr15, cr0, {0}
87802a8e:	f36f 030f 	bfc	r3, #0, #16
87802a92:	491b      	ldr	r1, [pc, #108]	@ (87802b00 <KeyFilter_Init+0xac>)
87802a94:	f503 5380 	add.w	r3, r3, #4096	@ 0x1000
87802a98:	2208      	movs	r2, #8
87802a9a:	4479      	add	r1, pc
87802a9c:	2063      	movs	r0, #99	@ 0x63
87802a9e:	f8c3 210c 	str.w	r2, [r3, #268]	@ 0x10c
87802aa2:	462a      	mov	r2, r5
87802aa4:	f000 f89a 	bl	87802bdc <system_register_irq_handler>
87802aa8:	4620      	mov	r0, r4
87802aaa:	462c      	mov	r4, r5
87802aac:	2112      	movs	r1, #18
87802aae:	f2c0 240d 	movt	r4, #525	@ 0x20d
87802ab2:	f7ff fe99 	bl	878027e8 <gpio_enable_interrupt>
87802ab6:	220e      	movs	r2, #14
87802ab8:	f2c0 1200 	movt	r2, #256	@ 0x100
87802abc:	f44f 5391 	mov.w	r3, #4640	@ 0x1220
87802ac0:	f2c0 030a 	movt	r3, #10
87802ac4:	6025      	str	r5, [r4, #0]
87802ac6:	6022      	str	r2, [r4, #0]
87802ac8:	60a3      	str	r3, [r4, #8]
87802aca:	60e5      	str	r5, [r4, #12]
87802acc:	ee9f 3f10 	mrc	15, 4, r3, cr15, cr0, {0}
87802ad0:	f36f 030f 	bfc	r3, #0, #16
87802ad4:	f04f 7180 	mov.w	r1, #16777216	@ 0x1000000
87802ad8:	f503 5380 	add.w	r3, r3, #4096	@ 0x1000
87802adc:	462a      	mov	r2, r5
87802ade:	2058      	movs	r0, #88	@ 0x58
87802ae0:	f8c3 1108 	str.w	r1, [r3, #264]	@ 0x108
87802ae4:	4b07      	ldr	r3, [pc, #28]	@ (87802b04 <KeyFilter_Init+0xb0>)
87802ae6:	58f3      	ldr	r3, [r6, r3]
87802ae8:	9301      	str	r3, [sp, #4]
87802aea:	4619      	mov	r1, r3
87802aec:	f000 f876 	bl	87802bdc <system_register_irq_handler>
87802af0:	6823      	ldr	r3, [r4, #0]
87802af2:	f043 0301 	orr.w	r3, r3, #1
87802af6:	6023      	str	r3, [r4, #0]
87802af8:	b006      	add	sp, #24
87802afa:	bd70      	pop	{r4, r5, r6, pc}
87802afc:	ffffd57e 			@ <UNDEFINED> instruction: 0xffffd57e
87802b00:	ffffff87 			@ <UNDEFINED> instruction: 0xffffff87
87802b04:	0000017c 	andeq	r0, r0, ip, ror r1

87802b08 <keyfilter_timer_init>:
87802b08:	b510      	push	{r4, lr}
87802b0a:	2400      	movs	r4, #0
87802b0c:	f2c0 240d 	movt	r4, #525	@ 0x20d
87802b10:	4910      	ldr	r1, [pc, #64]	@ (87802b54 <keyfilter_timer_init+0x4c>)
87802b12:	b082      	sub	sp, #8
87802b14:	2200      	movs	r2, #0
87802b16:	230e      	movs	r3, #14
87802b18:	f2c0 1300 	movt	r3, #256	@ 0x100
87802b1c:	6022      	str	r2, [r4, #0]
87802b1e:	4479      	add	r1, pc
87802b20:	6023      	str	r3, [r4, #0]
87802b22:	60a0      	str	r0, [r4, #8]
87802b24:	60e2      	str	r2, [r4, #12]
87802b26:	ee9f 3f10 	mrc	15, 4, r3, cr15, cr0, {0}
87802b2a:	f36f 030f 	bfc	r3, #0, #16
87802b2e:	f04f 7080 	mov.w	r0, #16777216	@ 0x1000000
87802b32:	f503 5380 	add.w	r3, r3, #4096	@ 0x1000
87802b36:	f8c3 0108 	str.w	r0, [r3, #264]	@ 0x108
87802b3a:	2058      	movs	r0, #88	@ 0x58
87802b3c:	4b06      	ldr	r3, [pc, #24]	@ (87802b58 <keyfilter_timer_init+0x50>)
87802b3e:	58cb      	ldr	r3, [r1, r3]
87802b40:	9301      	str	r3, [sp, #4]
87802b42:	4619      	mov	r1, r3
87802b44:	f000 f84a 	bl	87802bdc <system_register_irq_handler>
87802b48:	6823      	ldr	r3, [r4, #0]
87802b4a:	f043 0301 	orr.w	r3, r3, #1
87802b4e:	6023      	str	r3, [r4, #0]
87802b50:	b002      	add	sp, #8
87802b52:	bd10      	pop	{r4, pc}
87802b54:	ffffd4de 			@ <UNDEFINED> instruction: 0xffffd4de
87802b58:	0000017c 	andeq	r0, r0, ip, ror r1

87802b5c <keyfilter_timer_stop>:
87802b5c:	2300      	movs	r3, #0
87802b5e:	f2c0 230d 	movt	r3, #525	@ 0x20d
87802b62:	681a      	ldr	r2, [r3, #0]
87802b64:	f022 0201 	bic.w	r2, r2, #1
87802b68:	601a      	str	r2, [r3, #0]
87802b6a:	4770      	bx	lr

87802b6c <keyfilter_timer_restart>:
87802b6c:	2300      	movs	r3, #0
87802b6e:	f2c0 230d 	movt	r3, #525	@ 0x20d
87802b72:	681a      	ldr	r2, [r3, #0]
87802b74:	f022 0201 	bic.w	r2, r2, #1
87802b78:	601a      	str	r2, [r3, #0]
87802b7a:	6098      	str	r0, [r3, #8]
87802b7c:	681a      	ldr	r2, [r3, #0]
87802b7e:	f042 0201 	orr.w	r2, r2, #1
87802b82:	601a      	str	r2, [r3, #0]
87802b84:	4770      	bx	lr
87802b86:	bf00      	nop

87802b88 <keyfilter_EPIT1_IRQHandler>:
87802b88:	b508      	push	{r3, lr}
87802b8a:	2300      	movs	r3, #0
87802b8c:	f2c0 230d 	movt	r3, #525	@ 0x20d
87802b90:	685a      	ldr	r2, [r3, #4]
87802b92:	07d2      	lsls	r2, r2, #31
87802b94:	d407      	bmi.n	87802ba6 <keyfilter_EPIT1_IRQHandler+0x1e>
87802b96:	2300      	movs	r3, #0
87802b98:	f2c0 230d 	movt	r3, #525	@ 0x20d
87802b9c:	685a      	ldr	r2, [r3, #4]
87802b9e:	f042 0201 	orr.w	r2, r2, #1
87802ba2:	605a      	str	r2, [r3, #4]
87802ba4:	bd08      	pop	{r3, pc}
87802ba6:	681a      	ldr	r2, [r3, #0]
87802ba8:	f44f 4040 	mov.w	r0, #49152	@ 0xc000
87802bac:	f2c0 2009 	movt	r0, #521	@ 0x209
87802bb0:	2112      	movs	r1, #18
87802bb2:	f022 0201 	bic.w	r2, r2, #1
87802bb6:	601a      	str	r2, [r3, #0]
87802bb8:	f7ff fe10 	bl	878027dc <gpio_pinread>
87802bbc:	2800      	cmp	r0, #0
87802bbe:	d1ea      	bne.n	87802b96 <keyfilter_EPIT1_IRQHandler+0xe>
87802bc0:	4b04      	ldr	r3, [pc, #16]	@ (87802bd4 <keyfilter_EPIT1_IRQHandler+0x4c>)
87802bc2:	447b      	add	r3, pc
87802bc4:	7818      	ldrb	r0, [r3, #0]
87802bc6:	fab0 f080 	clz	r0, r0
87802bca:	0940      	lsrs	r0, r0, #5
87802bcc:	7018      	strb	r0, [r3, #0]
87802bce:	f7ff fd7d 	bl	878026cc <Beep_Switch>
87802bd2:	e7e0      	b.n	87802b96 <keyfilter_EPIT1_IRQHandler+0xe>
87802bd4:	00006cd0 	ldrdeq	r6, [r0], -r0

87802bd8 <default_handler_t>:
87802bd8:	e7fe      	b.n	87802bd8 <default_handler_t>
87802bda:	bf00      	nop

87802bdc <system_register_irq_handler>:
87802bdc:	289f      	cmp	r0, #159	@ 0x9f
87802bde:	dc07      	bgt.n	87802bf0 <system_register_irq_handler+0x14>
87802be0:	4b04      	ldr	r3, [pc, #16]	@ (87802bf4 <system_register_irq_handler+0x18>)
87802be2:	447b      	add	r3, pc
87802be4:	eb03 0cc0 	add.w	ip, r3, r0, lsl #3
87802be8:	f843 1030 	str.w	r1, [r3, r0, lsl #3]
87802bec:	f8cc 2004 	str.w	r2, [ip, #4]
87802bf0:	4770      	bx	lr
87802bf2:	bf00      	nop
87802bf4:	00006cb2 			@ <UNDEFINED> instruction: 0x00006cb2

87802bf8 <INT_Init>:
87802bf8:	b500      	push	{lr}
87802bfa:	ee9f 2f10 	mrc	15, 4, r2, cr15, cr0, {0}
87802bfe:	f36f 020f 	bfc	r2, #0, #16
87802c02:	2300      	movs	r3, #0
87802c04:	f502 5e80 	add.w	lr, r2, #4096	@ 0x1000
87802c08:	f04f 3cff 	mov.w	ip, #4294967295	@ 0xffffffff
87802c0c:	f8de 0004 	ldr.w	r0, [lr, #4]
87802c10:	f000 001f 	and.w	r0, r0, #31
87802c14:	3001      	adds	r0, #1
87802c16:	f503 618c 	add.w	r1, r3, #1120	@ 0x460
87802c1a:	3301      	adds	r3, #1
87802c1c:	4298      	cmp	r0, r3
87802c1e:	f842 c021 	str.w	ip, [r2, r1, lsl #2]
87802c22:	d1f8      	bne.n	87802c16 <INT_Init+0x1e>
87802c24:	4810      	ldr	r0, [pc, #64]	@ (87802c68 <INT_Init+0x70>)
87802c26:	f502 5100 	add.w	r1, r2, #8192	@ 0x2000
87802c2a:	23f8      	movs	r3, #248	@ 0xf8
87802c2c:	2200      	movs	r2, #0
87802c2e:	4478      	add	r0, pc
87802c30:	f04f 0c01 	mov.w	ip, #1
87802c34:	604b      	str	r3, [r1, #4]
87802c36:	2302      	movs	r3, #2
87802c38:	608b      	str	r3, [r1, #8]
87802c3a:	4603      	mov	r3, r0
87802c3c:	f8c0 2500 	str.w	r2, [r0, #1280]	@ 0x500
87802c40:	480a      	ldr	r0, [pc, #40]	@ (87802c6c <INT_Init+0x74>)
87802c42:	f8ce c000 	str.w	ip, [lr]
87802c46:	4478      	add	r0, pc
87802c48:	f8c1 c000 	str.w	ip, [r1]
87802c4c:	f503 61a0 	add.w	r1, r3, #1280	@ 0x500
87802c50:	e9c3 0200 	strd	r0, r2, [r3]
87802c54:	3308      	adds	r3, #8
87802c56:	4299      	cmp	r1, r3
87802c58:	d1fa      	bne.n	87802c50 <INT_Init+0x58>
87802c5a:	2300      	movs	r3, #0
87802c5c:	f2c8 7380 	movt	r3, #34688	@ 0x8780
87802c60:	ee0c 3f10 	mcr	15, 0, r3, cr12, cr0, {0}
87802c64:	bd00      	pop	{pc}
87802c66:	bf00      	nop
87802c68:	00006c66 	andeq	r6, r0, r6, ror #24
87802c6c:	ffffff8f 			@ <UNDEFINED> instruction: 0xffffff8f

87802c70 <system_irqhandler>:
87802c70:	b530      	push	{r4, r5, lr}
87802c72:	f3c0 0509 	ubfx	r5, r0, #0, #10
87802c76:	2d9f      	cmp	r5, #159	@ 0x9f
87802c78:	b083      	sub	sp, #12
87802c7a:	bf88      	it	hi
87802c7c:	00eb      	lslhi	r3, r5, #3
87802c7e:	d80a      	bhi.n	87802c96 <system_irqhandler+0x26>
87802c80:	4a0f      	ldr	r2, [pc, #60]	@ (87802cc0 <system_irqhandler+0x50>)
87802c82:	00eb      	lsls	r3, r5, #3
87802c84:	4628      	mov	r0, r5
87802c86:	9301      	str	r3, [sp, #4]
87802c88:	447a      	add	r2, pc
87802c8a:	18d1      	adds	r1, r2, r3
87802c8c:	f852 2035 	ldr.w	r2, [r2, r5, lsl #3]
87802c90:	6849      	ldr	r1, [r1, #4]
87802c92:	4790      	blx	r2
87802c94:	9b01      	ldr	r3, [sp, #4]
87802c96:	4c0b      	ldr	r4, [pc, #44]	@ (87802cc4 <system_irqhandler+0x54>)
87802c98:	4628      	mov	r0, r5
87802c9a:	447c      	add	r4, pc
87802c9c:	4423      	add	r3, r4
87802c9e:	f8d4 2500 	ldr.w	r2, [r4, #1280]	@ 0x500
87802ca2:	6859      	ldr	r1, [r3, #4]
87802ca4:	f854 5035 	ldr.w	r5, [r4, r5, lsl #3]
87802ca8:	3201      	adds	r2, #1
87802caa:	f8c4 2500 	str.w	r2, [r4, #1280]	@ 0x500
87802cae:	47a8      	blx	r5
87802cb0:	f8d4 3500 	ldr.w	r3, [r4, #1280]	@ 0x500
87802cb4:	3b01      	subs	r3, #1
87802cb6:	f8c4 3500 	str.w	r3, [r4, #1280]	@ 0x500
87802cba:	b003      	add	sp, #12
87802cbc:	bd30      	pop	{r4, r5, pc}
87802cbe:	bf00      	nop
87802cc0:	00006c0c 	andeq	r6, r0, ip, lsl #24
87802cc4:	00006bfa 	strdeq	r6, [r0], -sl

87802cc8 <default_handler>:
87802cc8:	4770      	bx	lr
87802cca:	bf00      	nop

87802ccc <LCD_PixelClock_Init>:
87802ccc:	f44f 4c00 	mov.w	ip, #32768	@ 0x8000
87802cd0:	f2c0 2c0c 	movt	ip, #524	@ 0x20c
87802cd4:	2300      	movs	r3, #0
87802cd6:	ea40 1001 	orr.w	r0, r0, r1, lsl #4
87802cda:	ea40 2002 	orr.w	r0, r0, r2, lsl #8
87802cde:	3901      	subs	r1, #1
87802ce0:	f8cc 30b0 	str.w	r3, [ip, #176]	@ 0xb0
87802ce4:	f440 1081 	orr.w	r0, r0, #1056768	@ 0x102000
87802ce8:	f8cc 30c0 	str.w	r3, [ip, #192]	@ 0xc0
87802cec:	3a01      	subs	r2, #1
87802cee:	f8dc 30a0 	ldr.w	r3, [ip, #160]	@ 0xa0
87802cf2:	4318      	orrs	r0, r3
87802cf4:	f8cc 00a0 	str.w	r0, [ip, #160]	@ 0xa0
87802cf8:	f44f 4380 	mov.w	r3, #16384	@ 0x4000
87802cfc:	f2c0 230c 	movt	r3, #524	@ 0x20c
87802d00:	f8dc 0170 	ldr.w	r0, [ip, #368]	@ 0x170
87802d04:	f020 4040 	bic.w	r0, r0, #3221225472	@ 0xc0000000
87802d08:	f8cc 0170 	str.w	r0, [ip, #368]	@ 0x170
87802d0c:	6b98      	ldr	r0, [r3, #56]	@ 0x38
87802d0e:	f420 3060 	bic.w	r0, r0, #229376	@ 0x38000
87802d12:	6398      	str	r0, [r3, #56]	@ 0x38
87802d14:	6b98      	ldr	r0, [r3, #56]	@ 0x38
87802d16:	f440 3080 	orr.w	r0, r0, #65536	@ 0x10000
87802d1a:	6398      	str	r0, [r3, #56]	@ 0x38
87802d1c:	6b98      	ldr	r0, [r3, #56]	@ 0x38
87802d1e:	f420 40e0 	bic.w	r0, r0, #28672	@ 0x7000
87802d22:	6398      	str	r0, [r3, #56]	@ 0x38
87802d24:	6b98      	ldr	r0, [r3, #56]	@ 0x38
87802d26:	ea40 3101 	orr.w	r1, r0, r1, lsl #12
87802d2a:	6399      	str	r1, [r3, #56]	@ 0x38
87802d2c:	6999      	ldr	r1, [r3, #24]
87802d2e:	f021 7160 	bic.w	r1, r1, #58720256	@ 0x3800000
87802d32:	6199      	str	r1, [r3, #24]
87802d34:	6999      	ldr	r1, [r3, #24]
87802d36:	ea41 52c2 	orr.w	r2, r1, r2, lsl #23
87802d3a:	619a      	str	r2, [r3, #24]
87802d3c:	6b9a      	ldr	r2, [r3, #56]	@ 0x38
87802d3e:	f422 6260 	bic.w	r2, r2, #3584	@ 0xe00
87802d42:	639a      	str	r2, [r3, #56]	@ 0x38
87802d44:	6b9a      	ldr	r2, [r3, #56]	@ 0x38
87802d46:	639a      	str	r2, [r3, #56]	@ 0x38
87802d48:	4770      	bx	lr
87802d4a:	bf00      	nop

87802d4c <LCD_Read_PanelID>:
87802d4c:	b570      	push	{r4, r5, r6, lr}
87802d4e:	2400      	movs	r4, #0
87802d50:	f2c0 240e 	movt	r4, #526	@ 0x20e
87802d54:	b084      	sub	sp, #16
87802d56:	2605      	movs	r6, #5
87802d58:	2301      	movs	r3, #1
87802d5a:	aa01      	add	r2, sp, #4
87802d5c:	2103      	movs	r1, #3
87802d5e:	f44f 4080 	mov.w	r0, #16384	@ 0x4000
87802d62:	f2c0 200a 	movt	r0, #522	@ 0x20a
87802d66:	9301      	str	r3, [sp, #4]
87802d68:	f88d 3008 	strb.w	r3, [sp, #8]
87802d6c:	f241 03b0 	movw	r3, #4272	@ 0x10b0
87802d70:	f8c4 6110 	str.w	r6, [r4, #272]	@ 0x110
87802d74:	f8c4 339c 	str.w	r3, [r4, #924]	@ 0x39c
87802d78:	f7ff fd92 	bl	878028a0 <gpio_init>
87802d7c:	2380      	movs	r3, #128	@ 0x80
87802d7e:	f8c4 6134 	str.w	r6, [r4, #308]	@ 0x134
87802d82:	aa01      	add	r2, sp, #4
87802d84:	f8c4 6154 	str.w	r6, [r4, #340]	@ 0x154
87802d88:	210c      	movs	r1, #12
87802d8a:	f8c4 6174 	str.w	r6, [r4, #372]	@ 0x174
87802d8e:	f44f 4080 	mov.w	r0, #16384	@ 0x4000
87802d92:	f2c0 200a 	movt	r0, #522	@ 0x20a
87802d96:	f8c4 33c0 	str.w	r3, [r4, #960]	@ 0x3c0
87802d9a:	f8c4 33e0 	str.w	r3, [r4, #992]	@ 0x3e0
87802d9e:	f8c4 3400 	str.w	r3, [r4, #1024]	@ 0x400
87802da2:	2400      	movs	r4, #0
87802da4:	9401      	str	r4, [sp, #4]
87802da6:	f7ff fd7b 	bl	878028a0 <gpio_init>
87802daa:	aa01      	add	r2, sp, #4
87802dac:	2114      	movs	r1, #20
87802dae:	f44f 4080 	mov.w	r0, #16384	@ 0x4000
87802db2:	f2c0 200a 	movt	r0, #522	@ 0x20a
87802db6:	f7ff fd73 	bl	878028a0 <gpio_init>
87802dba:	aa01      	add	r2, sp, #4
87802dbc:	211c      	movs	r1, #28
87802dbe:	f44f 4080 	mov.w	r0, #16384	@ 0x4000
87802dc2:	f2c0 200a 	movt	r0, #522	@ 0x20a
87802dc6:	f7ff fd6b 	bl	878028a0 <gpio_init>
87802dca:	211c      	movs	r1, #28
87802dcc:	f44f 4080 	mov.w	r0, #16384	@ 0x4000
87802dd0:	f2c0 200a 	movt	r0, #522	@ 0x20a
87802dd4:	f7ff fd02 	bl	878027dc <gpio_pinread>
87802dd8:	2114      	movs	r1, #20
87802dda:	b2c5      	uxtb	r5, r0
87802ddc:	f44f 4080 	mov.w	r0, #16384	@ 0x4000
87802de0:	f2c0 200a 	movt	r0, #522	@ 0x20a
87802de4:	f7ff fcfa 	bl	878027dc <gpio_pinread>
87802de8:	4606      	mov	r6, r0
87802dea:	211c      	movs	r1, #28
87802dec:	f44f 4080 	mov.w	r0, #16384	@ 0x4000
87802df0:	f2c0 200a 	movt	r0, #522	@ 0x20a
87802df4:	f7ff fcf2 	bl	878027dc <gpio_pinread>
87802df8:	0073      	lsls	r3, r6, #1
87802dfa:	0082      	lsls	r2, r0, #2
87802dfc:	f403 73ff 	and.w	r3, r3, #510	@ 0x1fe
87802e00:	f402 727f 	and.w	r2, r2, #1020	@ 0x3fc
87802e04:	4313      	orrs	r3, r2
87802e06:	432b      	orrs	r3, r5
87802e08:	2b05      	cmp	r3, #5
87802e0a:	bf88      	it	hi
87802e0c:	4620      	movhi	r0, r4
87802e0e:	d803      	bhi.n	87802e18 <LCD_Read_PanelID+0xcc>
87802e10:	4a02      	ldr	r2, [pc, #8]	@ (87802e1c <LCD_Read_PanelID+0xd0>)
87802e12:	447a      	add	r2, pc
87802e14:	f832 0013 	ldrh.w	r0, [r2, r3, lsl #1]
87802e18:	b004      	add	sp, #16
87802e1a:	bd70      	pop	{r4, r5, r6, pc}
87802e1c:	000019ee 	andeq	r1, r0, lr, ror #19

87802e20 <LCD_GPIO_Init>:
87802e20:	b510      	push	{r4, lr}
87802e22:	2300      	movs	r3, #0
87802e24:	f2c0 230e 	movt	r3, #526	@ 0x20e
87802e28:	b086      	sub	sp, #24
87802e2a:	2200      	movs	r2, #0
87802e2c:	21b9      	movs	r1, #185	@ 0xb9
87802e2e:	2405      	movs	r4, #5
87802e30:	f8c3 2118 	str.w	r2, [r3, #280]	@ 0x118
87802e34:	f44f 4040 	mov.w	r0, #49152	@ 0xc000
87802e38:	f2c0 2009 	movt	r0, #521	@ 0x209
87802e3c:	f8c3 211c 	str.w	r2, [r3, #284]	@ 0x11c
87802e40:	f8c3 2120 	str.w	r2, [r3, #288]	@ 0x120
87802e44:	f8c3 2124 	str.w	r2, [r3, #292]	@ 0x124
87802e48:	f8c3 2108 	str.w	r2, [r3, #264]	@ 0x108
87802e4c:	f8c3 210c 	str.w	r2, [r3, #268]	@ 0x10c
87802e50:	f8c3 25dc 	str.w	r2, [r3, #1500]	@ 0x5dc
87802e54:	f8c3 2110 	str.w	r2, [r3, #272]	@ 0x110
87802e58:	aa03      	add	r2, sp, #12
87802e5a:	67dc      	str	r4, [r3, #124]	@ 0x7c
87802e5c:	2401      	movs	r4, #1
87802e5e:	f8c3 13a4 	str.w	r1, [r3, #932]	@ 0x3a4
87802e62:	f8c3 13a8 	str.w	r1, [r3, #936]	@ 0x3a8
87802e66:	f8c3 1390 	str.w	r1, [r3, #912]	@ 0x390
87802e6a:	f8c3 1394 	str.w	r1, [r3, #916]	@ 0x394
87802e6e:	f8c3 1398 	str.w	r1, [r3, #920]	@ 0x398
87802e72:	f8c3 139c 	str.w	r1, [r3, #924]	@ 0x39c
87802e76:	f8c3 1308 	str.w	r1, [r3, #776]	@ 0x308
87802e7a:	2108      	movs	r1, #8
87802e7c:	9001      	str	r0, [sp, #4]
87802e7e:	9403      	str	r4, [sp, #12]
87802e80:	f88d 4010 	strb.w	r4, [sp, #16]
87802e84:	f7ff fd0c 	bl	878028a0 <gpio_init>
87802e88:	9801      	ldr	r0, [sp, #4]
87802e8a:	4622      	mov	r2, r4
87802e8c:	2108      	movs	r1, #8
87802e8e:	f7ff fc99 	bl	878027c4 <gpio_pinwrite>
87802e92:	b006      	add	sp, #24
87802e94:	bd10      	pop	{r4, pc}
87802e96:	bf00      	nop

87802e98 <LCD_Init>:
87802e98:	e92d 47f0 	stmdb	sp!, {r4, r5, r6, r7, r8, r9, sl, lr}
87802e9c:	f44f 4400 	mov.w	r4, #32768	@ 0x8000
87802ea0:	f2c0 241c 	movt	r4, #540	@ 0x21c
87802ea4:	f7ff ff52 	bl	87802d4c <LCD_Read_PanelID>
87802ea8:	4601      	mov	r1, r0
87802eaa:	4605      	mov	r5, r0
87802eac:	4857      	ldr	r0, [pc, #348]	@ (8780300c <LCD_Init+0x174>)
87802eae:	4478      	add	r0, pc
87802eb0:	f7fd fac2 	bl	87800438 <printf>
87802eb4:	f7ff ffb4 	bl	87802e20 <LCD_GPIO_Init>
87802eb8:	6823      	ldr	r3, [r4, #0]
87802eba:	2064      	movs	r0, #100	@ 0x64
87802ebc:	f043 4300 	orr.w	r3, r3, #2147483648	@ 0x80000000
87802ec0:	6023      	str	r3, [r4, #0]
87802ec2:	f7ff fb91 	bl	878025e8 <Delay_ms>
87802ec6:	6823      	ldr	r3, [r4, #0]
87802ec8:	f244 3242 	movw	r2, #17218	@ 0x4342
87802ecc:	4295      	cmp	r5, r2
87802ece:	f023 4300 	bic.w	r3, r3, #2147483648	@ 0x80000000
87802ed2:	6023      	str	r3, [r4, #0]
87802ed4:	d06b      	beq.n	87802fae <LCD_Init+0x116>
87802ed6:	4b4e      	ldr	r3, [pc, #312]	@ (87803010 <LCD_Init+0x178>)
87802ed8:	447b      	add	r3, pc
87802eda:	f8b3 8002 	ldrh.w	r8, [r3, #2]
87802ede:	8999      	ldrh	r1, [r3, #12]
87802ee0:	f8b3 e00e 	ldrh.w	lr, [r3, #14]
87802ee4:	8a1e      	ldrh	r6, [r3, #16]
87802ee6:	88df      	ldrh	r7, [r3, #6]
87802ee8:	891a      	ldrh	r2, [r3, #8]
87802eea:	440e      	add	r6, r1
87802eec:	f8b3 9000 	ldrh.w	r9, [r3]
87802ef0:	eb08 0e4e 	add.w	lr, r8, lr, lsl #1
87802ef4:	443a      	add	r2, r7
87802ef6:	895b      	ldrh	r3, [r3, #10]
87802ef8:	448e      	add	lr, r1
87802efa:	eb02 4606 	add.w	r6, r2, r6, lsl #16
87802efe:	444a      	add	r2, r9
87802f00:	eb0e 4e81 	add.w	lr, lr, r1, lsl #18
87802f04:	ea48 4909 	orr.w	r9, r8, r9, lsl #16
87802f08:	eb02 0a03 	add.w	sl, r2, r3
87802f0c:	f448 2880 	orr.w	r8, r8, #262144	@ 0x40000
87802f10:	4d40      	ldr	r5, [pc, #256]	@ (87803014 <LCD_Init+0x17c>)
87802f12:	f44f 4200 	mov.w	r2, #32768	@ 0x8000
87802f16:	f2c0 221c 	movt	r2, #540	@ 0x21c
87802f1a:	2100      	movs	r1, #0
87802f1c:	447d      	add	r5, pc
87802f1e:	f04f 4309 	mov.w	r3, #2298478592	@ 0x89000000
87802f22:	2004      	movs	r0, #4
87802f24:	f04f 14ff 	mov.w	r4, #16711935	@ 0xff00ff
87802f28:	7128      	strb	r0, [r5, #4]
87802f2a:	f640 7021 	movw	r0, #3873	@ 0xf21
87802f2e:	f2c0 000a 	movt	r0, #10
87802f32:	61e9      	str	r1, [r5, #28]
87802f34:	616b      	str	r3, [r5, #20]
87802f36:	61ac      	str	r4, [r5, #24]
87802f38:	6011      	str	r1, [r2, #0]
87802f3a:	f8d2 c000 	ldr.w	ip, [r2]
87802f3e:	ea4c 0000 	orr.w	r0, ip, r0
87802f42:	6010      	str	r0, [r2, #0]
87802f44:	6111      	str	r1, [r2, #16]
87802f46:	2014      	movs	r0, #20
87802f48:	f8d2 c010 	ldr.w	ip, [r2, #16]
87802f4c:	f44c 2ce0 	orr.w	ip, ip, #458752	@ 0x70000
87802f50:	f8c2 c010 	str.w	ip, [r2, #16]
87802f54:	6311      	str	r1, [r2, #48]	@ 0x30
87802f56:	f8d2 c030 	ldr.w	ip, [r2, #48]	@ 0x30
87802f5a:	ea4c 0909 	orr.w	r9, ip, r9
87802f5e:	f8c2 9030 	str.w	r9, [r2, #48]	@ 0x30
87802f62:	6711      	str	r1, [r2, #112]	@ 0x70
87802f64:	6f11      	ldr	r1, [r2, #112]	@ 0x70
87802f66:	4339      	orrs	r1, r7
87802f68:	f041 5199 	orr.w	r1, r1, #320864256	@ 0x13200000
87802f6c:	6711      	str	r1, [r2, #112]	@ 0x70
87802f6e:	f8c2 a080 	str.w	sl, [r2, #128]	@ 0x80
87802f72:	f8c2 e090 	str.w	lr, [r2, #144]	@ 0x90
87802f76:	f8c2 60a0 	str.w	r6, [r2, #160]	@ 0xa0
87802f7a:	f8c2 80b0 	str.w	r8, [r2, #176]	@ 0xb0
87802f7e:	6413      	str	r3, [r2, #64]	@ 0x40
87802f80:	6513      	str	r3, [r2, #80]	@ 0x50
87802f82:	6811      	ldr	r1, [r2, #0]
87802f84:	f041 0101 	orr.w	r1, r1, #1
87802f88:	6011      	str	r1, [r2, #0]
87802f8a:	f7ff fb2d 	bl	878025e8 <Delay_ms>
87802f8e:	886a      	ldrh	r2, [r5, #2]
87802f90:	8829      	ldrh	r1, [r5, #0]
87802f92:	fb01 f202 	mul.w	r2, r1, r2
87802f96:	b142      	cbz	r2, 87802faa <LCD_Init+0x112>
87802f98:	f1a2 52ee 	sub.w	r2, r2, #499122176	@ 0x1dc00000
87802f9c:	f04f 4309 	mov.w	r3, #2298478592	@ 0x89000000
87802fa0:	0092      	lsls	r2, r2, #2
87802fa2:	f843 4b04 	str.w	r4, [r3], #4
87802fa6:	429a      	cmp	r2, r3
87802fa8:	d1fb      	bne.n	87802fa2 <LCD_Init+0x10a>
87802faa:	e8bd 87f0 	ldmia.w	sp!, {r4, r5, r6, r7, r8, r9, sl, pc}
87802fae:	4b1a      	ldr	r3, [pc, #104]	@ (87803018 <LCD_Init+0x180>)
87802fb0:	2208      	movs	r2, #8
87802fb2:	4611      	mov	r1, r2
87802fb4:	201b      	movs	r0, #27
87802fb6:	447b      	add	r3, pc
87802fb8:	f44f 7488 	mov.w	r4, #272	@ 0x110
87802fbc:	f2c0 14e0 	movt	r4, #480	@ 0x1e0
87802fc0:	f44f 78f0 	mov.w	r8, #480	@ 0x1e0
87802fc4:	f2c0 0804 	movt	r8, #4
87802fc8:	2609      	movs	r6, #9
87802fca:	f2c0 0629 	movt	r6, #41	@ 0x29
87802fce:	601c      	str	r4, [r3, #0]
87802fd0:	2401      	movs	r4, #1
87802fd2:	f2c0 0408 	movt	r4, #8
87802fd6:	f8c3 4006 	str.w	r4, [r3, #6]
87802fda:	4614      	mov	r4, r2
87802fdc:	f2c0 0401 	movt	r4, #1
87802fe0:	f44f 79f0 	mov.w	r9, #480	@ 0x1e0
87802fe4:	f2c0 1910 	movt	r9, #272	@ 0x110
87802fe8:	f8c3 400a 	str.w	r4, [r3, #10]
87802fec:	2701      	movs	r7, #1
87802fee:	2405      	movs	r4, #5
87802ff0:	f2c0 0428 	movt	r4, #40	@ 0x28
87802ff4:	f240 1a21 	movw	sl, #289	@ 0x121
87802ff8:	f8c3 400e 	str.w	r4, [r3, #14]
87802ffc:	f7ff fe66 	bl	87802ccc <LCD_PixelClock_Init>
87803000:	f240 1eeb 	movw	lr, #491	@ 0x1eb
87803004:	f2c0 0e04 	movt	lr, #4
87803008:	e782      	b.n	87802f10 <LCD_Init+0x78>
8780300a:	bf00      	nop
8780300c:	0000190a 	andeq	r1, r0, sl, lsl #18
87803010:	00006ec0 	andeq	r6, r0, r0, asr #29
87803014:	00006e7c 	andeq	r6, r0, ip, ror lr
87803018:	00006de2 	andeq	r6, r0, r2, ror #27

8780301c <LCD_Reset>:
8780301c:	f44f 4300 	mov.w	r3, #32768	@ 0x8000
87803020:	f2c0 231c 	movt	r3, #540	@ 0x21c
87803024:	681a      	ldr	r2, [r3, #0]
87803026:	f042 4200 	orr.w	r2, r2, #2147483648	@ 0x80000000
8780302a:	601a      	str	r2, [r3, #0]
8780302c:	4770      	bx	lr
8780302e:	bf00      	nop

87803030 <LCD_Reset_Stop>:
87803030:	f44f 4300 	mov.w	r3, #32768	@ 0x8000
87803034:	f2c0 231c 	movt	r3, #540	@ 0x21c
87803038:	681a      	ldr	r2, [r3, #0]
8780303a:	f022 4200 	bic.w	r2, r2, #2147483648	@ 0x80000000
8780303e:	601a      	str	r2, [r3, #0]
87803040:	4770      	bx	lr
87803042:	bf00      	nop

87803044 <LCD_Enable>:
87803044:	f44f 4300 	mov.w	r3, #32768	@ 0x8000
87803048:	f2c0 231c 	movt	r3, #540	@ 0x21c
8780304c:	681a      	ldr	r2, [r3, #0]
8780304e:	f042 0201 	orr.w	r2, r2, #1
87803052:	601a      	str	r2, [r3, #0]
87803054:	4770      	bx	lr
87803056:	bf00      	nop

87803058 <LCD_Clear>:
87803058:	4b08      	ldr	r3, [pc, #32]	@ (8780307c <LCD_Clear+0x24>)
8780305a:	447b      	add	r3, pc
8780305c:	885a      	ldrh	r2, [r3, #2]
8780305e:	881b      	ldrh	r3, [r3, #0]
87803060:	fb03 f202 	mul.w	r2, r3, r2
87803064:	b142      	cbz	r2, 87803078 <LCD_Clear+0x20>
87803066:	f1a2 52ee 	sub.w	r2, r2, #499122176	@ 0x1dc00000
8780306a:	f04f 4309 	mov.w	r3, #2298478592	@ 0x89000000
8780306e:	0092      	lsls	r2, r2, #2
87803070:	f843 0b04 	str.w	r0, [r3], #4
87803074:	4293      	cmp	r3, r2
87803076:	d1fb      	bne.n	87803070 <LCD_Clear+0x18>
87803078:	4770      	bx	lr
8780307a:	bf00      	nop
8780307c:	00006d3e 	andeq	r6, r0, lr, lsr sp

87803080 <LCD_DrawLine>:
87803080:	e92d 4ff0 	stmdb	sp!, {r4, r5, r6, r7, r8, r9, sl, fp, lr}
87803084:	1a16      	subs	r6, r2, r0
87803086:	4d49      	ldr	r5, [pc, #292]	@ (878031ac <LCD_DrawLine+0x12c>)
87803088:	b085      	sub	sp, #20
8780308a:	1a5f      	subs	r7, r3, r1
8780308c:	447d      	add	r5, pc
8780308e:	2e00      	cmp	r6, #0
87803090:	dd4e      	ble.n	87803130 <LCD_DrawLine+0xb0>
87803092:	2f00      	cmp	r7, #0
87803094:	bfc8      	it	gt
87803096:	f04f 0901 	movgt.w	r9, #1
8780309a:	dd3f      	ble.n	8780311c <LCD_DrawLine+0x9c>
8780309c:	42b7      	cmp	r7, r6
8780309e:	463c      	mov	r4, r7
878030a0:	f04f 0801 	mov.w	r8, #1
878030a4:	bfb8      	it	lt
878030a6:	4634      	movlt	r4, r6
878030a8:	eb04 0a08 	add.w	sl, r4, r8
878030ac:	4b40      	ldr	r3, [pc, #256]	@ (878031b0 <LCD_DrawLine+0x130>)
878030ae:	58ed      	ldr	r5, [r5, r3]
878030b0:	2300      	movs	r3, #0
878030b2:	469e      	mov	lr, r3
878030b4:	e9cd 6702 	strd	r6, r7, [sp, #8]
878030b8:	792a      	ldrb	r2, [r5, #4]
878030ba:	9200      	str	r2, [sp, #0]
878030bc:	886a      	ldrh	r2, [r5, #2]
878030be:	9201      	str	r2, [sp, #4]
878030c0:	461a      	mov	r2, r3
878030c2:	9e02      	ldr	r6, [sp, #8]
878030c4:	fa1f fb81 	uxth.w	fp, r1
878030c8:	fa1f fc80 	uxth.w	ip, r0
878030cc:	f10e 0e01 	add.w	lr, lr, #1
878030d0:	4432      	add	r2, r6
878030d2:	9e03      	ldr	r6, [sp, #12]
878030d4:	42a2      	cmp	r2, r4
878030d6:	fa1f fe8e 	uxth.w	lr, lr
878030da:	4433      	add	r3, r6
878030dc:	9e01      	ldr	r6, [sp, #4]
878030de:	fb06 cc0b 	mla	ip, r6, fp, ip
878030e2:	9e00      	ldr	r6, [sp, #0]
878030e4:	eba2 0b04 	sub.w	fp, r2, r4
878030e8:	bfc8      	it	gt
878030ea:	465a      	movgt	r2, fp
878030ec:	eb00 0b09 	add.w	fp, r0, r9
878030f0:	bfc8      	it	gt
878030f2:	4658      	movgt	r0, fp
878030f4:	42a3      	cmp	r3, r4
878030f6:	fb06 fc0c 	mul.w	ip, r6, ip
878030fa:	e9d5 6705 	ldrd	r6, r7, [r5, #20]
878030fe:	f84c 7006 	str.w	r7, [ip, r6]
87803102:	eba3 0c04 	sub.w	ip, r3, r4
87803106:	bfc8      	it	gt
87803108:	4663      	movgt	r3, ip
8780310a:	eb01 0c08 	add.w	ip, r1, r8
8780310e:	bfc8      	it	gt
87803110:	4661      	movgt	r1, ip
87803112:	45f2      	cmp	sl, lr
87803114:	dad5      	bge.n	878030c2 <LCD_DrawLine+0x42>
87803116:	b005      	add	sp, #20
87803118:	e8bd 8ff0 	ldmia.w	sp!, {r4, r5, r6, r7, r8, r9, sl, fp, pc}
8780311c:	d123      	bne.n	87803166 <LCD_DrawLine+0xe6>
8780311e:	f106 0a01 	add.w	sl, r6, #1
87803122:	4634      	mov	r4, r6
87803124:	f04f 0901 	mov.w	r9, #1
87803128:	f04f 0800 	mov.w	r8, #0
8780312c:	4647      	mov	r7, r8
8780312e:	e7bd      	b.n	878030ac <LCD_DrawLine+0x2c>
87803130:	d109      	bne.n	87803146 <LCD_DrawLine+0xc6>
87803132:	2f00      	cmp	r7, #0
87803134:	bfc8      	it	gt
87803136:	46b1      	movgt	r9, r6
87803138:	dcb0      	bgt.n	8780309c <LCD_DrawLine+0x1c>
8780313a:	d12d      	bne.n	87803198 <LCD_DrawLine+0x118>
8780313c:	4634      	mov	r4, r6
8780313e:	46b1      	mov	r9, r6
87803140:	f04f 0a01 	mov.w	sl, #1
87803144:	e7f0      	b.n	87803128 <LCD_DrawLine+0xa8>
87803146:	2f00      	cmp	r7, #0
87803148:	eba0 0602 	sub.w	r6, r0, r2
8780314c:	bfc8      	it	gt
8780314e:	f04f 39ff 	movgt.w	r9, #4294967295	@ 0xffffffff
87803152:	dca3      	bgt.n	8780309c <LCD_DrawLine+0x1c>
87803154:	d113      	bne.n	8780317e <LCD_DrawLine+0xfe>
87803156:	ea26 74e6 	bic.w	r4, r6, r6, asr #31
8780315a:	46b8      	mov	r8, r7
8780315c:	f104 0a01 	add.w	sl, r4, #1
87803160:	f04f 39ff 	mov.w	r9, #4294967295	@ 0xffffffff
87803164:	e7a2      	b.n	878030ac <LCD_DrawLine+0x2c>
87803166:	1acf      	subs	r7, r1, r3
87803168:	4634      	mov	r4, r6
8780316a:	42be      	cmp	r6, r7
8780316c:	f04f 0901 	mov.w	r9, #1
87803170:	bfb8      	it	lt
87803172:	463c      	movlt	r4, r7
87803174:	f04f 38ff 	mov.w	r8, #4294967295	@ 0xffffffff
87803178:	eb04 0a09 	add.w	sl, r4, r9
8780317c:	e796      	b.n	878030ac <LCD_DrawLine+0x2c>
8780317e:	1acf      	subs	r7, r1, r3
87803180:	4634      	mov	r4, r6
87803182:	42be      	cmp	r6, r7
87803184:	bfb8      	it	lt
87803186:	463c      	movlt	r4, r7
87803188:	1c63      	adds	r3, r4, #1
8780318a:	dbc4      	blt.n	87803116 <LCD_DrawLine+0x96>
8780318c:	f04f 38ff 	mov.w	r8, #4294967295	@ 0xffffffff
87803190:	f104 0a01 	add.w	sl, r4, #1
87803194:	46c1      	mov	r9, r8
87803196:	e789      	b.n	878030ac <LCD_DrawLine+0x2c>
87803198:	1acf      	subs	r7, r1, r3
8780319a:	46b1      	mov	r9, r6
8780319c:	f04f 38ff 	mov.w	r8, #4294967295	@ 0xffffffff
878031a0:	ea27 74e7 	bic.w	r4, r7, r7, asr #31
878031a4:	f104 0a01 	add.w	sl, r4, #1
878031a8:	e780      	b.n	878030ac <LCD_DrawLine+0x2c>
878031aa:	bf00      	nop
878031ac:	ffffcf70 			@ <UNDEFINED> instruction: 0xffffcf70
878031b0:	00000180 	andeq	r0, r0, r0, lsl #3

878031b4 <LCD_DrawRectangle>:
878031b4:	e92d 41f0 	stmdb	sp!, {r4, r5, r6, r7, r8, lr}
878031b8:	461c      	mov	r4, r3
878031ba:	4606      	mov	r6, r0
878031bc:	460d      	mov	r5, r1
878031be:	460b      	mov	r3, r1
878031c0:	4617      	mov	r7, r2
878031c2:	f7ff ff5d 	bl	87803080 <LCD_DrawLine>
878031c6:	4623      	mov	r3, r4
878031c8:	4632      	mov	r2, r6
878031ca:	4629      	mov	r1, r5
878031cc:	4630      	mov	r0, r6
878031ce:	f7ff ff57 	bl	87803080 <LCD_DrawLine>
878031d2:	4623      	mov	r3, r4
878031d4:	463a      	mov	r2, r7
878031d6:	4621      	mov	r1, r4
878031d8:	4630      	mov	r0, r6
878031da:	f7ff ff51 	bl	87803080 <LCD_DrawLine>
878031de:	4623      	mov	r3, r4
878031e0:	463a      	mov	r2, r7
878031e2:	4629      	mov	r1, r5
878031e4:	4638      	mov	r0, r7
878031e6:	e8bd 41f0 	ldmia.w	sp!, {r4, r5, r6, r7, r8, lr}
878031ea:	f7ff bf49 	b.w	87803080 <LCD_DrawLine>
878031ee:	bf00      	nop

878031f0 <LCD_Draw_Circle>:
878031f0:	e92d 4ff0 	stmdb	sp!, {r4, r5, r6, r7, r8, r9, sl, fp, lr}
878031f4:	4b43      	ldr	r3, [pc, #268]	@ (87803304 <LCD_Draw_Circle+0x114>)
878031f6:	b087      	sub	sp, #28
878031f8:	447b      	add	r3, pc
878031fa:	9100      	str	r1, [sp, #0]
878031fc:	2a00      	cmp	r2, #0
878031fe:	d07e      	beq.n	878032fe <LCD_Draw_Circle+0x10e>
87803200:	f1c2 0701 	rsb	r7, r2, #1
87803204:	4693      	mov	fp, r2
87803206:	4a40      	ldr	r2, [pc, #256]	@ (87803308 <LCD_Draw_Circle+0x118>)
87803208:	4681      	mov	r9, r0
8780320a:	2000      	movs	r0, #0
8780320c:	5899      	ldr	r1, [r3, r2]
8780320e:	9701      	str	r7, [sp, #4]
87803210:	790d      	ldrb	r5, [r1, #4]
87803212:	f8b1 8002 	ldrh.w	r8, [r1, #2]
87803216:	9b00      	ldr	r3, [sp, #0]
87803218:	eba0 0c0b 	sub.w	ip, r0, fp
8780321c:	698e      	ldr	r6, [r1, #24]
8780321e:	eb09 0400 	add.w	r4, r9, r0
87803222:	eb03 020b 	add.w	r2, r3, fp
87803226:	9602      	str	r6, [sp, #8]
87803228:	9e01      	ldr	r6, [sp, #4]
8780322a:	4403      	add	r3, r0
8780322c:	b292      	uxth	r2, r2
8780322e:	b29b      	uxth	r3, r3
87803230:	eb06 0740 	add.w	r7, r6, r0, lsl #1
87803234:	9705      	str	r7, [sp, #20]
87803236:	eb06 074c 	add.w	r7, r6, ip, lsl #1
8780323a:	9e00      	ldr	r6, [sp, #0]
8780323c:	fb08 f202 	mul.w	r2, r8, r2
87803240:	eba9 0c00 	sub.w	ip, r9, r0
87803244:	eba6 0e0b 	sub.w	lr, r6, fp
87803248:	9704      	str	r7, [sp, #16]
8780324a:	694f      	ldr	r7, [r1, #20]
8780324c:	fb08 f303 	mul.w	r3, r8, r3
87803250:	fa12 fa84 	uxtah	sl, r2, r4
87803254:	fa1f fe8e 	uxth.w	lr, lr
87803258:	9e02      	ldr	r6, [sp, #8]
8780325a:	fa12 f28c 	uxtah	r2, r2, ip
8780325e:	fb08 fe0e 	mul.w	lr, r8, lr
87803262:	fb05 fa0a 	mul.w	sl, r5, sl
87803266:	fb05 f202 	mul.w	r2, r5, r2
8780326a:	fa1e fc8c 	uxtah	ip, lr, ip
8780326e:	9203      	str	r2, [sp, #12]
87803270:	fa1e f484 	uxtah	r4, lr, r4
87803274:	eba9 0e0b 	sub.w	lr, r9, fp
87803278:	f84a 6007 	str.w	r6, [sl, r7]
8780327c:	eb09 060b 	add.w	r6, r9, fp
87803280:	fb05 fa0c 	mul.w	sl, r5, ip
87803284:	9f02      	ldr	r7, [sp, #8]
87803286:	fa13 fc86 	uxtah	ip, r3, r6
8780328a:	694a      	ldr	r2, [r1, #20]
8780328c:	fa13 f38e 	uxtah	r3, r3, lr
87803290:	fb05 f404 	mul.w	r4, r5, r4
87803294:	fb05 fc0c 	mul.w	ip, r5, ip
87803298:	fb05 f303 	mul.w	r3, r5, r3
8780329c:	f84c 7002 	str.w	r7, [ip, r2]
878032a0:	9f03      	ldr	r7, [sp, #12]
878032a2:	e9d1 2c05 	ldrd	r2, ip, [r1, #20]
878032a6:	f847 c002 	str.w	ip, [r7, r2]
878032aa:	9a00      	ldr	r2, [sp, #0]
878032ac:	1a12      	subs	r2, r2, r0
878032ae:	3001      	adds	r0, #1
878032b0:	b292      	uxth	r2, r2
878032b2:	fb08 f202 	mul.w	r2, r8, r2
878032b6:	fa12 fe8e 	uxtah	lr, r2, lr
878032ba:	fa12 f686 	uxtah	r6, r2, r6
878032be:	694a      	ldr	r2, [r1, #20]
878032c0:	fb05 fe0e 	mul.w	lr, r5, lr
878032c4:	f843 c002 	str.w	ip, [r3, r2]
878032c8:	fb05 f606 	mul.w	r6, r5, r6
878032cc:	e9d1 3205 	ldrd	r3, r2, [r1, #20]
878032d0:	f84a 2003 	str.w	r2, [sl, r3]
878032d4:	694b      	ldr	r3, [r1, #20]
878032d6:	f84e 2003 	str.w	r2, [lr, r3]
878032da:	e9d1 3205 	ldrd	r3, r2, [r1, #20]
878032de:	50e2      	str	r2, [r4, r3]
878032e0:	694b      	ldr	r3, [r1, #20]
878032e2:	50f2      	str	r2, [r6, r3]
878032e4:	9e01      	ldr	r6, [sp, #4]
878032e6:	2e00      	cmp	r6, #0
878032e8:	bfab      	itete	ge
878032ea:	f10b 3bff 	addge.w	fp, fp, #4294967295	@ 0xffffffff
878032ee:	9f05      	ldrlt	r7, [sp, #20]
878032f0:	9f04      	ldrge	r7, [sp, #16]
878032f2:	3703      	addlt	r7, #3
878032f4:	bfa8      	it	ge
878032f6:	3705      	addge	r7, #5
878032f8:	4583      	cmp	fp, r0
878032fa:	9701      	str	r7, [sp, #4]
878032fc:	dc8b      	bgt.n	87803216 <LCD_Draw_Circle+0x26>
878032fe:	b007      	add	sp, #28
87803300:	e8bd 8ff0 	ldmia.w	sp!, {r4, r5, r6, r7, r8, r9, sl, fp, pc}
87803304:	ffffce04 			@ <UNDEFINED> instruction: 0xffffce04
87803308:	00000180 	andeq	r0, r0, r0, lsl #3

8780330c <LCD_ShowChar>:
8780330c:	e92d 4ff0 	stmdb	sp!, {r4, r5, r6, r7, r8, r9, sl, fp, lr}
87803310:	461c      	mov	r4, r3
87803312:	f013 0307 	ands.w	r3, r3, #7
87803316:	b089      	sub	sp, #36	@ 0x24
87803318:	bf18      	it	ne
8780331a:	2301      	movne	r3, #1
8780331c:	468b      	mov	fp, r1
8780331e:	eb03 03d4 	add.w	r3, r3, r4, lsr #3
87803322:	9106      	str	r1, [sp, #24]
87803324:	0861      	lsrs	r1, r4, #1
87803326:	f89d 7048 	ldrb.w	r7, [sp, #72]	@ 0x48
8780332a:	fb13 f301 	smulbb	r3, r3, r1
8780332e:	494b      	ldr	r1, [pc, #300]	@ (8780345c <LCD_ShowChar+0x150>)
87803330:	f013 03ff 	ands.w	r3, r3, #255	@ 0xff
87803334:	4479      	add	r1, pc
87803336:	d042      	beq.n	878033be <LCD_ShowChar+0xb2>
87803338:	4d49      	ldr	r5, [pc, #292]	@ (87803460 <LCD_ShowChar+0x154>)
8780333a:	3a20      	subs	r2, #32
8780333c:	4e49      	ldr	r6, [pc, #292]	@ (87803464 <LCD_ShowChar+0x158>)
8780333e:	b2d2      	uxtb	r2, r2
87803340:	447e      	add	r6, pc
87803342:	f851 e005 	ldr.w	lr, [r1, r5]
87803346:	210c      	movs	r1, #12
87803348:	2524      	movs	r5, #36	@ 0x24
8780334a:	fb01 6a02 	mla	sl, r1, r2, r6
8780334e:	f606 2164 	addw	r1, r6, #2660	@ 0xa64
87803352:	f206 4674 	addw	r6, r6, #1140	@ 0x474
87803356:	f89e 9004 	ldrb.w	r9, [lr, #4]
8780335a:	eb06 1602 	add.w	r6, r6, r2, lsl #4
8780335e:	f8be 8000 	ldrh.w	r8, [lr]
87803362:	4433      	add	r3, r6
87803364:	9307      	str	r3, [sp, #28]
87803366:	4b40      	ldr	r3, [pc, #256]	@ (87803468 <LCD_ShowChar+0x15c>)
87803368:	fb05 1502 	mla	r5, r5, r2, r1
8780336c:	9501      	str	r5, [sp, #4]
8780336e:	447b      	add	r3, pc
87803370:	eb03 13c2 	add.w	r3, r3, r2, lsl #7
87803374:	9302      	str	r3, [sp, #8]
87803376:	f8be 3002 	ldrh.w	r3, [lr, #2]
8780337a:	f1a4 020c 	sub.w	r2, r4, #12
8780337e:	9205      	str	r2, [sp, #20]
87803380:	9905      	ldr	r1, [sp, #20]
87803382:	2914      	cmp	r1, #20
87803384:	d81b      	bhi.n	878033be <LCD_ShowChar+0xb2>
87803386:	e8df f001 	tbb	[pc, r1]
8780338a:	1a1a1a5a 	bne	87e89cfa <__bss_end+0x67ff3e>
8780338e:	1a1a1a57 	bne	87e89cf2 <__bss_end+0x67ff36>
87803392:	1a1a1a1a 	bne	87e89c02 <__bss_end+0x67fe46>
87803396:	1a1a1a53 	bne	87e89cea <__bss_end+0x67ff2e>
8780339a:	1a1a1a1a 	bne	87e89c0a <__bss_end+0x67fe4e>
8780339e:	e9dd001d 	ldmib	sp, {r0, r2, r3, r4}^
878033a2:	a603      	add	r6, pc, #12	@ (adr r6, 878033b0 <LCD_ShowChar+0xa4>)
878033a4:	9f00      	ldr	r7, [sp, #0]
878033a6:	9a01      	ldr	r2, [sp, #4]
878033a8:	3601      	adds	r6, #1
878033aa:	f10a 0a01 	add.w	sl, sl, #1
878033ae:	3201      	adds	r2, #1
878033b0:	9201      	str	r2, [sp, #4]
878033b2:	9a02      	ldr	r2, [sp, #8]
878033b4:	3201      	adds	r2, #1
878033b6:	9202      	str	r2, [sp, #8]
878033b8:	9a07      	ldr	r2, [sp, #28]
878033ba:	4296      	cmp	r6, r2
878033bc:	d1e0      	bne.n	87803380 <LCD_ShowChar+0x74>
878033be:	b009      	add	sp, #36	@ 0x24
878033c0:	e8bd 8ff0 	ldmia.w	sp!, {r4, r5, r6, r7, r8, r9, sl, fp, pc}
878033c4:	9a02      	ldr	r2, [sp, #8]
878033c6:	7812      	ldrb	r2, [r2, #0]
878033c8:	9200      	str	r2, [sp, #0]
878033ca:	f10b 0501 	add.w	r5, fp, #1
878033ce:	9a06      	ldr	r2, [sp, #24]
878033d0:	f10b 0c08 	add.w	ip, fp, #8
878033d4:	f8cd a00c 	str.w	sl, [sp, #12]
878033d8:	b2a9      	uxth	r1, r5
878033da:	9604      	str	r6, [sp, #16]
878033dc:	1a89      	subs	r1, r1, r2
878033de:	fa1f fc8c 	uxth.w	ip, ip
878033e2:	9a00      	ldr	r2, [sp, #0]
878033e4:	9700      	str	r7, [sp, #0]
878033e6:	e018      	b.n	8780341a <LCD_ShowChar+0x10e>
878033e8:	9e00      	ldr	r6, [sp, #0]
878033ea:	fb03 0b0b 	mla	fp, r3, fp, r0
878033ee:	b93e      	cbnz	r6, 87803400 <LCD_ShowChar+0xf4>
878033f0:	fb09 fb0b 	mul.w	fp, r9, fp
878033f4:	f8de 6014 	ldr.w	r6, [lr, #20]
878033f8:	f8de 701c 	ldr.w	r7, [lr, #28]
878033fc:	f84b 7006 	str.w	r7, [fp, r6]
87803400:	fa1f fb85 	uxth.w	fp, r5
87803404:	0052      	lsls	r2, r2, #1
87803406:	45d8      	cmp	r8, fp
87803408:	d9d9      	bls.n	878033be <LCD_ShowChar+0xb2>
8780340a:	428c      	cmp	r4, r1
8780340c:	d01b      	beq.n	87803446 <LCD_ShowChar+0x13a>
8780340e:	b2d2      	uxtb	r2, r2
87803410:	3101      	adds	r1, #1
87803412:	45dc      	cmp	ip, fp
87803414:	d0c4      	beq.n	878033a0 <LCD_ShowChar+0x94>
87803416:	f10b 0501 	add.w	r5, fp, #1
8780341a:	fb03 0a0b 	mla	sl, r3, fp, r0
8780341e:	0616      	lsls	r6, r2, #24
87803420:	d5e2      	bpl.n	878033e8 <LCD_ShowChar+0xdc>
87803422:	fb09 fa0a 	mul.w	sl, r9, sl
87803426:	e9de 6705 	ldrd	r6, r7, [lr, #20]
8780342a:	f84a 7006 	str.w	r7, [sl, r6]
8780342e:	e7e7      	b.n	87803400 <LCD_ShowChar+0xf4>
87803430:	9a01      	ldr	r2, [sp, #4]
87803432:	7812      	ldrb	r2, [r2, #0]
87803434:	9200      	str	r2, [sp, #0]
87803436:	e7c8      	b.n	878033ca <LCD_ShowChar+0xbe>
87803438:	7832      	ldrb	r2, [r6, #0]
8780343a:	9200      	str	r2, [sp, #0]
8780343c:	e7c5      	b.n	878033ca <LCD_ShowChar+0xbe>
8780343e:	f89a 2000 	ldrb.w	r2, [sl]
87803442:	9200      	str	r2, [sp, #0]
87803444:	e7c1      	b.n	878033ca <LCD_ShowChar+0xbe>
87803446:	3001      	adds	r0, #1
87803448:	9f00      	ldr	r7, [sp, #0]
8780344a:	e9dd a603 	ldrd	sl, r6, [sp, #12]
8780344e:	b280      	uxth	r0, r0
87803450:	4298      	cmp	r0, r3
87803452:	d2b4      	bcs.n	878033be <LCD_ShowChar+0xb2>
87803454:	f8dd b018 	ldr.w	fp, [sp, #24]
87803458:	e7a5      	b.n	878033a6 <LCD_ShowChar+0x9a>
8780345a:	bf00      	nop
8780345c:	ffffccc8 			@ <UNDEFINED> instruction: 0xffffccc8
87803460:	00000180 	andeq	r0, r0, r0, lsl #3
87803464:	000014cc 	andeq	r1, r0, ip, asr #9
87803468:	00002c5e 	andeq	r2, r0, lr, asr ip

8780346c <LCD_Pow>:
8780346c:	b149      	cbz	r1, 87803482 <LCD_Pow+0x16>
8780346e:	3901      	subs	r1, #1
87803470:	2301      	movs	r3, #1
87803472:	3901      	subs	r1, #1
87803474:	fb00 f303 	mul.w	r3, r0, r3
87803478:	b2c9      	uxtb	r1, r1
8780347a:	29ff      	cmp	r1, #255	@ 0xff
8780347c:	d1f9      	bne.n	87803472 <LCD_Pow+0x6>
8780347e:	4618      	mov	r0, r3
87803480:	4770      	bx	lr
87803482:	2301      	movs	r3, #1
87803484:	4618      	mov	r0, r3
87803486:	4770      	bx	lr

87803488 <LCD_ShowNum>:
87803488:	e92d 4ff0 	stmdb	sp!, {r4, r5, r6, r7, r8, r9, sl, fp, lr}
8780348c:	b085      	sub	sp, #20
8780348e:	f89d 9038 	ldrb.w	r9, [sp, #56]	@ 0x38
87803492:	b3b3      	cbz	r3, 87803502 <LCD_ShowNum+0x7a>
87803494:	2500      	movs	r5, #0
87803496:	f64c 4acd 	movw	sl, #52429	@ 0xcccd
8780349a:	f6cc 4acc 	movt	sl, #52428	@ 0xcccc
8780349e:	461e      	mov	r6, r3
878034a0:	4680      	mov	r8, r0
878034a2:	ea4f 0b59 	mov.w	fp, r9, lsr #1
878034a6:	462f      	mov	r7, r5
878034a8:	240a      	movs	r4, #10
878034aa:	e9cd 1202 	strd	r1, r2, [sp, #8]
878034ae:	1b73      	subs	r3, r6, r5
878034b0:	b2db      	uxtb	r3, r3
878034b2:	2b01      	cmp	r3, #1
878034b4:	d028      	beq.n	87803508 <LCD_ShowNum+0x80>
878034b6:	1eb3      	subs	r3, r6, #2
878034b8:	2101      	movs	r1, #1
878034ba:	1b5b      	subs	r3, r3, r5
878034bc:	3b01      	subs	r3, #1
878034be:	fb04 f101 	mul.w	r1, r4, r1
878034c2:	b2db      	uxtb	r3, r3
878034c4:	2bff      	cmp	r3, #255	@ 0xff
878034c6:	d1f9      	bne.n	878034bc <LCD_ShowNum+0x34>
878034c8:	9803      	ldr	r0, [sp, #12]
878034ca:	f000 ff01 	bl	878042d0 <__udivsi3>
878034ce:	4601      	mov	r1, r0
878034d0:	fbaa 3201 	umull	r3, r2, sl, r1
878034d4:	fb15 830b 	smlabb	r3, r5, fp, r8
878034d8:	08d2      	lsrs	r2, r2, #3
878034da:	b298      	uxth	r0, r3
878034dc:	fb04 1212 	mls	r2, r4, r2, r1
878034e0:	b927      	cbnz	r7, 878034ec <LCD_ShowNum+0x64>
878034e2:	1e73      	subs	r3, r6, #1
878034e4:	42ab      	cmp	r3, r5
878034e6:	dd01      	ble.n	878034ec <LCD_ShowNum+0x64>
878034e8:	b182      	cbz	r2, 8780350c <LCD_ShowNum+0x84>
878034ea:	2701      	movs	r7, #1
878034ec:	3230      	adds	r2, #48	@ 0x30
878034ee:	2300      	movs	r3, #0
878034f0:	9902      	ldr	r1, [sp, #8]
878034f2:	9300      	str	r3, [sp, #0]
878034f4:	b2d2      	uxtb	r2, r2
878034f6:	464b      	mov	r3, r9
878034f8:	f7ff ff08 	bl	8780330c <LCD_ShowChar>
878034fc:	3501      	adds	r5, #1
878034fe:	42ae      	cmp	r6, r5
87803500:	d1d5      	bne.n	878034ae <LCD_ShowNum+0x26>
87803502:	b005      	add	sp, #20
87803504:	e8bd 8ff0 	ldmia.w	sp!, {r4, r5, r6, r7, r8, r9, sl, fp, pc}
87803508:	9903      	ldr	r1, [sp, #12]
8780350a:	e7e1      	b.n	878034d0 <LCD_ShowNum+0x48>
8780350c:	9902      	ldr	r1, [sp, #8]
8780350e:	464b      	mov	r3, r9
87803510:	2220      	movs	r2, #32
87803512:	9700      	str	r7, [sp, #0]
87803514:	f7ff fefa 	bl	8780330c <LCD_ShowChar>
87803518:	e7f0      	b.n	878034fc <LCD_ShowNum+0x74>
8780351a:	bf00      	nop

8780351c <LCD_ShowXNum>:
8780351c:	e92d 4ff0 	stmdb	sp!, {r4, r5, r6, r7, r8, r9, sl, fp, lr}
87803520:	b087      	sub	sp, #28
87803522:	f89d c040 	ldrb.w	ip, [sp, #64]	@ 0x40
87803526:	f89d 9044 	ldrb.w	r9, [sp, #68]	@ 0x44
8780352a:	2b00      	cmp	r3, #0
8780352c:	d03a      	beq.n	878035a4 <LCD_ShowXNum+0x88>
8780352e:	2500      	movs	r5, #0
87803530:	f64c 4bcd 	movw	fp, #52429	@ 0xcccd
87803534:	f6cc 4bcc 	movt	fp, #52428	@ 0xcccc
87803538:	ea4f 0a5c 	mov.w	sl, ip, lsr #1
8780353c:	240a      	movs	r4, #10
8780353e:	4680      	mov	r8, r0
87803540:	462f      	mov	r7, r5
87803542:	461e      	mov	r6, r3
87803544:	e9cd 1202 	strd	r1, r2, [sp, #8]
87803548:	fa4f f389 	sxtb.w	r3, r9
8780354c:	e9cd c304 	strd	ip, r3, [sp, #16]
87803550:	1b73      	subs	r3, r6, r5
87803552:	b2db      	uxtb	r3, r3
87803554:	2b01      	cmp	r3, #1
87803556:	d033      	beq.n	878035c0 <LCD_ShowXNum+0xa4>
87803558:	1eb3      	subs	r3, r6, #2
8780355a:	2101      	movs	r1, #1
8780355c:	1b5b      	subs	r3, r3, r5
8780355e:	3b01      	subs	r3, #1
87803560:	fb04 f101 	mul.w	r1, r4, r1
87803564:	b2db      	uxtb	r3, r3
87803566:	2bff      	cmp	r3, #255	@ 0xff
87803568:	d1f9      	bne.n	8780355e <LCD_ShowXNum+0x42>
8780356a:	9803      	ldr	r0, [sp, #12]
8780356c:	f000 feb0 	bl	878042d0 <__udivsi3>
87803570:	fbab 3200 	umull	r3, r2, fp, r0
87803574:	f009 0301 	and.w	r3, r9, #1
87803578:	08d2      	lsrs	r2, r2, #3
8780357a:	fb04 0212 	mls	r2, r4, r2, r0
8780357e:	fb15 800a 	smlabb	r0, r5, sl, r8
87803582:	b280      	uxth	r0, r0
87803584:	b927      	cbnz	r7, 87803590 <LCD_ShowXNum+0x74>
87803586:	1e71      	subs	r1, r6, #1
87803588:	42a9      	cmp	r1, r5
8780358a:	dd01      	ble.n	87803590 <LCD_ShowXNum+0x74>
8780358c:	b16a      	cbz	r2, 878035aa <LCD_ShowXNum+0x8e>
8780358e:	2701      	movs	r7, #1
87803590:	3230      	adds	r2, #48	@ 0x30
87803592:	9300      	str	r3, [sp, #0]
87803594:	9902      	ldr	r1, [sp, #8]
87803596:	9b04      	ldr	r3, [sp, #16]
87803598:	b2d2      	uxtb	r2, r2
8780359a:	f7ff feb7 	bl	8780330c <LCD_ShowChar>
8780359e:	3501      	adds	r5, #1
878035a0:	42ae      	cmp	r6, r5
878035a2:	d1d5      	bne.n	87803550 <LCD_ShowXNum+0x34>
878035a4:	b007      	add	sp, #28
878035a6:	e8bd 8ff0 	ldmia.w	sp!, {r4, r5, r6, r7, r8, r9, sl, fp, pc}
878035aa:	9a05      	ldr	r2, [sp, #20]
878035ac:	9300      	str	r3, [sp, #0]
878035ae:	42ba      	cmp	r2, r7
878035b0:	9b04      	ldr	r3, [sp, #16]
878035b2:	9902      	ldr	r1, [sp, #8]
878035b4:	bfb4      	ite	lt
878035b6:	2230      	movlt	r2, #48	@ 0x30
878035b8:	2220      	movge	r2, #32
878035ba:	f7ff fea7 	bl	8780330c <LCD_ShowChar>
878035be:	e7ee      	b.n	8780359e <LCD_ShowXNum+0x82>
878035c0:	9803      	ldr	r0, [sp, #12]
878035c2:	e7d5      	b.n	87803570 <LCD_ShowXNum+0x54>

878035c4 <LCD_ShowString>:
878035c4:	e92d 4ff0 	stmdb	sp!, {r4, r5, r6, r7, r8, r9, sl, fp, lr}
878035c8:	4692      	mov	sl, r2
878035ca:	460d      	mov	r5, r1
878035cc:	b085      	sub	sp, #20
878035ce:	f8dd 803c 	ldr.w	r8, [sp, #60]	@ 0x3c
878035d2:	f89d 6038 	ldrb.w	r6, [sp, #56]	@ 0x38
878035d6:	f898 2000 	ldrb.w	r2, [r8]
878035da:	f1a2 0120 	sub.w	r1, r2, #32
878035de:	295e      	cmp	r1, #94	@ 0x5e
878035e0:	d825      	bhi.n	8780362e <LCD_ShowString+0x6a>
878035e2:	442b      	add	r3, r5
878035e4:	4482      	add	sl, r0
878035e6:	4604      	mov	r4, r0
878035e8:	fa5f fb80 	uxtb.w	fp, r0
878035ec:	fa1f f983 	uxth.w	r9, r3
878035f0:	fa1f fa8a 	uxth.w	sl, sl
878035f4:	0873      	lsrs	r3, r6, #1
878035f6:	9303      	str	r3, [sp, #12]
878035f8:	e00b      	b.n	87803612 <LCD_ShowString+0x4e>
878035fa:	9700      	str	r7, [sp, #0]
878035fc:	f7ff fe86 	bl	8780330c <LCD_ShowChar>
87803600:	9b03      	ldr	r3, [sp, #12]
87803602:	f818 2f01 	ldrb.w	r2, [r8, #1]!
87803606:	441c      	add	r4, r3
87803608:	f1a2 0320 	sub.w	r3, r2, #32
8780360c:	b2a4      	uxth	r4, r4
8780360e:	2b5e      	cmp	r3, #94	@ 0x5e
87803610:	d80d      	bhi.n	8780362e <LCD_ShowString+0x6a>
87803612:	1971      	adds	r1, r6, r5
87803614:	2700      	movs	r7, #0
87803616:	4633      	mov	r3, r6
87803618:	b289      	uxth	r1, r1
8780361a:	45a2      	cmp	sl, r4
8780361c:	bf98      	it	ls
8780361e:	460d      	movls	r5, r1
87803620:	45a2      	cmp	sl, r4
87803622:	bf98      	it	ls
87803624:	465c      	movls	r4, fp
87803626:	4629      	mov	r1, r5
87803628:	4620      	mov	r0, r4
8780362a:	454d      	cmp	r5, r9
8780362c:	d3e5      	bcc.n	878035fa <LCD_ShowString+0x36>
8780362e:	b005      	add	sp, #20
87803630:	e8bd 8ff0 	ldmia.w	sp!, {r4, r5, r6, r7, r8, r9, sl, fp, pc}

87803634 <UART_IO_Init>:
87803634:	2300      	movs	r3, #0
87803636:	f2c0 230e 	movt	r3, #526	@ 0x20e
8780363a:	2100      	movs	r1, #0
8780363c:	f241 02b0 	movw	r2, #4272	@ 0x10b0
87803640:	2003      	movs	r0, #3
87803642:	f8c3 1084 	str.w	r1, [r3, #132]	@ 0x84
87803646:	f8c3 1088 	str.w	r1, [r3, #136]	@ 0x88
8780364a:	f8c3 0624 	str.w	r0, [r3, #1572]	@ 0x624
8780364e:	f8c3 2310 	str.w	r2, [r3, #784]	@ 0x310
87803652:	f8c3 2314 	str.w	r2, [r3, #788]	@ 0x314
87803656:	4770      	bx	lr

87803658 <UART_SetBaudrate>:
87803658:	e92d 4ff0 	stmdb	sp!, {r4, r5, r6, r7, r8, r9, sl, fp, lr}
8780365c:	460d      	mov	r5, r1
8780365e:	4682      	mov	sl, r0
87803660:	b085      	sub	sp, #20
87803662:	4693      	mov	fp, r2
87803664:	010e      	lsls	r6, r1, #4
87803666:	f000 80ca 	beq.w	878037fe <UART_SetBaudrate+0x1a6>
8780366a:	4634      	mov	r4, r6
8780366c:	4610      	mov	r0, r2
8780366e:	4621      	mov	r1, r4
87803670:	f000 ff5c 	bl	8780452c <__aeabi_uidivmod>
87803674:	4620      	mov	r0, r4
87803676:	460c      	mov	r4, r1
87803678:	2900      	cmp	r1, #0
8780367a:	d1f8      	bne.n	8780366e <UART_SetBaudrate+0x16>
8780367c:	4601      	mov	r1, r0
8780367e:	4607      	mov	r7, r0
87803680:	4658      	mov	r0, fp
87803682:	f000 fe25 	bl	878042d0 <__udivsi3>
87803686:	4639      	mov	r1, r7
87803688:	4680      	mov	r8, r0
8780368a:	4630      	mov	r0, r6
8780368c:	f000 fe20 	bl	878042d0 <__udivsi3>
87803690:	4606      	mov	r6, r0
87803692:	f64f 73f9 	movw	r3, #65529	@ 0xfff9
87803696:	f2c0 0306 	movt	r3, #6
8780369a:	465c      	mov	r4, fp
8780369c:	4598      	cmp	r8, r3
8780369e:	bf98      	it	ls
878036a0:	f5b6 3f80 	cmpls.w	r6, #65536	@ 0x10000
878036a4:	d37c      	bcc.n	878037a0 <UART_SetBaudrate+0x148>
878036a6:	f108 32ff 	add.w	r2, r8, #4294967295	@ 0xffffffff
878036aa:	f646 53b9 	movw	r3, #28089	@ 0x6db9
878036ae:	f2c2 4393 	movt	r3, #9363	@ 0x2493
878036b2:	4640      	mov	r0, r8
878036b4:	fba3 1302 	umull	r1, r3, r3, r2
878036b8:	1ad2      	subs	r2, r2, r3
878036ba:	eb03 0752 	add.w	r7, r3, r2, lsr #1
878036be:	1e73      	subs	r3, r6, #1
878036c0:	f248 0201 	movw	r2, #32769	@ 0x8001
878036c4:	f2c8 0200 	movt	r2, #32768	@ 0x8000
878036c8:	0cbf      	lsrs	r7, r7, #18
878036ca:	3701      	adds	r7, #1
878036cc:	fba2 2303 	umull	r2, r3, r2, r3
878036d0:	0bdb      	lsrs	r3, r3, #15
878036d2:	3301      	adds	r3, #1
878036d4:	429f      	cmp	r7, r3
878036d6:	bf38      	it	cc
878036d8:	461f      	movcc	r7, r3
878036da:	4639      	mov	r1, r7
878036dc:	f000 fdf8 	bl	878042d0 <__udivsi3>
878036e0:	4639      	mov	r1, r7
878036e2:	4681      	mov	r9, r0
878036e4:	4630      	mov	r0, r6
878036e6:	f000 fdf3 	bl	878042d0 <__udivsi3>
878036ea:	4547      	cmp	r7, r8
878036ec:	d954      	bls.n	87803798 <UART_SetBaudrate+0x140>
878036ee:	42b7      	cmp	r7, r6
878036f0:	d976      	bls.n	878037e0 <UART_SetBaudrate+0x188>
878036f2:	2301      	movs	r3, #1
878036f4:	f04f 0910 	mov.w	r9, #16
878036f8:	461e      	mov	r6, r3
878036fa:	4698      	mov	r8, r3
878036fc:	9301      	str	r3, [sp, #4]
878036fe:	9303      	str	r3, [sp, #12]
87803700:	2305      	movs	r3, #5
87803702:	9302      	str	r3, [sp, #8]
87803704:	464a      	mov	r2, r9
87803706:	2300      	movs	r3, #0
87803708:	4620      	mov	r0, r4
8780370a:	4619      	mov	r1, r3
8780370c:	4614      	mov	r4, r2
8780370e:	4617      	mov	r7, r2
87803710:	f000 ff18 	bl	87804544 <__aeabi_uldivmod>
87803714:	2a00      	cmp	r2, #0
87803716:	d1f6      	bne.n	87803706 <UART_SetBaudrate+0xae>
87803718:	4621      	mov	r1, r4
8780371a:	4658      	mov	r0, fp
8780371c:	f000 fdd8 	bl	878042d0 <__udivsi3>
87803720:	4639      	mov	r1, r7
87803722:	4604      	mov	r4, r0
87803724:	4648      	mov	r0, r9
87803726:	f000 fdd3 	bl	878042d0 <__udivsi3>
8780372a:	4602      	mov	r2, r0
8780372c:	9b01      	ldr	r3, [sp, #4]
8780372e:	fba3 0104 	umull	r0, r1, r3, r4
87803732:	2300      	movs	r3, #0
87803734:	f000 ff06 	bl	87804544 <__aeabi_uldivmod>
87803738:	42a8      	cmp	r0, r5
8780373a:	f171 0200 	sbcs.w	r2, r1, #0
8780373e:	d348      	bcc.n	878037d2 <UART_SetBaudrate+0x17a>
87803740:	1b40      	subs	r0, r0, r5
87803742:	f161 0100 	sbc.w	r1, r1, #0
87803746:	f248 531f 	movw	r3, #34079	@ 0x851f
8780374a:	f2c5 13eb 	movt	r3, #20971	@ 0x51eb
8780374e:	fba3 3505 	umull	r3, r5, r3, r5
87803752:	096d      	lsrs	r5, r5, #5
87803754:	eb05 0545 	add.w	r5, r5, r5, lsl #1
87803758:	42a8      	cmp	r0, r5
8780375a:	f171 0100 	sbcs.w	r1, r1, #0
8780375e:	d218      	bcs.n	87803792 <UART_SetBaudrate+0x13a>
87803760:	f8da 3090 	ldr.w	r3, [sl, #144]	@ 0x90
87803764:	3e01      	subs	r6, #1
87803766:	9a02      	ldr	r2, [sp, #8]
87803768:	4640      	mov	r0, r8
8780376a:	f423 7360 	bic.w	r3, r3, #896	@ 0x380
8780376e:	f8ca 3090 	str.w	r3, [sl, #144]	@ 0x90
87803772:	9903      	ldr	r1, [sp, #12]
87803774:	b2b6      	uxth	r6, r6
87803776:	f8da 3090 	ldr.w	r3, [sl, #144]	@ 0x90
8780377a:	ea43 13c2 	orr.w	r3, r3, r2, lsl #7
8780377e:	f8ca 3090 	str.w	r3, [sl, #144]	@ 0x90
87803782:	f8ca 60a4 	str.w	r6, [sl, #164]	@ 0xa4
87803786:	f000 fda3 	bl	878042d0 <__udivsi3>
8780378a:	1e43      	subs	r3, r0, #1
8780378c:	b29b      	uxth	r3, r3
8780378e:	f8ca 30a8 	str.w	r3, [sl, #168]	@ 0xa8
87803792:	b005      	add	sp, #20
87803794:	e8bd 8ff0 	ldmia.w	sp!, {r4, r5, r6, r7, r8, r9, sl, fp, pc}
87803798:	42b7      	cmp	r7, r6
8780379a:	d92c      	bls.n	878037f6 <UART_SetBaudrate+0x19e>
8780379c:	46c8      	mov	r8, r9
8780379e:	2601      	movs	r6, #1
878037a0:	9601      	str	r6, [sp, #4]
878037a2:	f108 33ff 	add.w	r3, r8, #4294967295	@ 0xffffffff
878037a6:	f248 0201 	movw	r2, #32769	@ 0x8001
878037aa:	f2c8 0200 	movt	r2, #32768	@ 0x8000
878037ae:	fba2 2303 	umull	r2, r3, r2, r3
878037b2:	0bdb      	lsrs	r3, r3, #15
878037b4:	1e5a      	subs	r2, r3, #1
878037b6:	3301      	adds	r3, #1
878037b8:	2a05      	cmp	r2, #5
878037ba:	9303      	str	r3, [sp, #12]
878037bc:	d80d      	bhi.n	878037da <UART_SetBaudrate+0x182>
878037be:	4b11      	ldr	r3, [pc, #68]	@ (87803804 <UART_SetBaudrate+0x1ac>)
878037c0:	447b      	add	r3, pc
878037c2:	f853 3022 	ldr.w	r3, [r3, r2, lsl #2]
878037c6:	9302      	str	r3, [sp, #8]
878037c8:	ea5f 1908 	movs.w	r9, r8, lsl #4
878037cc:	d19a      	bne.n	87803704 <UART_SetBaudrate+0xac>
878037ce:	464a      	mov	r2, r9
878037d0:	e7ac      	b.n	8780372c <UART_SetBaudrate+0xd4>
878037d2:	1a28      	subs	r0, r5, r0
878037d4:	eb61 0141 	sbc.w	r1, r1, r1, lsl #1
878037d8:	e7b5      	b.n	87803746 <UART_SetBaudrate+0xee>
878037da:	2305      	movs	r3, #5
878037dc:	9302      	str	r3, [sp, #8]
878037de:	e7f3      	b.n	878037c8 <UART_SetBaudrate+0x170>
878037e0:	f04f 0801 	mov.w	r8, #1
878037e4:	2305      	movs	r3, #5
878037e6:	4606      	mov	r6, r0
878037e8:	f04f 0910 	mov.w	r9, #16
878037ec:	9001      	str	r0, [sp, #4]
878037ee:	f8cd 800c 	str.w	r8, [sp, #12]
878037f2:	9302      	str	r3, [sp, #8]
878037f4:	e786      	b.n	87803704 <UART_SetBaudrate+0xac>
878037f6:	4606      	mov	r6, r0
878037f8:	46c8      	mov	r8, r9
878037fa:	9001      	str	r0, [sp, #4]
878037fc:	e7d1      	b.n	878037a2 <UART_SetBaudrate+0x14a>
878037fe:	4690      	mov	r8, r2
87803800:	e747      	b.n	87803692 <UART_SetBaudrate+0x3a>
87803802:	bf00      	nop
87803804:	0000578c 	andeq	r5, r0, ip, lsl #15

87803808 <UART_Init>:
87803808:	2300      	movs	r3, #0
8780380a:	f2c0 230e 	movt	r3, #526	@ 0x20e
8780380e:	b510      	push	{r4, lr}
87803810:	2400      	movs	r4, #0
87803812:	f2c0 2402 	movt	r4, #514	@ 0x202
87803816:	2100      	movs	r1, #0
87803818:	f241 02b0 	movw	r2, #4272	@ 0x10b0
8780381c:	f8c3 1084 	str.w	r1, [r3, #132]	@ 0x84
87803820:	2003      	movs	r0, #3
87803822:	f8c3 1088 	str.w	r1, [r3, #136]	@ 0x88
87803826:	f8c3 0624 	str.w	r0, [r3, #1572]	@ 0x624
8780382a:	f8c3 2310 	str.w	r2, [r3, #784]	@ 0x310
8780382e:	f8c3 2314 	str.w	r2, [r3, #788]	@ 0x314
87803832:	f8d4 3080 	ldr.w	r3, [r4, #128]	@ 0x80
87803836:	f023 0301 	bic.w	r3, r3, #1
8780383a:	f8c4 3080 	str.w	r3, [r4, #128]	@ 0x80
8780383e:	f8d4 3084 	ldr.w	r3, [r4, #132]	@ 0x84
87803842:	f043 0301 	orr.w	r3, r3, #1
87803846:	f8c4 3084 	str.w	r3, [r4, #132]	@ 0x84
8780384a:	f8d4 3084 	ldr.w	r3, [r4, #132]	@ 0x84
8780384e:	07db      	lsls	r3, r3, #31
87803850:	d5fb      	bpl.n	8780384a <UART_Init+0x42>
87803852:	2300      	movs	r3, #0
87803854:	f8c4 3080 	str.w	r3, [r4, #128]	@ 0x80
87803858:	f44f 4234 	mov.w	r2, #46080	@ 0xb400
8780385c:	f2c0 42c4 	movt	r2, #1220	@ 0x4c4
87803860:	f8d4 3080 	ldr.w	r3, [r4, #128]	@ 0x80
87803864:	f44f 31e1 	mov.w	r1, #115200	@ 0x1c200
87803868:	2000      	movs	r0, #0
8780386a:	f2c0 2002 	movt	r0, #514	@ 0x202
8780386e:	f423 4380 	bic.w	r3, r3, #16384	@ 0x4000
87803872:	f8c4 3080 	str.w	r3, [r4, #128]	@ 0x80
87803876:	f7ff feef 	bl	87803658 <UART_SetBaudrate>
8780387a:	f8d4 3080 	ldr.w	r3, [r4, #128]	@ 0x80
8780387e:	f043 0301 	orr.w	r3, r3, #1
87803882:	f8c4 3080 	str.w	r3, [r4, #128]	@ 0x80
87803886:	bd10      	pop	{r4, pc}

87803888 <UART_Close>:
87803888:	f8d0 3080 	ldr.w	r3, [r0, #128]	@ 0x80
8780388c:	f023 0301 	bic.w	r3, r3, #1
87803890:	f8c0 3080 	str.w	r3, [r0, #128]	@ 0x80
87803894:	4770      	bx	lr
87803896:	bf00      	nop

87803898 <UART_Open>:
87803898:	f8d0 3080 	ldr.w	r3, [r0, #128]	@ 0x80
8780389c:	f043 0301 	orr.w	r3, r3, #1
878038a0:	f8c0 3080 	str.w	r3, [r0, #128]	@ 0x80
878038a4:	4770      	bx	lr
878038a6:	bf00      	nop

878038a8 <UART_SoftReset>:
878038a8:	f8d0 3084 	ldr.w	r3, [r0, #132]	@ 0x84
878038ac:	f043 0301 	orr.w	r3, r3, #1
878038b0:	f8c0 3084 	str.w	r3, [r0, #132]	@ 0x84
878038b4:	f8d0 3084 	ldr.w	r3, [r0, #132]	@ 0x84
878038b8:	07db      	lsls	r3, r3, #31
878038ba:	d5fb      	bpl.n	878038b4 <UART_SoftReset+0xc>
878038bc:	4770      	bx	lr
878038be:	bf00      	nop

878038c0 <UART_Read>:
878038c0:	f8d0 3098 	ldr.w	r3, [r0, #152]	@ 0x98
878038c4:	075b      	lsls	r3, r3, #29
878038c6:	d5fb      	bpl.n	878038c0 <UART_Read>
878038c8:	6800      	ldr	r0, [r0, #0]
878038ca:	b2c0      	uxtb	r0, r0
878038cc:	4770      	bx	lr
878038ce:	bf00      	nop

878038d0 <UART_Write>:
878038d0:	f8d0 3098 	ldr.w	r3, [r0, #152]	@ 0x98
878038d4:	071b      	lsls	r3, r3, #28
878038d6:	d5fb      	bpl.n	878038d0 <UART_Write>
878038d8:	6401      	str	r1, [r0, #64]	@ 0x40
878038da:	4770      	bx	lr

878038dc <UART_WriteString>:
878038dc:	780a      	ldrb	r2, [r1, #0]
878038de:	b142      	cbz	r2, 878038f2 <UART_WriteString+0x16>
878038e0:	f8d0 3098 	ldr.w	r3, [r0, #152]	@ 0x98
878038e4:	071b      	lsls	r3, r3, #28
878038e6:	d5fb      	bpl.n	878038e0 <UART_WriteString+0x4>
878038e8:	6402      	str	r2, [r0, #64]	@ 0x40
878038ea:	f811 2f01 	ldrb.w	r2, [r1, #1]!
878038ee:	2a00      	cmp	r2, #0
878038f0:	d1f6      	bne.n	878038e0 <UART_WriteString+0x4>
878038f2:	4770      	bx	lr

878038f4 <raise>:
878038f4:	4770      	bx	lr
878038f6:	bf00      	nop

878038f8 <RTC_Enable>:
878038f8:	f44f 4240 	mov.w	r2, #49152	@ 0xc000
878038fc:	f2c0 220c 	movt	r2, #524	@ 0x20c
87803900:	6b93      	ldr	r3, [r2, #56]	@ 0x38
87803902:	f043 0301 	orr.w	r3, r3, #1
87803906:	6393      	str	r3, [r2, #56]	@ 0x38
87803908:	6b93      	ldr	r3, [r2, #56]	@ 0x38
8780390a:	07db      	lsls	r3, r3, #31
8780390c:	d5fc      	bpl.n	87803908 <RTC_Enable+0x10>
8780390e:	4770      	bx	lr

87803910 <RTC_Disable>:
87803910:	f44f 4240 	mov.w	r2, #49152	@ 0xc000
87803914:	f2c0 220c 	movt	r2, #524	@ 0x20c
87803918:	6b93      	ldr	r3, [r2, #56]	@ 0x38
8780391a:	f023 0301 	bic.w	r3, r3, #1
8780391e:	6393      	str	r3, [r2, #56]	@ 0x38
87803920:	6b93      	ldr	r3, [r2, #56]	@ 0x38
87803922:	07db      	lsls	r3, r3, #31
87803924:	d4fc      	bmi.n	87803920 <RTC_Disable+0x10>
87803926:	4770      	bx	lr

87803928 <ETC_isleapyear>:
87803928:	0783      	lsls	r3, r0, #30
8780392a:	d10e      	bne.n	8780394a <ETC_isleapyear+0x22>
8780392c:	f645 4329 	movw	r3, #23593	@ 0x5c29
87803930:	f2cc 238f 	movt	r3, #49807	@ 0xc28f
87803934:	f645 4228 	movw	r2, #23592	@ 0x5c28
87803938:	f2c0 228f 	movt	r2, #655	@ 0x28f
8780393c:	fb00 f303 	mul.w	r3, r0, r3
87803940:	ebb2 0fb3 	cmp.w	r2, r3, ror #2
87803944:	d201      	bcs.n	8780394a <ETC_isleapyear+0x22>
87803946:	2001      	movs	r0, #1
87803948:	4770      	bx	lr
8780394a:	f645 4229 	movw	r2, #23593	@ 0x5c29
8780394e:	f2cc 228f 	movt	r2, #49807	@ 0xc28f
87803952:	f24d 730a 	movw	r3, #55050	@ 0xd70a
87803956:	f2c0 03a3 	movt	r3, #163	@ 0xa3
8780395a:	fb02 f000 	mul.w	r0, r2, r0
8780395e:	ebb3 1f30 	cmp.w	r3, r0, ror #4
87803962:	bf2c      	ite	cs
87803964:	2001      	movcs	r0, #1
87803966:	2000      	movcc	r0, #0
87803968:	4770      	bx	lr
8780396a:	bf00      	nop

8780396c <RTC_ConvertToSeconds>:
8780396c:	e92d 41f0 	stmdb	sp!, {r4, r5, r6, r7, r8, lr}
87803970:	4604      	mov	r4, r0
87803972:	4e48      	ldr	r6, [pc, #288]	@ (87803a94 <RTC_ConvertToSeconds+0x128>)
87803974:	8805      	ldrh	r5, [r0, #0]
87803976:	b088      	sub	sp, #32
87803978:	447e      	add	r6, pc
8780397a:	f10d 0e04 	add.w	lr, sp, #4
8780397e:	f240 7cb2 	movw	ip, #1970	@ 0x7b2
87803982:	4565      	cmp	r5, ip
87803984:	ce0f      	ldmia	r6!, {r0, r1, r2, r3}
87803986:	e8ae 000f 	stmia.w	lr!, {r0, r1, r2, r3}
8780398a:	f04f 0300 	mov.w	r3, #0
8780398e:	e896 0007 	ldmia.w	r6, {r0, r1, r2}
87803992:	e8ae 0003 	stmia.w	lr!, {r0, r1}
87803996:	f8ae 2000 	strh.w	r2, [lr]
8780399a:	d979      	bls.n	87803a90 <RTC_ConvertToSeconds+0x124>
8780399c:	f645 4129 	movw	r1, #23593	@ 0x5c29
878039a0:	f2cc 218f 	movt	r1, #49807	@ 0xc28f
878039a4:	f24d 760a 	movw	r6, #55050	@ 0xd70a
878039a8:	f2c0 06a3 	movt	r6, #163	@ 0xa3
878039ac:	f645 4828 	movw	r8, #23592	@ 0x5c28
878039b0:	f2c0 288f 	movt	r8, #655	@ 0x28f
878039b4:	4662      	mov	r2, ip
878039b6:	461f      	mov	r7, r3
878039b8:	f240 1e6d 	movw	lr, #365	@ 0x16d
878039bc:	e00a      	b.n	878039d4 <RTC_ConvertToSeconds+0x68>
878039be:	ebb8 0fb0 	cmp.w	r8, r0, ror #2
878039c2:	d20c      	bcs.n	878039de <RTC_ConvertToSeconds+0x72>
878039c4:	3201      	adds	r2, #1
878039c6:	f513 73b7 	adds.w	r3, r3, #366	@ 0x16e
878039ca:	f147 0700 	adc.w	r7, r7, #0
878039ce:	b290      	uxth	r0, r2
878039d0:	4285      	cmp	r5, r0
878039d2:	d90f      	bls.n	878039f4 <RTC_ConvertToSeconds+0x88>
878039d4:	fb01 f002 	mul.w	r0, r1, r2
878039d8:	f012 0f03 	tst.w	r2, #3
878039dc:	d0ef      	beq.n	878039be <RTC_ConvertToSeconds+0x52>
878039de:	ebb6 1f30 	cmp.w	r6, r0, ror #4
878039e2:	d2ef      	bcs.n	878039c4 <RTC_ConvertToSeconds+0x58>
878039e4:	3201      	adds	r2, #1
878039e6:	eb13 030e 	adds.w	r3, r3, lr
878039ea:	f147 0700 	adc.w	r7, r7, #0
878039ee:	b290      	uxth	r0, r2
878039f0:	4285      	cmp	r5, r0
878039f2:	d8ef      	bhi.n	878039d4 <RTC_ConvertToSeconds+0x68>
878039f4:	78a2      	ldrb	r2, [r4, #2]
878039f6:	eb0d 0142 	add.w	r1, sp, r2, lsl #1
878039fa:	888e      	ldrh	r6, [r1, #4]
878039fc:	18f6      	adds	r6, r6, r3
878039fe:	f147 0700 	adc.w	r7, r7, #0
87803a02:	07ab      	lsls	r3, r5, #30
87803a04:	d134      	bne.n	87803a70 <RTC_ConvertToSeconds+0x104>
87803a06:	f645 4329 	movw	r3, #23593	@ 0x5c29
87803a0a:	f2cc 238f 	movt	r3, #49807	@ 0xc28f
87803a0e:	f645 4128 	movw	r1, #23592	@ 0x5c28
87803a12:	f2c0 218f 	movt	r1, #655	@ 0x28f
87803a16:	fb05 f303 	mul.w	r3, r5, r3
87803a1a:	ebb1 0fb3 	cmp.w	r1, r3, ror #2
87803a1e:	d227      	bcs.n	87803a70 <RTC_ConvertToSeconds+0x104>
87803a20:	2a02      	cmp	r2, #2
87803a22:	d903      	bls.n	87803a2c <RTC_ConvertToSeconds+0xc0>
87803a24:	1c73      	adds	r3, r6, #1
87803a26:	461e      	mov	r6, r3
87803a28:	f147 0700 	adc.w	r7, r7, #0
87803a2c:	7963      	ldrb	r3, [r4, #5]
87803a2e:	f44f 6161 	mov.w	r1, #3600	@ 0xe10
87803a32:	f894 e004 	ldrb.w	lr, [r4, #4]
87803a36:	f44f 4ca3 	mov.w	ip, #20864	@ 0x5180
87803a3a:	f2c0 0c01 	movt	ip, #1
87803a3e:	79a0      	ldrb	r0, [r4, #6]
87803a40:	ebc3 1303 	rsb	r3, r3, r3, lsl #4
87803a44:	78e2      	ldrb	r2, [r4, #3]
87803a46:	17dd      	asrs	r5, r3, #31
87803a48:	009c      	lsls	r4, r3, #2
87803a4a:	3a01      	subs	r2, #1
87803a4c:	fbce 4581 	smlalbb	r4, r5, lr, r1
87803a50:	1820      	adds	r0, r4, r0
87803a52:	f145 0100 	adc.w	r1, r5, #0
87803a56:	1993      	adds	r3, r2, r6
87803a58:	eb47 77e2 	adc.w	r7, r7, r2, asr #31
87803a5c:	fba3 320c 	umull	r3, r2, r3, ip
87803a60:	18c0      	adds	r0, r0, r3
87803a62:	fb0c 2207 	mla	r2, ip, r7, r2
87803a66:	eb42 0101 	adc.w	r1, r2, r1
87803a6a:	b008      	add	sp, #32
87803a6c:	e8bd 81f0 	ldmia.w	sp!, {r4, r5, r6, r7, r8, pc}
87803a70:	f645 4329 	movw	r3, #23593	@ 0x5c29
87803a74:	f2cc 238f 	movt	r3, #49807	@ 0xc28f
87803a78:	f24d 710a 	movw	r1, #55050	@ 0xd70a
87803a7c:	f2c0 01a3 	movt	r1, #163	@ 0xa3
87803a80:	fb05 f303 	mul.w	r3, r5, r3
87803a84:	ebb1 1f33 	cmp.w	r1, r3, ror #4
87803a88:	d3d0      	bcc.n	87803a2c <RTC_ConvertToSeconds+0xc0>
87803a8a:	2a02      	cmp	r2, #2
87803a8c:	d9ce      	bls.n	87803a2c <RTC_ConvertToSeconds+0xc0>
87803a8e:	e7c9      	b.n	87803a24 <RTC_ConvertToSeconds+0xb8>
87803a90:	461f      	mov	r7, r3
87803a92:	e7af      	b.n	878039f4 <RTC_ConvertToSeconds+0x88>
87803a94:	000055ec 	andeq	r5, r0, ip, ror #11

87803a98 <RTC_SetTime>:
87803a98:	b538      	push	{r3, r4, r5, lr}
87803a9a:	f44f 4440 	mov.w	r4, #49152	@ 0xc000
87803a9e:	f2c0 240c 	movt	r4, #524	@ 0x20c
87803aa2:	f7ff ff63 	bl	8780396c <RTC_ConvertToSeconds>
87803aa6:	0c43      	lsrs	r3, r0, #17
87803aa8:	ea43 33c1 	orr.w	r3, r3, r1, lsl #15
87803aac:	03c0      	lsls	r0, r0, #15
87803aae:	6ba5      	ldr	r5, [r4, #56]	@ 0x38
87803ab0:	6523      	str	r3, [r4, #80]	@ 0x50
87803ab2:	6560      	str	r0, [r4, #84]	@ 0x54
87803ab4:	6ba3      	ldr	r3, [r4, #56]	@ 0x38
87803ab6:	f023 0301 	bic.w	r3, r3, #1
87803aba:	63a3      	str	r3, [r4, #56]	@ 0x38
87803abc:	6ba3      	ldr	r3, [r4, #56]	@ 0x38
87803abe:	07d9      	lsls	r1, r3, #31
87803ac0:	d4fc      	bmi.n	87803abc <RTC_SetTime+0x24>
87803ac2:	07ea      	lsls	r2, r5, #31
87803ac4:	d50a      	bpl.n	87803adc <RTC_SetTime+0x44>
87803ac6:	6ba3      	ldr	r3, [r4, #56]	@ 0x38
87803ac8:	f44f 4240 	mov.w	r2, #49152	@ 0xc000
87803acc:	f2c0 220c 	movt	r2, #524	@ 0x20c
87803ad0:	f043 0301 	orr.w	r3, r3, #1
87803ad4:	63a3      	str	r3, [r4, #56]	@ 0x38
87803ad6:	6b93      	ldr	r3, [r2, #56]	@ 0x38
87803ad8:	07db      	lsls	r3, r3, #31
87803ada:	d5fc      	bpl.n	87803ad6 <RTC_SetTime+0x3e>
87803adc:	bd38      	pop	{r3, r4, r5, pc}
87803ade:	bf00      	nop

87803ae0 <RTC_Init>:
87803ae0:	b510      	push	{r4, lr}
87803ae2:	f44f 4440 	mov.w	r4, #49152	@ 0xc000
87803ae6:	f2c0 240c 	movt	r4, #524	@ 0x20c
87803aea:	b082      	sub	sp, #8
87803aec:	2100      	movs	r1, #0
87803aee:	4668      	mov	r0, sp
87803af0:	f240 7cea 	movw	ip, #2026	@ 0x7ea
87803af4:	6863      	ldr	r3, [r4, #4]
87803af6:	f241 3205 	movw	r2, #4869	@ 0x1305
87803afa:	f2c3 220a 	movt	r2, #12810	@ 0x320a
87803afe:	f043 4300 	orr.w	r3, r3, #2147483648	@ 0x80000000
87803b02:	f443 7380 	orr.w	r3, r3, #256	@ 0x100
87803b06:	6063      	str	r3, [r4, #4]
87803b08:	f8ad c000 	strh.w	ip, [sp]
87803b0c:	f8cd 2002 	str.w	r2, [sp, #2]
87803b10:	f88d 1006 	strb.w	r1, [sp, #6]
87803b14:	f7ff ffc0 	bl	87803a98 <RTC_SetTime>
87803b18:	6ba3      	ldr	r3, [r4, #56]	@ 0x38
87803b1a:	f043 0301 	orr.w	r3, r3, #1
87803b1e:	63a3      	str	r3, [r4, #56]	@ 0x38
87803b20:	6ba3      	ldr	r3, [r4, #56]	@ 0x38
87803b22:	07db      	lsls	r3, r3, #31
87803b24:	d5fc      	bpl.n	87803b20 <RTC_Init+0x40>
87803b26:	b002      	add	sp, #8
87803b28:	bd10      	pop	{r4, pc}
87803b2a:	bf00      	nop

87803b2c <RTC_GetSeconds>:
87803b2c:	f44f 4340 	mov.w	r3, #49152	@ 0xc000
87803b30:	f2c0 230c 	movt	r3, #524	@ 0x20c
87803b34:	2100      	movs	r1, #0
87803b36:	6d18      	ldr	r0, [r3, #80]	@ 0x50
87803b38:	6d5b      	ldr	r3, [r3, #84]	@ 0x54
87803b3a:	0bdb      	lsrs	r3, r3, #15
87803b3c:	ea43 4040 	orr.w	r0, r3, r0, lsl #17
87803b40:	4770      	bx	lr
87803b42:	bf00      	nop

87803b44 <RTC_GetTime>:
87803b44:	f44f 4140 	mov.w	r1, #49152	@ 0xc000
87803b48:	f2c0 210c 	movt	r1, #524	@ 0x20c
87803b4c:	e92d 4ff0 	stmdb	sp!, {r4, r5, r6, r7, r8, r9, sl, fp, lr}
87803b50:	4681      	mov	r9, r0
87803b52:	2600      	movs	r6, #0
87803b54:	6d08      	ldr	r0, [r1, #80]	@ 0x50
87803b56:	b083      	sub	sp, #12
87803b58:	6d4f      	ldr	r7, [r1, #84]	@ 0x54
87803b5a:	4631      	mov	r1, r6
87803b5c:	a370      	add	r3, pc, #448	@ (adr r3, 87803d20 <RTC_GetTime+0x1dc>)
87803b5e:	e9d3 2300 	ldrd	r2, r3, [r3]
87803b62:	f04f 35ee 	mov.w	r5, #4008636142	@ 0xeeeeeeee
87803b66:	0bff      	lsrs	r7, r7, #15
87803b68:	ea47 4740 	orr.w	r7, r7, r0, lsl #17
87803b6c:	4638      	mov	r0, r7
87803b6e:	f000 fce9 	bl	87804544 <__aeabi_uldivmod>
87803b72:	19ba      	adds	r2, r7, r6
87803b74:	f648 0389 	movw	r3, #34953	@ 0x8889
87803b78:	f6c8 0388 	movt	r3, #34952	@ 0x8888
87803b7c:	f200 70b2 	addw	r0, r0, #1970	@ 0x7b2
87803b80:	f8a9 0000 	strh.w	r0, [r9]
87803b84:	fba3 1302 	umull	r1, r3, r3, r2
87803b88:	08db      	lsrs	r3, r3, #3
87803b8a:	ebc3 1303 	rsb	r3, r3, r3, lsl #4
87803b8e:	1ad3      	subs	r3, r2, r3
87803b90:	f64e 62ef 	movw	r2, #61167	@ 0xeeef
87803b94:	f6ce 62ee 	movt	r2, #61166	@ 0xeeee
87803b98:	1afc      	subs	r4, r7, r3
87803b9a:	eb60 0000 	sbc.w	r0, r0, r0
87803b9e:	fb04 f505 	mul.w	r5, r4, r5
87803ba2:	fb02 5500 	mla	r5, r2, r0, r5
87803ba6:	4638      	mov	r0, r7
87803ba8:	fba4 4102 	umull	r4, r1, r4, r2
87803bac:	440d      	add	r5, r1
87803bae:	f004 0203 	and.w	r2, r4, #3
87803bb2:	210f      	movs	r1, #15
87803bb4:	08a4      	lsrs	r4, r4, #2
87803bb6:	ea44 7485 	orr.w	r4, r4, r5, lsl #30
87803bba:	08ad      	lsrs	r5, r5, #2
87803bbc:	fba2 2101 	umull	r2, r1, r2, r1
87803bc0:	4631      	mov	r1, r6
87803bc2:	18d3      	adds	r3, r2, r3
87803bc4:	f44f 420d 	mov.w	r2, #36096	@ 0x8d00
87803bc8:	f2c0 0227 	movt	r2, #39	@ 0x27
87803bcc:	9301      	str	r3, [sp, #4]
87803bce:	2300      	movs	r3, #0
87803bd0:	f000 fcb8 	bl	87804544 <__aeabi_uldivmod>
87803bd4:	1843      	adds	r3, r0, r1
87803bd6:	4688      	mov	r8, r1
87803bd8:	bf34      	ite	cc
87803bda:	4631      	movcc	r1, r6
87803bdc:	2101      	movcs	r1, #1
87803bde:	f64a 2eab 	movw	lr, #43691	@ 0xaaab
87803be2:	f6ca 2eaa 	movt	lr, #43690	@ 0xaaaa
87803be6:	440b      	add	r3, r1
87803be8:	4602      	mov	r2, r0
87803bea:	f04f 3caa 	mov.w	ip, #2863311530	@ 0xaaaaaaaa
87803bee:	4638      	mov	r0, r7
87803bf0:	2100      	movs	r1, #0
87803bf2:	fbae ab03 	umull	sl, fp, lr, r3
87803bf6:	f02b 0a01 	bic.w	sl, fp, #1
87803bfa:	eb0a 0a5b 	add.w	sl, sl, fp, lsr #1
87803bfe:	eba3 030a 	sub.w	r3, r3, sl
87803c02:	f04f 3aee 	mov.w	sl, #4008636142	@ 0xeeeeeeee
87803c06:	1ad3      	subs	r3, r2, r3
87803c08:	f168 0800 	sbc.w	r8, r8, #0
87803c0c:	fb0c fc03 	mul.w	ip, ip, r3
87803c10:	fb0e cc08 	mla	ip, lr, r8, ip
87803c14:	f648 0889 	movw	r8, #34953	@ 0x8889
87803c18:	f6c8 0888 	movt	r8, #34952	@ 0x8888
87803c1c:	fba3 3e0e 	umull	r3, lr, r3, lr
87803c20:	44f4      	add	ip, lr
87803c22:	089b      	lsrs	r3, r3, #2
87803c24:	ea43 738c 	orr.w	r3, r3, ip, lsl #30
87803c28:	eb03 0343 	add.w	r3, r3, r3, lsl #1
87803c2c:	eba2 0283 	sub.w	r2, r2, r3, lsl #2
87803c30:	2300      	movs	r3, #0
87803c32:	3201      	adds	r2, #1
87803c34:	f362 0607 	bfi	r6, r2, #0, #8
87803c38:	f44f 42a3 	mov.w	r2, #20864	@ 0x5180
87803c3c:	f2c0 0201 	movt	r2, #1
87803c40:	f000 fc80 	bl	87804544 <__aeabi_uldivmod>
87803c44:	4684      	mov	ip, r0
87803c46:	eb1c 0201 	adds.w	r2, ip, r1
87803c4a:	4638      	mov	r0, r7
87803c4c:	f142 0200 	adc.w	r2, r2, #0
87803c50:	f64e 67ef 	movw	r7, #61167	@ 0xeeef
87803c54:	f6ce 67ee 	movt	r7, #61166	@ 0xeeee
87803c58:	460b      	mov	r3, r1
87803c5a:	2100      	movs	r1, #0
87803c5c:	fba8 be02 	umull	fp, lr, r8, r2
87803c60:	ea4f 0ede 	mov.w	lr, lr, lsr #3
87803c64:	ebce 1e0e 	rsb	lr, lr, lr, lsl #4
87803c68:	eba2 020e 	sub.w	r2, r2, lr
87803c6c:	ebbc 0202 	subs.w	r2, ip, r2
87803c70:	f163 0e00 	sbc.w	lr, r3, #0
87803c74:	1963      	adds	r3, r4, r5
87803c76:	f143 0300 	adc.w	r3, r3, #0
87803c7a:	fba2 2b07 	umull	r2, fp, r2, r7
87803c7e:	0852      	lsrs	r2, r2, #1
87803c80:	fb07 bb0e 	mla	fp, r7, lr, fp
87803c84:	ea42 72cb 	orr.w	r2, r2, fp, lsl #31
87803c88:	ebc2 1202 	rsb	r2, r2, r2, lsl #4
87803c8c:	ebac 0c42 	sub.w	ip, ip, r2, lsl #1
87803c90:	f10c 0c01 	add.w	ip, ip, #1
87803c94:	f36c 260f 	bfi	r6, ip, #8, #8
87803c98:	fba8 c203 	umull	ip, r2, r8, r3
87803c9c:	08d2      	lsrs	r2, r2, #3
87803c9e:	ebc2 1202 	rsb	r2, r2, r2, lsl #4
87803ca2:	1a9b      	subs	r3, r3, r2
87803ca4:	1ae3      	subs	r3, r4, r3
87803ca6:	f165 0500 	sbc.w	r5, r5, #0
87803caa:	fb0a f203 	mul.w	r2, sl, r3
87803cae:	fb07 2205 	mla	r2, r7, r5, r2
87803cb2:	fba3 3507 	umull	r3, r5, r3, r7
87803cb6:	442a      	add	r2, r5
87803cb8:	089b      	lsrs	r3, r3, #2
87803cba:	ea43 7382 	orr.w	r3, r3, r2, lsl #30
87803cbe:	f44f 6261 	mov.w	r2, #3600	@ 0xe10
87803cc2:	ebc3 1303 	rsb	r3, r3, r3, lsl #4
87803cc6:	eba4 0483 	sub.w	r4, r4, r3, lsl #2
87803cca:	2300      	movs	r3, #0
87803ccc:	f000 fc3a 	bl	87804544 <__aeabi_uldivmod>
87803cd0:	9b01      	ldr	r3, [sp, #4]
87803cd2:	f889 3006 	strb.w	r3, [r9, #6]
87803cd6:	1843      	adds	r3, r0, r1
87803cd8:	f143 0300 	adc.w	r3, r3, #0
87803cdc:	f364 4617 	bfi	r6, r4, #16, #8
87803ce0:	fba8 2803 	umull	r2, r8, r8, r3
87803ce4:	ea4f 08d8 	mov.w	r8, r8, lsr #3
87803ce8:	ebc8 1808 	rsb	r8, r8, r8, lsl #4
87803cec:	eba3 0308 	sub.w	r3, r3, r8
87803cf0:	1ac3      	subs	r3, r0, r3
87803cf2:	f161 0100 	sbc.w	r1, r1, #0
87803cf6:	fb0a fa03 	mul.w	sl, sl, r3
87803cfa:	fb07 aa01 	mla	sl, r7, r1, sl
87803cfe:	fba3 3707 	umull	r3, r7, r3, r7
87803d02:	44ba      	add	sl, r7
87803d04:	089b      	lsrs	r3, r3, #2
87803d06:	ea43 738a 	orr.w	r3, r3, sl, lsl #30
87803d0a:	ebc3 1303 	rsb	r3, r3, r3, lsl #4
87803d0e:	eba0 0083 	sub.w	r0, r0, r3, lsl #2
87803d12:	f360 661f 	bfi	r6, r0, #24, #8
87803d16:	f8c9 6002 	str.w	r6, [r9, #2]
87803d1a:	b003      	add	sp, #12
87803d1c:	e8bd 8ff0 	ldmia.w	sp!, {r4, r5, r6, r7, r8, r9, sl, fp, pc}
87803d20:	01e13380 	mvneq	r3, r0, lsl #7
87803d24:	00000000 	andeq	r0, r0, r0

87803d28 <I2C_Init>:
87803d28:	8903      	ldrh	r3, [r0, #8]
87803d2a:	2215      	movs	r2, #21
87803d2c:	f023 0380 	bic.w	r3, r3, #128	@ 0x80
87803d30:	8103      	strh	r3, [r0, #8]
87803d32:	8082      	strh	r2, [r0, #4]
87803d34:	8903      	ldrh	r3, [r0, #8]
87803d36:	f043 0380 	orr.w	r3, r3, #128	@ 0x80
87803d3a:	8103      	strh	r3, [r0, #8]
87803d3c:	4770      	bx	lr
87803d3e:	bf00      	nop

87803d40 <I2C_Start>:
87803d40:	8983      	ldrh	r3, [r0, #12]
87803d42:	4684      	mov	ip, r0
87803d44:	f013 0020 	ands.w	r0, r3, #32
87803d48:	d10d      	bne.n	87803d66 <I2C_Start+0x26>
87803d4a:	f8bc 3008 	ldrh.w	r3, [ip, #8]
87803d4e:	0049      	lsls	r1, r1, #1
87803d50:	2a01      	cmp	r2, #1
87803d52:	bf08      	it	eq
87803d54:	f041 0101 	orreq.w	r1, r1, #1
87803d58:	f043 03a0 	orr.w	r3, r3, #160	@ 0xa0
87803d5c:	f8ac 3008 	strh.w	r3, [ip, #8]
87803d60:	f8ac 1010 	strh.w	r1, [ip, #16]
87803d64:	4770      	bx	lr
87803d66:	2001      	movs	r0, #1
87803d68:	4770      	bx	lr
87803d6a:	bf00      	nop

87803d6c <I2C_Master_Stop>:
87803d6c:	8902      	ldrh	r2, [r0, #8]
87803d6e:	f64f 73ff 	movw	r3, #65535	@ 0xffff
87803d72:	f022 0238 	bic.w	r2, r2, #56	@ 0x38
87803d76:	8102      	strh	r2, [r0, #8]
87803d78:	e001      	b.n	87803d7e <I2C_Master_Stop+0x12>
87803d7a:	b29b      	uxth	r3, r3
87803d7c:	b133      	cbz	r3, 87803d8c <I2C_Master_Stop+0x20>
87803d7e:	8982      	ldrh	r2, [r0, #12]
87803d80:	3b01      	subs	r3, #1
87803d82:	f012 0220 	ands.w	r2, r2, #32
87803d86:	d1f8      	bne.n	87803d7a <I2C_Master_Stop+0xe>
87803d88:	4610      	mov	r0, r2
87803d8a:	4770      	bx	lr
87803d8c:	2005      	movs	r0, #5
87803d8e:	4770      	bx	lr

87803d90 <I2C_Master_Repeat_Start>:
87803d90:	4603      	mov	r3, r0
87803d92:	8980      	ldrh	r0, [r0, #12]
87803d94:	0680      	lsls	r0, r0, #26
87803d96:	d411      	bmi.n	87803dbc <I2C_Master_Repeat_Start+0x2c>
87803d98:	8918      	ldrh	r0, [r3, #8]
87803d9a:	f010 0020 	ands.w	r0, r0, #32
87803d9e:	d00e      	beq.n	87803dbe <I2C_Master_Repeat_Start+0x2e>
87803da0:	f8b3 c008 	ldrh.w	ip, [r3, #8]
87803da4:	0049      	lsls	r1, r1, #1
87803da6:	2a01      	cmp	r2, #1
87803da8:	bf08      	it	eq
87803daa:	f041 0101 	orreq.w	r1, r1, #1
87803dae:	2001      	movs	r0, #1
87803db0:	f04c 0c14 	orr.w	ip, ip, #20
87803db4:	f8a3 c008 	strh.w	ip, [r3, #8]
87803db8:	8219      	strh	r1, [r3, #16]
87803dba:	4770      	bx	lr
87803dbc:	2000      	movs	r0, #0
87803dbe:	4770      	bx	lr

87803dc0 <I2C_Check_And_Clear_Error>:
87803dc0:	4603      	mov	r3, r0
87803dc2:	06ca      	lsls	r2, r1, #27
87803dc4:	d405      	bmi.n	87803dd2 <I2C_Check_And_Clear_Error+0x12>
87803dc6:	f011 0f01 	tst.w	r1, #1
87803dca:	bf14      	ite	ne
87803dcc:	2003      	movne	r0, #3
87803dce:	2000      	moveq	r0, #0
87803dd0:	4770      	bx	lr
87803dd2:	8982      	ldrh	r2, [r0, #12]
87803dd4:	2004      	movs	r0, #4
87803dd6:	f022 0210 	bic.w	r2, r2, #16
87803dda:	819a      	strh	r2, [r3, #12]
87803ddc:	891a      	ldrh	r2, [r3, #8]
87803dde:	f022 0280 	bic.w	r2, r2, #128	@ 0x80
87803de2:	811a      	strh	r2, [r3, #8]
87803de4:	891a      	ldrh	r2, [r3, #8]
87803de6:	f042 0280 	orr.w	r2, r2, #128	@ 0x80
87803dea:	811a      	strh	r2, [r3, #8]
87803dec:	4770      	bx	lr
87803dee:	bf00      	nop

87803df0 <I2C_Master_Write>:
87803df0:	8983      	ldrh	r3, [r0, #12]
87803df2:	061b      	lsls	r3, r3, #24
87803df4:	d5fc      	bpl.n	87803df0 <I2C_Master_Write>
87803df6:	8983      	ldrh	r3, [r0, #12]
87803df8:	f102 3cff 	add.w	ip, r2, #4294967295	@ 0xffffffff
87803dfc:	448c      	add	ip, r1
87803dfe:	1e4a      	subs	r2, r1, #1
87803e00:	f023 0301 	bic.w	r3, r3, #1
87803e04:	8183      	strh	r3, [r0, #12]
87803e06:	8983      	ldrh	r3, [r0, #12]
87803e08:	f043 0380 	orr.w	r3, r3, #128	@ 0x80
87803e0c:	8183      	strh	r3, [r0, #12]
87803e0e:	4562      	cmp	r2, ip
87803e10:	d00f      	beq.n	87803e32 <I2C_Master_Write+0x42>
87803e12:	f812 3f01 	ldrb.w	r3, [r2, #1]!
87803e16:	8203      	strh	r3, [r0, #16]
87803e18:	8983      	ldrh	r3, [r0, #12]
87803e1a:	0799      	lsls	r1, r3, #30
87803e1c:	d5fc      	bpl.n	87803e18 <I2C_Master_Write+0x28>
87803e1e:	8983      	ldrh	r3, [r0, #12]
87803e20:	f023 0302 	bic.w	r3, r3, #2
87803e24:	8183      	strh	r3, [r0, #12]
87803e26:	8983      	ldrh	r3, [r0, #12]
87803e28:	b299      	uxth	r1, r3
87803e2a:	06db      	lsls	r3, r3, #27
87803e2c:	d406      	bmi.n	87803e3c <I2C_Master_Write+0x4c>
87803e2e:	07cb      	lsls	r3, r1, #31
87803e30:	d5ed      	bpl.n	87803e0e <I2C_Master_Write+0x1e>
87803e32:	8983      	ldrh	r3, [r0, #12]
87803e34:	f023 0302 	bic.w	r3, r3, #2
87803e38:	8183      	strh	r3, [r0, #12]
87803e3a:	4770      	bx	lr
87803e3c:	8983      	ldrh	r3, [r0, #12]
87803e3e:	f023 0310 	bic.w	r3, r3, #16
87803e42:	8183      	strh	r3, [r0, #12]
87803e44:	8903      	ldrh	r3, [r0, #8]
87803e46:	f023 0380 	bic.w	r3, r3, #128	@ 0x80
87803e4a:	8103      	strh	r3, [r0, #8]
87803e4c:	8903      	ldrh	r3, [r0, #8]
87803e4e:	f043 0380 	orr.w	r3, r3, #128	@ 0x80
87803e52:	8103      	strh	r3, [r0, #8]
87803e54:	8983      	ldrh	r3, [r0, #12]
87803e56:	f023 0302 	bic.w	r3, r3, #2
87803e5a:	8183      	strh	r3, [r0, #12]
87803e5c:	4770      	bx	lr
87803e5e:	bf00      	nop

87803e60 <I2C_Master_Read>:
87803e60:	b500      	push	{lr}
87803e62:	2300      	movs	r3, #0
87803e64:	b083      	sub	sp, #12
87803e66:	f88d 3007 	strb.w	r3, [sp, #7]
87803e6a:	f89d 3007 	ldrb.w	r3, [sp, #7]
87803e6e:	3301      	adds	r3, #1
87803e70:	f88d 3007 	strb.w	r3, [sp, #7]
87803e74:	8983      	ldrh	r3, [r0, #12]
87803e76:	061b      	lsls	r3, r3, #24
87803e78:	d5fc      	bpl.n	87803e74 <I2C_Master_Read+0x14>
87803e7a:	8983      	ldrh	r3, [r0, #12]
87803e7c:	2a01      	cmp	r2, #1
87803e7e:	f023 0302 	bic.w	r3, r3, #2
87803e82:	8183      	strh	r3, [r0, #12]
87803e84:	8903      	ldrh	r3, [r0, #8]
87803e86:	f023 0310 	bic.w	r3, r3, #16
87803e8a:	8103      	strh	r3, [r0, #8]
87803e8c:	8903      	ldrh	r3, [r0, #8]
87803e8e:	f043 0308 	orr.w	r3, r3, #8
87803e92:	8103      	strh	r3, [r0, #8]
87803e94:	d02a      	beq.n	87803eec <I2C_Master_Read+0x8c>
87803e96:	b33a      	cbz	r2, 87803ee8 <I2C_Master_Read+0x88>
87803e98:	f102 3eff 	add.w	lr, r2, #4294967295	@ 0xffffffff
87803e9c:	4672      	mov	r2, lr
87803e9e:	468c      	mov	ip, r1
87803ea0:	8983      	ldrh	r3, [r0, #12]
87803ea2:	079b      	lsls	r3, r3, #30
87803ea4:	d5fc      	bpl.n	87803ea0 <I2C_Master_Read+0x40>
87803ea6:	8983      	ldrh	r3, [r0, #12]
87803ea8:	f023 0302 	bic.w	r3, r3, #2
87803eac:	8183      	strh	r3, [r0, #12]
87803eae:	b15a      	cbz	r2, 87803ec8 <I2C_Master_Read+0x68>
87803eb0:	2a01      	cmp	r2, #1
87803eb2:	f102 32ff 	add.w	r2, r2, #4294967295	@ 0xffffffff
87803eb6:	bf02      	ittt	eq
87803eb8:	8903      	ldrheq	r3, [r0, #8]
87803eba:	f043 0308 	orreq.w	r3, r3, #8
87803ebe:	8103      	strheq	r3, [r0, #8]
87803ec0:	8a03      	ldrh	r3, [r0, #16]
87803ec2:	f80c 3b01 	strb.w	r3, [ip], #1
87803ec6:	e7eb      	b.n	87803ea0 <I2C_Master_Read+0x40>
87803ec8:	8902      	ldrh	r2, [r0, #8]
87803eca:	4471      	add	r1, lr
87803ecc:	f64f 73ff 	movw	r3, #65535	@ 0xffff
87803ed0:	f022 0238 	bic.w	r2, r2, #56	@ 0x38
87803ed4:	8102      	strh	r2, [r0, #8]
87803ed6:	e001      	b.n	87803edc <I2C_Master_Read+0x7c>
87803ed8:	b29b      	uxth	r3, r3
87803eda:	b11b      	cbz	r3, 87803ee4 <I2C_Master_Read+0x84>
87803edc:	8982      	ldrh	r2, [r0, #12]
87803ede:	3b01      	subs	r3, #1
87803ee0:	0692      	lsls	r2, r2, #26
87803ee2:	d4f9      	bmi.n	87803ed8 <I2C_Master_Read+0x78>
87803ee4:	8a03      	ldrh	r3, [r0, #16]
87803ee6:	700b      	strb	r3, [r1, #0]
87803ee8:	b003      	add	sp, #12
87803eea:	bd00      	pop	{pc}
87803eec:	8903      	ldrh	r3, [r0, #8]
87803eee:	f04f 0e00 	mov.w	lr, #0
87803ef2:	f043 0308 	orr.w	r3, r3, #8
87803ef6:	8103      	strh	r3, [r0, #8]
87803ef8:	8a03      	ldrh	r3, [r0, #16]
87803efa:	f88d 3007 	strb.w	r3, [sp, #7]
87803efe:	e7cd      	b.n	87803e9c <I2C_Master_Read+0x3c>

87803f00 <I2C_Master_Transfer>:
87803f00:	b5f0      	push	{r4, r5, r6, r7, lr}
87803f02:	4603      	mov	r3, r0
87803f04:	8982      	ldrh	r2, [r0, #12]
87803f06:	684d      	ldr	r5, [r1, #4]
87803f08:	b083      	sub	sp, #12
87803f0a:	f022 0212 	bic.w	r2, r2, #18
87803f0e:	8182      	strh	r2, [r0, #12]
87803f10:	899a      	ldrh	r2, [r3, #12]
87803f12:	0616      	lsls	r6, r2, #24
87803f14:	d5fc      	bpl.n	87803f10 <I2C_Master_Transfer+0x10>
87803f16:	f891 e00c 	ldrb.w	lr, [r1, #12]
87803f1a:	f1be 0200 	subs.w	r2, lr, #0
87803f1e:	bf18      	it	ne
87803f20:	2201      	movne	r2, #1
87803f22:	2d01      	cmp	r5, #1
87803f24:	bf18      	it	ne
87803f26:	2200      	movne	r2, #0
87803f28:	2a00      	cmp	r2, #0
87803f2a:	899a      	ldrh	r2, [r3, #12]
87803f2c:	bf0c      	ite	eq
87803f2e:	4628      	moveq	r0, r5
87803f30:	2000      	movne	r0, #0
87803f32:	0694      	lsls	r4, r2, #26
87803f34:	bf48      	it	mi
87803f36:	2001      	movmi	r0, #1
87803f38:	d44a      	bmi.n	87803fd0 <I2C_Master_Transfer+0xd0>
87803f3a:	780a      	ldrb	r2, [r1, #0]
87803f3c:	0054      	lsls	r4, r2, #1
87803f3e:	0057      	lsls	r7, r2, #1
87803f40:	891a      	ldrh	r2, [r3, #8]
87803f42:	2801      	cmp	r0, #1
87803f44:	bf08      	it	eq
87803f46:	f044 0401 	orreq.w	r4, r4, #1
87803f4a:	f042 02a0 	orr.w	r2, r2, #160	@ 0xa0
87803f4e:	811a      	strh	r2, [r3, #8]
87803f50:	821c      	strh	r4, [r3, #16]
87803f52:	899a      	ldrh	r2, [r3, #12]
87803f54:	0790      	lsls	r0, r2, #30
87803f56:	d5fc      	bpl.n	87803f52 <I2C_Master_Transfer+0x52>
87803f58:	899a      	ldrh	r2, [r3, #12]
87803f5a:	b290      	uxth	r0, r2
87803f5c:	06d2      	lsls	r2, r2, #27
87803f5e:	d47c      	bmi.n	8780405a <I2C_Master_Transfer+0x15a>
87803f60:	07c6      	lsls	r6, r0, #31
87803f62:	d469      	bmi.n	87804038 <I2C_Master_Transfer+0x138>
87803f64:	f1be 0f00 	cmp.w	lr, #0
87803f68:	d034      	beq.n	87803fd4 <I2C_Master_Transfer+0xd4>
87803f6a:	1dce      	adds	r6, r1, #7
87803f6c:	f101 0c08 	add.w	ip, r1, #8
87803f70:	eb0e 0006 	add.w	r0, lr, r6
87803f74:	899a      	ldrh	r2, [r3, #12]
87803f76:	f1be 0f02 	cmp.w	lr, #2
87803f7a:	f022 0202 	bic.w	r2, r2, #2
87803f7e:	819a      	strh	r2, [r3, #12]
87803f80:	bf0c      	ite	eq
87803f82:	f89c 2000 	ldrbeq.w	r2, [ip]
87803f86:	7802      	ldrbne	r2, [r0, #0]
87803f88:	821a      	strh	r2, [r3, #16]
87803f8a:	899a      	ldrh	r2, [r3, #12]
87803f8c:	0794      	lsls	r4, r2, #30
87803f8e:	d5fc      	bpl.n	87803f8a <I2C_Master_Transfer+0x8a>
87803f90:	899a      	ldrh	r2, [r3, #12]
87803f92:	b294      	uxth	r4, r2
87803f94:	06d2      	lsls	r2, r2, #27
87803f96:	d42d      	bmi.n	87803ff4 <I2C_Master_Transfer+0xf4>
87803f98:	07e4      	lsls	r4, r4, #31
87803f9a:	d44b      	bmi.n	87804034 <I2C_Master_Transfer+0x134>
87803f9c:	3801      	subs	r0, #1
87803f9e:	f10c 0c01 	add.w	ip, ip, #1
87803fa2:	4286      	cmp	r6, r0
87803fa4:	d1e6      	bne.n	87803f74 <I2C_Master_Transfer+0x74>
87803fa6:	2d01      	cmp	r5, #1
87803fa8:	d070      	beq.n	8780408c <I2C_Master_Transfer+0x18c>
87803faa:	b915      	cbnz	r5, 87803fb2 <I2C_Master_Transfer+0xb2>
87803fac:	694a      	ldr	r2, [r1, #20]
87803fae:	2a00      	cmp	r2, #0
87803fb0:	d161      	bne.n	87804076 <I2C_Master_Transfer+0x176>
87803fb2:	8919      	ldrh	r1, [r3, #8]
87803fb4:	f64f 72ff 	movw	r2, #65535	@ 0xffff
87803fb8:	f021 0138 	bic.w	r1, r1, #56	@ 0x38
87803fbc:	8119      	strh	r1, [r3, #8]
87803fbe:	e002      	b.n	87803fc6 <I2C_Master_Transfer+0xc6>
87803fc0:	b292      	uxth	r2, r2
87803fc2:	2a00      	cmp	r2, #0
87803fc4:	d060      	beq.n	87804088 <I2C_Master_Transfer+0x188>
87803fc6:	8998      	ldrh	r0, [r3, #12]
87803fc8:	3a01      	subs	r2, #1
87803fca:	f010 0020 	ands.w	r0, r0, #32
87803fce:	d1f7      	bne.n	87803fc0 <I2C_Master_Transfer+0xc0>
87803fd0:	b003      	add	sp, #12
87803fd2:	bdf0      	pop	{r4, r5, r6, r7, pc}
87803fd4:	2d00      	cmp	r5, #0
87803fd6:	d0e9      	beq.n	87803fac <I2C_Master_Transfer+0xac>
87803fd8:	2d01      	cmp	r5, #1
87803fda:	d1ea      	bne.n	87803fb2 <I2C_Master_Transfer+0xb2>
87803fdc:	694a      	ldr	r2, [r1, #20]
87803fde:	2a00      	cmp	r2, #0
87803fe0:	d0e7      	beq.n	87803fb2 <I2C_Master_Transfer+0xb2>
87803fe2:	690c      	ldr	r4, [r1, #16]
87803fe4:	4618      	mov	r0, r3
87803fe6:	694a      	ldr	r2, [r1, #20]
87803fe8:	4621      	mov	r1, r4
87803fea:	9301      	str	r3, [sp, #4]
87803fec:	f7ff ff38 	bl	87803e60 <I2C_Master_Read>
87803ff0:	9b01      	ldr	r3, [sp, #4]
87803ff2:	e7de      	b.n	87803fb2 <I2C_Master_Transfer+0xb2>
87803ff4:	899a      	ldrh	r2, [r3, #12]
87803ff6:	2004      	movs	r0, #4
87803ff8:	f022 0210 	bic.w	r2, r2, #16
87803ffc:	819a      	strh	r2, [r3, #12]
87803ffe:	891a      	ldrh	r2, [r3, #8]
87804000:	f022 0280 	bic.w	r2, r2, #128	@ 0x80
87804004:	811a      	strh	r2, [r3, #8]
87804006:	891a      	ldrh	r2, [r3, #8]
87804008:	f042 0280 	orr.w	r2, r2, #128	@ 0x80
8780400c:	811a      	strh	r2, [r3, #8]
8780400e:	8919      	ldrh	r1, [r3, #8]
87804010:	f64f 72ff 	movw	r2, #65535	@ 0xffff
87804014:	3a01      	subs	r2, #1
87804016:	f021 0138 	bic.w	r1, r1, #56	@ 0x38
8780401a:	8119      	strh	r1, [r3, #8]
8780401c:	8999      	ldrh	r1, [r3, #12]
8780401e:	0689      	lsls	r1, r1, #26
87804020:	d5d6      	bpl.n	87803fd0 <I2C_Master_Transfer+0xd0>
87804022:	b292      	uxth	r2, r2
87804024:	2a00      	cmp	r2, #0
87804026:	d0d3      	beq.n	87803fd0 <I2C_Master_Transfer+0xd0>
87804028:	8999      	ldrh	r1, [r3, #12]
8780402a:	3a01      	subs	r2, #1
8780402c:	0689      	lsls	r1, r1, #26
8780402e:	d4f8      	bmi.n	87804022 <I2C_Master_Transfer+0x122>
87804030:	b003      	add	sp, #12
87804032:	bdf0      	pop	{r4, r5, r6, r7, pc}
87804034:	2003      	movs	r0, #3
87804036:	e7ea      	b.n	8780400e <I2C_Master_Transfer+0x10e>
87804038:	2003      	movs	r0, #3
8780403a:	8919      	ldrh	r1, [r3, #8]
8780403c:	f64f 72ff 	movw	r2, #65535	@ 0xffff
87804040:	f021 0138 	bic.w	r1, r1, #56	@ 0x38
87804044:	8119      	strh	r1, [r3, #8]
87804046:	e002      	b.n	8780404e <I2C_Master_Transfer+0x14e>
87804048:	b292      	uxth	r2, r2
8780404a:	2a00      	cmp	r2, #0
8780404c:	d0c0      	beq.n	87803fd0 <I2C_Master_Transfer+0xd0>
8780404e:	8999      	ldrh	r1, [r3, #12]
87804050:	3a01      	subs	r2, #1
87804052:	068d      	lsls	r5, r1, #26
87804054:	d4f8      	bmi.n	87804048 <I2C_Master_Transfer+0x148>
87804056:	b003      	add	sp, #12
87804058:	bdf0      	pop	{r4, r5, r6, r7, pc}
8780405a:	899a      	ldrh	r2, [r3, #12]
8780405c:	2004      	movs	r0, #4
8780405e:	f022 0210 	bic.w	r2, r2, #16
87804062:	819a      	strh	r2, [r3, #12]
87804064:	891a      	ldrh	r2, [r3, #8]
87804066:	f022 0280 	bic.w	r2, r2, #128	@ 0x80
8780406a:	811a      	strh	r2, [r3, #8]
8780406c:	891a      	ldrh	r2, [r3, #8]
8780406e:	f042 0280 	orr.w	r2, r2, #128	@ 0x80
87804072:	811a      	strh	r2, [r3, #8]
87804074:	e7e1      	b.n	8780403a <I2C_Master_Transfer+0x13a>
87804076:	690c      	ldr	r4, [r1, #16]
87804078:	4618      	mov	r0, r3
8780407a:	694a      	ldr	r2, [r1, #20]
8780407c:	4621      	mov	r1, r4
8780407e:	9301      	str	r3, [sp, #4]
87804080:	f7ff feb6 	bl	87803df0 <I2C_Master_Write>
87804084:	9b01      	ldr	r3, [sp, #4]
87804086:	e794      	b.n	87803fb2 <I2C_Master_Transfer+0xb2>
87804088:	4610      	mov	r0, r2
8780408a:	e7a1      	b.n	87803fd0 <I2C_Master_Transfer+0xd0>
8780408c:	899a      	ldrh	r2, [r3, #12]
8780408e:	f022 0202 	bic.w	r2, r2, #2
87804092:	819a      	strh	r2, [r3, #12]
87804094:	899a      	ldrh	r2, [r3, #12]
87804096:	0692      	lsls	r2, r2, #26
87804098:	d409      	bmi.n	878040ae <I2C_Master_Transfer+0x1ae>
8780409a:	891a      	ldrh	r2, [r3, #8]
8780409c:	0696      	lsls	r6, r2, #26
8780409e:	d506      	bpl.n	878040ae <I2C_Master_Transfer+0x1ae>
878040a0:	8918      	ldrh	r0, [r3, #8]
878040a2:	f047 0201 	orr.w	r2, r7, #1
878040a6:	f040 0014 	orr.w	r0, r0, #20
878040aa:	8118      	strh	r0, [r3, #8]
878040ac:	821a      	strh	r2, [r3, #16]
878040ae:	899a      	ldrh	r2, [r3, #12]
878040b0:	0795      	lsls	r5, r2, #30
878040b2:	d5fc      	bpl.n	878040ae <I2C_Master_Transfer+0x1ae>
878040b4:	899a      	ldrh	r2, [r3, #12]
878040b6:	b290      	uxth	r0, r2
878040b8:	06d4      	lsls	r4, r2, #27
878040ba:	d412      	bmi.n	878040e2 <I2C_Master_Transfer+0x1e2>
878040bc:	07c0      	lsls	r0, r0, #31
878040be:	d58d      	bpl.n	87803fdc <I2C_Master_Transfer+0xdc>
878040c0:	2003      	movs	r0, #3
878040c2:	8919      	ldrh	r1, [r3, #8]
878040c4:	f64f 72ff 	movw	r2, #65535	@ 0xffff
878040c8:	f021 0138 	bic.w	r1, r1, #56	@ 0x38
878040cc:	8119      	strh	r1, [r3, #8]
878040ce:	e003      	b.n	878040d8 <I2C_Master_Transfer+0x1d8>
878040d0:	b292      	uxth	r2, r2
878040d2:	2a00      	cmp	r2, #0
878040d4:	f43f af7c 	beq.w	87803fd0 <I2C_Master_Transfer+0xd0>
878040d8:	8999      	ldrh	r1, [r3, #12]
878040da:	3a01      	subs	r2, #1
878040dc:	0689      	lsls	r1, r1, #26
878040de:	d4f7      	bmi.n	878040d0 <I2C_Master_Transfer+0x1d0>
878040e0:	e776      	b.n	87803fd0 <I2C_Master_Transfer+0xd0>
878040e2:	899a      	ldrh	r2, [r3, #12]
878040e4:	2004      	movs	r0, #4
878040e6:	f022 0210 	bic.w	r2, r2, #16
878040ea:	819a      	strh	r2, [r3, #12]
878040ec:	891a      	ldrh	r2, [r3, #8]
878040ee:	f022 0280 	bic.w	r2, r2, #128	@ 0x80
878040f2:	811a      	strh	r2, [r3, #8]
878040f4:	891a      	ldrh	r2, [r3, #8]
878040f6:	f042 0280 	orr.w	r2, r2, #128	@ 0x80
878040fa:	811a      	strh	r2, [r3, #8]
878040fc:	e7e1      	b.n	878040c2 <I2C_Master_Transfer+0x1c2>
878040fe:	bf00      	nop

87804100 <AP3216C_Init>:
87804100:	e92d 43f0 	stmdb	sp!, {r4, r5, r6, r7, r8, r9, lr}
87804104:	2300      	movs	r3, #0
87804106:	f2c0 230e 	movt	r3, #526	@ 0x20e
8780410a:	b089      	sub	sp, #36	@ 0x24
8780410c:	2600      	movs	r6, #0
8780410e:	f2c0 261a 	movt	r6, #538	@ 0x21a
87804112:	2401      	movs	r4, #1
87804114:	f247 02b0 	movw	r2, #28848	@ 0x70b0
87804118:	af02      	add	r7, sp, #8
8780411a:	2112      	movs	r1, #18
8780411c:	4630      	mov	r0, r6
8780411e:	f8c3 10b4 	str.w	r1, [r3, #180]	@ 0xb4
87804122:	2500      	movs	r5, #0
87804124:	f8c3 45a4 	str.w	r4, [r3, #1444]	@ 0x5a4
87804128:	f04f 081e 	mov.w	r8, #30
8780412c:	f8c3 22fc 	str.w	r2, [r3, #764]	@ 0x2fc
87804130:	f10d 0907 	add.w	r9, sp, #7
87804134:	f8c3 10b8 	str.w	r1, [r3, #184]	@ 0xb8
87804138:	2102      	movs	r1, #2
8780413a:	f8c3 15a8 	str.w	r1, [r3, #1448]	@ 0x5a8
8780413e:	f8c3 22fc 	str.w	r2, [r3, #764]	@ 0x2fc
87804142:	f7ff fdf1 	bl	87803d28 <I2C_Init>
87804146:	4639      	mov	r1, r7
87804148:	4630      	mov	r0, r6
8780414a:	2304      	movs	r3, #4
8780414c:	f8cd 9018 	str.w	r9, [sp, #24]
87804150:	f88d 3007 	strb.w	r3, [sp, #7]
87804154:	9504      	str	r5, [sp, #16]
87804156:	f88d 4014 	strb.w	r4, [sp, #20]
8780415a:	f88d 8008 	strb.w	r8, [sp, #8]
8780415e:	9503      	str	r5, [sp, #12]
87804160:	9407      	str	r4, [sp, #28]
87804162:	f7ff fecd 	bl	87803f00 <I2C_Master_Transfer>
87804166:	2064      	movs	r0, #100	@ 0x64
87804168:	f7fe fa3e 	bl	878025e8 <Delay_ms>
8780416c:	4639      	mov	r1, r7
8780416e:	4630      	mov	r0, r6
87804170:	2303      	movs	r3, #3
87804172:	f8cd 9018 	str.w	r9, [sp, #24]
87804176:	f88d 3007 	strb.w	r3, [sp, #7]
8780417a:	f88d 8008 	strb.w	r8, [sp, #8]
8780417e:	9504      	str	r5, [sp, #16]
87804180:	f88d 4014 	strb.w	r4, [sp, #20]
87804184:	9407      	str	r4, [sp, #28]
87804186:	9503      	str	r5, [sp, #12]
87804188:	f7ff feba 	bl	87803f00 <I2C_Master_Transfer>
8780418c:	4639      	mov	r1, r7
8780418e:	4630      	mov	r0, r6
87804190:	f8cd 9018 	str.w	r9, [sp, #24]
87804194:	f88d 8008 	strb.w	r8, [sp, #8]
87804198:	f88d 5007 	strb.w	r5, [sp, #7]
8780419c:	9504      	str	r5, [sp, #16]
8780419e:	9407      	str	r4, [sp, #28]
878041a0:	9403      	str	r4, [sp, #12]
878041a2:	f88d 4014 	strb.w	r4, [sp, #20]
878041a6:	f7ff feab 	bl	87803f00 <I2C_Master_Transfer>
878041aa:	4804      	ldr	r0, [pc, #16]	@ (878041bc <AP3216C_Init+0xbc>)
878041ac:	f89d 1007 	ldrb.w	r1, [sp, #7]
878041b0:	4478      	add	r0, pc
878041b2:	b009      	add	sp, #36	@ 0x24
878041b4:	e8bd 43f0 	ldmia.w	sp!, {r4, r5, r6, r7, r8, r9, lr}
878041b8:	f7fc b93e 	b.w	87800438 <printf>
878041bc:	00000618 	andeq	r0, r0, r8, lsl r6

878041c0 <AP3216C_ReadByte>:
878041c0:	b500      	push	{lr}
878041c2:	460a      	mov	r2, r1
878041c4:	2301      	movs	r3, #1
878041c6:	b089      	sub	sp, #36	@ 0x24
878041c8:	f04f 0c00 	mov.w	ip, #0
878041cc:	a902      	add	r1, sp, #8
878041ce:	f88d 0008 	strb.w	r0, [sp, #8]
878041d2:	2000      	movs	r0, #0
878041d4:	f2c0 201a 	movt	r0, #538	@ 0x21a
878041d8:	9204      	str	r2, [sp, #16]
878041da:	f88d c007 	strb.w	ip, [sp, #7]
878041de:	f10d 0207 	add.w	r2, sp, #7
878041e2:	9303      	str	r3, [sp, #12]
878041e4:	9206      	str	r2, [sp, #24]
878041e6:	f88d 3014 	strb.w	r3, [sp, #20]
878041ea:	9307      	str	r3, [sp, #28]
878041ec:	f7ff fe88 	bl	87803f00 <I2C_Master_Transfer>
878041f0:	f89d 0007 	ldrb.w	r0, [sp, #7]
878041f4:	b009      	add	sp, #36	@ 0x24
878041f6:	bd00      	pop	{pc}

878041f8 <AP3216C_WriteByte>:
878041f8:	b500      	push	{lr}
878041fa:	460b      	mov	r3, r1
878041fc:	f04f 0c01 	mov.w	ip, #1
87804200:	b089      	sub	sp, #36	@ 0x24
87804202:	a902      	add	r1, sp, #8
87804204:	f88d 0008 	strb.w	r0, [sp, #8]
87804208:	2000      	movs	r0, #0
8780420a:	f2c0 201a 	movt	r0, #538	@ 0x21a
8780420e:	9304      	str	r3, [sp, #16]
87804210:	f88d 2007 	strb.w	r2, [sp, #7]
87804214:	f10d 0307 	add.w	r3, sp, #7
87804218:	f88d c014 	strb.w	ip, [sp, #20]
8780421c:	9306      	str	r3, [sp, #24]
8780421e:	2300      	movs	r3, #0
87804220:	f8cd c01c 	str.w	ip, [sp, #28]
87804224:	9303      	str	r3, [sp, #12]
87804226:	f7ff fe6b 	bl	87803f00 <I2C_Master_Transfer>
8780422a:	3800      	subs	r0, #0
8780422c:	bf18      	it	ne
8780422e:	2001      	movne	r0, #1
87804230:	b009      	add	sp, #36	@ 0x24
87804232:	bd00      	pop	{pc}

87804234 <AP3216C_ReadData>:
87804234:	e92d 4ff0 	stmdb	sp!, {r4, r5, r6, r7, r8, r9, sl, fp, lr}
87804238:	2400      	movs	r4, #0
8780423a:	f2c0 241a 	movt	r4, #538	@ 0x21a
8780423e:	b08d      	sub	sp, #52	@ 0x34
87804240:	4683      	mov	fp, r0
87804242:	f10d 050f 	add.w	r5, sp, #15
87804246:	f04f 090a 	mov.w	r9, #10
8780424a:	46aa      	mov	sl, r5
8780424c:	2600      	movs	r6, #0
8780424e:	271e      	movs	r7, #30
87804250:	e9cd 1200 	strd	r1, r2, [sp]
87804254:	a906      	add	r1, sp, #24
87804256:	4620      	mov	r0, r4
87804258:	2301      	movs	r3, #1
8780425a:	950a      	str	r5, [sp, #40]	@ 0x28
8780425c:	f8cd 9020 	str.w	r9, [sp, #32]
87804260:	f109 0901 	add.w	r9, r9, #1
87804264:	930b      	str	r3, [sp, #44]	@ 0x2c
87804266:	9307      	str	r3, [sp, #28]
87804268:	f88d 3024 	strb.w	r3, [sp, #36]	@ 0x24
8780426c:	f88d 600f 	strb.w	r6, [sp, #15]
87804270:	f88d 7018 	strb.w	r7, [sp, #24]
87804274:	f7ff fe44 	bl	87803f00 <I2C_Master_Transfer>
87804278:	f89d 300f 	ldrb.w	r3, [sp, #15]
8780427c:	f1b9 0f10 	cmp.w	r9, #16
87804280:	f80a 3f01 	strb.w	r3, [sl, #1]!
87804284:	d1e6      	bne.n	87804254 <AP3216C_ReadData+0x20>
87804286:	f89d 3010 	ldrb.w	r3, [sp, #16]
8780428a:	2b80      	cmp	r3, #128	@ 0x80
8780428c:	bf04      	itt	eq
8780428e:	f8ab 6000 	strheq.w	r6, [fp]
87804292:	2300      	moveq	r3, #0
87804294:	d011      	beq.n	878042ba <AP3216C_ReadData+0x86>
87804296:	f89d 2011 	ldrb.w	r2, [sp, #17]
8780429a:	f003 0303 	and.w	r3, r3, #3
8780429e:	ea43 0382 	orr.w	r3, r3, r2, lsl #2
878042a2:	f89d 2015 	ldrb.w	r2, [sp, #21]
878042a6:	f8ab 3000 	strh.w	r3, [fp]
878042aa:	f89d 3014 	ldrb.w	r3, [sp, #20]
878042ae:	0112      	lsls	r2, r2, #4
878042b0:	f003 030f 	and.w	r3, r3, #15
878042b4:	f402 727c 	and.w	r2, r2, #1008	@ 0x3f0
878042b8:	4313      	orrs	r3, r2
878042ba:	9900      	ldr	r1, [sp, #0]
878042bc:	f8bd 2012 	ldrh.w	r2, [sp, #18]
878042c0:	800b      	strh	r3, [r1, #0]
878042c2:	9b01      	ldr	r3, [sp, #4]
878042c4:	801a      	strh	r2, [r3, #0]
878042c6:	b00d      	add	sp, #52	@ 0x34
878042c8:	e8bd 8ff0 	ldmia.w	sp!, {r4, r5, r6, r7, r8, r9, sl, fp, pc}
878042cc:	0000      	movs	r0, r0
	...

878042d0 <__udivsi3>:
878042d0:	1e4a      	subs	r2, r1, #1
878042d2:	bf08      	it	eq
878042d4:	4770      	bxeq	lr
878042d6:	f0c0 8124 	bcc.w	87804522 <__udivsi3+0x252>
878042da:	4288      	cmp	r0, r1
878042dc:	f240 8116 	bls.w	8780450c <__udivsi3+0x23c>
878042e0:	4211      	tst	r1, r2
878042e2:	f000 8117 	beq.w	87804514 <__udivsi3+0x244>
878042e6:	fab0 f380 	clz	r3, r0
878042ea:	fab1 f281 	clz	r2, r1
878042ee:	eba2 0303 	sub.w	r3, r2, r3
878042f2:	f1c3 031f 	rsb	r3, r3, #31
878042f6:	a204      	add	r2, pc, #16	@ (adr r2, 87804308 <__udivsi3+0x38>)
878042f8:	eb02 1303 	add.w	r3, r2, r3, lsl #4
878042fc:	f04f 0200 	mov.w	r2, #0
87804300:	469f      	mov	pc, r3
87804302:	bf00      	nop
87804304:	f3af 8000 	nop.w
87804308:	ebb0 7fc1 	cmp.w	r0, r1, lsl #31
8780430c:	bf00      	nop
8780430e:	eb42 0202 	adc.w	r2, r2, r2
87804312:	bf28      	it	cs
87804314:	eba0 70c1 	subcs.w	r0, r0, r1, lsl #31
87804318:	ebb0 7f81 	cmp.w	r0, r1, lsl #30
8780431c:	bf00      	nop
8780431e:	eb42 0202 	adc.w	r2, r2, r2
87804322:	bf28      	it	cs
87804324:	eba0 7081 	subcs.w	r0, r0, r1, lsl #30
87804328:	ebb0 7f41 	cmp.w	r0, r1, lsl #29
8780432c:	bf00      	nop
8780432e:	eb42 0202 	adc.w	r2, r2, r2
87804332:	bf28      	it	cs
87804334:	eba0 7041 	subcs.w	r0, r0, r1, lsl #29
87804338:	ebb0 7f01 	cmp.w	r0, r1, lsl #28
8780433c:	bf00      	nop
8780433e:	eb42 0202 	adc.w	r2, r2, r2
87804342:	bf28      	it	cs
87804344:	eba0 7001 	subcs.w	r0, r0, r1, lsl #28
87804348:	ebb0 6fc1 	cmp.w	r0, r1, lsl #27
8780434c:	bf00      	nop
8780434e:	eb42 0202 	adc.w	r2, r2, r2
87804352:	bf28      	it	cs
87804354:	eba0 60c1 	subcs.w	r0, r0, r1, lsl #27
87804358:	ebb0 6f81 	cmp.w	r0, r1, lsl #26
8780435c:	bf00      	nop
8780435e:	eb42 0202 	adc.w	r2, r2, r2
87804362:	bf28      	it	cs
87804364:	eba0 6081 	subcs.w	r0, r0, r1, lsl #26
87804368:	ebb0 6f41 	cmp.w	r0, r1, lsl #25
8780436c:	bf00      	nop
8780436e:	eb42 0202 	adc.w	r2, r2, r2
87804372:	bf28      	it	cs
87804374:	eba0 6041 	subcs.w	r0, r0, r1, lsl #25
87804378:	ebb0 6f01 	cmp.w	r0, r1, lsl #24
8780437c:	bf00      	nop
8780437e:	eb42 0202 	adc.w	r2, r2, r2
87804382:	bf28      	it	cs
87804384:	eba0 6001 	subcs.w	r0, r0, r1, lsl #24
87804388:	ebb0 5fc1 	cmp.w	r0, r1, lsl #23
8780438c:	bf00      	nop
8780438e:	eb42 0202 	adc.w	r2, r2, r2
87804392:	bf28      	it	cs
87804394:	eba0 50c1 	subcs.w	r0, r0, r1, lsl #23
87804398:	ebb0 5f81 	cmp.w	r0, r1, lsl #22
8780439c:	bf00      	nop
8780439e:	eb42 0202 	adc.w	r2, r2, r2
878043a2:	bf28      	it	cs
878043a4:	eba0 5081 	subcs.w	r0, r0, r1, lsl #22
878043a8:	ebb0 5f41 	cmp.w	r0, r1, lsl #21
878043ac:	bf00      	nop
878043ae:	eb42 0202 	adc.w	r2, r2, r2
878043b2:	bf28      	it	cs
878043b4:	eba0 5041 	subcs.w	r0, r0, r1, lsl #21
878043b8:	ebb0 5f01 	cmp.w	r0, r1, lsl #20
878043bc:	bf00      	nop
878043be:	eb42 0202 	adc.w	r2, r2, r2
878043c2:	bf28      	it	cs
878043c4:	eba0 5001 	subcs.w	r0, r0, r1, lsl #20
878043c8:	ebb0 4fc1 	cmp.w	r0, r1, lsl #19
878043cc:	bf00      	nop
878043ce:	eb42 0202 	adc.w	r2, r2, r2
878043d2:	bf28      	it	cs
878043d4:	eba0 40c1 	subcs.w	r0, r0, r1, lsl #19
878043d8:	ebb0 4f81 	cmp.w	r0, r1, lsl #18
878043dc:	bf00      	nop
878043de:	eb42 0202 	adc.w	r2, r2, r2
878043e2:	bf28      	it	cs
878043e4:	eba0 4081 	subcs.w	r0, r0, r1, lsl #18
878043e8:	ebb0 4f41 	cmp.w	r0, r1, lsl #17
878043ec:	bf00      	nop
878043ee:	eb42 0202 	adc.w	r2, r2, r2
878043f2:	bf28      	it	cs
878043f4:	eba0 4041 	subcs.w	r0, r0, r1, lsl #17
878043f8:	ebb0 4f01 	cmp.w	r0, r1, lsl #16
878043fc:	bf00      	nop
878043fe:	eb42 0202 	adc.w	r2, r2, r2
87804402:	bf28      	it	cs
87804404:	eba0 4001 	subcs.w	r0, r0, r1, lsl #16
87804408:	ebb0 3fc1 	cmp.w	r0, r1, lsl #15
8780440c:	bf00      	nop
8780440e:	eb42 0202 	adc.w	r2, r2, r2
87804412:	bf28      	it	cs
87804414:	eba0 30c1 	subcs.w	r0, r0, r1, lsl #15
87804418:	ebb0 3f81 	cmp.w	r0, r1, lsl #14
8780441c:	bf00      	nop
8780441e:	eb42 0202 	adc.w	r2, r2, r2
87804422:	bf28      	it	cs
87804424:	eba0 3081 	subcs.w	r0, r0, r1, lsl #14
87804428:	ebb0 3f41 	cmp.w	r0, r1, lsl #13
8780442c:	bf00      	nop
8780442e:	eb42 0202 	adc.w	r2, r2, r2
87804432:	bf28      	it	cs
87804434:	eba0 3041 	subcs.w	r0, r0, r1, lsl #13
87804438:	ebb0 3f01 	cmp.w	r0, r1, lsl #12
8780443c:	bf00      	nop
8780443e:	eb42 0202 	adc.w	r2, r2, r2
87804442:	bf28      	it	cs
87804444:	eba0 3001 	subcs.w	r0, r0, r1, lsl #12
87804448:	ebb0 2fc1 	cmp.w	r0, r1, lsl #11
8780444c:	bf00      	nop
8780444e:	eb42 0202 	adc.w	r2, r2, r2
87804452:	bf28      	it	cs
87804454:	eba0 20c1 	subcs.w	r0, r0, r1, lsl #11
87804458:	ebb0 2f81 	cmp.w	r0, r1, lsl #10
8780445c:	bf00      	nop
8780445e:	eb42 0202 	adc.w	r2, r2, r2
87804462:	bf28      	it	cs
87804464:	eba0 2081 	subcs.w	r0, r0, r1, lsl #10
87804468:	ebb0 2f41 	cmp.w	r0, r1, lsl #9
8780446c:	bf00      	nop
8780446e:	eb42 0202 	adc.w	r2, r2, r2
87804472:	bf28      	it	cs
87804474:	eba0 2041 	subcs.w	r0, r0, r1, lsl #9
87804478:	ebb0 2f01 	cmp.w	r0, r1, lsl #8
8780447c:	bf00      	nop
8780447e:	eb42 0202 	adc.w	r2, r2, r2
87804482:	bf28      	it	cs
87804484:	eba0 2001 	subcs.w	r0, r0, r1, lsl #8
87804488:	ebb0 1fc1 	cmp.w	r0, r1, lsl #7
8780448c:	bf00      	nop
8780448e:	eb42 0202 	adc.w	r2, r2, r2
87804492:	bf28      	it	cs
87804494:	eba0 10c1 	subcs.w	r0, r0, r1, lsl #7
87804498:	ebb0 1f81 	cmp.w	r0, r1, lsl #6
8780449c:	bf00      	nop
8780449e:	eb42 0202 	adc.w	r2, r2, r2
878044a2:	bf28      	it	cs
878044a4:	eba0 1081 	subcs.w	r0, r0, r1, lsl #6
878044a8:	ebb0 1f41 	cmp.w	r0, r1, lsl #5
878044ac:	bf00      	nop
878044ae:	eb42 0202 	adc.w	r2, r2, r2
878044b2:	bf28      	it	cs
878044b4:	eba0 1041 	subcs.w	r0, r0, r1, lsl #5
878044b8:	ebb0 1f01 	cmp.w	r0, r1, lsl #4
878044bc:	bf00      	nop
878044be:	eb42 0202 	adc.w	r2, r2, r2
878044c2:	bf28      	it	cs
878044c4:	eba0 1001 	subcs.w	r0, r0, r1, lsl #4
878044c8:	ebb0 0fc1 	cmp.w	r0, r1, lsl #3
878044cc:	bf00      	nop
878044ce:	eb42 0202 	adc.w	r2, r2, r2
878044d2:	bf28      	it	cs
878044d4:	eba0 00c1 	subcs.w	r0, r0, r1, lsl #3
878044d8:	ebb0 0f81 	cmp.w	r0, r1, lsl #2
878044dc:	bf00      	nop
878044de:	eb42 0202 	adc.w	r2, r2, r2
878044e2:	bf28      	it	cs
878044e4:	eba0 0081 	subcs.w	r0, r0, r1, lsl #2
878044e8:	ebb0 0f41 	cmp.w	r0, r1, lsl #1
878044ec:	bf00      	nop
878044ee:	eb42 0202 	adc.w	r2, r2, r2
878044f2:	bf28      	it	cs
878044f4:	eba0 0041 	subcs.w	r0, r0, r1, lsl #1
878044f8:	ebb0 0f01 	cmp.w	r0, r1
878044fc:	bf00      	nop
878044fe:	eb42 0202 	adc.w	r2, r2, r2
87804502:	bf28      	it	cs
87804504:	eba0 0001 	subcs.w	r0, r0, r1
87804508:	4610      	mov	r0, r2
8780450a:	4770      	bx	lr
8780450c:	bf0c      	ite	eq
8780450e:	2001      	moveq	r0, #1
87804510:	2000      	movne	r0, #0
87804512:	4770      	bx	lr
87804514:	fab1 f281 	clz	r2, r1
87804518:	f1c2 021f 	rsb	r2, r2, #31
8780451c:	fa20 f002 	lsr.w	r0, r0, r2
87804520:	4770      	bx	lr
87804522:	b108      	cbz	r0, 87804528 <__udivsi3+0x258>
87804524:	f04f 30ff 	mov.w	r0, #4294967295	@ 0xffffffff
87804528:	f000 b824 	b.w	87804574 <__aeabi_idiv0>

8780452c <__aeabi_uidivmod>:
8780452c:	2900      	cmp	r1, #0
8780452e:	d0f8      	beq.n	87804522 <__udivsi3+0x252>
87804530:	b503      	push	{r0, r1, lr}
87804532:	f7ff fecd 	bl	878042d0 <__udivsi3>
87804536:	e8bd 4006 	ldmia.w	sp!, {r1, r2, lr}
8780453a:	fb02 f300 	mul.w	r3, r2, r0
8780453e:	eba1 0103 	sub.w	r1, r1, r3
87804542:	4770      	bx	lr

87804544 <__aeabi_uldivmod>:
87804544:	b953      	cbnz	r3, 8780455c <__aeabi_uldivmod+0x18>
87804546:	b94a      	cbnz	r2, 8780455c <__aeabi_uldivmod+0x18>
87804548:	2900      	cmp	r1, #0
8780454a:	bf08      	it	eq
8780454c:	2800      	cmpeq	r0, #0
8780454e:	bf1c      	itt	ne
87804550:	f04f 31ff 	movne.w	r1, #4294967295	@ 0xffffffff
87804554:	f04f 30ff 	movne.w	r0, #4294967295	@ 0xffffffff
87804558:	f000 b80c 	b.w	87804574 <__aeabi_idiv0>
8780455c:	f1ad 0c08 	sub.w	ip, sp, #8
87804560:	e96d ce04 	strd	ip, lr, [sp, #-16]!
87804564:	f000 f80c 	bl	87804580 <__udivmoddi4>
87804568:	f8dd e004 	ldr.w	lr, [sp, #4]
8780456c:	e9dd 2302 	ldrd	r2, r3, [sp, #8]
87804570:	b004      	add	sp, #16
87804572:	4770      	bx	lr

87804574 <__aeabi_idiv0>:
87804574:	b502      	push	{r1, lr}
87804576:	f04f 0008 	mov.w	r0, #8
8780457a:	f7ff f9bb 	bl	878038f4 <raise>
8780457e:	bd02      	pop	{r1, pc}

87804580 <__udivmoddi4>:
87804580:	e92d 41f0 	stmdb	sp!, {r4, r5, r6, r7, r8, lr}
87804584:	4290      	cmp	r0, r2
87804586:	468e      	mov	lr, r1
87804588:	eb7e 0103 	sbcs.w	r1, lr, r3
8780458c:	4684      	mov	ip, r0
8780458e:	bf3c      	itt	cc
87804590:	2400      	movcc	r4, #0
87804592:	4625      	movcc	r5, r4
87804594:	d36a      	bcc.n	8780466c <__udivmoddi4+0xec>
87804596:	fab3 f083 	clz	r0, r3
8780459a:	2b00      	cmp	r3, #0
8780459c:	d072      	beq.n	87804684 <__udivmoddi4+0x104>
8780459e:	fabe f18e 	clz	r1, lr
878045a2:	f1be 0f00 	cmp.w	lr, #0
878045a6:	d069      	beq.n	8780467c <__udivmoddi4+0xfc>
878045a8:	1a40      	subs	r0, r0, r1
878045aa:	f1a0 0520 	sub.w	r5, r0, #32
878045ae:	f1c0 0620 	rsb	r6, r0, #32
878045b2:	4083      	lsls	r3, r0
878045b4:	46a8      	mov	r8, r5
878045b6:	fa02 f405 	lsl.w	r4, r2, r5
878045ba:	4637      	mov	r7, r6
878045bc:	fa02 f100 	lsl.w	r1, r2, r0
878045c0:	4323      	orrs	r3, r4
878045c2:	40f2      	lsrs	r2, r6
878045c4:	458c      	cmp	ip, r1
878045c6:	ea43 0302 	orr.w	r3, r3, r2
878045ca:	eb7e 0203 	sbcs.w	r2, lr, r3
878045ce:	bf3c      	itt	cc
878045d0:	2400      	movcc	r4, #0
878045d2:	4625      	movcc	r5, r4
878045d4:	d30a      	bcc.n	878045ec <__udivmoddi4+0x6c>
878045d6:	2401      	movs	r4, #1
878045d8:	ebbc 0c01 	subs.w	ip, ip, r1
878045dc:	eb6e 0e03 	sbc.w	lr, lr, r3
878045e0:	fa04 f505 	lsl.w	r5, r4, r5
878045e4:	fa24 f206 	lsr.w	r2, r4, r6
878045e8:	4315      	orrs	r5, r2
878045ea:	4084      	lsls	r4, r0
878045ec:	b3f0      	cbz	r0, 8780466c <__udivmoddi4+0xec>
878045ee:	0849      	lsrs	r1, r1, #1
878045f0:	4602      	mov	r2, r0
878045f2:	ea41 71c3 	orr.w	r1, r1, r3, lsl #31
878045f6:	085b      	lsrs	r3, r3, #1
878045f8:	e00d      	b.n	87804616 <__udivmoddi4+0x96>
878045fa:	ebbc 0c01 	subs.w	ip, ip, r1
878045fe:	eb6e 0e03 	sbc.w	lr, lr, r3
87804602:	eb1c 0c0c 	adds.w	ip, ip, ip
87804606:	eb4e 0e0e 	adc.w	lr, lr, lr
8780460a:	f11c 0c01 	adds.w	ip, ip, #1
8780460e:	f14e 0e00 	adc.w	lr, lr, #0
87804612:	3a01      	subs	r2, #1
87804614:	d009      	beq.n	8780462a <__udivmoddi4+0xaa>
87804616:	458c      	cmp	ip, r1
87804618:	eb7e 0603 	sbcs.w	r6, lr, r3
8780461c:	d2ed      	bcs.n	878045fa <__udivmoddi4+0x7a>
8780461e:	eb1c 0c0c 	adds.w	ip, ip, ip
87804622:	eb4e 0e0e 	adc.w	lr, lr, lr
87804626:	3a01      	subs	r2, #1
87804628:	d1f5      	bne.n	87804616 <__udivmoddi4+0x96>
8780462a:	fa0e f307 	lsl.w	r3, lr, r7
8780462e:	eb14 040c 	adds.w	r4, r4, ip
87804632:	fa2c fc00 	lsr.w	ip, ip, r0
87804636:	eb45 050e 	adc.w	r5, r5, lr
8780463a:	ea4c 0c03 	orr.w	ip, ip, r3
8780463e:	fa2e f308 	lsr.w	r3, lr, r8
87804642:	ea4c 0c03 	orr.w	ip, ip, r3
87804646:	fa2e fe00 	lsr.w	lr, lr, r0
8780464a:	f1a0 0120 	sub.w	r1, r0, #32
8780464e:	f1c0 0220 	rsb	r2, r0, #32
87804652:	fa0e f300 	lsl.w	r3, lr, r0
87804656:	fa0c f101 	lsl.w	r1, ip, r1
8780465a:	fa2c f202 	lsr.w	r2, ip, r2
8780465e:	430b      	orrs	r3, r1
87804660:	fa0c f000 	lsl.w	r0, ip, r0
87804664:	4313      	orrs	r3, r2
87804666:	1a24      	subs	r4, r4, r0
87804668:	eb65 0503 	sbc.w	r5, r5, r3
8780466c:	9b06      	ldr	r3, [sp, #24]
8780466e:	b10b      	cbz	r3, 87804674 <__udivmoddi4+0xf4>
87804670:	e9c3 ce00 	strd	ip, lr, [r3]
87804674:	4620      	mov	r0, r4
87804676:	4629      	mov	r1, r5
87804678:	e8bd 81f0 	ldmia.w	sp!, {r4, r5, r6, r7, r8, pc}
8780467c:	fabc f18c 	clz	r1, ip
87804680:	3120      	adds	r1, #32
87804682:	e791      	b.n	878045a8 <__udivmoddi4+0x28>
87804684:	fab2 f082 	clz	r0, r2
87804688:	fabe f18e 	clz	r1, lr
8780468c:	3020      	adds	r0, #32
8780468e:	f1be 0f00 	cmp.w	lr, #0
87804692:	d189      	bne.n	878045a8 <__udivmoddi4+0x28>
87804694:	e7f2      	b.n	8780467c <__udivmoddi4+0xfc>
87804696:	bf00      	nop

87804698 <__main_from_arm>:
87804698:	e51ff004 	ldr	pc, [pc, #-4]	@ 8780469c <__main_from_arm+0x4>
8780469c:	878046a1 	strhi	r4, [r0, r1, lsr #13]

Disassembly of section .text.startup:

878046a0 <main>:
878046a0:	e92d 41f0 	stmdb	sp!, {r4, r5, r6, r7, r8, lr}
878046a4:	4c36      	ldr	r4, [pc, #216]	@ (87804780 <main+0xe0>)
878046a6:	b084      	sub	sp, #16
878046a8:	f7fe faa6 	bl	87802bf8 <INT_Init>
878046ac:	447c      	add	r4, pc
878046ae:	f7fd ff05 	bl	878024bc <CLK_Enable>
878046b2:	f7ff f8a9 	bl	87803808 <UART_Init>
878046b6:	f7fd ffab 	bl	87802610 <LED_Init>
878046ba:	f7fd ffe7 	bl	8780268c <Beep_Init>
878046be:	f7fe f819 	bl	878026f4 <Key_Init>
878046c2:	ee9f 2f10 	mrc	15, 4, r2, cr15, cr0, {0}
878046c6:	f36f 020f 	bfc	r2, #0, #16
878046ca:	2300      	movs	r3, #0
878046cc:	f502 5680 	add.w	r6, r2, #4096	@ 0x1000
878046d0:	f04f 35ff 	mov.w	r5, #4294967295	@ 0xffffffff
878046d4:	6870      	ldr	r0, [r6, #4]
878046d6:	f000 001f 	and.w	r0, r0, #31
878046da:	3001      	adds	r0, #1
878046dc:	f503 618c 	add.w	r1, r3, #1120	@ 0x460
878046e0:	3301      	adds	r3, #1
878046e2:	4298      	cmp	r0, r3
878046e4:	f842 5021 	str.w	r5, [r2, r1, lsl #2]
878046e8:	d1f8      	bne.n	878046dc <main+0x3c>
878046ea:	f502 5200 	add.w	r2, r2, #8192	@ 0x2000
878046ee:	2301      	movs	r3, #1
878046f0:	21f8      	movs	r1, #248	@ 0xf8
878046f2:	f8df 8090 	ldr.w	r8, [pc, #144]	@ 87804784 <main+0xe4>
878046f6:	f10d 070e 	add.w	r7, sp, #14
878046fa:	6051      	str	r1, [r2, #4]
878046fc:	2102      	movs	r1, #2
878046fe:	6091      	str	r1, [r2, #8]
87804700:	44f8      	add	r8, pc
87804702:	6033      	str	r3, [r6, #0]
87804704:	6013      	str	r3, [r2, #0]
87804706:	f7fe f917 	bl	87802938 <Exit_Init>
8780470a:	2000      	movs	r0, #0
8780470c:	f648 2140 	movw	r1, #35392	@ 0x8a40
87804710:	f2c0 11f7 	movt	r1, #503	@ 0x1f7
87804714:	f7fe f95c 	bl	878029d0 <EPIT1_Init>
87804718:	f7fe f99c 	bl	87802a54 <KeyFilter_Init>
8780471c:	f7fe fbbc 	bl	87802e98 <LCD_Init>
87804720:	f7ff f9de 	bl	87803ae0 <RTC_Init>
87804724:	f7ff fcec 	bl	87804100 <AP3216C_Init>
87804728:	4917      	ldr	r1, [pc, #92]	@ (87804788 <main+0xe8>)
8780472a:	4a18      	ldr	r2, [pc, #96]	@ (8780478c <main+0xec>)
8780472c:	2320      	movs	r3, #32
8780472e:	f44f 007f 	mov.w	r0, #16711680	@ 0xff0000
87804732:	447a      	add	r2, pc
87804734:	5861      	ldr	r1, [r4, r1]
87804736:	2400      	movs	r4, #0
87804738:	9201      	str	r2, [sp, #4]
8780473a:	f44f 7282 	mov.w	r2, #260	@ 0x104
8780473e:	9300      	str	r3, [sp, #0]
87804740:	6188      	str	r0, [r1, #24]
87804742:	200a      	movs	r0, #10
87804744:	61cc      	str	r4, [r1, #28]
87804746:	2128      	movs	r1, #40	@ 0x28
87804748:	f7fe ff3c 	bl	878035c4 <LCD_ShowString>
8780474c:	463a      	mov	r2, r7
8780474e:	a903      	add	r1, sp, #12
87804750:	f10d 000a 	add.w	r0, sp, #10
87804754:	f084 0401 	eor.w	r4, r4, #1
87804758:	f7ff fd6c 	bl	87804234 <AP3216C_ReadData>
8780475c:	f8bd 300e 	ldrh.w	r3, [sp, #14]
87804760:	f8bd 200c 	ldrh.w	r2, [sp, #12]
87804764:	4640      	mov	r0, r8
87804766:	f8bd 100a 	ldrh.w	r1, [sp, #10]
8780476a:	f7fb fe65 	bl	87800438 <printf>
8780476e:	4621      	mov	r1, r4
87804770:	2000      	movs	r0, #0
87804772:	f7fd ff75 	bl	87802660 <LED_Switch>
87804776:	f44f 70fa 	mov.w	r0, #500	@ 0x1f4
8780477a:	f7fd ff35 	bl	878025e8 <Delay_ms>
8780477e:	e7e5      	b.n	8780474c <main+0xac>
87804780:	ffffb950 			@ <UNDEFINED> instruction: 0xffffb950
87804784:	00000094 	muleq	r0, r4, r0
87804788:	00000180 	andeq	r0, r0, r0, lsl #3
8780478c:	0000005a 	andeq	r0, r0, sl, asr r0

Disassembly of section .rodata:

87804790 <digits.0-0x64>:
87804790:	3a433249 	bcc	888d10bc <__bss_end+0x10c7300>
87804794:	00000000 	andeq	r0, r0, r0
87804798:	203a5249 	eorscs	r5, sl, r9, asr #4
8780479c:	202c6425 	eorcs	r6, ip, r5, lsr #8
878047a0:	203a5350 	eorscs	r5, sl, r0, asr r3
878047a4:	202c6425 	eorcs	r6, ip, r5, lsr #8
878047a8:	3a534c41 	bcc	88cd78b4 <__bss_end+0x14cdaf8>
878047ac:	0a642520 	beq	8910dc34 <__bss_end+0x1903e78>
878047b0:	00000000 	andeq	r0, r0, r0
878047b4:	4c554e3c 	mrrcmi	14, 3, r4, r5, cr12
878047b8:	00003e4c 	andeq	r3, r0, ip, asr #28
878047bc:	5f44434c 	svcpl	0x0044434c
878047c0:	3d204449 	stccc	4, cr4, [r0, #-292]!	@ 0xfffffedc
878047c4:	58232520 	stmdapl	r3!, {r5, r8, sl, sp}
878047c8:	00000a0d 	andeq	r0, r0, sp, lsl #20
878047cc:	32335041 	eorscc	r5, r3, #65	@ 0x41
878047d0:	20433631 	subcs	r3, r3, r1, lsr r6
878047d4:	74737953 	ldrbtvc	r7, [r3], #-2387	@ 0xfffff6ad
878047d8:	435f6d65 	cmpmi	pc, #6464	@ 0x1940
878047dc:	69666e6f 	stmdbvs	r6!, {r0, r1, r2, r3, r5, r6, r9, sl, fp, sp, lr}^
878047e0:	61727567 	cmnvs	r2, r7, ror #10
878047e4:	6e6f6974 			@ <UNDEFINED> instruction: 0x6e6f6974
878047e8:	7830203a 	ldmdavc	r0!, {r1, r3, r4, r5, sp}
878047ec:	32302325 	eorscc	r2, r0, #-1811939328	@ 0x94000000
878047f0:	00000a58 	andeq	r0, r0, r8, asr sl

878047f4 <digits.0>:
878047f4:	33323130 	teqcc	r2, #48, 2
878047f8:	37363534 			@ <UNDEFINED> instruction: 0x37363534
878047fc:	42413938 	submi	r3, r1, #56, 18	@ 0xe0000
87804800:	46454443 	strbmi	r4, [r5], -r3, asr #8

87804804 <CSWTCH.7>:
87804804:	70844342 	addvc	r4, r4, r2, asr #6
87804808:	00007016 	andeq	r7, r0, r6, lsl r0
8780480c:	10184384 	andsne	r4, r8, r4, lsl #7

87804810 <asc2_1206>:
	...
87804820:	0000403f 	andeq	r4, r0, pc, lsr r0
87804824:	00000000 	andeq	r0, r0, r0
87804828:	00300000 	eorseq	r0, r0, r0
8780482c:	00300040 	eorseq	r0, r0, r0, asr #32
87804830:	00000040 	andeq	r0, r0, r0, asr #32
87804834:	c00b0009 	andgt	r0, fp, r9
87804838:	c00b003d 	andgt	r0, fp, sp, lsr r0
8780483c:	0009003d 	andeq	r0, r9, sp, lsr r0
87804840:	4024c018 	eormi	ip, r4, r8, lsl r0
87804844:	4022e07f 	eormi	lr, r2, pc, ror r0
87804848:	00008031 	andeq	r8, r0, r1, lsr r0
8780484c:	c0240018 	eorgt	r0, r4, r8, lsl r0
87804850:	800d001b 	andhi	r0, sp, fp, lsl r0
87804854:	80014032 	andhi	r4, r1, r2, lsr r0
87804858:	401c8003 	andsmi	r8, ip, r3
8780485c:	801c4027 	andshi	r4, ip, r7, lsr #32
87804860:	40004007 	andmi	r4, r0, r7
87804864:	00600010 	rsbeq	r0, r0, r0, lsl r0
	...
87804874:	801f0000 	andshi	r0, pc, r0
87804878:	20404020 	subcs	r4, r0, r0, lsr #32
8780487c:	20400000 	subcs	r0, r0, r0
87804880:	801f4020 	andshi	r4, pc, r0, lsr #32
87804884:	00000000 	andeq	r0, r0, r0
87804888:	00060009 	andeq	r0, r6, r9
8780488c:	0006801f 	andeq	r8, r6, pc, lsl r0
87804890:	00000009 	andeq	r0, r0, r9
87804894:	00040004 	andeq	r0, r4, r4
87804898:	0004803f 	andeq	r8, r4, pc, lsr r0
8780489c:	00000004 	andeq	r0, r0, r4
878048a0:	60001000 	andvs	r1, r0, r0
	...
878048ac:	00040004 	andeq	r0, r4, r4
878048b0:	00040004 	andeq	r0, r4, r4
878048b4:	00000004 	andeq	r0, r0, r4
878048b8:	40000000 	andmi	r0, r0, r0
	...
878048c4:	c0012000 	andgt	r2, r1, r0
878048c8:	00380006 	eorseq	r0, r8, r6
878048cc:	00000040 	andeq	r0, r0, r0, asr #32
878048d0:	4020801f 	eormi	r8, r0, pc, lsl r0
878048d4:	40204020 	eormi	r4, r0, r0, lsr #32
878048d8:	0000801f 	andeq	r8, r0, pc, lsl r0
878048dc:	40100000 	andsmi	r0, r0, r0
878048e0:	4000c03f 	andmi	ip, r0, pc, lsr r0
878048e4:	00000000 	andeq	r0, r0, r0
878048e8:	4021c018 	eormi	ip, r1, r8, lsl r0
878048ec:	40244022 	eormi	r4, r4, r2, lsr #32
878048f0:	00004018 	andeq	r4, r0, r8, lsl r0
878048f4:	40208010 	eormi	r8, r0, r0, lsl r0
878048f8:	40244024 	eormi	r4, r4, r4, lsr #32
878048fc:	0000801b 	andeq	r8, r0, fp, lsl r0
87804900:	000d0002 	andeq	r0, sp, r2
87804904:	c03f0011 	eorsgt	r0, pc, r1, lsl r0	@ <UNPREDICTABLE>
87804908:	00004001 	andeq	r4, r0, r1
8780490c:	4024803c 	eormi	r8, r4, ip, lsr r0
87804910:	40244024 	eormi	r4, r4, r4, lsr #32
87804914:	00008023 	andeq	r8, r0, r3, lsr #32
87804918:	4024801f 	eormi	r8, r4, pc, lsl r0
8780491c:	40344024 	eorsmi	r4, r4, r4, lsr #32
87804920:	00008003 	andeq	r8, r0, r3
87804924:	00200030 	eoreq	r0, r0, r0, lsr r0
87804928:	0038c027 	eorseq	ip, r8, r7, lsr #32
8780492c:	00000020 	andeq	r0, r0, r0, lsr #32
87804930:	4024801b 	eormi	r8, r4, fp, lsl r0
87804934:	40244024 	eormi	r4, r4, r4, lsr #32
87804938:	0000801b 	andeq	r8, r0, fp, lsl r0
8780493c:	c022001c 	eorgt	r0, r2, ip, lsl r0
87804940:	40224022 	eormi	r4, r2, r2, lsr #32
87804944:	0000801f 	andeq	r8, r0, pc, lsl r0
87804948:	00000000 	andeq	r0, r0, r0
8780494c:	00004008 	andeq	r4, r0, r8
	...
87804958:	00006004 	andeq	r6, r0, r4
8780495c:	00000000 	andeq	r0, r0, r0
87804960:	00040000 	andeq	r0, r4, r0
87804964:	0011000a 	andseq	r0, r1, sl
87804968:	40408020 	submi	r8, r0, r0, lsr #32
8780496c:	00090009 	andeq	r0, r9, r9
87804970:	00090009 	andeq	r0, r9, r9
87804974:	00000009 	andeq	r0, r0, r9
87804978:	40400000 	submi	r0, r0, r0
8780497c:	00118020 	andseq	r8, r1, r0, lsr #32
87804980:	0004000a 	andeq	r0, r4, sl
87804984:	00200018 	eoreq	r0, r0, r8, lsl r0
87804988:	00244023 	eoreq	r4, r4, r3, lsr #32
8780498c:	00000018 	andeq	r0, r0, r8, lsl r0
87804990:	4020801f 	eormi	r8, r0, pc, lsl r0
87804994:	40294027 	eormi	r4, r9, r7, lsr #32
87804998:	0000401f 	andeq	r4, r0, pc, lsl r0
8780499c:	c0074000 	andgt	r4, r7, r0
878049a0:	000f0039 	andeq	r0, pc, r9, lsr r0	@ <UNPREDICTABLE>
878049a4:	4000c001 	andmi	ip, r0, r1
878049a8:	c03f4020 	eorsgt	r4, pc, r0, lsr #32
878049ac:	40244024 	eormi	r4, r4, r4, lsr #32
878049b0:	0000801b 	andeq	r8, r0, fp, lsl r0
878049b4:	4020801f 	eormi	r8, r0, pc, lsl r0
878049b8:	40204020 	eormi	r4, r0, r0, lsr #32
878049bc:	00008030 	andeq	r8, r0, r0, lsr r0
878049c0:	c03f4020 	eorsgt	r4, pc, r0, lsr #32
878049c4:	40204020 	eormi	r4, r0, r0, lsr #32
878049c8:	0000801f 	andeq	r8, r0, pc, lsl r0
878049cc:	c03f4020 	eorsgt	r4, pc, r0, lsr #32
878049d0:	402e4024 	eormi	r4, lr, r4, lsr #32
878049d4:	0000c030 	andeq	ip, r0, r0, lsr r0
878049d8:	c03f4020 	eorsgt	r4, pc, r0, lsr #32
878049dc:	002e4024 	eoreq	r4, lr, r4, lsr #32
878049e0:	00000030 	andeq	r0, r0, r0, lsr r0
878049e4:	8010000f 	andshi	r0, r0, pc
878049e8:	40224020 	eormi	r4, r2, r0, lsr #32
878049ec:	00028033 	andeq	r8, r2, r3, lsr r0
878049f0:	c03f4020 	eorsgt	r4, pc, r0, lsr #32
878049f4:	00040004 	andeq	r0, r4, r4
878049f8:	4020c03f 	eormi	ip, r0, pc, lsr r0
878049fc:	40204020 	eormi	r4, r0, r0, lsr #32
87804a00:	4020c03f 	eormi	ip, r0, pc, lsr r0
87804a04:	00004020 	andeq	r4, r0, r0, lsr #32
87804a08:	20206000 	eorcs	r6, r0, r0
87804a0c:	c03f2020 	eorsgt	r2, pc, r0, lsr #32
87804a10:	00200020 	eoreq	r0, r0, r0, lsr #32
87804a14:	c03f4020 	eorsgt	r4, pc, r0, lsr #32
87804a18:	000b4024 	andeq	r4, fp, r4, lsr #32
87804a1c:	4020c030 	eormi	ip, r0, r0, lsr r0
87804a20:	c03f4020 	eorsgt	r4, pc, r0, lsr #32
87804a24:	40004020 	andmi	r4, r0, r0, lsr #32
87804a28:	c0004000 	andgt	r4, r0, r0
87804a2c:	003cc03f 	eorseq	ip, ip, pc, lsr r0
87804a30:	003cc003 	eorseq	ip, ip, r3
87804a34:	0000c03f 	andeq	ip, r0, pc, lsr r0
87804a38:	c03f4020 	eorsgt	r4, pc, r0, lsr #32
87804a3c:	0023400c 	eoreq	r4, r3, ip
87804a40:	0020c03f 	eoreq	ip, r0, pc, lsr r0
87804a44:	4020801f 	eormi	r8, r0, pc, lsl r0
87804a48:	40204020 	eormi	r4, r0, r0, lsr #32
87804a4c:	0000801f 	andeq	r8, r0, pc, lsl r0
87804a50:	c03f4020 	eorsgt	r4, pc, r0, lsr #32
87804a54:	00244024 	eoreq	r4, r4, r4, lsr #32
87804a58:	00000018 	andeq	r0, r0, r8, lsl r0
87804a5c:	4021801f 	eormi	r8, r1, pc, lsl r0
87804a60:	e0204021 	eor	r4, r0, r1, lsr #32
87804a64:	0000a01f 	andeq	sl, r0, pc, lsl r0
87804a68:	c03f4020 	eorsgt	r4, pc, r0, lsr #32
87804a6c:	00264024 	eoreq	r4, r6, r4, lsr #32
87804a70:	4000c019 	andmi	ip, r0, r9, lsl r0
87804a74:	4024c018 	eormi	ip, r4, r8, lsl r0
87804a78:	40224024 	eormi	r4, r2, r4, lsr #32
87804a7c:	00008031 	andeq	r8, r0, r1, lsr r0
87804a80:	40200030 	eormi	r0, r0, r0, lsr r0
87804a84:	4020c03f 	eormi	ip, r0, pc, lsr r0
87804a88:	00000030 	andeq	r0, r0, r0, lsr r0
87804a8c:	803f0020 	eorshi	r0, pc, r0, lsr #32
87804a90:	40004000 	andmi	r4, r0, r0
87804a94:	0020803f 	eoreq	r8, r0, pc, lsr r0
87804a98:	003e0020 	eorseq	r0, lr, r0, lsr #32
87804a9c:	0007c001 	andeq	ip, r7, r1
87804aa0:	00200038 	eoreq	r0, r0, r8, lsr r0
87804aa4:	c0070038 	andgt	r0, r7, r8, lsr r0
87804aa8:	c007003c 	andgt	r0, r7, ip, lsr r0
87804aac:	00000038 	andeq	r0, r0, r8, lsr r0
87804ab0:	c0394020 	eorsgt	r4, r9, r0, lsr #32
87804ab4:	c0390006 	eorsgt	r0, r9, r6
87804ab8:	00004020 	andeq	r4, r0, r0, lsr #32
87804abc:	40380020 	eorsmi	r0, r8, r0, lsr #32
87804ac0:	4038c007 	eorsmi	ip, r8, r7
87804ac4:	00000020 	andeq	r0, r0, r0, lsr #32
87804ac8:	c0214030 	eorgt	r4, r1, r0, lsr r0
87804acc:	40384026 	eorsmi	r4, r8, r6, lsr #32
87804ad0:	0000c020 	andeq	ip, r0, r0, lsr #32
87804ad4:	00000000 	andeq	r0, r0, r0
87804ad8:	2040e07f 	subcs	lr, r0, pc, ror r0
87804adc:	00002040 	andeq	r2, r0, r0, asr #32
87804ae0:	00700000 	rsbseq	r0, r0, r0
87804ae4:	8003000c 	andhi	r0, r3, ip
87804ae8:	00004000 	andeq	r4, r0, r0
87804aec:	20400000 	subcs	r0, r0, r0
87804af0:	e07f2040 	rsbs	r2, pc, r0, asr #32
87804af4:	00000000 	andeq	r0, r0, r0
87804af8:	00200000 	eoreq	r0, r0, r0
87804afc:	00200040 	eoreq	r0, r0, r0, asr #32
87804b00:	00000000 	andeq	r0, r0, r0
87804b04:	10001000 	andne	r1, r0, r0
87804b08:	10001000 	andne	r1, r0, r0
87804b0c:	10001000 	andne	r1, r0, r0
87804b10:	00000000 	andeq	r0, r0, r0
87804b14:	00000040 	andeq	r0, r0, r0, asr #32
87804b18:	00000000 	andeq	r0, r0, r0
87804b1c:	80020000 	andhi	r0, r2, r0
87804b20:	40054005 	andmi	r4, r5, r5
87804b24:	4000c003 	andmi	ip, r0, r3
87804b28:	c03f0020 	eorsgt	r0, pc, r0, lsr #32
87804b2c:	40044004 	andmi	r4, r4, r4
87804b30:	00008003 	andeq	r8, r0, r3
87804b34:	80030000 	andhi	r0, r3, r0
87804b38:	40044004 	andmi	r4, r4, r4
87804b3c:	00004006 	andeq	r4, r0, r6
87804b40:	80030000 	andhi	r0, r3, r0
87804b44:	40244004 	eormi	r4, r4, r4
87804b48:	4000c03f 	andmi	ip, r0, pc, lsr r0
87804b4c:	80030000 	andhi	r0, r3, r0
87804b50:	40054005 	andmi	r4, r5, r5
87804b54:	00004003 	andeq	r4, r0, r3
87804b58:	40040000 	andmi	r0, r4, r0
87804b5c:	4024c01f 	eormi	ip, r4, pc, lsl r0
87804b60:	00204024 	eoreq	r4, r0, r4, lsr #32
87804b64:	e0020000 	and	r0, r2, r0
87804b68:	50055005 	andpl	r5, r5, r5
87804b6c:	20045006 	andcs	r5, r4, r6
87804b70:	c03f4020 	eorsgt	r4, pc, r0, lsr #32
87804b74:	00044004 	andeq	r4, r4, r4
87804b78:	4000c003 	andmi	ip, r0, r3
87804b7c:	40040000 	andmi	r0, r4, r0
87804b80:	4000c027 	andmi	ip, r0, r7, lsr #32
87804b84:	00000000 	andeq	r0, r0, r0
87804b88:	10001000 	andne	r1, r0, r0
87804b8c:	e0271004 	eor	r1, r7, r4
87804b90:	00000000 	andeq	r0, r0, r0
87804b94:	c03f4020 	eorsgt	r4, pc, r0, lsr #32
87804b98:	00074001 	andeq	r4, r7, r1
87804b9c:	4004c004 	andmi	ip, r4, r4
87804ba0:	40204020 	eormi	r4, r0, r0, lsr #32
87804ba4:	4000c03f 	andmi	ip, r0, pc, lsr r0
87804ba8:	00004000 	andeq	r4, r0, r0
87804bac:	0004c007 	andeq	ip, r4, r7
87804bb0:	0004c007 	andeq	ip, r4, r7
87804bb4:	0000c003 	andeq	ip, r0, r3
87804bb8:	c0074004 	andgt	r4, r7, r4
87804bbc:	00044004 	andeq	r4, r4, r4
87804bc0:	4000c003 	andmi	ip, r0, r3
87804bc4:	80030000 	andhi	r0, r3, r0
87804bc8:	40044004 	andmi	r4, r4, r4
87804bcc:	00008003 	andeq	r8, r0, r3
87804bd0:	f0071004 			@ <UNDEFINED> instruction: 0xf0071004
87804bd4:	40045004 	andmi	r5, r4, r4
87804bd8:	00008003 	andeq	r8, r0, r3
87804bdc:	80030000 	andhi	r0, r3, r0
87804be0:	50044004 	andpl	r4, r4, r4
87804be4:	1000f007 	andne	pc, r0, r7
87804be8:	c0074004 	andgt	r4, r7, r4
87804bec:	00044002 	andeq	r4, r4, r2
87804bf0:	00000004 	andeq	r0, r0, r4
87804bf4:	40060000 	andmi	r0, r6, r0
87804bf8:	40054005 	andmi	r4, r5, r5
87804bfc:	0000c004 	andeq	ip, r0, r4
87804c00:	00040000 	andeq	r0, r4, r0
87804c04:	4004801f 	andmi	r8, r4, pc, lsl r0
87804c08:	00004000 	andeq	r4, r0, r0
87804c0c:	80070004 	andhi	r0, r7, r4
87804c10:	40044000 	andmi	r4, r4, r0
87804c14:	4000c007 	andmi	ip, r0, r7
87804c18:	00070004 	andeq	r0, r7, r4
87804c1c:	8001c004 	andhi	ip, r1, r4
87804c20:	00040006 	andeq	r0, r4, r6
87804c24:	c0010006 	andgt	r0, r1, r6
87804c28:	c0010007 	andgt	r0, r1, r7
87804c2c:	00000006 	andeq	r0, r0, r6
87804c30:	c0064004 	andgt	r4, r6, r4
87804c34:	c0060001 	andgt	r0, r6, r1
87804c38:	00004004 	andeq	r4, r0, r4
87804c3c:	10071004 	andne	r1, r7, r4
87804c40:	8001e004 	andhi	lr, r1, r4
87804c44:	00040006 	andeq	r0, r4, r6
87804c48:	40040000 	andmi	r0, r4, r0
87804c4c:	4006c005 	andmi	ip, r6, r5
87804c50:	00004004 	andeq	r4, r0, r4
87804c54:	00000000 	andeq	r0, r0, r0
87804c58:	e07b0004 	rsbs	r0, fp, r4
87804c5c:	00002040 	andeq	r2, r0, r0, asr #32
87804c60:	00000000 	andeq	r0, r0, r0
87804c64:	f0ff0000 			@ <UNDEFINED> instruction: 0xf0ff0000
87804c68:	00000000 	andeq	r0, r0, r0
87804c6c:	20400000 	subcs	r0, r0, r0
87804c70:	0004e07b 	andeq	lr, r4, fp, ror r0
87804c74:	00000000 	andeq	r0, r0, r0
87804c78:	00800040 	addeq	r0, r0, r0, asr #32
87804c7c:	00200040 	eoreq	r0, r0, r0, asr #32
87804c80:	00400020 	subeq	r0, r0, r0, lsr #32

87804c84 <asc2_1608>:
	...
87804c98:	cc1f0000 	ldcgt	0, cr0, [pc], {-0}
87804c9c:	00000c00 	andeq	r0, r0, r0, lsl #24
87804ca0:	00000000 	andeq	r0, r0, r0
87804ca4:	00080000 	andeq	r0, r8, r0
87804ca8:	00600030 	rsbeq	r0, r0, r0, lsr r0
87804cac:	00300008 	eorseq	r0, r0, r8
87804cb0:	00000060 	andeq	r0, r0, r0, rrx
87804cb4:	fc032002 	stc2	0, cr2, [r3], {2}
87804cb8:	2002201e 	andcs	r2, r2, lr, lsl r0
87804cbc:	201efc03 	andscs	pc, lr, r3, lsl #24
87804cc0:	00002002 	andeq	r2, r0, r2
87804cc4:	180e0000 	stmdane	lr, {}	@ <UNPREDICTABLE>
87804cc8:	ff3f0411 			@ <UNDEFINED> instruction: 0xff3f0411
87804ccc:	780c8410 	stmdavc	ip, {r4, sl, pc}
87804cd0:	00000000 	andeq	r0, r0, r0
87804cd4:	8410000f 	ldrhi	r0, [r0], #-15
87804cd8:	c000380f 	andgt	r3, r0, pc, lsl #16
87804cdc:	84187807 	ldrhi	r7, [r8], #-2055	@ 0xfffff7f9
87804ce0:	00007800 	andeq	r7, r0, r0, lsl #16
87804ce4:	840f7800 	strhi	r7, [pc], #-2048	@ 87804cec <asc2_1608+0x68>
87804ce8:	2411c410 	ldrcs	ip, [r1], #-1040	@ 0xfffffbf0
87804cec:	e400980e 	str	r9, [r0], #-2062	@ 0xfffff7f2
87804cf0:	08008400 	stmdaeq	r0, {sl, pc}
87804cf4:	00680008 	rsbeq	r0, r8, r8
87804cf8:	00000070 	andeq	r0, r0, r0, ror r0
	...
87804d08:	e0070000 	and	r0, r7, r0
87804d0c:	04201818 	strteq	r1, [r0], #-2072	@ 0xfffff7e8
87804d10:	00000240 	andeq	r0, r0, r0, asr #4
87804d14:	02400000 	subeq	r0, r0, #0
87804d18:	18180420 	ldmdane	r8, {r5, sl}
87804d1c:	0000e007 	andeq	lr, r0, r7
87804d20:	00000000 	andeq	r0, r0, r0
87804d24:	40024002 	andmi	r4, r2, r2
87804d28:	f00f8001 			@ <UNDEFINED> instruction: 0xf00f8001
87804d2c:	40028001 	andmi	r8, r2, r1
87804d30:	00004002 	andeq	r4, r0, r2
87804d34:	80008000 	andhi	r8, r0, r0
87804d38:	f80f8000 			@ <UNDEFINED> instruction: 0xf80f8000
87804d3c:	80008000 	andhi	r8, r0, r0
87804d40:	00008000 	andeq	r8, r0, r0
87804d44:	0d000100 	stceq	1, cr0, [r0, #-0]
87804d48:	00000e00 	andeq	r0, r0, r0, lsl #28
	...
87804d54:	80000000 	andhi	r0, r0, r0
87804d58:	80008000 	andhi	r8, r0, r0
87804d5c:	80008000 	andhi	r8, r0, r0
87804d60:	80008000 	andhi	r8, r0, r0
87804d64:	0c000000 	stceq	0, cr0, [r0], {-0}
87804d68:	00000c00 	andeq	r0, r0, r0, lsl #24
	...
87804d74:	06000000 	streq	r0, [r0], -r0
87804d78:	60001800 	andvs	r1, r0, r0, lsl #16
87804d7c:	00068001 	andeq	r8, r6, r1
87804d80:	00200018 	eoreq	r0, r0, r8, lsl r0
87804d84:	f0070000 			@ <UNDEFINED> instruction: 0xf0070000
87804d88:	04100808 	ldreq	r0, [r0], #-2056	@ 0xfffff7f8
87804d8c:	08080410 	stmdaeq	r8, {r4, sl}
87804d90:	0000f007 	andeq	pc, r0, r7
87804d94:	04080000 	streq	r0, [r8], #-0
87804d98:	fc1f0408 	ldc2	4, cr0, [pc], {8}
87804d9c:	04000400 	streq	r0, [r0], #-1024	@ 0xfffffc00
87804da0:	00000000 	andeq	r0, r0, r0
87804da4:	0c0e0000 	stceq	0, cr0, [lr], {-0}
87804da8:	24101410 	ldrcs	r1, [r0], #-1040	@ 0xfffffbf0
87804dac:	84114410 	ldrhi	r4, [r1], #-1040	@ 0xfffffbf0
87804db0:	00000c0e 	andeq	r0, r0, lr, lsl #24
87804db4:	180c0000 	stmdane	ip, {}	@ <UNPREDICTABLE>
87804db8:	04110410 	ldreq	r0, [r1], #-1040	@ 0xfffffbf0
87804dbc:	88120411 	ldmdahi	r2, {r0, r4, sl}
87804dc0:	0000700c 	andeq	r7, r0, ip
87804dc4:	e0000000 	and	r0, r0, r0
87804dc8:	24042003 	strcs	r2, [r4], #-3
87804dcc:	fc1f2408 	ldc2	4, cr2, [pc], {8}
87804dd0:	00002400 	andeq	r2, r0, r0, lsl #8
87804dd4:	981f0000 	ldmdals	pc, {}	@ <UNPREDICTABLE>
87804dd8:	04118410 	ldreq	r8, [r1], #-1040	@ 0xfffffbf0
87804ddc:	88100411 	ldmdahi	r0, {r0, r4, sl}
87804de0:	00007010 	andeq	r7, r0, r0, lsl r0
87804de4:	f0070000 			@ <UNDEFINED> instruction: 0xf0070000
87804de8:	04118808 	ldreq	r8, [r1], #-2056	@ 0xfffff7f8
87804dec:	88180411 	ldmdahi	r8, {r0, r4, sl}
87804df0:	00007000 	andeq	r7, r0, r0
87804df4:	001c0000 	andseq	r0, ip, r0
87804df8:	fc100010 	ldc2	0, cr0, [r0], {16}
87804dfc:	001c0013 	andseq	r0, ip, r3, lsl r0
87804e00:	00000010 	andeq	r0, r0, r0, lsl r0
87804e04:	380e0000 	stmdacc	lr, {}	@ <UNPREDICTABLE>
87804e08:	84104411 	ldrhi	r4, [r0], #-1041	@ 0xfffffbef
87804e0c:	44118410 	ldrmi	r8, [r1], #-1040	@ 0xfffffbf0
87804e10:	0000380e 	andeq	r3, r0, lr, lsl #16
87804e14:	00070000 	andeq	r0, r7, r0
87804e18:	44108c08 	ldrmi	r8, [r0], #-3080	@ 0xfffff3f8
87804e1c:	88084410 	stmdahi	r8, {r4, sl, lr}
87804e20:	0000f007 	andeq	pc, r0, r7
87804e24:	00000000 	andeq	r0, r0, r0
87804e28:	0c030000 	stceq	0, cr0, [r3], {-0}
87804e2c:	00000c03 	andeq	r0, r0, r3, lsl #24
	...
87804e38:	06010100 	streq	r0, [r1], -r0, lsl #2
	...
87804e44:	80000000 	andhi	r0, r0, r0
87804e48:	20024001 	andcs	r4, r2, r1
87804e4c:	08081004 	stmdaeq	r8, {r2, ip}
87804e50:	00000410 	andeq	r0, r0, r0, lsl r4
87804e54:	20022002 	andcs	r2, r2, r2
87804e58:	20022002 	andcs	r2, r2, r2
87804e5c:	20022002 	andcs	r2, r2, r2
87804e60:	00002002 	andeq	r2, r0, r2
87804e64:	04100000 	ldreq	r0, [r0], #-0
87804e68:	10040808 	andne	r0, r4, r8, lsl #16
87804e6c:	40012002 	andmi	r2, r1, r2
87804e70:	00008000 	andeq	r8, r0, r0
87804e74:	000e0000 	andeq	r0, lr, r0
87804e78:	0c100012 	ldceq	0, cr0, [r0], {18}
87804e7c:	80106c10 	andshi	r6, r0, r0, lsl ip
87804e80:	0000000f 	andeq	r0, r0, pc
87804e84:	180ce003 	stmdane	ip, {r0, r1, sp, lr, pc}
87804e88:	2414e413 	ldrcs	lr, [r4], #-1043	@ 0xfffffbed
87804e8c:	2808c417 	stmdacs	r8, {r0, r1, r2, r4, sl, lr, pc}
87804e90:	0000d007 	andeq	sp, r0, r7
87804e94:	3c000400 	stccc	4, cr0, [r0], {-0}
87804e98:	401cc403 	andsmi	ip, ip, r3, lsl #8
87804e9c:	e4004007 	str	r4, [r0], #-7
87804ea0:	04001c00 	streq	r1, [r0], #-3072	@ 0xfffff400
87804ea4:	fc1f0410 	ldc2	4, cr0, [pc], {16}
87804ea8:	04110411 	ldreq	r0, [r1], #-1041	@ 0xfffffbef
87804eac:	880e0411 	stmdahi	lr, {r0, r4, sl}
87804eb0:	00007000 	andeq	r7, r0, r0
87804eb4:	180ce003 	stmdane	ip, {r0, r1, sp, lr, pc}
87804eb8:	04100410 	ldreq	r0, [r0], #-1040	@ 0xfffffbf0
87804ebc:	08100410 	ldmdaeq	r0, {r4, sl}
87804ec0:	0000101c 	andeq	r1, r0, ip, lsl r0
87804ec4:	fc1f0410 	ldc2	4, cr0, [pc], {16}
87804ec8:	04100410 	ldreq	r0, [r0], #-1040	@ 0xfffffbf0
87804ecc:	08080410 	stmdaeq	r8, {r4, sl}
87804ed0:	0000f007 	andeq	pc, r0, r7
87804ed4:	fc1f0410 	ldc2	4, cr0, [pc], {16}
87804ed8:	04110411 	ldreq	r0, [r1], #-1041	@ 0xfffffbef
87804edc:	0410c417 	ldreq	ip, [r0], #-1047	@ 0xfffffbe9
87804ee0:	00001808 	andeq	r1, r0, r8, lsl #16
87804ee4:	fc1f0410 	ldc2	4, cr0, [pc], {16}
87804ee8:	00110411 	andseq	r0, r1, r1, lsl r4
87804eec:	0010c017 	andseq	ip, r0, r7, lsl r0
87804ef0:	00000008 	andeq	r0, r0, r8
87804ef4:	180ce003 	stmdane	ip, {r0, r1, sp, lr, pc}
87804ef8:	04100410 	ldreq	r0, [r0], #-1040	@ 0xfffffbf0
87804efc:	781c4410 	ldmdavc	ip, {r4, sl, lr}
87804f00:	00004000 	andeq	r4, r0, r0
87804f04:	fc1f0410 	ldc2	4, cr0, [pc], {16}
87804f08:	80008410 	andhi	r8, r0, r0, lsl r4
87804f0c:	84108000 	ldrhi	r8, [r0], #-0
87804f10:	0410fc1f 	ldreq	pc, [r0], #-3103	@ 0xfffff3e1
87804f14:	04100000 	ldreq	r0, [r0], #-0
87804f18:	fc1f0410 	ldc2	4, cr0, [pc], {16}
87804f1c:	04100410 	ldreq	r0, [r0], #-1040	@ 0xfffffbf0
87804f20:	00000000 	andeq	r0, r0, r0
87804f24:	01000300 	mrseq	r0, LR_irq
87804f28:	01100110 	tsteq	r0, r0, lsl r1
87804f2c:	0010fe1f 	andseq	pc, r0, pc, lsl lr	@ <UNPREDICTABLE>
87804f30:	00000010 	andeq	r0, r0, r0, lsl r0
87804f34:	fc1f0410 	ldc2	4, cr0, [pc], {16}
87804f38:	80030411 	andhi	r0, r3, r1, lsl r4
87804f3c:	1c186414 	ldcne	4, cr6, [r8], {20}
87804f40:	00000410 	andeq	r0, r0, r0, lsl r4
87804f44:	fc1f0410 	ldc2	4, cr0, [pc], {16}
87804f48:	04000410 	streq	r0, [r0], #-1040	@ 0xfffffbf0
87804f4c:	04000400 	streq	r0, [r0], #-1024	@ 0xfffffc00
87804f50:	00000c00 	andeq	r0, r0, r0, lsl #24
87804f54:	fc1f0410 	ldc2	4, cr0, [pc], {16}
87804f58:	fc00001f 	stc2	0, cr0, [r0], {31}
87804f5c:	fc1f001f 	ldc2	0, cr0, [pc], {31}
87804f60:	00000410 	andeq	r0, r0, r0, lsl r4
87804f64:	fc1f0410 	ldc2	4, cr0, [pc], {16}
87804f68:	0003040c 	andeq	r0, r3, ip, lsl #8
87804f6c:	1810e000 	ldmdane	r0, {sp, lr, pc}
87804f70:	0010fc1f 	andseq	pc, r0, pc, lsl ip	@ <UNPREDICTABLE>
87804f74:	0808f007 	stmdaeq	r8, {r0, r1, r2, ip, sp, lr, pc}
87804f78:	04100410 	ldreq	r0, [r0], #-1040	@ 0xfffffbf0
87804f7c:	08080410 	stmdaeq	r8, {r4, sl}
87804f80:	0000f007 	andeq	pc, r0, r7
87804f84:	fc1f0410 	ldc2	4, cr0, [pc], {16}
87804f88:	80108410 	andshi	r8, r0, r0, lsl r4
87804f8c:	80108010 	andshi	r8, r0, r0, lsl r0
87804f90:	0000000f 	andeq	r0, r0, pc
87804f94:	1808f007 	stmdane	r8, {r0, r1, r2, ip, sp, lr, pc}
87804f98:	24102410 	ldrcs	r2, [r0], #-1040	@ 0xfffffbf0
87804f9c:	0a081c10 	beq	87a0bfe4 <__bss_end+0x202228>
87804fa0:	0000f207 	andeq	pc, r0, r7, lsl #4
87804fa4:	fc1f0410 	ldc2	4, cr0, [pc], {16}
87804fa8:	00110411 	andseq	r0, r1, r1, lsl r4
87804fac:	3011c011 	andscc	ip, r1, r1, lsl r0
87804fb0:	04000c0e 	streq	r0, [r0], #-3086	@ 0xfffff3f2
87804fb4:	1c0e0000 	stcne	0, cr0, [lr], {-0}
87804fb8:	84100411 	ldrhi	r0, [r0], #-1041	@ 0xfffffbef
87804fbc:	44108410 	ldrmi	r8, [r0], #-1040	@ 0xfffffbf0
87804fc0:	0000381c 	andeq	r3, r0, ip, lsl r8
87804fc4:	00100018 	andseq	r0, r0, r8, lsl r0
87804fc8:	fc1f0410 	ldc2	4, cr0, [pc], {16}
87804fcc:	00100410 	andseq	r0, r0, r0, lsl r4
87804fd0:	00000018 	andeq	r0, r0, r8, lsl r0
87804fd4:	f81f0010 			@ <UNDEFINED> instruction: 0xf81f0010
87804fd8:	04000410 	streq	r0, [r0], #-1040	@ 0xfffffbf0
87804fdc:	04100400 	ldreq	r0, [r0], #-1024	@ 0xfffffc00
87804fe0:	0010f81f 	andseq	pc, r0, pc, lsl r8	@ <UNPREDICTABLE>
87804fe4:	001e0010 	andseq	r0, lr, r0, lsl r0
87804fe8:	1c00e011 	stcne	0, cr14, [r0], {17}
87804fec:	80137000 	andshi	r7, r3, r0
87804ff0:	0010001c 	andseq	r0, r0, ip, lsl r0
87804ff4:	3c10c01f 	ldccc	0, cr12, [r0], {31}
87804ff8:	001fe000 	andseq	lr, pc, r0
87804ffc:	3c10e000 	ldccc	0, cr14, [r0], {-0}
87805000:	0000c01f 	andeq	ip, r0, pc, lsl r0
87805004:	0c180410 	ldceq	4, cr0, [r8], {16}
87805008:	c0013416 	andgt	r3, r1, r6, lsl r4
8780500c:	3416c001 	ldrcc	ip, [r6], #-1
87805010:	04100c18 	ldreq	r0, [r0], #-3096	@ 0xfffff3e8
87805014:	001c0010 	andseq	r0, ip, r0, lsl r0
87805018:	fc000413 	stc2	4, cr0, [r0], {19}
8780501c:	001c0413 	andseq	r0, ip, r3, lsl r4
87805020:	00000010 	andeq	r0, r0, r0, lsl r0
87805024:	1c100408 	ldcne	4, cr0, [r0], {8}
87805028:	84106410 	ldrhi	r6, [r0], #-1040	@ 0xfffffbf0
8780502c:	041c0413 	ldreq	r0, [ip], #-1043	@ 0xfffffbed
87805030:	00001810 	andeq	r1, r0, r0, lsl r8
87805034:	00000000 	andeq	r0, r0, r0
87805038:	fe7f0000 	cdp2	0, 7, cr0, cr15, cr0, {0}
8780503c:	02400240 	subeq	r0, r0, #64, 4
87805040:	00000240 	andeq	r0, r0, r0, asr #4
87805044:	00300000 	eorseq	r0, r0, r0
87805048:	8003000c 	andhi	r0, r3, ip
8780504c:	1c006000 	stcne	0, cr6, [r0], {-0}
87805050:	00000300 	andeq	r0, r0, r0, lsl #6
87805054:	02400000 	subeq	r0, r0, #0
87805058:	02400240 	subeq	r0, r0, #64, 4
8780505c:	0000fe7f 	andeq	pc, r0, pc, ror lr	@ <UNPREDICTABLE>
	...
87805068:	00400020 	subeq	r0, r0, r0, lsr #32
8780506c:	00400040 	subeq	r0, r0, r0, asr #32
87805070:	00000020 	andeq	r0, r0, r0, lsr #32
87805074:	01000100 	mrseq	r0, (UNDEF: 16)
87805078:	01000100 	mrseq	r0, (UNDEF: 16)
8780507c:	01000100 	mrseq	r0, (UNDEF: 16)
87805080:	01000100 	mrseq	r0, (UNDEF: 16)
87805084:	00400000 	subeq	r0, r0, r0
87805088:	00200040 	eoreq	r0, r0, r0, asr #32
	...
87805094:	98000000 	stmdals	r0, {}	@ <UNPREDICTABLE>
87805098:	44012401 	strmi	r2, [r1], #-1025	@ 0xfffffbff
8780509c:	44014401 	strmi	r4, [r1], #-1025	@ 0xfffffbff
878050a0:	0400fc00 	streq	pc, [r0], #-3072	@ 0xfffff400
878050a4:	fc1f0010 	ldc2	0, cr0, [pc], {16}
878050a8:	04018800 	streq	r8, [r1], #-2048	@ 0xfffff800
878050ac:	88000401 	stmdahi	r0, {r0, sl}
878050b0:	00007000 	andeq	r7, r0, r0
878050b4:	70000000 	andvc	r0, r0, r0
878050b8:	04018800 	streq	r8, [r1], #-2048	@ 0xfffff800
878050bc:	04010401 	streq	r0, [r1], #-1025	@ 0xfffffbff
878050c0:	00008800 	andeq	r8, r0, r0, lsl #16
878050c4:	70000000 	andvc	r0, r0, r0
878050c8:	04018800 	streq	r8, [r1], #-2048	@ 0xfffff800
878050cc:	08110401 	ldmdaeq	r1, {r0, sl}
878050d0:	0400fc1f 	streq	pc, [r0], #-3103	@ 0xfffff3e1
878050d4:	f8000000 			@ <UNDEFINED> instruction: 0xf8000000
878050d8:	44014401 	strmi	r4, [r1], #-1025	@ 0xfffffbff
878050dc:	44014401 	strmi	r4, [r1], #-1025	@ 0xfffffbff
878050e0:	0000c800 	andeq	ip, r0, r0, lsl #16
878050e4:	04010000 	streq	r0, [r1], #-0
878050e8:	fc0f0401 	stc2	4, cr0, [pc], {1}
878050ec:	04110411 	ldreq	r0, [r1], #-1041	@ 0xfffffbef
878050f0:	00180011 	andseq	r0, r8, r1, lsl r0
878050f4:	d6000000 	strle	r0, [r0], -r0
878050f8:	29012901 	stmdbcs	r1, {r0, r8, fp, sp}
878050fc:	c9012901 	stmdbgt	r1, {r0, r8, fp, sp}
87805100:	00000601 	andeq	r0, r0, r1, lsl #12
87805104:	fc1f0410 	ldc2	4, cr0, [pc], {16}
87805108:	00018400 	andeq	r8, r1, r0, lsl #8
8780510c:	04010001 	streq	r0, [r1], #-1
87805110:	0400fc00 	streq	pc, [r0], #-3072	@ 0xfffff400
87805114:	04010000 	streq	r0, [r1], #-0
87805118:	fc190419 	ldc2	4, cr0, [r9], {25}
8780511c:	04000400 	streq	r0, [r0], #-1024	@ 0xfffffc00
87805120:	00000000 	andeq	r0, r0, r0
87805124:	03000000 	movweq	r0, #0
87805128:	01010100 	mrseq	r0, (UNDEF: 17)
8780512c:	fe190119 	mrc2	1, 0, r0, cr9, cr9, {0}
87805130:	00000000 	andeq	r0, r0, r0
87805134:	fc1f0410 	ldc2	4, cr0, [pc], {16}
87805138:	40002400 	andmi	r2, r0, r0, lsl #8
8780513c:	0c01b401 	stceq	4, cr11, [r1], {1}
87805140:	00000401 	andeq	r0, r0, r1, lsl #8
87805144:	04100000 	ldreq	r0, [r0], #-0
87805148:	fc1f0410 	ldc2	4, cr0, [pc], {16}
8780514c:	04000400 	streq	r0, [r0], #-1024	@ 0xfffffc00
87805150:	00000000 	andeq	r0, r0, r0
87805154:	fc010401 	stc2	4, cr0, [r1], {1}
87805158:	00010401 	andeq	r0, r1, r1, lsl #8
8780515c:	0401fc01 	streq	pc, [r1], #-3073	@ 0xfffff3ff
87805160:	fc000001 	stc2	0, cr0, [r0], {1}
87805164:	fc010401 	stc2	4, cr0, [r1], {1}
87805168:	00018400 	andeq	r8, r1, r0, lsl #8
8780516c:	04010001 	streq	r0, [r1], #-1
87805170:	0400fc00 	streq	pc, [r0], #-3072	@ 0xfffff400
87805174:	f8000000 			@ <UNDEFINED> instruction: 0xf8000000
87805178:	04010401 	streq	r0, [r1], #-1025	@ 0xfffffbff
8780517c:	04010401 	streq	r0, [r1], #-1025	@ 0xfffffbff
87805180:	0000f800 	andeq	pc, r0, r0, lsl #16
87805184:	ff010101 			@ <UNDEFINED> instruction: 0xff010101
87805188:	04018500 	streq	r8, [r1], #-1280	@ 0xfffffb00
8780518c:	88000401 	stmdahi	r0, {r0, sl}
87805190:	00007000 	andeq	r7, r0, r0
87805194:	70000000 	andvc	r0, r0, r0
87805198:	04018800 	streq	r8, [r1], #-2048	@ 0xfffff800
8780519c:	05010401 	streq	r0, [r1, #-1025]	@ 0xfffffbff
878051a0:	0100ff01 	tstpeq	r0, r1, lsl #30	@ p-variant is OBSOLETE
878051a4:	04010401 	streq	r0, [r1], #-1025	@ 0xfffffbff
878051a8:	8400fc01 	strhi	pc, [r0], #-3073	@ 0xfffff3ff
878051ac:	00010401 	andeq	r0, r1, r1, lsl #8
878051b0:	00008001 	andeq	r8, r0, r1
878051b4:	cc000000 	stcgt	0, cr0, [r0], {-0}
878051b8:	24012401 	strcs	r2, [r1], #-1025	@ 0xfffffbff
878051bc:	24012401 	strcs	r2, [r1], #-1025	@ 0xfffffbff
878051c0:	00009801 	andeq	r9, r0, r1, lsl #16
878051c4:	00010000 	andeq	r0, r1, r0
878051c8:	f8070001 			@ <UNDEFINED> instruction: 0xf8070001
878051cc:	04010401 	streq	r0, [r1], #-1025	@ 0xfffffbff
878051d0:	00000000 	andeq	r0, r0, r0
878051d4:	f8010001 			@ <UNDEFINED> instruction: 0xf8010001
878051d8:	04000400 	streq	r0, [r0], #-1024	@ 0xfffffc00
878051dc:	08010400 	stmdaeq	r1, {sl}
878051e0:	0400fc01 	streq	pc, [r0], #-3073	@ 0xfffff3ff
878051e4:	80010001 	andhi	r0, r1, r1
878051e8:	0c007001 	stceq	0, cr7, [r0], {1}
878051ec:	60011000 	andvs	r1, r1, r0
878051f0:	00018001 	andeq	r8, r1, r1
878051f4:	0c01f001 	stceq	0, cr15, [r1], {1}
878051f8:	c0013000 	andgt	r3, r1, r0
878051fc:	0c013000 	stceq	0, cr3, [r1], {-0}
87805200:	0001f001 	andeq	pc, r1, r1
87805204:	04010000 	streq	r0, [r1], #-0
87805208:	74008c01 	strvc	r8, [r0], #-3073	@ 0xfffff3ff
8780520c:	8c017001 	stchi	0, cr7, [r1], {1}
87805210:	00000401 	andeq	r0, r0, r1, lsl #8
87805214:	81010101 	tsthi	r1, r1, lsl #2
87805218:	0e007101 	cdpeq	1, 0, cr7, cr0, cr1, {0}
8780521c:	60011800 	andvs	r1, r1, r0, lsl #16
87805220:	00018001 	andeq	r8, r1, r1
87805224:	84010000 	strhi	r0, [r1], #-0
87805228:	34010c01 	strcc	r0, [r1], #-3073	@ 0xfffff3ff
8780522c:	84014401 	strhi	r4, [r1], #-1025	@ 0xfffffbff
87805230:	00000c01 	andeq	r0, r0, r1, lsl #24
	...
8780523c:	fc3e0001 	ldc2	0, cr0, [lr], #-4
87805240:	02400240 	subeq	r0, r0, #64, 4
	...
8780524c:	0000ffff 	strdeq	pc, [r0], -pc	@ <UNPREDICTABLE>
87805250:	00000000 	andeq	r0, r0, r0
87805254:	02400000 	subeq	r0, r0, #0
87805258:	fc3e0240 	ldc2	2, cr0, [lr], #-256	@ 0xffffff00
8780525c:	00000001 	andeq	r0, r0, r1
87805260:	00000000 	andeq	r0, r0, r0
87805264:	00600000 	rsbeq	r0, r0, r0
87805268:	00800080 	addeq	r0, r0, r0, lsl #1
8780526c:	00400040 	subeq	r0, r0, r0, asr #32
87805270:	00200020 	eoreq	r0, r0, r0, lsr #32

87805274 <asc2_2412>:
	...
878052a4:	0f000000 	svceq	0x00000000
878052a8:	fe0f3880 	vcmla.f16	d3, d31, d0[0], #0
878052ac:	38800f38 	stmcc	r0, {r3, r4, r5, r8, r9, sl, fp}
	...
878052c0:	00010000 	andeq	r0, r1, r0
878052c4:	00000600 	andeq	r0, r0, r0, lsl #12
878052c8:	3800000c 	stmdacc	r0, {r2, r3}
878052cc:	00310000 	eorseq	r0, r1, r0
878052d0:	00000600 	andeq	r0, r0, r0, lsl #12
878052d4:	3800000c 	stmdacc	r0, {r2, r3}
878052d8:	00300000 	eorseq	r0, r0, r0
	...
878052e4:	67008061 	strvs	r8, [r0, -r1, rrx]
878052e8:	80f907f8 	ldrshthi	r0, [r9], #120	@ 0x78
878052ec:	00806100 	addeq	r6, r0, r0, lsl #2
878052f0:	61008061 	tstvs	r0, r1, rrx
878052f4:	80610080 	rsbhi	r0, r1, r0, lsl #1
878052f8:	07f86700 	ldrbeq	r6, [r8, r0, lsl #14]!
878052fc:	610080f9 	strdvs	r8, [r0, -r9]
87805300:	00000080 	andeq	r0, r0, r0, lsl #1
87805304:	00000000 	andeq	r0, r0, r0
87805308:	c0010000 	andgt	r0, r1, r0
8780530c:	f0e003e0 			@ <UNDEFINED> instruction: 0xf0e003e0
87805310:	04083006 	streq	r3, [r8], #-6
87805314:	ff1f0818 			@ <UNDEFINED> instruction: 0xff1f0818
87805318:	080e04fe 	stmdaeq	lr, {r1, r2, r3, r4, r5, r6, r7, sl}
8780531c:	03f08707 	mvnseq	r8, #1835008	@ 0x1c0000
87805320:	0000e081 	andeq	lr, r0, r1, lsl #1
87805324:	00000000 	andeq	r0, r0, r0
87805328:	0600f001 	streq	pc, [r0], -r1
8780532c:	0404000c 	streq	r0, [r4], #-12
87805330:	700c0608 	andvc	r0, ip, r8, lsl #12
87805334:	00c0f901 	sbceq	pc, r0, r1, lsl #18
87805338:	3b00000e 	blcc	87805378 <asc2_2412+0x104>
8780533c:	18ec00e0 	stmiane	ip!, {r5, r6, r7}^
87805340:	04080807 	streq	r0, [r8], #-2055	@ 0xfffff7f9
87805344:	0300180c 	movweq	r1, #2060	@ 0x80c
87805348:	000000e0 	andeq	r0, r0, r0, ror #1
8780534c:	00e00100 	rsceq	r0, r0, r0, lsl #2
87805350:	f803f007 			@ <UNDEFINED> instruction: 0xf803f007
87805354:	081c0418 	ldmdaeq	ip, {r3, r4, sl}
87805358:	07081704 	streq	r1, [r8, -r4, lsl #14]
8780535c:	c003d0e1 	andgt	sp, r3, r1, ror #1
87805360:	b02300e0 	eorlt	r0, r3, r0, ror #1
87805364:	00083c00 	andeq	r3, r8, r0, lsl #24
87805368:	00000820 	andeq	r0, r0, r0, lsr #16
8780536c:	00000010 	andeq	r0, r0, r0, lsl r0
87805370:	01000000 	mrseq	r0, (UNDEF: 0)
87805374:	00310000 	eorseq	r0, r1, r0
87805378:	00003200 	andeq	r3, r0, r0, lsl #4
8780537c:	0000001c 	andeq	r0, r0, ip, lsl r0
	...
878053a4:	ff01007f 			@ <UNDEFINED> instruction: 0xff01007f
878053a8:	f08007c0 			@ <UNDEFINED> instruction: 0xf08007c0
878053ac:	1018000c 	andsne	r0, r8, ip
878053b0:	00200400 	eoreq	r0, r0, r0, lsl #8
878053b4:	00000002 	andeq	r0, r0, r2
878053b8:	20000000 	andcs	r0, r0, r0
878053bc:	00100200 	andseq	r0, r0, r0, lsl #4
878053c0:	18000c04 	stmdane	r0, {r2, sl, fp}
878053c4:	01f08007 	mvnseq	r8, r7
878053c8:	7f00c0ff 	svcvc	0x0000c0ff
	...
878053e0:	66000042 	strvs	r0, [r0], -r2, asr #32
878053e4:	00660000 	rsbeq	r0, r6, r0
878053e8:	00003c00 	andeq	r3, r0, r0, lsl #24
878053ec:	ff030018 			@ <UNDEFINED> instruction: 0xff030018
878053f0:	001800c0 	andseq	r0, r8, r0, asr #1
878053f4:	00003c00 	andeq	r3, r0, r0, lsl #24
878053f8:	66000066 	strvs	r0, [r0], -r6, rrx
878053fc:	00420000 	subeq	r0, r2, r0
87805400:	00000000 	andeq	r0, r0, r0
87805404:	08000008 	stmdaeq	r0, {r3}
87805408:	00080000 	andeq	r0, r8, r0
8780540c:	00000800 	andeq	r0, r0, r0, lsl #16
87805410:	ff010008 			@ <UNDEFINED> instruction: 0xff010008
87805414:	000800c0 	andeq	r0, r8, r0, asr #1
87805418:	00000800 	andeq	r0, r0, r0, lsl #16
8780541c:	08000008 	stmdaeq	r0, {r3}
87805420:	00080000 	andeq	r0, r8, r0
87805424:	00000000 	andeq	r0, r0, r0
87805428:	00000100 	andeq	r0, r0, r0, lsl #2
8780542c:	32000031 	andcc	r0, r0, #49	@ 0x31
87805430:	001c0000 	andseq	r0, ip, r0
	...
8780544c:	08000008 	stmdaeq	r0, {r3}
87805450:	00080000 	andeq	r0, r8, r0
87805454:	00000800 	andeq	r0, r0, r0, lsl #16
87805458:	08000008 	stmdaeq	r0, {r3}
8780545c:	00080000 	andeq	r0, r8, r0
87805460:	00000800 	andeq	r0, r0, r0, lsl #16
87805464:	08000008 	stmdaeq	r0, {r3}
	...
87805474:	38000038 	stmdacc	r0, {r3, r4, r5}
87805478:	00380000 	eorseq	r0, r8, r0
	...
87805494:	00000600 	andeq	r0, r0, r0, lsl #12
87805498:	7000001c 	andvc	r0, r0, ip, lsl r0
8780549c:	00800100 	addeq	r0, r0, r0, lsl #2
878054a0:	3800000e 	stmdacc	r0, {r1, r2, r3}
878054a4:	00c00000 	sbceq	r0, r0, r0
878054a8:	1c000007 	stcne	0, cr0, [r0], {7}
878054ac:	00300000 	eorseq	r0, r0, r0
	...
878054b8:	ff01807f 			@ <UNDEFINED> instruction: 0xff01807f
878054bc:	708003e0 	addvc	r0, r0, r0, ror #7
878054c0:	04180006 	ldreq	r0, [r8], #-6
878054c4:	00040800 	andeq	r0, r4, r0, lsl #16
878054c8:	18000608 	stmdane	r0, {r3, r9, sl}
878054cc:	01708003 	cmneq	r0, r3
878054d0:	7f00e0ff 	svcvc	0x0000e0ff
878054d4:	00000080 	andeq	r0, r0, r0, lsl #1
878054d8:	00000000 	andeq	r0, r0, r0
878054dc:	00010000 	andeq	r0, r1, r0
878054e0:	08000108 	stmdaeq	r0, {r3, r8}
878054e4:	03080001 	movweq	r0, #32769	@ 0x8001
878054e8:	ff07f8ff 			@ <UNDEFINED> instruction: 0xff07f8ff
878054ec:	080000f8 	stmdaeq	r0, {r3, r4, r5, r6, r7}
878054f0:	00080000 	andeq	r0, r8, r0
878054f4:	00000800 	andeq	r0, r0, r0, lsl #16
878054f8:	00000000 	andeq	r0, r0, r0
878054fc:	01000000 	mrseq	r0, (UNDEF: 0)
87805500:	c00238c0 	andgt	r3, r2, r0, asr #17
87805504:	98000458 	stmdals	r0, {r3, r4, r6, sl}
87805508:	04180104 	ldreq	r0, [r8], #-260	@ 0xfffffefc
8780550c:	04041802 	streq	r1, [r4], #-2050	@ 0xfffff7fe
87805510:	181c0618 	ldmdane	ip, {r3, r4, r9, sl}
87805514:	0118f803 	tstpeq	r8, r3, lsl #16	@ p-variant is OBSOLETE
87805518:	0000f8e0 	andeq	pc, r0, r0, ror #17
8780551c:	00000000 	andeq	r0, r0, r0
87805520:	01000000 	mrseq	r0, (UNDEF: 0)
87805524:	c003e0c0 	andgt	lr, r3, r0, asr #1
87805528:	080004f0 	stmdaeq	r0, {r4, r5, r6, r7, sl}
8780552c:	04080804 	streq	r0, [r8], #-2052	@ 0xfffff7fc
87805530:	18060808 	stmdane	r6, {r3, fp}
87805534:	18f40308 	ldmne	r4!, {r3, r8, r9}^
87805538:	00f0e701 	rscseq	lr, r0, r1, lsl #14
8780553c:	0000e001 	andeq	lr, r0, r1
	...
87805548:	0d000003 	stceq	0, cr0, [r0, #-12]
8780554c:	00110000 	andseq	r0, r1, r0
87805550:	00006100 	andeq	r6, r0, r0, lsl #2
87805554:	01030881 	smlabbeq	r3, r1, r8, r0
87805558:	f8ff0708 			@ <UNDEFINED> instruction: 0xf8ff0708
8780555c:	00f8ff0f 	rscseq	pc, r8, pc, lsl #30
87805560:	01000801 	tsteq	r0, r1, lsl #16
87805564:	00000008 	andeq	r0, r0, r8
87805568:	00000000 	andeq	r0, r0, r0
8780556c:	fc07e000 	stc2	0, cr14, [r7], {-0}
87805570:	080806d0 	stmdaeq	r8, {r4, r6, r7, r9, sl}
87805574:	06081006 	streq	r1, [r8], -r6
87805578:	10060810 	andne	r0, r6, r0, lsl r8
8780557c:	38180608 	ldmdacc	r8, {r3, r9, sl}
87805580:	06f00f06 	ldrbteq	r0, [r0], r6, lsl #30
87805584:	0000c007 	andeq	ip, r0, r7
	...
87805590:	ff01803f 			@ <UNDEFINED> instruction: 0xff01803f
87805594:	308403e0 	addcc	r0, r4, r0, ror #7
87805598:	04180802 	ldreq	r0, [r8], #-2050	@ 0xfffff7fe
8780559c:	10040810 	andne	r0, r4, r0, lsl r8
878055a0:	08100408 	ldmdaeq	r0, {r3, sl}
878055a4:	03101807 	tsteq	r0, #458752	@ 0x70000
878055a8:	0700f00f 	streq	pc, [r0, -pc]
878055ac:	000000c0 	andeq	r0, r0, r0, asr #1
878055b0:	00000000 	andeq	r0, r0, r0
878055b4:	c0030000 	andgt	r0, r3, r0
878055b8:	00000700 	andeq	r0, r0, r0, lsl #14
878055bc:	06000006 	streq	r0, [r0], -r6
878055c0:	0706f800 	streq	pc, [r6, -r0, lsl #16]
878055c4:	001806f8 			@ <UNDEFINED> instruction: 0x001806f8
878055c8:	0700e006 	streq	lr, [r0, -r6]
878055cc:	00060000 	andeq	r0, r6, r0
878055d0:	00000000 	andeq	r0, r0, r0
878055d4:	01000000 	mrseq	r0, (UNDEF: 0)
878055d8:	f703e0e1 			@ <UNDEFINED> instruction: 0xf703e0e1
878055dc:	103406f0 	ldrshtne	r0, [r4], -r0
878055e0:	04081804 	streq	r1, [r8], #-2052	@ 0xfffff7fc
878055e4:	0c040818 	stceq	8, cr0, [r4], {24}
878055e8:	080c0408 	stmdaeq	ip, {r3, sl}
878055ec:	03181606 	tsteq	r8, #6291456	@ 0x600000
878055f0:	c101f0f3 	strdgt	pc, [r1, -r3]
878055f4:	000000e0 	andeq	r0, r0, r0, ror #1
878055f8:	00000000 	andeq	r0, r0, r0
878055fc:	fc0300f8 	stc2	0, cr0, [r3], {248}	@ 0xf8
87805600:	38060330 	stmdacc	r6, {r4, r5, r8, r9}
87805604:	04080204 	streq	r0, [r8], #-516	@ 0xfffffdfc
87805608:	02040802 	andeq	r0, r4, #131072	@ 0x20000
8780560c:	10040408 	andne	r0, r4, r8, lsl #8
87805610:	01f00803 	mvnseq	r0, r3, lsl #16
87805614:	7f00c0ff 	svcvc	0x0000c0ff
	...
8780562c:	70003870 	andvc	r3, r0, r0, ror r8
87805630:	38700038 	ldmdacc	r0!, {r3, r4, r5}^
	...
87805650:	30001a30 	andcc	r1, r0, r0, lsr sl
87805654:	0000001c 	andeq	r0, r0, ip, lsl r0
	...
87805668:	08000000 	stmdaeq	r0, {}	@ <UNPREDICTABLE>
8780566c:	00140000 	andseq	r0, r4, r0
87805670:	00002200 	andeq	r2, r0, r0, lsl #4
87805674:	80000041 	andhi	r0, r0, r1, asr #32
87805678:	40000180 	andmi	r0, r0, r0, lsl #3
8780567c:	04200002 	strteq	r0, [r0], #-2
87805680:	00081000 	andeq	r1, r8, r0
87805684:	00000008 	andeq	r0, r0, r8
87805688:	00000000 	andeq	r0, r0, r0
8780568c:	21000021 	tstcs	r0, r1, lsr #32
87805690:	00210000 	eoreq	r0, r1, r0
87805694:	00002100 	andeq	r2, r0, r0, lsl #2
87805698:	21000021 	tstcs	r0, r1, lsr #32
8780569c:	00210000 	eoreq	r0, r1, r0
878056a0:	00002100 	andeq	r2, r0, r0, lsl #2
878056a4:	21000021 	tstcs	r0, r1, lsr #32
	...
878056b0:	00080000 	andeq	r0, r8, r0
878056b4:	10000408 	andne	r0, r0, r8, lsl #8
878056b8:	01200002 			@ <UNDEFINED> instruction: 0x01200002
878056bc:	80004000 	andhi	r4, r0, r0
878056c0:	00410080 	subeq	r0, r1, r0, lsl #1
878056c4:	00002200 	andeq	r2, r0, r0, lsl #4
878056c8:	08000014 	stmdaeq	r0, {r2, r4}
878056cc:	00000000 	andeq	r0, r0, r0
878056d0:	03000000 	movweq	r0, #0
878056d4:	c00400c0 	andgt	r0, r4, r0, asr #1
878056d8:	00000400 	andeq	r0, r0, r0, lsl #8
878056dc:	08380008 	ldmdaeq	r8!, {r3}
878056e0:	0808380f 	stmdaeq	r8, {r0, r1, r2, r3, fp, ip, sp}
878056e4:	00100838 	andseq	r0, r0, r8, lsr r8
878056e8:	0700300c 	streq	r3, [r0, -ip]
878056ec:	c00300e0 	andgt	r0, r3, r0, ror #1
	...
878056f8:	ff00803f 			@ <UNDEFINED> instruction: 0xff00803f
878056fc:	708003e0 	addvc	r0, r0, r0, ror #7
87805700:	06100f02 	ldreq	r0, [r0], -r2, lsl #30
87805704:	c0048870 	andgt	r8, r4, r0, ror r8
87805708:	08830488 	stmeq	r3, {r3, r7, sl}
8780570c:	02887f04 	addeq	r7, r8, #4, 30
87805710:	010390c0 	smlabteq	r3, r0, r0, r9
87805714:	40fe0020 	rscsmi	r0, lr, r0, lsr #32
87805718:	00080000 	andeq	r0, r8, r0
8780571c:	01001800 	tsteq	r0, r0, lsl #16
87805720:	083e00f8 	ldmdaeq	lr!, {r3, r4, r5, r6, r7}
87805724:	0700c201 	streq	ip, [r0, -r1, lsl #4]
87805728:	e2070002 	and	r0, r7, #2
8780572c:	00fe0000 	rscseq	r0, lr, r0
87805730:	00c81f00 	sbceq	r1, r8, r0, lsl #30
87805734:	0000f801 	andeq	pc, r0, r1, lsl #16
87805738:	08000038 	stmdaeq	r0, {r3, r4, r5}
8780573c:	07080004 	streq	r0, [r8, -r4]
87805740:	ff07f8ff 			@ <UNDEFINED> instruction: 0xff07f8ff
87805744:	080804f8 	stmdaeq	r8, {r3, r4, r5, r6, r7, sl}
87805748:	04080804 	streq	r0, [r8], #-2052	@ 0xfffff7fc
8780574c:	08040808 	stmdaeq	r4, {r3, fp}
87805750:	08180608 	ldmdaeq	r8, {r3, r9, sl}
87805754:	0118f403 	tstpeq	r8, r3, lsl #8	@ p-variant is OBSOLETE
87805758:	0100f0e7 	smlatteq	r0, r7, r0, pc	@ <UNPREDICTABLE>
8780575c:	000000e0 	andeq	r0, r0, r0, ror #1
87805760:	00000000 	andeq	r0, r0, r0
87805764:	ff01803f 			@ <UNDEFINED> instruction: 0xff01803f
87805768:	708003e0 	addvc	r0, r0, r0, ror #7
8780576c:	04180002 	ldreq	r0, [r8], #-2
87805770:	00040800 	andeq	r0, r4, r0, lsl #16
87805774:	08000408 	stmdaeq	r0, {r3, sl}
87805778:	06100004 	ldreq	r0, [r0], -r4
8780577c:	80072000 	andhi	r2, r7, r0
87805780:	000000c0 	andeq	r0, r0, r0, asr #1
87805784:	07080004 	streq	r0, [r8, -r4]
87805788:	ff07f8ff 			@ <UNDEFINED> instruction: 0xff07f8ff
8780578c:	080004f8 	stmdaeq	r0, {r3, r4, r5, r6, r7, sl}
87805790:	04080004 	streq	r0, [r8], #-4
87805794:	00040800 	andeq	r0, r4, r0, lsl #16
87805798:	10000218 	andne	r0, r0, r8, lsl r2
8780579c:	01708003 	cmneq	r0, r3
878057a0:	7f00e0ff 	svcvc	0x0000e0ff
878057a4:	00000080 	andeq	r0, r0, r0, lsl #1
878057a8:	07080004 	streq	r0, [r8, -r4]
878057ac:	ff07f8ff 			@ <UNDEFINED> instruction: 0xff07f8ff
878057b0:	080804f8 	stmdaeq	r8, {r3, r4, r5, r6, r7, sl}
878057b4:	04080804 	streq	r0, [r8], #-2052	@ 0xfffff7fc
878057b8:	08040808 	stmdaeq	r4, {r3, fp}
878057bc:	083e0408 	ldmdaeq	lr!, {r3, sl}
878057c0:	06080004 	streq	r0, [r8], -r4
878057c4:	00011800 	andeq	r1, r1, r0, lsl #16
878057c8:	00000060 	andeq	r0, r0, r0, rrx
878057cc:	07080004 	streq	r0, [r8, -r4]
878057d0:	ff07f8ff 			@ <UNDEFINED> instruction: 0xff07f8ff
878057d4:	080804f8 	stmdaeq	r8, {r3, r4, r5, r6, r7, sl}
878057d8:	04000804 	streq	r0, [r0], #-2052	@ 0xfffff7fc
878057dc:	08040008 	stmdaeq	r4, {r3}
878057e0:	003e0400 	eorseq	r0, lr, r0, lsl #8
878057e4:	06000006 	streq	r0, [r0], -r6
878057e8:	80010000 	andhi	r0, r1, r0
	...
878057f4:	ff01803f 			@ <UNDEFINED> instruction: 0xff01803f
878057f8:	708003e0 	addvc	r0, r0, r0, ror #7
878057fc:	04180006 	ldreq	r0, [r8], #-6
87805800:	02040800 	andeq	r0, r4, #0, 16
87805804:	08020408 	stmdaeq	r2, {r3, sl}
87805808:	07f00302 	ldrbeq	r0, [r0, r2, lsl #6]!
8780580c:	0200f083 	andeq	pc, r0, #131	@ 0x83
87805810:	00020000 	andeq	r0, r2, r0
87805814:	07080004 	streq	r0, [r8, -r4]
87805818:	ff07f8ff 			@ <UNDEFINED> instruction: 0xff07f8ff
8780581c:	080804f8 	stmdaeq	r8, {r3, r4, r5, r6, r7, sl}
87805820:	00000800 	andeq	r0, r0, r0, lsl #16
87805824:	08000008 	stmdaeq	r0, {r3}
87805828:	00080000 	andeq	r0, r8, r0
8780582c:	07080804 	streq	r0, [r8, -r4, lsl #16]
87805830:	ff07f8ff 			@ <UNDEFINED> instruction: 0xff07f8ff
87805834:	080004f8 	stmdaeq	r0, {r3, r4, r5, r6, r7, sl}
87805838:	00000000 	andeq	r0, r0, r0
8780583c:	00040000 	andeq	r0, r4, r0
87805840:	08000408 	stmdaeq	r0, {r3, sl}
87805844:	07080004 	streq	r0, [r8, -r4]
87805848:	ff07f8ff 			@ <UNDEFINED> instruction: 0xff07f8ff
8780584c:	080004f8 	stmdaeq	r0, {r3, r4, r5, r6, r7, sl}
87805850:	04080004 	streq	r0, [r8], #-4
87805854:	00000800 	andeq	r0, r0, r0, lsl #16
	...
87805860:	00000600 	andeq	r0, r0, r0, lsl #12
87805864:	01000007 	tsteq	r0, r7
87805868:	04010004 	streq	r0, [r1], #-4
8780586c:	00040100 	andeq	r0, r4, r0, lsl #2
87805870:	feff0703 	cdp2	7, 15, cr0, cr15, cr3, {0}
87805874:	04fcff07 	ldrbteq	pc, [ip], #3847	@ 0xf07	@ <UNPREDICTABLE>
87805878:	00040000 	andeq	r0, r4, r0
8780587c:	00000400 	andeq	r0, r0, r0, lsl #8
87805880:	07080004 	streq	r0, [r8, -r4]
87805884:	ff07f8ff 			@ <UNDEFINED> instruction: 0xff07f8ff
87805888:	080c04f8 	stmdaeq	ip, {r3, r4, r5, r6, r7, sl}
8780588c:	00001800 	andeq	r1, r0, r0, lsl #16
87805890:	c704003e 	smladxgt	r4, lr, r0, r0
87805894:	c8030580 	stmdagt	r3, {r7, r8, sl}
87805898:	04f80006 	ldrbteq	r0, [r8], #6
8780589c:	00043800 	andeq	r3, r4, r0, lsl #16
878058a0:	08000018 	stmdaeq	r0, {r3, r4}
878058a4:	07080004 	streq	r0, [r8, -r4]
878058a8:	ff07f8ff 			@ <UNDEFINED> instruction: 0xff07f8ff
878058ac:	080004f8 	stmdaeq	r0, {r3, r4, r5, r6, r7, sl}
878058b0:	00080000 	andeq	r0, r8, r0
878058b4:	00000800 	andeq	r0, r0, r0, lsl #16
878058b8:	08000008 	stmdaeq	r0, {r3}
878058bc:	00080000 	andeq	r0, r8, r0
878058c0:	00001800 	andeq	r1, r0, r0, lsl #16
878058c4:	00000060 	andeq	r0, r0, r0, rrx
878058c8:	07080004 	streq	r0, [r8, -r4]
878058cc:	8007f8ff 	strdhi	pc, [r7], -pc	@ <UNPREDICTABLE>
878058d0:	00fc0708 	rscseq	r0, ip, r8, lsl #14
878058d4:	00c07f00 	sbceq	r7, r0, r0, lsl #30
878058d8:	0700f803 	streq	pc, [r0, -r3, lsl #16]
878058dc:	007800c0 	rsbseq	r0, r8, r0, asr #1
878058e0:	07088007 	streq	r8, [r8, -r7]
878058e4:	ff07f8ff 			@ <UNDEFINED> instruction: 0xff07f8ff
878058e8:	080004f8 	stmdaeq	r0, {r3, r4, r5, r6, r7, sl}
878058ec:	07080004 	streq	r0, [r8, -r4]
878058f0:	0007f8ff 	strdeq	pc, [r7], -pc	@ <UNPREDICTABLE>
878058f4:	00c00308 	sbceq	r0, r0, r8, lsl #6
878058f8:	0000e000 	andeq	lr, r0, r0
878058fc:	1e000038 	mcrne	0, 0, r0, cr0, cr8, {1}
87805900:	00070000 	andeq	r0, r7, r0
87805904:	04c00100 	strbeq	r0, [r0], #256	@ 0x100
87805908:	ff07f000 			@ <UNDEFINED> instruction: 0xff07f000
8780590c:	000004f8 	strdeq	r0, [r0], -r8
87805910:	00000000 	andeq	r0, r0, r0
87805914:	ff01807f 			@ <UNDEFINED> instruction: 0xff01807f
87805918:	708003e0 	addvc	r0, r0, r0, ror #7
8780591c:	04180006 	ldreq	r0, [r8], #-6
87805920:	00040800 	andeq	r0, r4, r0, lsl #16
87805924:	18000608 	stmdane	r0, {r3, r9, sl}
87805928:	01300003 	teqeq	r0, r3
8780592c:	7f00e0ff 	svcvc	0x0000e0ff
87805930:	00000080 	andeq	r0, r0, r0, lsl #1
87805934:	07080004 	streq	r0, [r8, -r4]
87805938:	ff07f8ff 			@ <UNDEFINED> instruction: 0xff07f8ff
8780593c:	080404f8 	stmdaeq	r4, {r3, r4, r5, r6, r7, sl}
87805940:	04000404 	streq	r0, [r0], #-1028	@ 0xfffffbfc
87805944:	04040004 	streq	r0, [r4], #-4
87805948:	00040400 	andeq	r0, r4, r0, lsl #8
8780594c:	03000c06 	movweq	r0, #3078	@ 0xc06
87805950:	f00100f8 			@ <UNDEFINED> instruction: 0xf00100f8
	...
8780595c:	ff01807f 			@ <UNDEFINED> instruction: 0xff01807f
87805960:	708003e0 	addvc	r0, r0, r0, ror #7
87805964:	04880006 	streq	r0, [r8], #6
87805968:	00048800 	andeq	r8, r4, r0, lsl #16
8780596c:	3c0006c8 	stccc	6, cr0, [r0], {200}	@ 0xc8
87805970:	013e0003 	teqeq	lr, r3
87805974:	7f00e6ff 	svcvc	0x0000e6ff
87805978:	00000084 	andeq	r0, r0, r4, lsl #1
8780597c:	07080004 	streq	r0, [r8, -r4]
87805980:	ff07f8ff 			@ <UNDEFINED> instruction: 0xff07f8ff
87805984:	080804f8 	stmdaeq	r8, {r3, r4, r5, r6, r7, sl}
87805988:	04000804 	streq	r0, [r0], #-2052	@ 0xfffff7fc
8780598c:	0f04000c 	svceq	0x0004000c
87805990:	c00b0400 	andgt	r0, fp, r0, lsl #8
87805994:	03f01006 	mvnseq	r1, #6
87805998:	e00138f0 	strd	r3, [r1], -r0
8780599c:	08000008 	stmdaeq	r0, {r3}
878059a0:	01000000 	mrseq	r0, (UNDEF: 0)
878059a4:	f003f8e0 			@ <UNDEFINED> instruction: 0xf003f8e0
878059a8:	10300630 	eorsne	r0, r0, r0, lsr r6
878059ac:	04081804 	streq	r1, [r8], #-2052	@ 0xfffff7fc
878059b0:	0c040818 	stceq	8, cr0, [r4], {24}
878059b4:	080c0408 	stmdaeq	ip, {r3, sl}
878059b8:	02180602 	andseq	r0, r8, #2097152	@ 0x200000
878059bc:	8107f007 	tstphi	r7, r7	@ p-variant is OBSOLETE
878059c0:	000000e0 	andeq	r0, r0, r0, ror #1
878059c4:	06008001 	streq	r8, [r0], -r1
878059c8:	00040000 	andeq	r0, r4, r0
878059cc:	00000400 	andeq	r0, r0, r0, lsl #8
878059d0:	07080004 	streq	r0, [r8, -r4]
878059d4:	ff07f8ff 			@ <UNDEFINED> instruction: 0xff07f8ff
878059d8:	080004f8 	stmdaeq	r0, {r3, r4, r5, r6, r7, sl}
878059dc:	04000004 	streq	r0, [r0], #-4
878059e0:	00060000 	andeq	r0, r6, r0
878059e4:	00800100 	addeq	r0, r0, r0, lsl #2
878059e8:	07000004 	streq	r0, [r0, -r4]
878059ec:	ff07e0ff 			@ <UNDEFINED> instruction: 0xff07e0ff
878059f0:	180004f0 	stmdane	r0, {r4, r5, r6, r7, sl}
878059f4:	00080000 	andeq	r0, r8, r0
878059f8:	00000800 	andeq	r0, r0, r0, lsl #16
878059fc:	08000008 	stmdaeq	r0, {r3}
87805a00:	04080000 	streq	r0, [r8], #-0
87805a04:	ff071000 			@ <UNDEFINED> instruction: 0xff071000
87805a08:	000004e0 	andeq	r0, r0, r0, ror #9
87805a0c:	06000004 	streq	r0, [r0], -r4
87805a10:	e0070000 	and	r0, r7, r0
87805a14:	00fe0700 	rscseq	r0, lr, r0, lsl #14
87805a18:	00e01f04 	rsceq	r1, r0, r4, lsl #30
87805a1c:	0000f801 	andeq	pc, r0, r1, lsl #16
87805a20:	e0010038 	and	r0, r1, r8, lsr r0
87805a24:	07003e04 	streq	r3, [r0, -r4, lsl #28]
87805a28:	000600c0 	andeq	r0, r6, r0, asr #1
87805a2c:	00000400 	andeq	r0, r0, r0, lsl #8
87805a30:	07000004 	streq	r0, [r0, -r4]
87805a34:	ff0700e0 			@ <UNDEFINED> instruction: 0xff0700e0
87805a38:	f81f04c0 			@ <UNDEFINED> instruction: 0xf81f04c0
87805a3c:	07c00700 	strbeq	r0, [r0, r0, lsl #14]
87805a40:	ff0700f8 			@ <UNDEFINED> instruction: 0xff0700f8
87805a44:	f83f0480 			@ <UNDEFINED> instruction: 0xf83f0480
87805a48:	04c00700 	strbeq	r0, [r0], #1792	@ 0x700
87805a4c:	000700f8 	strdeq	r0, [r7], -r8
87805a50:	00000400 	andeq	r0, r0, r0, lsl #8
87805a54:	04000000 	streq	r0, [r0], #-0
87805a58:	00060800 	andeq	r0, r6, r0, lsl #16
87805a5c:	78c00718 	stmiavc	r0, {r3, r4, r8, r9, sl}^
87805a60:	00c8f105 	sbceq	pc, r8, r5, lsl #2
87805a64:	1f00003e 	svcne	0x0000003e
87805a68:	e8630480 	stmda	r3!, {r7, sl}^
87805a6c:	06f88007 	ldrbteq	r8, [r8], r7
87805a70:	00041800 	andeq	r1, r4, r0, lsl #16
87805a74:	00000008 	andeq	r0, r0, r8
87805a78:	06000004 	streq	r0, [r0], -r4
87805a7c:	80070000 	andhi	r0, r7, r0
87805a80:	08e00700 	stmiaeq	r0!, {r8, r9, sl}^
87805a84:	00087c04 	andeq	r7, r8, r4, lsl #24
87805a88:	0700f81f 	smuadeq	r0, pc, r8	@ <UNPREDICTABLE>
87805a8c:	081800f8 	ldmdaeq	r8, {r3, r4, r5, r6, r7}
87805a90:	0708e004 	streq	lr, [r8, -r4]
87805a94:	00060000 	andeq	r0, r6, r0
87805a98:	00000400 	andeq	r0, r0, r0, lsl #8
87805a9c:	01000000 	mrseq	r0, (UNDEF: 0)
87805aa0:	00060800 	andeq	r0, r6, r0, lsl #16
87805aa4:	f8000438 			@ <UNDEFINED> instruction: 0xf8000438
87805aa8:	04e80304 	strbteq	r0, [r8], #772	@ 0x304
87805aac:	7c04080f 	stcvc	8, cr0, [r4], {15}
87805ab0:	08f00508 	ldmeq	r0!, {r3, r8, sl}^
87805ab4:	0708c007 	streq	ip, [r8, -r7]
87805ab8:	00041800 	andeq	r1, r4, r0, lsl #16
87805abc:	00000060 	andeq	r0, r0, r0, rrx
	...
87805acc:	3f000000 	svccc	0x00000000
87805ad0:	0020feff 	strdeq	pc, [r0], -pc	@ <UNPREDICTABLE>
87805ad4:	02002002 	andeq	r2, r0, #2
87805ad8:	20020020 	andcs	r0, r2, r0, lsr #32
87805adc:	00200200 	eoreq	r0, r0, r0, lsl #4
87805ae0:	00000002 	andeq	r0, r0, r2
87805ae4:	00000000 	andeq	r0, r0, r0
87805ae8:	00080000 	andeq	r0, r8, r0
87805aec:	00000700 	andeq	r0, r0, r0, lsl #14
87805af0:	0000c000 	andeq	ip, r0, r0
87805af4:	06000038 			@ <UNDEFINED> instruction: 0x06000038
87805af8:	c0010000 	andgt	r0, r1, r0
87805afc:	00300000 	eorseq	r0, r0, r0
87805b00:	00000e00 	andeq	r0, r0, r0, lsl #28
87805b04:	00000001 	andeq	r0, r0, r1
87805b08:	00000000 	andeq	r0, r0, r0
87805b0c:	00200000 	eoreq	r0, r0, r0
87805b10:	02002002 	andeq	r2, r0, #2
87805b14:	20020020 	andcs	r0, r2, r0, lsr #32
87805b18:	00200200 	eoreq	r0, r0, r0, lsl #4
87805b1c:	feff3f02 	cdp2	15, 15, cr3, cr15, cr2, {0}
	...
87805b34:	00000800 	andeq	r0, r0, r0, lsl #16
87805b38:	30000010 	andcc	r0, r0, r0, lsl r0
87805b3c:	00200000 	eoreq	r0, r0, r0
87805b40:	00003000 	andeq	r3, r0, r0
87805b44:	08000010 	stmdaeq	r0, {r4}
	...
87805b50:	00010000 	andeq	r0, r1, r0
87805b54:	00000100 	andeq	r0, r0, r0, lsl #2
87805b58:	01000001 	tsteq	r0, r1
87805b5c:	00010000 	andeq	r0, r1, r0
87805b60:	00000100 	andeq	r0, r0, r0, lsl #2
87805b64:	01000001 	tsteq	r0, r1
87805b68:	00010000 	andeq	r0, r1, r0
87805b6c:	00000100 	andeq	r0, r0, r0, lsl #2
87805b70:	01000001 	tsteq	r0, r1
	...
87805b7c:	00002000 	andeq	r2, r0, r0
87805b80:	10000020 	andne	r0, r0, r0, lsr #32
87805b84:	00100000 	andseq	r0, r0, r0
	...
87805b9c:	1900f000 	stmdbne	r0, {ip, sp, lr, pc}
87805ba0:	181b00f8 	ldmdane	fp, {r3, r4, r5, r6, r7}
87805ba4:	00082200 	andeq	r2, r8, r0, lsl #4
87805ba8:	24000826 	strcs	r0, [r0], #-2086	@ 0xfffff7da
87805bac:	10240008 	eorne	r0, r4, r8
87805bb0:	00f83f00 	rscseq	r3, r8, r0, lsl #30
87805bb4:	0000f81f 	andeq	pc, r0, pc, lsl r8	@ <UNPREDICTABLE>
87805bb8:	18000008 	stmdane	r0, {r3}
87805bbc:	04000000 	streq	r0, [r0], #-0
87805bc0:	ff070000 			@ <UNDEFINED> instruction: 0xff070000
87805bc4:	f0ff0ff8 			@ <UNDEFINED> instruction: 0xf0ff0ff8
87805bc8:	00181800 	andseq	r1, r8, r0, lsl #16
87805bcc:	20000810 	andcs	r0, r0, r0, lsl r8
87805bd0:	08200008 	stmdaeq	r0!, {r3}
87805bd4:	00183000 	andseq	r3, r8, r0
87805bd8:	0f00f01f 	svceq	0x0000f01f
87805bdc:	000000c0 	andeq	r0, r0, r0, asr #1
87805be0:	00000000 	andeq	r0, r0, r0
87805be4:	1f00c007 	svcne	0x0000c007
87805be8:	301800f0 	ldrshcc	r0, [r8], -r0	@ <UNPREDICTABLE>
87805bec:	00082000 	andeq	r2, r8, r0
87805bf0:	20000820 	andcs	r0, r0, r0, lsr #16
87805bf4:	083c0008 	ldmdaeq	ip!, {r3}
87805bf8:	00101c00 	andseq	r1, r0, r0, lsl #24
87805bfc:	00006000 	andeq	r6, r0, r0
	...
87805c08:	1f00c007 	svcne	0x0000c007
87805c0c:	183800f0 	ldmdane	r8!, {r4, r5, r6, r7}
87805c10:	00082000 	andeq	r2, r8, r0
87805c14:	20000820 	andcs	r0, r0, r0, lsr #16
87805c18:	10100408 	andsne	r0, r0, r8, lsl #8
87805c1c:	0ff8ff07 	svceq	0x00f8ff07
87805c20:	0000f0ff 	strdeq	pc, [r0], -pc	@ <UNPREDICTABLE>
87805c24:	00000010 	andeq	r0, r0, r0, lsl r0
87805c28:	00000000 	andeq	r0, r0, r0
87805c2c:	07000000 	streq	r0, [r0, -r0]
87805c30:	f01f00c0 			@ <UNDEFINED> instruction: 0xf01f00c0
87805c34:	00301200 	eorseq	r1, r0, r0, lsl #4
87805c38:	22001822 	andcs	r1, r0, #2228224	@ 0x220000
87805c3c:	08220008 	stmdaeq	r2!, {r3}
87805c40:	00083200 	andeq	r3, r8, r0, lsl #4
87805c44:	0e00101e 	mcreq	0, 0, r1, cr0, cr14, {0}
87805c48:	00000020 	andeq	r0, r0, r0, lsr #32
87805c4c:	00000000 	andeq	r0, r0, r0
87805c50:	20000020 	andcs	r0, r0, r0, lsr #32
87805c54:	08200008 	stmdaeq	r0!, {r3}
87805c58:	03f8ff01 	mvnseq	pc, #1, 30
87805c5c:	2006f8ff 	strdcs	pc, [r6], -pc	@ <UNPREDICTABLE>
87805c60:	08200408 	stmdaeq	r0!, {r3, sl}
87805c64:	07082004 	streq	r2, [r8, -r4]
87805c68:	00030020 	andeq	r0, r3, r0, lsr #32
	...
87805c74:	0e000e00 	cdpeq	14, 0, cr0, cr0, cr0, {0}
87805c78:	f31f006e 	vhadd.u16	q0, <illegal reg q7.5>, q15
87805c7c:	00b13100 	adcseq	r3, r1, r0, lsl #2
87805c80:	2000b120 	andcs	fp, r0, r0, lsr #2
87805c84:	913100b1 	ldrhls	r0, [r1, -r1]!
87805c88:	00131f00 	andseq	r1, r3, r0, lsl #30
87805c8c:	20001e2e 	andcs	r1, r0, lr, lsr #28
87805c90:	0030000e 	eorseq	r0, r0, lr
87805c94:	04000000 	streq	r0, [r0], #-0
87805c98:	ff070800 			@ <UNDEFINED> instruction: 0xff070800
87805c9c:	f8ff0ff8 			@ <UNDEFINED> instruction: 0xf8ff0ff8
87805ca0:	00081000 	andeq	r1, r8, r0
87805ca4:	20000020 	andcs	r0, r0, r0, lsr #32
87805ca8:	08200000 	stmdaeq	r0!, {}	@ <UNPREDICTABLE>
87805cac:	00f83f00 	rscseq	r3, r8, r0, lsl #30
87805cb0:	0000f81f 	andeq	pc, r0, pc, lsl r8	@ <UNPREDICTABLE>
87805cb4:	00000008 	andeq	r0, r0, r8
87805cb8:	00000000 	andeq	r0, r0, r0
87805cbc:	20000000 	andcs	r0, r0, r0
87805cc0:	08200008 	stmdaeq	r0!, {r3}
87805cc4:	06082000 	streq	r2, [r8], -r0
87805cc8:	3f06f83f 	svccc	0x0006f83f
87805ccc:	080000f8 	stmdaeq	r0, {r3, r4, r5, r6, r7}
87805cd0:	00080000 	andeq	r0, r8, r0
87805cd4:	00000800 	andeq	r0, r0, r0, lsl #16
	...
87805ce4:	03000003 	movweq	r0, #3
87805ce8:	00012000 	andeq	r2, r1, r0
87805cec:	20000120 	andcs	r0, r0, r0, lsr #2
87805cf0:	fe3f0603 	cdp2	6, 3, cr0, cr15, cr3, {0}
87805cf4:	00fc3f06 	rscseq	r3, ip, r6, lsl #30
	...
87805d00:	04000000 	streq	r0, [r0], #-0
87805d04:	ff070800 			@ <UNDEFINED> instruction: 0xff070800
87805d08:	f8ff0ff8 			@ <UNDEFINED> instruction: 0xf8ff0ff8
87805d0c:	00880100 	addeq	r0, r8, r0, lsl #2
87805d10:	2f000003 	svccs	0x00000003
87805d14:	f83800c0 			@ <UNDEFINED> instruction: 0xf83800c0
87805d18:	00382000 	eorseq	r2, r8, r0
87805d1c:	00000820 	andeq	r0, r0, r0, lsr #16
87805d20:	00000008 	andeq	r0, r0, r8
87805d24:	00000000 	andeq	r0, r0, r0
87805d28:	00040000 	andeq	r0, r4, r0
87805d2c:	08000408 	stmdaeq	r0, {r3, sl}
87805d30:	07080004 	streq	r0, [r8, -r4]
87805d34:	ff0ff8ff 			@ <UNDEFINED> instruction: 0xff0ff8ff
87805d38:	080000f8 	stmdaeq	r0, {r3, r4, r5, r6, r7}
87805d3c:	00080000 	andeq	r0, r8, r0
87805d40:	00000800 	andeq	r0, r0, r0, lsl #16
87805d44:	00000000 	andeq	r0, r0, r0
87805d48:	00082000 	andeq	r2, r8, r0
87805d4c:	3f00f83f 	svccc	0x0000f83f
87805d50:	081000f8 	ldmdaeq	r0, {r3, r4, r5, r6, r7}
87805d54:	00002000 	andeq	r2, r0, r0
87805d58:	3f00f83f 	svccc	0x0000f83f
87805d5c:	081000f8 	ldmdaeq	r0, {r3, r4, r5, r6, r7}
87805d60:	00002000 	andeq	r2, r0, r0
87805d64:	3f00f83f 	svccc	0x0000f83f
87805d68:	080000f8 	stmdaeq	r0, {r3, r4, r5, r6, r7}
87805d6c:	00000000 	andeq	r0, r0, r0
87805d70:	3f000820 	svccc	0x00000820
87805d74:	f83f00f8 			@ <UNDEFINED> instruction: 0xf83f00f8
87805d78:	00081000 	andeq	r1, r8, r0
87805d7c:	20000010 	andcs	r0, r0, r0, lsl r0
87805d80:	08200000 	stmdaeq	r0!, {}	@ <UNPREDICTABLE>
87805d84:	00f83f00 	rscseq	r3, r8, r0, lsl #30
87805d88:	0000f81f 	andeq	pc, r0, pc, lsl r8	@ <UNPREDICTABLE>
87805d8c:	00000008 	andeq	r0, r0, r8
87805d90:	00000000 	andeq	r0, r0, r0
87805d94:	0f00c007 	svceq	0x0000c007
87805d98:	301800f0 	ldrshcc	r0, [r8], -r0	@ <UNPREDICTABLE>
87805d9c:	00083000 	andeq	r3, r8, r0
87805da0:	20000820 	andcs	r0, r0, r0, lsr #16
87805da4:	08300008 	ldmdaeq	r0!, {r3}
87805da8:	00301800 	eorseq	r1, r0, r0, lsl #16
87805dac:	0700f00f 	streq	pc, [r0, -pc]
87805db0:	000000c0 	andeq	r0, r0, r0, asr #1
87805db4:	00000000 	andeq	r0, r0, r0
87805db8:	3f000120 	svccc	0x00000120
87805dbc:	ff3f00ff 			@ <UNDEFINED> instruction: 0xff3f00ff
87805dc0:	00111000 	andseq	r1, r1, r0
87805dc4:	20000920 	andcs	r0, r0, r0, lsr #18
87805dc8:	08200008 	stmdaeq	r0!, {r3}
87805dcc:	00383000 	eorseq	r3, r8, r0
87805dd0:	0f00f01f 	svceq	0x0000f01f
87805dd4:	000000c0 	andeq	r0, r0, r0, asr #1
87805dd8:	00000000 	andeq	r0, r0, r0
87805ddc:	1f00c007 	svcne	0x0000c007
87805de0:	183800f0 	ldmdane	r8!, {r4, r5, r6, r7}
87805de4:	00082000 	andeq	r2, r8, r0
87805de8:	20000820 	andcs	r0, r0, r0, lsr #16
87805dec:	11100009 	tstne	r0, r9
87805df0:	00ff1f00 	rscseq	r1, pc, r0, lsl #30
87805df4:	0000ff3f 	andeq	pc, r0, pc, lsr pc	@ <UNPREDICTABLE>
87805df8:	00000001 	andeq	r0, r0, r1
87805dfc:	00082000 	andeq	r2, r8, r0
87805e00:	20000820 	andcs	r0, r0, r0, lsr #16
87805e04:	f83f0008 			@ <UNDEFINED> instruction: 0xf83f0008
87805e08:	00f83f00 	rscseq	r3, r8, r0, lsl #30
87805e0c:	10000808 	andne	r0, r0, r8, lsl #16
87805e10:	08200008 	stmdaeq	r0!, {r3}
87805e14:	00002000 	andeq	r2, r0, r0
87805e18:	30000030 	andcc	r0, r0, r0, lsr r0
	...
87805e24:	0c000000 	stceq	0, cr0, [r0], {-0}
87805e28:	181e0078 	ldmdane	lr, {r3, r4, r5, r6}
87805e2c:	00083300 	andeq	r3, r8, r0, lsl #6
87805e30:	21000823 	tstcs	r0, r3, lsr #16
87805e34:	88210008 	stmdahi	r1!, {r3}
87805e38:	00982100 	addseq	r2, r8, r0, lsl #2
87805e3c:	3800f030 	stmdacc	r0, {r4, r5, ip, sp, lr, pc}
87805e40:	00000060 	andeq	r0, r0, r0, rrx
87805e44:	00000000 	andeq	r0, r0, r0
87805e48:	20000020 	andcs	r0, r0, r0, lsr #32
87805e4c:	00200000 	eoreq	r0, r0, r0
87805e50:	03f0ff00 	mvnseq	pc, #0, 30
87805e54:	2000f8ff 	strdcs	pc, [r0], -pc	@ <UNPREDICTABLE>
87805e58:	08200008 	stmdaeq	r0!, {r3}
87805e5c:	00082000 	andeq	r2, r8, r0
87805e60:	00003000 	andeq	r3, r0, r0
	...
87805e6c:	3f000020 	svccc	0x00000020
87805e70:	f87f00f0 			@ <UNDEFINED> instruction: 0xf87f00f0
87805e74:	00180000 	andseq	r0, r8, r0
87805e78:	00000800 	andeq	r0, r0, r0, lsl #16
87805e7c:	10200008 	eorne	r0, r0, r8
87805e80:	00f83f00 	rscseq	r3, r8, r0, lsl #30
87805e84:	0000f07f 	andeq	pc, r0, pc, ror r0	@ <UNPREDICTABLE>
87805e88:	00000010 	andeq	r0, r0, r0, lsl r0
87805e8c:	00000000 	andeq	r0, r0, r0
87805e90:	30000020 	andcc	r0, r0, r0, lsr #32
87805e94:	003c0000 	eorseq	r0, ip, r0
87805e98:	00803f00 	addeq	r3, r0, r0, lsl #30
87805e9c:	0000f023 	andeq	pc, r0, r3, lsr #32
87805ea0:	70000078 	andvc	r0, r0, r8, ror r0
87805ea4:	00802300 	addeq	r2, r0, r0, lsl #6
87805ea8:	3000003c 	andcc	r0, r0, ip, lsr r0
87805eac:	00200000 	eoreq	r0, r0, r0
87805eb0:	00002000 	andeq	r2, r0, r0
87805eb4:	3f00003c 	svccc	0x0000003c
87805eb8:	f82300e0 			@ <UNDEFINED> instruction: 0xf82300e0
87805ebc:	00e00000 	rsceq	r0, r0, r0
87805ec0:	3e000027 	cdpcc	0, 0, cr0, cr0, cr7, {1}
87805ec4:	e03f0000 	eors	r0, pc, r0
87805ec8:	00f82100 	rscseq	r2, r8, r0, lsl #2
87805ecc:	3e00e001 	cdpcc	0, 0, cr14, cr0, cr1, {0}
87805ed0:	00200000 	eoreq	r0, r0, r0
87805ed4:	00000000 	andeq	r0, r0, r0
87805ed8:	20000820 	andcs	r0, r0, r0, lsr #16
87805edc:	38380008 	ldmdacc	r8!, {r3}
87805ee0:	00683e00 	rsbeq	r3, r8, r0, lsl #28
87805ee4:	03008027 	movweq	r8, #39	@ 0x27
87805ee8:	f82c00c8 			@ <UNDEFINED> instruction: 0xf82c00c8
87805eec:	00383800 	eorseq	r3, r8, r0, lsl #16
87805ef0:	20001820 	andcs	r1, r0, r0, lsr #16
87805ef4:	00000008 	andeq	r0, r0, r8
87805ef8:	00000000 	andeq	r0, r0, r0
87805efc:	30000020 	andcc	r0, r0, r0, lsr #32
87805f00:	013c0003 	teqeq	ip, r3
87805f04:	00833f00 	addeq	r3, r3, r0, lsl #30
87805f08:	0000ec23 	andeq	lr, r0, r3, lsr #24
87805f0c:	80230070 	eorhi	r0, r3, r0, ror r0
87805f10:	00003c00 	andeq	r3, r0, r0, lsl #24
87805f14:	20000020 	andcs	r0, r0, r0, lsr #32
	...
87805f20:	38000000 	stmdacc	r0, {}	@ <UNPREDICTABLE>
87805f24:	38200008 	stmdacc	r0!, {r3}
87805f28:	00f82000 	rscseq	r2, r8, r0
87805f2c:	2f00e823 	svccs	0x0000e823
87805f30:	083e0088 	ldmdaeq	lr!, {r3, r7}
87805f34:	00083800 	andeq	r3, r8, r0, lsl #16
87805f38:	00001820 	andeq	r1, r0, r0, lsr #16
87805f3c:	00000070 	andeq	r0, r0, r0, ror r0
	...
87805f50:	14000008 	strne	r0, [r0], #-8
87805f54:	fcf71f00 	ldc2l	15, cr1, [r7]
87805f58:	20060030 	andcs	r0, r6, r0, lsr r0
87805f5c:	00000200 	andeq	r0, r0, r0, lsl #4
	...
87805f74:	ffff0000 			@ <UNDEFINED> instruction: 0xffff0000
87805f78:	000000ff 	strdeq	r0, [r0], -pc	@ <UNPREDICTABLE>
	...
87805f8c:	00200000 	eoreq	r0, r0, r0
87805f90:	06003002 	streq	r3, [r0], -r2
87805f94:	00fcf71f 	rscseq	pc, ip, pc, lsl r7	@ <UNPREDICTABLE>
87805f98:	08000014 	stmdaeq	r0, {r2, r4}
	...
87805fac:	18000000 	stmdane	r0, {}	@ <UNPREDICTABLE>
87805fb0:	00600000 	rsbeq	r0, r0, r0
87805fb4:	00004000 	andeq	r4, r0, r0
87805fb8:	20000040 	andcs	r0, r0, r0, asr #32
87805fbc:	00100000 	andseq	r0, r0, r0
87805fc0:	00000800 	andeq	r0, r0, r0, lsl #16
87805fc4:	04000004 	streq	r0, [r0], #-4
87805fc8:	000c0000 	andeq	r0, ip, r0
87805fcc:	00001000 	andeq	r1, r0, r0

87805fd0 <asc2_3216>:
	...
87806068:	c000f007 	andgt	pc, r0, r7
8780606c:	e0e1ff07 	rsc	pc, r1, r7, lsl #30
87806070:	e001f007 	and	pc, r1, r7
87806074:	c0000000 	andgt	r0, r0, r0
	...
878060d8:	00002000 	andeq	r2, r0, r0
878060dc:	0000c001 	andeq	ip, r0, r1
878060e0:	00008007 	andeq	r8, r0, r7
878060e4:	0000001f 	andeq	r0, r0, pc, lsl r0
878060e8:	0000001e 	andeq	r0, r0, lr, lsl r0
878060ec:	0000201c 	andeq	r2, r0, ip, lsl r0
878060f0:	0000c001 	andeq	ip, r0, r1
878060f4:	00008007 	andeq	r8, r0, r7
878060f8:	0000001f 	andeq	r0, r0, pc, lsl r0
878060fc:	0000001e 	andeq	r0, r0, lr, lsl r0
87806100:	0000001c 	andeq	r0, r0, ip, lsl r0
	...
87806154:	000c1800 	andeq	r1, ip, r0, lsl #16
87806158:	000c1800 	andeq	r1, ip, r0, lsl #16
8780615c:	e00f1800 	and	r1, pc, r0, lsl #16
87806160:	00fc1f00 	rscseq	r1, ip, r0, lsl #30
87806164:	000cf803 	andeq	pc, ip, r3, lsl #16
87806168:	000c1800 	andeq	r1, ip, r0, lsl #16
8780616c:	000c1800 	andeq	r1, ip, r0, lsl #16
87806170:	000c1800 	andeq	r1, ip, r0, lsl #16
87806174:	000c1800 	andeq	r1, ip, r0, lsl #16
87806178:	e00f1800 	and	r1, pc, r0, lsl #16
8780617c:	00fc1f00 	rscseq	r1, ip, r0, lsl #30
87806180:	000cf803 	andeq	pc, ip, r3, lsl #16
87806184:	000c1800 	andeq	r1, ip, r0, lsl #16
87806188:	000c1800 	andeq	r1, ip, r0, lsl #16
	...
878061d8:	80070000 	andhi	r0, r7, r0
878061dc:	c0077800 	andgt	r7, r7, r0, lsl #16
878061e0:	4006fc00 	andmi	pc, r6, r0, lsl #24
878061e4:	20000e01 	andcs	r0, r0, r1, lsl #28
878061e8:	20000703 	andcs	r0, r0, r3, lsl #14
878061ec:	20800302 	addcs	r0, r0, r2, lsl #6
878061f0:	fcffff0f 	ldc2l	15, cr15, [pc], #60	@ 87806234 <asc2_3216+0x264>
878061f4:	20c00102 	sbccs	r0, r0, r2, lsl #2
878061f8:	60e00002 	rscvs	r0, r0, r2
878061fc:	40703001 	rsbsmi	r3, r0, r1
87806200:	803ff001 	eorshi	pc, pc, r1
87806204:	001ff000 	andseq	pc, pc, r0
	...
87806250:	0000fe00 	andeq	pc, r0, r0, lsl #28
87806254:	0000ff01 	andeq	pc, r0, r1, lsl #30
87806258:	00800103 	addeq	r0, r0, r3, lsl #2
8780625c:	60800002 	addvs	r0, r0, r2
87806260:	c0810103 	addgt	r0, r1, r3, lsl #2
87806264:	0007ff01 	andeq	pc, r7, r1, lsl #30
87806268:	0018fe00 	andseq	pc, r8, r0, lsl #28
8780626c:	00e00000 	rsceq	r0, r0, r0
87806270:	00bf0300 	adcseq	r0, pc, r0, lsl #6
87806274:	c0ff0c00 	rscsgt	r0, pc, r0, lsl #24
87806278:	60807100 	addvs	r7, r0, r0, lsl #2
8780627c:	2000c101 	andcs	ip, r0, r1, lsl #2
87806280:	60800103 	addvs	r0, r0, r3, lsl #2
87806284:	c0ff0000 	rscsgt	r0, pc, r0
87806288:	003f0000 	eorseq	r0, pc, r0
	...
878062d0:	001f0000 	andseq	r0, pc, r0
878062d4:	c07f0000 	rsbsgt	r0, pc, r0
878062d8:	c0c0fc00 	sbcgt	pc, r0, r0, lsl #24
878062dc:	6080ff01 	addvs	pc, r0, r1, lsl #30
878062e0:	20e00303 	rsccs	r0, r0, r3, lsl #6
878062e4:	20780202 	rsbscs	r0, r8, r2, lsl #4
878062e8:	201e0602 	andscs	r0, lr, r2, lsl #12
878062ec:	4007fc03 	andmi	pc, r7, r3, lsl #24
878062f0:	8003f001 	andhi	pc, r3, r1
878062f4:	c0030100 	andgt	r0, r3, r0, lsl #2
878062f8:	601c0100 	andsvs	r0, ip, r0, lsl #2
878062fc:	20e00100 	rsccs	r0, r0, r0, lsl #2
87806300:	20000100 	andcs	r0, r0, r0, lsl #2
87806304:	40000100 	andmi	r0, r0, r0, lsl #2
87806308:	80010000 	andhi	r0, r1, r0
	...
87806354:	00002000 	andeq	r2, r0, r0
87806358:	0000601c 	andeq	r6, r0, ip, lsl r0
8780635c:	0000401c 	andeq	r4, r0, ip, lsl r0
87806360:	0000801f 	andeq	r8, r0, pc, lsl r0
87806364:	0000000f 	andeq	r0, r0, pc
	...
878063ec:	00f80700 	rscseq	r0, r8, r0, lsl #14
878063f0:	00ff3f00 	rscseq	r3, pc, r0, lsl #30
878063f4:	c0077800 	andgt	r7, r7, r0, lsl #16
878063f8:	e000c001 	and	ip, r0, r1
878063fc:	30000003 	andcc	r0, r0, r3
87806400:	08000004 	stmdaeq	r0, {r2}
87806404:	04000008 	streq	r0, [r0], #-8
87806408:	02000010 	andeq	r0, r0, #16
	...
87806454:	02000010 	andeq	r0, r0, #16
87806458:	04000008 	streq	r0, [r0], #-8
8780645c:	08000004 	stmdaeq	r0, {r2}
87806460:	30000003 	andcc	r0, r0, r3
87806464:	e000c001 	and	ip, r0, r1
87806468:	c0077800 	andgt	r7, r7, r0, lsl #16
8780646c:	00ff3f00 	rscseq	r3, pc, r0, lsl #30
87806470:	00f80700 	rscseq	r0, r8, r0, lsl #14
	...
878064d8:	00180c00 	andseq	r0, r8, r0, lsl #24
878064dc:	00380e00 	eorseq	r0, r8, r0, lsl #28
878064e0:	00380e00 	eorseq	r0, r8, r0, lsl #28
878064e4:	00300600 	eorseq	r0, r0, r0, lsl #12
878064e8:	00600300 	rsbeq	r0, r0, r0, lsl #6
878064ec:	80436100 	subhi	r6, r3, r0, lsl #2
878064f0:	80ffff00 	rscshi	pc, pc, r0, lsl #30
878064f4:	00436100 	subeq	r6, r3, r0, lsl #2
878064f8:	00600300 	rsbeq	r0, r0, r0, lsl #6
878064fc:	00300600 	eorseq	r0, r0, r0, lsl #12
87806500:	00380e00 	eorseq	r0, r8, r0, lsl #28
87806504:	00380e00 	eorseq	r0, r8, r0, lsl #28
87806508:	00180c00 	andseq	r0, r8, r0, lsl #24
	...
87806558:	00800000 	addeq	r0, r0, r0
8780655c:	00800000 	addeq	r0, r0, r0
87806560:	00800000 	addeq	r0, r0, r0
87806564:	00800000 	addeq	r0, r0, r0
87806568:	00800000 	addeq	r0, r0, r0
8780656c:	00800000 	addeq	r0, r0, r0
87806570:	00ff7f00 	rscseq	r7, pc, r0, lsl #30
87806574:	00800000 	addeq	r0, r0, r0
87806578:	00800000 	addeq	r0, r0, r0
8780657c:	00800000 	addeq	r0, r0, r0
87806580:	00800000 	addeq	r0, r0, r0
87806584:	00800000 	addeq	r0, r0, r0
87806588:	00800000 	addeq	r0, r0, r0
	...
878065d4:	01000000 	mrseq	r0, (UNDEF: 0)
878065d8:	e3000000 	movw	r0, #0
878065dc:	e2000000 	and	r0, r0, #0
878065e0:	fc000000 	stc2	0, cr0, [r0], {-0}
878065e4:	78000000 	stmdavc	r0, {}	@ <UNPREDICTABLE>
	...
87806654:	00800000 	addeq	r0, r0, r0
87806658:	00800000 	addeq	r0, r0, r0
8780665c:	00800000 	addeq	r0, r0, r0
87806660:	00800000 	addeq	r0, r0, r0
87806664:	00800000 	addeq	r0, r0, r0
87806668:	00800000 	addeq	r0, r0, r0
8780666c:	00800000 	addeq	r0, r0, r0
87806670:	00800000 	addeq	r0, r0, r0
87806674:	00800000 	addeq	r0, r0, r0
87806678:	00800000 	addeq	r0, r0, r0
8780667c:	00800000 	addeq	r0, r0, r0
87806680:	00800000 	addeq	r0, r0, r0
87806684:	00800000 	addeq	r0, r0, r0
87806688:	00800000 	addeq	r0, r0, r0
	...
878066d8:	c0000000 	andgt	r0, r0, r0
878066dc:	e0010000 	and	r0, r1, r0
878066e0:	e0010000 	and	r0, r1, r0
878066e4:	c0000000 	andgt	r0, r0, r0
	...
87806754:	0c000000 	stceq	0, cr0, [r0], {-0}
87806758:	38000000 	stmdacc	r0, {}	@ <UNPREDICTABLE>
8780675c:	e0000000 	and	r0, r0, r0
87806760:	80030000 	andhi	r0, r3, r0
87806764:	000e0000 	andeq	r0, lr, r0
87806768:	00380000 	eorseq	r0, r8, r0
8780676c:	00e00000 	rsceq	r0, r0, r0
87806770:	00800300 	addeq	r0, r0, r0, lsl #6
87806774:	00000e00 	andeq	r0, r0, r0, lsl #28
87806778:	00003800 	andeq	r3, r0, r0, lsl #16
8780677c:	0000e000 	andeq	lr, r0, r0
87806780:	00008003 	andeq	r8, r0, r3
87806784:	0000000e 	andeq	r0, r0, lr
87806788:	00000018 	andeq	r0, r0, r8, lsl r0
	...
878067d8:	00f80f00 	rscseq	r0, r8, r0, lsl #30
878067dc:	00ff7f00 	rscseq	r7, pc, r0, lsl #30
878067e0:	8007f000 	andhi	pc, r7, r0
878067e4:	c0008001 	andgt	r8, r0, r1
878067e8:	60000003 	andvs	r0, r0, r3
878067ec:	20000002 	andcs	r0, r0, r2
878067f0:	20000002 	andcs	r0, r0, r2
878067f4:	20000002 	andcs	r0, r0, r2
878067f8:	60000003 	andvs	r0, r0, r3
878067fc:	c0008001 	andgt	r8, r0, r1
87806800:	8003e000 	andhi	lr, r3, r0
87806804:	00ff7f00 	rscseq	r7, pc, r0, lsl #30
87806808:	00f80f00 	rscseq	r0, r8, r0, lsl #30
	...
8780685c:	20008000 	andcs	r8, r0, r0
87806860:	20008000 	andcs	r8, r0, r0
87806864:	20008000 	andcs	r8, r0, r0
87806868:	60008000 	andvs	r8, r0, r0
8780686c:	e0ffff01 	rscs	pc, pc, r1, lsl #30
87806870:	e0ffff03 	rscs	pc, pc, r3, lsl #30
87806874:	60000000 	andvs	r0, r0, r0
87806878:	20000000 	andcs	r0, r0, r0
8780687c:	20000000 	andcs	r0, r0, r0
87806880:	20000000 	andcs	r0, r0, r0
	...
878068d8:	e0007800 	and	r7, r0, r0, lsl #16
878068dc:	60019800 	andvs	r9, r1, r0, lsl #16
878068e0:	60020001 	andvs	r0, r2, r1
878068e4:	60040002 	andvs	r0, r4, r2
878068e8:	60080002 	andvs	r0, r8, r2
878068ec:	60100002 	andsvs	r0, r0, r2
878068f0:	60200002 	eorvs	r0, r0, r2
878068f4:	60400002 	subvs	r0, r0, r2
878068f8:	60800003 	addvs	r0, r0, r3
878068fc:	60008301 	andvs	r8, r0, r1, lsl #6
87806900:	e000fe01 	and	pc, r0, r1, lsl #28
87806904:	80077c00 	andhi	r7, r7, r0, lsl #24
	...
87806958:	8007f000 	andhi	pc, r7, r0
8780695c:	c007f001 	andgt	pc, r7, r1
87806960:	40000001 	andmi	r0, r0, r1
87806964:	20000002 	andcs	r0, r0, r2
87806968:	20000102 	andcs	r0, r0, r2, lsl #2
8780696c:	20000102 	andcs	r0, r0, r2, lsl #2
87806970:	20000102 	andcs	r0, r0, r2, lsl #2
87806974:	20800303 	addcs	r0, r0, r3, lsl #6
87806978:	40808601 	addmi	r8, r0, r1, lsl #12
8780697c:	c0c0fc01 	sbcgt	pc, r0, r1, lsl #24
87806980:	807f7800 	rsbshi	r7, pc, r0, lsl #16
87806984:	001e0000 	andseq	r0, lr, r0
	...
878069d4:	00080000 	andeq	r0, r8, r0
878069d8:	00380000 	eorseq	r0, r8, r0
878069dc:	00480000 	subeq	r0, r8, r0
878069e0:	00880100 	addeq	r0, r8, r0, lsl #2
878069e4:	00080600 	andeq	r0, r8, r0, lsl #12
878069e8:	10080c00 	andne	r0, r8, r0, lsl #24
878069ec:	10083000 	andne	r3, r8, r0
878069f0:	10084000 	andne	r4, r8, r0
878069f4:	f0ffff01 			@ <UNDEFINED> instruction: 0xf0ffff01
878069f8:	f0ffff03 			@ <UNDEFINED> instruction: 0xf0ffff03
878069fc:	f0ffff03 			@ <UNDEFINED> instruction: 0xf0ffff03
87806a00:	10080000 	andne	r0, r8, r0
87806a04:	10080000 	andne	r0, r8, r0
87806a08:	10080000 	andne	r0, r8, r0
	...
87806a58:	80070000 	andhi	r0, r7, r0
87806a5c:	40861f00 	addmi	r1, r6, r0, lsl #30
87806a60:	2000e103 	andcs	lr, r0, r3, lsl #2
87806a64:	20000203 	andcs	r0, r0, r3, lsl #4
87806a68:	20000403 	andcs	r0, r0, r3, lsl #8
87806a6c:	20000403 	andcs	r0, r0, r3, lsl #8
87806a70:	20000403 	andcs	r0, r0, r3, lsl #8
87806a74:	20000403 	andcs	r0, r0, r3, lsl #8
87806a78:	40000603 	andmi	r0, r0, r3, lsl #12
87806a7c:	c0010303 	andgt	r0, r1, r3, lsl #6
87806a80:	80ff0103 	rscshi	r0, pc, r3, lsl #2
87806a84:	007e0003 	rsbseq	r0, lr, r3
	...
87806ad8:	00fc0700 	rscseq	r0, ip, r0, lsl #14
87806adc:	00ff3f00 	rscseq	r3, pc, r0, lsl #30
87806ae0:	80c37000 	sbchi	r7, r3, r0
87806ae4:	c0808100 	addgt	r8, r0, r0, lsl #2
87806ae8:	60000101 	andvs	r0, r0, r1, lsl #2
87806aec:	20000203 	andcs	r0, r0, r3, lsl #4
87806af0:	20000202 	andcs	r0, r0, r2, lsl #4
87806af4:	20000202 	andcs	r0, r0, r2, lsl #4
87806af8:	20000202 	andcs	r0, r0, r2, lsl #4
87806afc:	40000302 	andmi	r0, r0, r2, lsl #6
87806b00:	c080c101 	addgt	ip, r0, r1, lsl #2
87806b04:	80ffc000 	rscshi	ip, pc, r0
87806b08:	007e0000 	rsbseq	r0, lr, r0
	...
87806b58:	0000f000 	andeq	pc, r0, r0
87806b5c:	0000c003 	andeq	ip, r0, r3
87806b60:	00008003 	andeq	r8, r0, r3
87806b64:	00000003 	andeq	r0, r0, r3
87806b68:	e0070003 	and	r0, r7, r3
87806b6c:	e03f0003 	eors	r0, pc, r3
87806b70:	00c00103 	sbceq	r0, r0, r3, lsl #2
87806b74:	00000603 	andeq	r0, r0, r3, lsl #12
87806b78:	00001803 	andeq	r1, r0, r3, lsl #16
87806b7c:	00006003 	andeq	r6, r0, r3
87806b80:	00008003 	andeq	r8, r0, r3
87806b84:	00000003 	andeq	r0, r0, r3
	...
87806bd4:	001f0000 	andseq	r0, pc, r0
87806bd8:	803f7800 	eorshi	r7, pc, r0, lsl #16
87806bdc:	c060fc00 	rsbgt	pc, r0, r0, lsl #24
87806be0:	40c08e01 	sbcmi	r8, r0, r1, lsl #28
87806be4:	20800703 	addcs	r0, r0, r3, lsl #14
87806be8:	20000302 	andcs	r0, r0, r2, lsl #6
87806bec:	20800102 	addcs	r0, r0, r2, lsl #2
87806bf0:	20800102 	addcs	r0, r0, r2, lsl #2
87806bf4:	20c00102 	sbccs	r0, r0, r2, lsl #2
87806bf8:	40e00103 	rscmi	r0, r0, r3, lsl #2
87806bfc:	c0708601 	rsbsgt	r8, r0, r1, lsl #12
87806c00:	803ffc00 	eorshi	pc, pc, r0, lsl #24
87806c04:	001f7800 	andseq	r7, pc, r0, lsl #16
	...
87806c54:	00003f00 	andeq	r3, r0, r0, lsl #30
87806c58:	c081ff00 	addgt	pc, r1, r0, lsl #30
87806c5c:	c0c1c001 	sbcgt	ip, r1, r1
87806c60:	20600001 	rsbcs	r0, r0, r1
87806c64:	20200002 	eorcs	r0, r0, r2
87806c68:	20200002 	eorcs	r0, r0, r2
87806c6c:	20200002 	eorcs	r0, r0, r2
87806c70:	60200002 	eorvs	r0, r0, r2
87806c74:	c0400002 	subgt	r0, r0, r2
87806c78:	80c10001 	sbchi	r0, r1, r1
87806c7c:	008fc100 	addeq	ip, pc, r0, lsl #2
87806c80:	00fe7f00 	rscseq	r7, lr, r0, lsl #30
87806c84:	00f01f00 	rscseq	r1, r0, r0, lsl #30
	...
87806ce8:	c0000300 	andgt	r0, r0, r0, lsl #6
87806cec:	e0810700 	add	r0, r1, r0, lsl #14
87806cf0:	e0810700 	add	r0, r1, r0, lsl #14
87806cf4:	c0000300 	andgt	r0, r0, r0, lsl #6
	...
87806d68:	66000600 	strvs	r0, [r0], -r0, lsl #12
87806d6c:	78000600 	stmdavc	r0, {r9, sl}
	...
87806dd8:	00800000 	addeq	r0, r0, r0
87806ddc:	00c00100 	sbceq	r0, r0, r0, lsl #2
87806de0:	00600300 	rsbeq	r0, r0, r0, lsl #6
87806de4:	00300600 	eorseq	r0, r0, r0, lsl #12
87806de8:	00180c00 	andseq	r0, r8, r0, lsl #24
87806dec:	000c1800 	andeq	r1, ip, r0, lsl #16
87806df0:	00063000 	andeq	r3, r6, r0
87806df4:	00036000 	andeq	r6, r3, r0
87806df8:	8001c000 	andhi	ip, r1, r0
87806dfc:	40000001 	andmi	r0, r0, r1
87806e00:	20000002 	andcs	r0, r0, r2
87806e04:	10000004 	andne	r0, r0, r4
	...
87806e54:	00100400 	andseq	r0, r0, r0, lsl #8
87806e58:	00100400 	andseq	r0, r0, r0, lsl #8
87806e5c:	00100400 	andseq	r0, r0, r0, lsl #8
87806e60:	00100400 	andseq	r0, r0, r0, lsl #8
87806e64:	00100400 	andseq	r0, r0, r0, lsl #8
87806e68:	00100400 	andseq	r0, r0, r0, lsl #8
87806e6c:	00100400 	andseq	r0, r0, r0, lsl #8
87806e70:	00100400 	andseq	r0, r0, r0, lsl #8
87806e74:	00100400 	andseq	r0, r0, r0, lsl #8
87806e78:	00100400 	andseq	r0, r0, r0, lsl #8
87806e7c:	00100400 	andseq	r0, r0, r0, lsl #8
87806e80:	00100400 	andseq	r0, r0, r0, lsl #8
87806e84:	00100400 	andseq	r0, r0, r0, lsl #8
87806e88:	00100400 	andseq	r0, r0, r0, lsl #8
	...
87806ed8:	10000004 	andne	r0, r0, r4
87806edc:	20000002 	andcs	r0, r0, r2
87806ee0:	40000001 	andmi	r0, r0, r1
87806ee4:	8001c000 	andhi	ip, r1, r0
87806ee8:	00036000 	andeq	r6, r3, r0
87806eec:	00063000 	andeq	r3, r6, r0
87806ef0:	000c1800 	andeq	r1, ip, r0, lsl #16
87806ef4:	00180c00 	andseq	r0, r8, r0, lsl #24
87806ef8:	00300600 	eorseq	r0, r0, r0, lsl #12
87806efc:	00600300 	rsbeq	r0, r0, r0, lsl #6
87806f00:	00c00100 	sbceq	r0, r0, r0, lsl #2
87806f04:	00800000 	addeq	r0, r0, r0
	...
87806f58:	00007800 	andeq	r7, r0, r0, lsl #16
87806f5c:	0000f801 	andeq	pc, r0, r1, lsl #16
87806f60:	00003802 	andeq	r3, r0, r2, lsl #16
87806f64:	00000002 	andeq	r0, r0, r2
87806f68:	c0000004 	andgt	r0, r0, r4
87806f6c:	e0790004 	rsbs	r0, r9, r4
87806f70:	e0810004 	add	r0, r1, r4
87806f74:	c0000104 	andgt	r0, r0, r4, lsl #2
87806f78:	00000304 	andeq	r0, r0, r4, lsl #6
87806f7c:	00000202 	andeq	r0, r0, r2, lsl #4
87806f80:	00000603 	andeq	r0, r0, r3, lsl #12
87806f84:	0000fc01 	andeq	pc, r0, r1, lsl #24
87806f88:	0000f800 	andeq	pc, r0, r0, lsl #16
	...
87806fd4:	00f80f00 	rscseq	r0, r8, r0, lsl #30
87806fd8:	00fe3f00 	rscseq	r3, lr, r0, lsl #30
87806fdc:	80077000 	andhi	r7, r7, r0
87806fe0:	c000c000 	andgt	ip, r0, r0
87806fe4:	40f80101 	rscsmi	r0, r8, r1, lsl #2
87806fe8:	20fc0703 	rscscs	r0, ip, r3, lsl #14
87806fec:	20041e02 	andcs	r1, r4, r2, lsl #28
87806ff0:	20083002 	andcs	r3, r8, r2
87806ff4:	20302002 	eorscs	r2, r0, r2
87806ff8:	20fc3f02 	rscscs	r3, ip, r2, lsl #30
87806ffc:	40043f01 	andmi	r3, r4, r1, lsl #30
87807000:	c00c8001 	andgt	r8, ip, r1
87807004:	8031e000 	eorshi	lr, r1, r0
87807008:	00c21f00 	sbceq	r1, r2, r0, lsl #30
	...
87807050:	20000000 	andcs	r0, r0, r0
87807054:	60000000 	andvs	r0, r0, r0
87807058:	e0030000 	and	r0, r3, r0
8780705c:	203e0000 	eorscs	r0, lr, r0
87807060:	20e00300 	rsccs	r0, r0, r0, lsl #6
87807064:	00203e00 	eoreq	r3, r0, r0, lsl #28
87807068:	0020e003 	eoreq	lr, r0, r3
8780706c:	00208003 	eoreq	r8, r0, r3
87807070:	0020fc07 	eoreq	pc, r0, r7, lsl #24
87807074:	00e03f00 	rsceq	r3, r0, r0, lsl #30
87807078:	20fe0300 	rscscs	r0, lr, r0, lsl #6
8780707c:	e03f0000 	eors	r0, pc, r0
87807080:	e0010000 	and	r0, r1, r0
87807084:	20000000 	andcs	r0, r0, r0
87807088:	20000000 	andcs	r0, r0, r0
	...
878070d4:	20000002 	andcs	r0, r0, r2
878070d8:	20000002 	andcs	r0, r0, r2
878070dc:	e0ffff03 	rscs	pc, pc, r3, lsl #30
878070e0:	e0ffff03 	rscs	pc, pc, r3, lsl #30
878070e4:	20000102 	andcs	r0, r0, r2, lsl #2
878070e8:	20000102 	andcs	r0, r0, r2, lsl #2
878070ec:	20000102 	andcs	r0, r0, r2, lsl #2
878070f0:	20000102 	andcs	r0, r0, r2, lsl #2
878070f4:	20000102 	andcs	r0, r0, r2, lsl #2
878070f8:	20000303 	andcs	r0, r0, r3, lsl #6
878070fc:	60808601 	addvs	r8, r0, r1, lsl #12
87807100:	c0c0fc01 	sbcgt	pc, r0, r1, lsl #24
87807104:	807ff800 	rsbshi	pc, pc, r0, lsl #16
87807108:	001f0000 	andseq	r0, pc, r0
	...
87807154:	00f80700 	rscseq	r0, r8, r0, lsl #14
87807158:	00ff3f00 	rscseq	r3, pc, r0, lsl #30
8780715c:	80077000 	andhi	r7, r7, r0
87807160:	c000c000 	andgt	ip, r0, r0
87807164:	40000001 	andmi	r0, r0, r1
87807168:	20000003 	andcs	r0, r0, r3
8780716c:	20000002 	andcs	r0, r0, r2
87807170:	20000002 	andcs	r0, r0, r2
87807174:	20000002 	andcs	r0, r0, r2
87807178:	20000002 	andcs	r0, r0, r2
8780717c:	40000001 	andmi	r0, r0, r1
87807180:	c0008001 	andgt	r8, r0, r1
87807184:	8001c003 	andhi	ip, r1, r3
87807188:	00063000 	andeq	r3, r6, r0
	...
878071d4:	20000002 	andcs	r0, r0, r2
878071d8:	20000002 	andcs	r0, r0, r2
878071dc:	e0ffff03 	rscs	pc, pc, r3, lsl #30
878071e0:	e0ffff03 	rscs	pc, pc, r3, lsl #30
878071e4:	20000002 	andcs	r0, r0, r2
878071e8:	20000002 	andcs	r0, r0, r2
878071ec:	20000002 	andcs	r0, r0, r2
878071f0:	20000002 	andcs	r0, r0, r2
878071f4:	60000003 	andvs	r0, r0, r3
878071f8:	40000001 	andmi	r0, r0, r1
878071fc:	c0008001 	andgt	r8, r0, r1
87807200:	8007f000 	andhi	pc, r7, r0
87807204:	00fe7f00 	rscseq	r7, lr, r0, lsl #30
87807208:	00f80f00 	rscseq	r0, r8, r0, lsl #30
	...
87807254:	20000002 	andcs	r0, r0, r2
87807258:	20000002 	andcs	r0, r0, r2
8780725c:	e0ffff03 	rscs	pc, pc, r3, lsl #30
87807260:	e0ffff03 	rscs	pc, pc, r3, lsl #30
87807264:	20000102 	andcs	r0, r0, r2, lsl #2
87807268:	20000102 	andcs	r0, r0, r2, lsl #2
8780726c:	20000102 	andcs	r0, r0, r2, lsl #2
87807270:	20000102 	andcs	r0, r0, r2, lsl #2
87807274:	20000102 	andcs	r0, r0, r2, lsl #2
87807278:	20800302 	addcs	r0, r0, r2, lsl #6
8780727c:	20e00f02 	rsccs	r0, r0, r2, lsl #30
87807280:	60000003 	andvs	r0, r0, r3
87807284:	e000c003 	and	ip, r0, r3
87807288:	00036000 	andeq	r6, r3, r0
	...
878072d4:	20000002 	andcs	r0, r0, r2
878072d8:	20000002 	andcs	r0, r0, r2
878072dc:	e0ffff03 	rscs	pc, pc, r3, lsl #30
878072e0:	e0ffff03 	rscs	pc, pc, r3, lsl #30
878072e4:	20000102 	andcs	r0, r0, r2, lsl #2
878072e8:	20000102 	andcs	r0, r0, r2, lsl #2
878072ec:	00000102 	andeq	r0, r0, r2, lsl #2
878072f0:	00000102 	andeq	r0, r0, r2, lsl #2
878072f4:	00000102 	andeq	r0, r0, r2, lsl #2
878072f8:	00000102 	andeq	r0, r0, r2, lsl #2
878072fc:	00800302 	addeq	r0, r0, r2, lsl #6
87807300:	00e00f03 	rsceq	r0, r0, r3, lsl #30
87807304:	00000003 	andeq	r0, r0, r3
87807308:	0000c003 	andeq	ip, r0, r3
8780730c:	00006000 	andeq	r6, r0, r0
	...
87807354:	00f80700 	rscseq	r0, r8, r0, lsl #14
87807358:	00fe3f00 	rscseq	r3, lr, r0, lsl #30
8780735c:	80077000 	andhi	r7, r7, r0
87807360:	c001c001 	andgt	ip, r1, r1
87807364:	40000001 	andmi	r0, r0, r1
87807368:	20000003 	andcs	r0, r0, r3
8780736c:	20000002 	andcs	r0, r0, r2
87807370:	20000002 	andcs	r0, r0, r2
87807374:	20000002 	andcs	r0, r0, r2
87807378:	20200001 	eorcs	r0, r0, r1
8780737c:	40200001 	eormi	r0, r0, r1
87807380:	803fc003 	eorshi	ip, pc, r3
87807384:	803f3000 	eorshi	r3, pc, r0
87807388:	00200000 	eoreq	r0, r0, r0
8780738c:	00200000 	eoreq	r0, r0, r0
	...
878073d0:	20000002 	andcs	r0, r0, r2
878073d4:	20000002 	andcs	r0, r0, r2
878073d8:	e0ffff03 	rscs	pc, pc, r3, lsl #30
878073dc:	e0ffff03 	rscs	pc, pc, r3, lsl #30
878073e0:	20800002 	addcs	r0, r0, r2
878073e4:	20800002 	addcs	r0, r0, r2
878073e8:	00800000 	addeq	r0, r0, r0
878073ec:	00800000 	addeq	r0, r0, r0
878073f0:	00800000 	addeq	r0, r0, r0
878073f4:	20800002 	addcs	r0, r0, r2
878073f8:	20800002 	addcs	r0, r0, r2
878073fc:	e0ffff03 	rscs	pc, pc, r3, lsl #30
87807400:	e0ffff03 	rscs	pc, pc, r3, lsl #30
87807404:	20000002 	andcs	r0, r0, r2
87807408:	20000002 	andcs	r0, r0, r2
	...
8780745c:	20000002 	andcs	r0, r0, r2
87807460:	20000002 	andcs	r0, r0, r2
87807464:	20000002 	andcs	r0, r0, r2
87807468:	20000002 	andcs	r0, r0, r2
8780746c:	e0ffff03 	rscs	pc, pc, r3, lsl #30
87807470:	e0ffff03 	rscs	pc, pc, r3, lsl #30
87807474:	20000002 	andcs	r0, r0, r2
87807478:	20000002 	andcs	r0, r0, r2
8780747c:	20000002 	andcs	r0, r0, r2
87807480:	20000002 	andcs	r0, r0, r2
	...
878074d4:	0e000000 	cdpeq	0, 0, cr0, cr0, cr0, {0}
878074d8:	0f000000 	svceq	0x00000000
878074dc:	0f000000 	svceq	0x00000000
878074e0:	01000000 	mrseq	r0, (UNDEF: 0)
878074e4:	01000002 	tsteq	r0, r2
878074e8:	01000002 	tsteq	r0, r2
878074ec:	03000002 	movweq	r0, #2
878074f0:	06000002 	streq	r0, [r0], -r2
878074f4:	fcffff03 	ldc2l	15, cr15, [pc], #12	@ 87807508 <asc2_3216+0x1538>
878074f8:	f8ffff03 			@ <UNDEFINED> instruction: 0xf8ffff03
878074fc:	00000002 	andeq	r0, r0, r2
87807500:	00000002 	andeq	r0, r0, r2
87807504:	00000002 	andeq	r0, r0, r2
87807508:	00000002 	andeq	r0, r0, r2
	...
87807554:	20000002 	andcs	r0, r0, r2
87807558:	20000002 	andcs	r0, r0, r2
8780755c:	e0ffff03 	rscs	pc, pc, r3, lsl #30
87807560:	e0ffff03 	rscs	pc, pc, r3, lsl #30
87807564:	20c00002 	sbccs	r0, r0, r2
87807568:	20000102 	andcs	r0, r0, r2, lsl #2
8780756c:	00800700 	addeq	r0, r0, r0, lsl #14
87807570:	00e00f00 	rsceq	r0, r0, r0, lsl #30
87807574:	00f83000 	rscseq	r3, r8, r0
87807578:	203e6002 	eorscs	r6, lr, r2
8780757c:	200f8003 	andcs	r8, pc, r3
87807580:	e0030003 	and	r0, r3, r3
87807584:	e0000002 	and	r0, r0, r2
87807588:	20000002 	andcs	r0, r0, r2
8780758c:	20000000 	andcs	r0, r0, r0
	...
878075d4:	20000002 	andcs	r0, r0, r2
878075d8:	20000002 	andcs	r0, r0, r2
878075dc:	e0ffff03 	rscs	pc, pc, r3, lsl #30
878075e0:	e0ffff03 	rscs	pc, pc, r3, lsl #30
878075e4:	20000002 	andcs	r0, r0, r2
878075e8:	20000002 	andcs	r0, r0, r2
878075ec:	20000000 	andcs	r0, r0, r0
878075f0:	20000000 	andcs	r0, r0, r0
878075f4:	20000000 	andcs	r0, r0, r0
878075f8:	20000000 	andcs	r0, r0, r0
878075fc:	20000000 	andcs	r0, r0, r0
87807600:	60000000 	andvs	r0, r0, r0
87807604:	e0000000 	and	r0, r0, r0
87807608:	00030000 	andeq	r0, r3, r0
	...
87807650:	20000002 	andcs	r0, r0, r2
87807654:	20000002 	andcs	r0, r0, r2
87807658:	e0ffff03 	rscs	pc, pc, r3, lsl #30
8780765c:	2000e003 	andcs	lr, r0, r3
87807660:	2000ff03 	andcs	pc, r0, r3, lsl #30
87807664:	00f01f00 	rscseq	r1, r0, r0, lsl #30
87807668:	80ff0100 	rscshi	r0, pc, r0, lsl #2
8780766c:	e00f0000 	and	r0, pc, r0
87807670:	001e0000 	andseq	r0, lr, r0
87807674:	00e00300 	rsceq	r0, r0, r0, lsl #6
87807678:	20003e00 	andcs	r3, r0, r0, lsl #28
8780767c:	2000e003 	andcs	lr, r0, r3
87807680:	e0ffff03 	rscs	pc, pc, r3, lsl #30
87807684:	e0ffff03 	rscs	pc, pc, r3, lsl #30
87807688:	20000002 	andcs	r0, r0, r2
8780768c:	20000002 	andcs	r0, r0, r2
	...
878076d0:	20000002 	andcs	r0, r0, r2
878076d4:	20000002 	andcs	r0, r0, r2
878076d8:	e0ffff03 	rscs	pc, pc, r3, lsl #30
878076dc:	20008003 	andcs	r8, r0, r3
878076e0:	2000f003 	andcs	pc, r0, r3
878076e4:	0000fc00 	andeq	pc, r0, r0, lsl #24
878076e8:	00001f00 	andeq	r1, r0, r0, lsl #30
878076ec:	00c00700 	sbceq	r0, r0, r0, lsl #14
878076f0:	00f00100 	rscseq	r0, r0, r0, lsl #2
878076f4:	007c0000 	rsbseq	r0, ip, r0
878076f8:	801f0002 	andshi	r0, pc, r2
878076fc:	e0070002 	and	r0, r7, r2
87807700:	e0ffff03 	rscs	pc, pc, r3, lsl #30
87807704:	00000002 	andeq	r0, r0, r2
87807708:	00000002 	andeq	r0, r0, r2
	...
87807754:	00f80f00 	rscseq	r0, r8, r0, lsl #30
87807758:	00fe3f00 	rscseq	r3, lr, r0, lsl #30
8780775c:	8007f000 	andhi	pc, r7, r0
87807760:	c0008001 	andgt	r8, r0, r1
87807764:	40000001 	andmi	r0, r0, r1
87807768:	20000002 	andcs	r0, r0, r2
8780776c:	20000002 	andcs	r0, r0, r2
87807770:	20000002 	andcs	r0, r0, r2
87807774:	20000002 	andcs	r0, r0, r2
87807778:	40000001 	andmi	r0, r0, r1
8780777c:	c0008001 	andgt	r8, r0, r1
87807780:	8003f000 	andhi	pc, r3, r0
87807784:	00fe3f00 	rscseq	r3, lr, r0, lsl #30
87807788:	00f80f00 	rscseq	r0, r8, r0, lsl #30
	...
878077d4:	20000002 	andcs	r0, r0, r2
878077d8:	20000002 	andcs	r0, r0, r2
878077dc:	e0ffff03 	rscs	pc, pc, r3, lsl #30
878077e0:	e0ffff03 	rscs	pc, pc, r3, lsl #30
878077e4:	20800002 	addcs	r0, r0, r2
878077e8:	20800002 	addcs	r0, r0, r2
878077ec:	00800002 	addeq	r0, r0, r2
878077f0:	00800002 	addeq	r0, r0, r2
878077f4:	00800002 	addeq	r0, r0, r2
878077f8:	00800002 	addeq	r0, r0, r2
878077fc:	00800103 	addeq	r0, r0, r3, lsl #2
87807800:	00008301 	andeq	r8, r0, r1, lsl #6
87807804:	0000fe00 	andeq	pc, r0, r0, lsl #28
87807808:	00007c00 	andeq	r7, r0, r0, lsl #24
	...
87807854:	00f80f00 	rscseq	r0, r8, r0, lsl #30
87807858:	00ff7f00 	rscseq	r7, pc, r0, lsl #30
8780785c:	8003f000 	andhi	pc, r3, r0
87807860:	c0018001 	andgt	r8, r1, r1
87807864:	40060001 	andmi	r0, r6, r1
87807868:	20040002 	andcs	r0, r4, r2
8780786c:	20040002 	andcs	r0, r4, r2
87807870:	20060002 	andcs	r0, r6, r2
87807874:	e0030002 	and	r0, r3, r2
87807878:	f8000001 			@ <UNDEFINED> instruction: 0xf8000001
8780787c:	5c008001 	stcpl	0, cr8, [r0], {1}
87807880:	8c03e000 	stchi	0, cr14, [r3], {-0}
87807884:	0cff3f00 	ldcleq	15, cr3, [pc]	@ 8780788c <asc2_3216+0x18bc>
87807888:	18fc0f00 	ldmne	ip!, {r8, r9, sl, fp}^
	...
878078d4:	20000002 	andcs	r0, r0, r2
878078d8:	20000002 	andcs	r0, r0, r2
878078dc:	e0ffff03 	rscs	pc, pc, r3, lsl #30
878078e0:	e0ffff03 	rscs	pc, pc, r3, lsl #30
878078e4:	20000102 	andcs	r0, r0, r2, lsl #2
878078e8:	20000102 	andcs	r0, r0, r2, lsl #2
878078ec:	00800102 	addeq	r0, r0, r2, lsl #2
878078f0:	00e00102 	rsceq	r0, r0, r2, lsl #2
878078f4:	00fc0102 	rscseq	r0, ip, r2, lsl #2
878078f8:	803f0303 	eorshi	r0, pc, r3, lsl #6
878078fc:	e0078601 	and	r8, r7, r1, lsl #12
87807900:	e000fc01 	and	pc, r0, r1, lsl #24
87807904:	2000f800 	andcs	pc, r0, r0, lsl #16
87807908:	20000000 	andcs	r0, r0, r0
	...
87807958:	00067800 	andeq	r7, r6, r0, lsl #16
8780795c:	e001fe00 	and	pc, r1, r0, lsl #28
87807960:	c0008601 	andgt	r8, r0, r1, lsl #12
87807964:	40000303 	andmi	r0, r0, r3, lsl #6
87807968:	20000302 	andcs	r0, r0, r2, lsl #6
8780796c:	20800102 	addcs	r0, r0, r2, lsl #2
87807970:	20800102 	addcs	r0, r0, r2, lsl #2
87807974:	20c00102 	sbccs	r0, r0, r2, lsl #2
87807978:	20c00002 	sbccs	r0, r0, r2
8780797c:	60e00001 	rscvs	r0, r0, r1
87807980:	c0708001 	rsbsgt	r8, r0, r1
87807984:	803fe003 	eorshi	lr, pc, r3
87807988:	001f0000 	andseq	r0, pc, r0
	...
878079d4:	00006000 	andeq	r6, r0, r0
878079d8:	00008003 	andeq	r8, r0, r3
878079dc:	00000003 	andeq	r0, r0, r3
878079e0:	00000002 	andeq	r0, r0, r2
878079e4:	20000002 	andcs	r0, r0, r2
878079e8:	20000002 	andcs	r0, r0, r2
878079ec:	e0ffff03 	rscs	pc, pc, r3, lsl #30
878079f0:	e0ffff03 	rscs	pc, pc, r3, lsl #30
878079f4:	20000002 	andcs	r0, r0, r2
878079f8:	20000002 	andcs	r0, r0, r2
878079fc:	00000002 	andeq	r0, r0, r2
87807a00:	00000002 	andeq	r0, r0, r2
87807a04:	00008003 	andeq	r8, r0, r3
87807a08:	0000e000 	andeq	lr, r0, r0
	...
87807a50:	00000002 	andeq	r0, r0, r2
87807a54:	00000002 	andeq	r0, r0, r2
87807a58:	00ffff03 	rscseq	pc, pc, r3, lsl #30
87807a5c:	c0ffff03 	rscsgt	pc, pc, r3, lsl #30
87807a60:	40000002 	andmi	r0, r0, r2
87807a64:	60000002 	andvs	r0, r0, r2
87807a68:	20000000 	andcs	r0, r0, r0
87807a6c:	20000000 	andcs	r0, r0, r0
87807a70:	20000000 	andcs	r0, r0, r0
87807a74:	20000000 	andcs	r0, r0, r0
87807a78:	40000002 	andmi	r0, r0, r2
87807a7c:	80000002 	andhi	r0, r0, r2
87807a80:	00ffff03 	rscseq	pc, pc, r3, lsl #30
87807a84:	00000002 	andeq	r0, r0, r2
87807a88:	00000002 	andeq	r0, r0, r2
	...
87807ad4:	00000002 	andeq	r0, r0, r2
87807ad8:	00000002 	andeq	r0, r0, r2
87807adc:	0000c003 	andeq	ip, r0, r3
87807ae0:	0000fc03 	andeq	pc, r0, r3, lsl #24
87807ae4:	00c03f02 	sbceq	r3, r0, r2, lsl #30
87807ae8:	00f80300 	rscseq	r0, r8, r0, lsl #6
87807aec:	807f0000 	rsbshi	r0, pc, r0
87807af0:	e0070000 	and	r0, r7, r0
87807af4:	80070000 	andhi	r0, r7, r0
87807af8:	00780000 	rsbseq	r0, r8, r0
87807afc:	00c00302 	sbceq	r0, r0, r2, lsl #6
87807b00:	00003c02 	andeq	r3, r0, r2, lsl #24
87807b04:	0000c003 	andeq	ip, r0, r3
87807b08:	00000002 	andeq	r0, r0, r2
87807b0c:	00000002 	andeq	r0, r0, r2
	...
87807b50:	00000002 	andeq	r0, r0, r2
87807b54:	0000c003 	andeq	ip, r0, r3
87807b58:	0080ff03 	addeq	pc, r0, r3, lsl #30
87807b5c:	00fe3f02 	rscseq	r3, lr, r2, lsl #30
87807b60:	e07f0002 	rsbs	r0, pc, r2
87807b64:	000f0000 	andeq	r0, pc, r0
87807b68:	00f00002 	rscseq	r0, r0, r2
87807b6c:	0000ef03 	andeq	lr, r0, r3, lsl #30
87807b70:	0080ff03 	addeq	pc, r0, r3, lsl #30
87807b74:	00fe0f02 	rscseq	r0, lr, r2, lsl #30
87807b78:	e03f0000 	eors	r0, pc, r0
87807b7c:	001f0000 	andseq	r0, pc, r0
87807b80:	00e00702 	rsceq	r0, r0, r2, lsl #14
87807b84:	0000f803 	andeq	pc, r0, r3, lsl #16
87807b88:	00000003 	andeq	r0, r0, r3
87807b8c:	00000002 	andeq	r0, r0, r2
	...
87807bd4:	20000002 	andcs	r0, r0, r2
87807bd8:	20000002 	andcs	r0, r0, r2
87807bdc:	e0008003 	and	r8, r0, r3
87807be0:	2003f003 	andcs	pc, r3, r3
87807be4:	200cfc02 	andcs	pc, ip, r2, lsl #24
87807be8:	00301f02 	eorseq	r1, r0, r2, lsl #30
87807bec:	00c00700 	sbceq	r0, r0, r0, lsl #14
87807bf0:	00f00700 	rscseq	r0, r0, r0, lsl #14
87807bf4:	007c1802 	rsbseq	r1, ip, r2, lsl #16
87807bf8:	201f6002 	andscs	r6, pc, r2
87807bfc:	e0038003 	and	r8, r3, r3
87807c00:	e0000002 	and	r0, r0, r2
87807c04:	20000002 	andcs	r0, r0, r2
87807c08:	20000000 	andcs	r0, r0, r0
	...
87807c54:	00000002 	andeq	r0, r0, r2
87807c58:	00000003 	andeq	r0, r0, r3
87807c5c:	0000c003 	andeq	ip, r0, r3
87807c60:	0000f803 	andeq	pc, r0, r3, lsl #16
87807c64:	20003e02 	andcs	r3, r0, r2, lsl #28
87807c68:	20c00f02 	sbccs	r0, r0, r2, lsl #30
87807c6c:	e0ff0100 	rscs	r0, pc, r0, lsl #2
87807c70:	e07f0000 	rsbs	r0, pc, r0
87807c74:	20800300 	addcs	r0, r0, r0, lsl #6
87807c78:	20001c02 	andcs	r1, r0, r2, lsl #24
87807c7c:	00007002 	andeq	r7, r0, r2
87807c80:	00008003 	andeq	r8, r0, r3
87807c84:	00000002 	andeq	r0, r0, r2
87807c88:	00000002 	andeq	r0, r0, r2
	...
87807cd4:	20000000 	andcs	r0, r0, r0
87807cd8:	e0006000 	and	r6, r0, r0
87807cdc:	e0038003 	and	r8, r3, r3
87807ce0:	a00f0003 	andge	r0, pc, r3
87807ce4:	203e0002 	eorscs	r0, lr, r2
87807ce8:	20f80002 	rscscs	r0, r8, r2
87807cec:	20e00302 	rsccs	r0, r0, r2, lsl #6
87807cf0:	20800f02 	addcs	r0, r0, r2, lsl #30
87807cf4:	20003e02 	andcs	r3, r0, r2, lsl #28
87807cf8:	20007802 	andcs	r7, r0, r2, lsl #16
87807cfc:	6000e003 	andvs	lr, r0, r3
87807d00:	e0008003 	and	r8, r0, r3
87807d04:	00030002 	andeq	r0, r3, r2
	...
87807d68:	fcffff1f 	ldc2l	15, cr15, [pc], #124	@ 87807dec <asc2_3216+0x1e1c>
87807d6c:	04000010 	streq	r0, [r0], #-16
87807d70:	04000010 	streq	r0, [r0], #-16
87807d74:	04000010 	streq	r0, [r0], #-16
87807d78:	04000010 	streq	r0, [r0], #-16
87807d7c:	04000010 	streq	r0, [r0], #-16
87807d80:	04000010 	streq	r0, [r0], #-16
87807d84:	04000010 	streq	r0, [r0], #-16
	...
87807ddc:	00000007 	andeq	r0, r0, r7
87807de0:	0000c003 	andeq	ip, r0, r3
87807de4:	00007800 	andeq	r7, r0, r0, lsl #16
87807de8:	00001e00 	andeq	r1, r0, r0, lsl #28
87807dec:	00c00300 	sbceq	r0, r0, r0, lsl #6
87807df0:	00f00000 	rscseq	r0, r0, r0
87807df4:	001e0000 	andseq	r0, lr, r0
87807df8:	80070000 	andhi	r0, r7, r0
87807dfc:	f0000000 			@ <UNDEFINED> instruction: 0xf0000000
87807e00:	3c000000 	stccc	0, cr0, [r0], {-0}
87807e04:	06000000 	streq	r0, [r0], -r0
	...
87807e58:	04000010 	streq	r0, [r0], #-16
87807e5c:	04000010 	streq	r0, [r0], #-16
87807e60:	04000010 	streq	r0, [r0], #-16
87807e64:	04000010 	streq	r0, [r0], #-16
87807e68:	04000010 	streq	r0, [r0], #-16
87807e6c:	04000010 	streq	r0, [r0], #-16
87807e70:	04000010 	streq	r0, [r0], #-16
87807e74:	fcffff1f 	ldc2l	15, cr15, [pc], #124	@ 87807ef8 <asc2_3216+0x1f28>
	...
87807ee0:	00000002 	andeq	r0, r0, r2
87807ee4:	00000004 	andeq	r0, r0, r4
87807ee8:	00000008 	andeq	r0, r0, r8
87807eec:	00000018 	andeq	r0, r0, r8, lsl r0
87807ef0:	00000010 	andeq	r0, r0, r0, lsl r0
87807ef4:	00000018 	andeq	r0, r0, r8, lsl r0
87807ef8:	00000018 	andeq	r0, r0, r8, lsl r0
87807efc:	00000004 	andeq	r0, r0, r4
87807f00:	00000002 	andeq	r0, r0, r2
	...
87807f50:	01000000 	mrseq	r0, (UNDEF: 0)
87807f54:	01000000 	mrseq	r0, (UNDEF: 0)
87807f58:	01000000 	mrseq	r0, (UNDEF: 0)
87807f5c:	01000000 	mrseq	r0, (UNDEF: 0)
87807f60:	01000000 	mrseq	r0, (UNDEF: 0)
87807f64:	01000000 	mrseq	r0, (UNDEF: 0)
87807f68:	01000000 	mrseq	r0, (UNDEF: 0)
87807f6c:	01000000 	mrseq	r0, (UNDEF: 0)
87807f70:	01000000 	mrseq	r0, (UNDEF: 0)
87807f74:	01000000 	mrseq	r0, (UNDEF: 0)
87807f78:	01000000 	mrseq	r0, (UNDEF: 0)
87807f7c:	01000000 	mrseq	r0, (UNDEF: 0)
87807f80:	01000000 	mrseq	r0, (UNDEF: 0)
87807f84:	01000000 	mrseq	r0, (UNDEF: 0)
87807f88:	01000000 	mrseq	r0, (UNDEF: 0)
87807f8c:	01000000 	mrseq	r0, (UNDEF: 0)
	...
87807fdc:	00000010 	andeq	r0, r0, r0, lsl r0
87807fe0:	00000010 	andeq	r0, r0, r0, lsl r0
87807fe4:	00000010 	andeq	r0, r0, r0, lsl r0
87807fe8:	00000018 	andeq	r0, r0, r8, lsl r0
87807fec:	00000008 	andeq	r0, r0, r8
87807ff0:	00000004 	andeq	r0, r0, r4
	...
87808054:	80030000 	andhi	r0, r3, r0
87808058:	c08f0100 	addgt	r0, pc, r0, lsl #2
8780805c:	608c0300 	addvs	r0, ip, r0, lsl #6
87808060:	20180600 	andscs	r0, r8, r0, lsl #12
87808064:	20100400 	andscs	r0, r0, r0, lsl #8
87808068:	20100400 	andscs	r0, r0, r0, lsl #8
8780806c:	20200400 	eorcs	r0, r0, r0, lsl #8
87808070:	40200400 	eormi	r0, r0, r0, lsl #8
87808074:	40200600 	eormi	r0, r0, r0, lsl #12
87808078:	c0ff0300 	rscsgt	r0, pc, r0, lsl #6
8780807c:	e0ff0100 	rscs	r0, pc, r0, lsl #2
87808080:	20000000 	andcs	r0, r0, r0
87808084:	20000000 	andcs	r0, r0, r0
87808088:	c0000000 	andgt	r0, r0, r0
	...
878080d4:	00000002 	andeq	r0, r0, r2
878080d8:	00000002 	andeq	r0, r0, r2
878080dc:	e0ffff03 	rscs	pc, pc, r3, lsl #30
878080e0:	c0ffff07 	rscsgt	pc, pc, r7, lsl #30
878080e4:	c0800100 	addgt	r0, r0, r0, lsl #2
878080e8:	60000200 	andvs	r0, r0, r0, lsl #4
878080ec:	20000200 	andcs	r0, r0, r0, lsl #4
878080f0:	20000400 	andcs	r0, r0, r0, lsl #8
878080f4:	20000400 	andcs	r0, r0, r0, lsl #8
878080f8:	20000400 	andcs	r0, r0, r0, lsl #8
878080fc:	40000600 	andmi	r0, r0, r0, lsl #12
87808100:	c0000300 	andgt	r0, r0, r0, lsl #6
87808104:	80ff0100 	rscshi	r0, pc, r0, lsl #2
87808108:	00fe0000 	rscseq	r0, lr, r0
	...
87808158:	007e0000 	rsbseq	r0, lr, r0
8780815c:	80ff0100 	rscshi	r0, pc, r0, lsl #2
87808160:	c0810300 	addgt	r0, r1, r0, lsl #6
87808164:	40000200 	andmi	r0, r0, r0, lsl #4
87808168:	20000600 	andcs	r0, r0, r0, lsl #12
8780816c:	20000400 	andcs	r0, r0, r0, lsl #8
87808170:	20000400 	andcs	r0, r0, r0, lsl #8
87808174:	20000400 	andcs	r0, r0, r0, lsl #8
87808178:	20000600 	andcs	r0, r0, r0, lsl #12
8780817c:	40c00300 	sbcmi	r0, r0, r0, lsl #6
87808180:	80c00100 	sbchi	r0, r0, r0, lsl #2
87808184:	00030000 	andeq	r0, r3, r0
	...
878081d8:	007e0000 	rsbseq	r0, lr, r0
878081dc:	80ff0100 	rscshi	r0, pc, r0, lsl #2
878081e0:	c0800300 	addgt	r0, r0, r0, lsl #6
878081e4:	60000600 	andvs	r0, r0, r0, lsl #12
878081e8:	20000400 	andcs	r0, r0, r0, lsl #8
878081ec:	20000400 	andcs	r0, r0, r0, lsl #8
878081f0:	20000400 	andcs	r0, r0, r0, lsl #8
878081f4:	40000402 	andmi	r0, r0, r2, lsl #8
878081f8:	80000202 	andhi	r0, r0, r2, lsl #4
878081fc:	e0ffff03 	rscs	pc, pc, r3, lsl #30
87808200:	c0ffff07 	rscsgt	pc, pc, r7, lsl #30
87808204:	40000000 	andmi	r0, r0, r0
87808208:	40000000 	andmi	r0, r0, r0
	...
87808258:	007e0000 	rsbseq	r0, lr, r0
8780825c:	80ff0100 	rscshi	r0, pc, r0, lsl #2
87808260:	c0110300 	andsgt	r0, r1, r0, lsl #6
87808264:	40100200 	andsmi	r0, r0, r0, lsl #4
87808268:	60100400 	andsvs	r0, r0, r0, lsl #8
8780826c:	20100400 	andscs	r0, r0, r0, lsl #8
87808270:	20100400 	andscs	r0, r0, r0, lsl #8
87808274:	20100400 	andscs	r0, r0, r0, lsl #8
87808278:	20100600 	andscs	r0, r0, r0, lsl #12
8780827c:	40100300 	andsmi	r0, r0, r0, lsl #6
87808280:	c0f00100 	rscsgt	r0, r0, r0, lsl #2
87808284:	00710000 	rsbseq	r0, r1, r0
	...
878082d8:	00000400 	andeq	r0, r0, r0, lsl #8
878082dc:	20000400 	andcs	r0, r0, r0, lsl #8
878082e0:	20000400 	andcs	r0, r0, r0, lsl #8
878082e4:	20000400 	andcs	r0, r0, r0, lsl #8
878082e8:	e0ff7f00 	rscs	r7, pc, r0, lsl #30
878082ec:	e0ffff01 	rscs	pc, pc, r1, lsl #30
878082f0:	20000401 	andcs	r0, r0, r1, lsl #8
878082f4:	20000403 	andcs	r0, r0, r3, lsl #8
878082f8:	20000402 	andcs	r0, r0, r2, lsl #8
878082fc:	20000402 	andcs	r0, r0, r2, lsl #8
87808300:	00000402 	andeq	r0, r0, r2, lsl #8
87808304:	00000002 	andeq	r0, r0, r2
87808308:	0000c001 	andeq	ip, r0, r1
8780830c:	0000c001 	andeq	ip, r0, r1
	...
87808358:	1c000000 	stcne	0, cr0, [r0], {-0}
8780835c:	3ee30000 	cdpcc	0, 14, cr0, cr3, cr0, {0}
87808360:	c2ff0300 	rscsgt	r0, pc, #0, 6
87808364:	c30c0200 	movwgt	r0, #49664	@ 0xc200
87808368:	c1040400 	tstgt	r4, r0, lsl #8
8780836c:	c1040400 	tstgt	r4, r0, lsl #8
87808370:	c1040400 	tstgt	r4, r0, lsl #8
87808374:	c1040400 	tstgt	r4, r0, lsl #8
87808378:	c10c0600 	tstgt	ip, r0, lsl #12
8780837c:	c3f80300 	mvnsgt	r0, #0, 6
87808380:	62f00500 	rscsvs	r0, r0, #0, 10
87808384:	7e000600 	cdpvc	6, 0, cr0, cr0, cr0, {0}
87808388:	3c000600 	stccc	6, cr0, [r0], {-0}
	...
878083d4:	20000002 	andcs	r0, r0, r2
878083d8:	20000002 	andcs	r0, r0, r2
878083dc:	e0ffff03 	rscs	pc, pc, r3, lsl #30
878083e0:	e0ffff07 	rscs	pc, pc, r7, lsl #30
878083e4:	20000100 	andcs	r0, r0, r0, lsl #2
878083e8:	20000200 	andcs	r0, r0, r0, lsl #4
878083ec:	00000600 	andeq	r0, r0, r0, lsl #12
878083f0:	00000400 	andeq	r0, r0, r0, lsl #8
878083f4:	00000400 	andeq	r0, r0, r0, lsl #8
878083f8:	20000400 	andcs	r0, r0, r0, lsl #8
878083fc:	20000600 	andcs	r0, r0, r0, lsl #12
87808400:	e0ff0300 	rscs	r0, pc, r0, lsl #6
87808404:	e0ff0100 	rscs	r0, pc, r0, lsl #2
87808408:	20000000 	andcs	r0, r0, r0
8780840c:	20000000 	andcs	r0, r0, r0
	...
8780845c:	20000400 	andcs	r0, r0, r0, lsl #8
87808460:	20000400 	andcs	r0, r0, r0, lsl #8
87808464:	20000400 	andcs	r0, r0, r0, lsl #8
87808468:	20000400 	andcs	r0, r0, r0, lsl #8
8780846c:	e0ff8703 	rscs	r8, pc, r3, lsl #14
87808470:	e0ff8f03 	rscs	r8, pc, r3, lsl #30
87808474:	20008003 	andcs	r8, r0, r3
87808478:	20000000 	andcs	r0, r0, r0
8780847c:	20000000 	andcs	r0, r0, r0
87808480:	20000000 	andcs	r0, r0, r0
	...
878084dc:	06000000 	streq	r0, [r0], -r0
878084e0:	07000000 	streq	r0, [r0, -r0]
878084e4:	01000000 	mrseq	r0, (UNDEF: 0)
878084e8:	01000000 	mrseq	r0, (UNDEF: 0)
878084ec:	01000400 	tsteq	r0, r0, lsl #8
878084f0:	01000400 	tsteq	r0, r0, lsl #8
878084f4:	03000400 	movweq	r0, #1024	@ 0x400
878084f8:	06000400 	streq	r0, [r0], -r0, lsl #8
878084fc:	fcff8703 	ldc2l	7, cr8, [pc], #12	@ 87808510 <asc2_3216+0x2540>
87808500:	f8ff8f03 			@ <UNDEFINED> instruction: 0xf8ff8f03
87808504:	00008003 	andeq	r8, r0, r3
	...
87808554:	20000002 	andcs	r0, r0, r2
87808558:	20000002 	andcs	r0, r0, r2
8780855c:	e0ffff03 	rscs	pc, pc, r3, lsl #30
87808560:	e0ffff07 	rscs	pc, pc, r7, lsl #30
87808564:	20080000 	andcs	r0, r8, r0
87808568:	20100000 	andscs	r0, r0, r0
8780856c:	00300000 	eorseq	r0, r0, r0
87808570:	00fc0000 	rscseq	r0, ip, r0
87808574:	008e0500 	addeq	r0, lr, r0, lsl #10
87808578:	a0070700 	andge	r0, r7, r0, lsl #14
8780857c:	e0010600 	and	r0, r1, r0, lsl #12
87808580:	e0000400 	and	r0, r0, r0, lsl #8
87808584:	20000400 	andcs	r0, r0, r0, lsl #8
87808588:	20000000 	andcs	r0, r0, r0
	...
878085dc:	20000002 	andcs	r0, r0, r2
878085e0:	20000002 	andcs	r0, r0, r2
878085e4:	20000002 	andcs	r0, r0, r2
878085e8:	20000002 	andcs	r0, r0, r2
878085ec:	e0ffff03 	rscs	pc, pc, r3, lsl #30
878085f0:	e0ffff07 	rscs	pc, pc, r7, lsl #30
878085f4:	20000000 	andcs	r0, r0, r0
878085f8:	20000000 	andcs	r0, r0, r0
878085fc:	20000000 	andcs	r0, r0, r0
87808600:	20000000 	andcs	r0, r0, r0
	...
87808654:	20000400 	andcs	r0, r0, r0, lsl #8
87808658:	e0ff0700 	rscs	r0, pc, r0, lsl #14
8780865c:	e0ff0f00 	rscs	r0, pc, r0, lsl #30
87808660:	20000200 	andcs	r0, r0, r0, lsl #4
87808664:	00000400 	andeq	r0, r0, r0, lsl #8
87808668:	20000400 	andcs	r0, r0, r0, lsl #8
8780866c:	e0ff0700 	rscs	r0, pc, r0, lsl #14
87808670:	e0ff0300 	rscs	r0, pc, r0, lsl #6
87808674:	20000200 	andcs	r0, r0, r0, lsl #4
87808678:	00000400 	andeq	r0, r0, r0, lsl #8
8780867c:	20000400 	andcs	r0, r0, r0, lsl #8
87808680:	e0ff0700 	rscs	r0, pc, r0, lsl #14
87808684:	e0ff0300 	rscs	r0, pc, r0, lsl #6
87808688:	20000000 	andcs	r0, r0, r0
	...
878086d4:	20000400 	andcs	r0, r0, r0, lsl #8
878086d8:	20000400 	andcs	r0, r0, r0, lsl #8
878086dc:	e0ff0700 	rscs	r0, pc, r0, lsl #14
878086e0:	e0ff0f00 	rscs	r0, pc, r0, lsl #30
878086e4:	20000100 	andcs	r0, r0, r0, lsl #2
878086e8:	20000200 	andcs	r0, r0, r0, lsl #4
878086ec:	00000200 	andeq	r0, r0, r0, lsl #4
878086f0:	00000400 	andeq	r0, r0, r0, lsl #8
878086f4:	00000400 	andeq	r0, r0, r0, lsl #8
878086f8:	20000400 	andcs	r0, r0, r0, lsl #8
878086fc:	20000600 	andcs	r0, r0, r0, lsl #12
87808700:	e0ff0300 	rscs	r0, pc, r0, lsl #6
87808704:	e0ff0100 	rscs	r0, pc, r0, lsl #2
87808708:	20000000 	andcs	r0, r0, r0
8780870c:	20000000 	andcs	r0, r0, r0
	...
87808758:	007e0000 	rsbseq	r0, lr, r0
8780875c:	80ff0000 	rscshi	r0, pc, r0
87808760:	c0810300 	addgt	r0, r1, r0, lsl #6
87808764:	40000200 	andmi	r0, r0, r0, lsl #4
87808768:	20000600 	andcs	r0, r0, r0, lsl #12
8780876c:	20000400 	andcs	r0, r0, r0, lsl #8
87808770:	20000400 	andcs	r0, r0, r0, lsl #8
87808774:	20000400 	andcs	r0, r0, r0, lsl #8
87808778:	20000600 	andcs	r0, r0, r0, lsl #12
8780877c:	40000200 	andmi	r0, r0, r0, lsl #4
87808780:	c0810300 	addgt	r0, r1, r0, lsl #6
87808784:	80ff0100 	rscshi	r0, pc, r0, lsl #2
87808788:	007e0000 	rsbseq	r0, lr, r0
	...
878087d4:	01000400 	tsteq	r0, r0, lsl #8
878087d8:	01000400 	tsteq	r0, r0, lsl #8
878087dc:	ffff0700 			@ <UNDEFINED> instruction: 0xffff0700
878087e0:	ffff0f00 			@ <UNDEFINED> instruction: 0xffff0f00
878087e4:	c1000100 	mrsgt	r0, (UNDEF: 16)
878087e8:	41000200 	mrsmi	r0, R8_usr
878087ec:	20000400 	andcs	r0, r0, r0, lsl #8
878087f0:	20000400 	andcs	r0, r0, r0, lsl #8
878087f4:	20000400 	andcs	r0, r0, r0, lsl #8
878087f8:	20000400 	andcs	r0, r0, r0, lsl #8
878087fc:	40000600 	andmi	r0, r0, r0, lsl #12
87808800:	c0010300 	andgt	r0, r1, r0, lsl #6
87808804:	80ff0100 	rscshi	r0, pc, r0, lsl #2
87808808:	007e0000 	rsbseq	r0, lr, r0
	...
87808858:	007e0000 	rsbseq	r0, lr, r0
8780885c:	80ff0100 	rscshi	r0, pc, r0, lsl #2
87808860:	c0800300 	addgt	r0, r0, r0, lsl #6
87808864:	60000200 	andvs	r0, r0, r0, lsl #4
87808868:	20000400 	andcs	r0, r0, r0, lsl #8
8780886c:	20000400 	andcs	r0, r0, r0, lsl #8
87808870:	20000400 	andcs	r0, r0, r0, lsl #8
87808874:	20000400 	andcs	r0, r0, r0, lsl #8
87808878:	41000200 	mrsmi	r0, R8_usr
8780887c:	c1000300 	mrsgt	r0, LR_irq
87808880:	ffff0300 			@ <UNDEFINED> instruction: 0xffff0300
87808884:	ffff0700 			@ <UNDEFINED> instruction: 0xffff0700
87808888:	01000000 	mrseq	r0, (UNDEF: 0)
8780888c:	01000000 	mrseq	r0, (UNDEF: 0)
	...
878088d4:	20000400 	andcs	r0, r0, r0, lsl #8
878088d8:	20000400 	andcs	r0, r0, r0, lsl #8
878088dc:	20000400 	andcs	r0, r0, r0, lsl #8
878088e0:	20000400 	andcs	r0, r0, r0, lsl #8
878088e4:	e0ff0f00 	rscs	r0, pc, r0, lsl #30
878088e8:	e0ff0f00 	rscs	r0, pc, r0, lsl #30
878088ec:	20c00000 	sbccs	r0, r0, r0
878088f0:	20000100 	andcs	r0, r0, r0, lsl #2
878088f4:	20000200 	andcs	r0, r0, r0, lsl #4
878088f8:	20000600 	andcs	r0, r0, r0, lsl #12
878088fc:	00000400 	andeq	r0, r0, r0, lsl #8
87808900:	00000400 	andeq	r0, r0, r0, lsl #8
87808904:	00000700 	andeq	r0, r0, r0, lsl #14
87808908:	00000300 	andeq	r0, r0, r0, lsl #6
	...
87808958:	e0030000 	and	r0, r3, r0
8780895c:	e0c00100 	sbc	r0, r0, r0, lsl #2
87808960:	40e00300 	rscmi	r0, r0, r0, lsl #6
87808964:	20300600 	eorscs	r0, r0, r0, lsl #12
87808968:	20300400 	eorscs	r0, r0, r0, lsl #8
8780896c:	20180400 	andscs	r0, r8, r0, lsl #8
87808970:	20180400 	andscs	r0, r8, r0, lsl #8
87808974:	20180400 	andscs	r0, r8, r0, lsl #8
87808978:	200c0400 	andcs	r0, ip, r0, lsl #8
8780897c:	600c0200 	andvs	r0, ip, r0, lsl #4
87808980:	c0070300 	andgt	r0, r7, r0, lsl #6
87808984:	80830700 	addhi	r0, r3, r0, lsl #14
	...
878089d8:	00000400 	andeq	r0, r0, r0, lsl #8
878089dc:	00000400 	andeq	r0, r0, r0, lsl #8
878089e0:	00000400 	andeq	r0, r0, r0, lsl #8
878089e4:	00000c00 	andeq	r0, r0, r0, lsl #24
878089e8:	80ff1f00 	rscshi	r1, pc, r0, lsl #30
878089ec:	c0ffff00 	rscsgt	pc, pc, r0, lsl #30
878089f0:	60000400 	andvs	r0, r0, r0, lsl #8
878089f4:	20000400 	andcs	r0, r0, r0, lsl #8
878089f8:	20000400 	andcs	r0, r0, r0, lsl #8
878089fc:	20000400 	andcs	r0, r0, r0, lsl #8
87808a00:	40000400 	andmi	r0, r0, r0, lsl #8
87808a04:	80010000 	andhi	r0, r1, r0
	...
87808a54:	00000400 	andeq	r0, r0, r0, lsl #8
87808a58:	00000400 	andeq	r0, r0, r0, lsl #8
87808a5c:	80ff0700 	rscshi	r0, pc, r0, lsl #14
87808a60:	c0ff0f00 	rscsgt	r0, pc, r0, lsl #30
87808a64:	60000000 	andvs	r0, r0, r0
87808a68:	20000000 	andcs	r0, r0, r0
87808a6c:	20000000 	andcs	r0, r0, r0
87808a70:	20000000 	andcs	r0, r0, r0
87808a74:	20000000 	andcs	r0, r0, r0
87808a78:	40000400 	andmi	r0, r0, r0, lsl #8
87808a7c:	80000400 	andhi	r0, r0, r0, lsl #8
87808a80:	e0ff0700 	rscs	r0, pc, r0, lsl #14
87808a84:	c0ff0f00 	rscsgt	r0, pc, r0, lsl #30
87808a88:	40000000 	andmi	r0, r0, r0
87808a8c:	40000000 	andmi	r0, r0, r0
	...
87808ad4:	00000400 	andeq	r0, r0, r0, lsl #8
87808ad8:	00000400 	andeq	r0, r0, r0, lsl #8
87808adc:	00800700 	addeq	r0, r0, r0, lsl #14
87808ae0:	00f00700 	rscseq	r0, r0, r0, lsl #14
87808ae4:	00fe0400 	rscseq	r0, lr, r0, lsl #8
87808ae8:	c01f0400 	andsgt	r0, pc, r0, lsl #8
87808aec:	e0030000 	and	r0, r3, r0
87808af0:	80030000 	andhi	r0, r3, r0
87808af4:	001c0000 	andseq	r0, ip, r0
87808af8:	00600400 	rsbeq	r0, r0, r0, lsl #8
87808afc:	00800700 	addeq	r0, r0, r0, lsl #14
87808b00:	00000600 	andeq	r0, r0, r0, lsl #12
87808b04:	00000400 	andeq	r0, r0, r0, lsl #8
	...
87808b50:	00000400 	andeq	r0, r0, r0, lsl #8
87808b54:	00000600 	andeq	r0, r0, r0, lsl #12
87808b58:	00c00700 	sbceq	r0, r0, r0, lsl #14
87808b5c:	00fc0700 	rscseq	r0, ip, r0, lsl #14
87808b60:	803f0400 	eorshi	r0, pc, r0, lsl #8
87808b64:	e0030000 	and	r0, r3, r0
87808b68:	800f0400 	andhi	r0, pc, r0, lsl #8
87808b6c:	00f00600 	rscseq	r0, r0, r0, lsl #12
87808b70:	00f00700 	rscseq	r0, r0, r0, lsl #14
87808b74:	80ff0700 	rscshi	r0, pc, r0, lsl #14
87808b78:	e00f0400 	and	r0, pc, r0, lsl #8
87808b7c:	80030000 	andhi	r0, r3, r0
87808b80:	003c0400 	eorseq	r0, ip, r0, lsl #8
87808b84:	00c00700 	sbceq	r0, r0, r0, lsl #14
87808b88:	00000600 	andeq	r0, r0, r0, lsl #12
87808b8c:	00000400 	andeq	r0, r0, r0, lsl #8
	...
87808bd4:	20000000 	andcs	r0, r0, r0
87808bd8:	20000400 	andcs	r0, r0, r0, lsl #8
87808bdc:	60000400 	andvs	r0, r0, r0, lsl #8
87808be0:	e0000700 	and	r0, r0, r0, lsl #14
87808be4:	20830700 	addcs	r0, r3, r0, lsl #14
87808be8:	00e60700 	rsceq	r0, r6, r0, lsl #14
87808bec:	00f80400 	rscseq	r0, r8, r0, lsl #8
87808bf0:	003c0000 	eorseq	r0, ip, r0
87808bf4:	205e0400 	subscs	r0, lr, r0, lsl #8
87808bf8:	a0870500 	addge	r0, r7, r0, lsl #10
87808bfc:	e0010600 	and	r0, r1, r0, lsl #12
87808c00:	60000400 	andvs	r0, r0, r0, lsl #8
87808c04:	20000400 	andcs	r0, r0, r0, lsl #8
87808c08:	20000000 	andcs	r0, r0, r0
	...
87808c54:	00000400 	andeq	r0, r0, r0, lsl #8
87808c58:	03000400 	movweq	r0, #1024	@ 0x400
87808c5c:	03000700 	movweq	r0, #1792	@ 0x700
87808c60:	01e00700 	mvneq	r0, r0, lsl #14
87808c64:	01f80400 	mvnseq	r0, r0, lsl #8
87808c68:	021f0400 	andseq	r0, pc, #0, 8
87808c6c:	fc070000 	stc2	0, cr0, [r7], {-0}
87808c70:	e0000000 	and	r0, r0, r0
87808c74:	00070000 	andeq	r0, r7, r0
87808c78:	00380400 	eorseq	r0, r8, r0, lsl #8
87808c7c:	00c00700 	sbceq	r0, r0, r0, lsl #14
87808c80:	00000600 	andeq	r0, r0, r0, lsl #12
87808c84:	00000400 	andeq	r0, r0, r0, lsl #8
87808c88:	00000400 	andeq	r0, r0, r0, lsl #8
	...
87808cd8:	60800700 	addvs	r0, r0, r0, lsl #14
87808cdc:	e0000600 	and	r0, r0, r0, lsl #12
87808ce0:	e0030400 	and	r0, r3, r0, lsl #8
87808ce4:	a0070400 	andge	r0, r7, r0, lsl #8
87808ce8:	200e0400 	andcs	r0, lr, r0, lsl #8
87808cec:	203c0400 	eorscs	r0, ip, r0, lsl #8
87808cf0:	20700400 	rsbscs	r0, r0, r0, lsl #8
87808cf4:	20e00500 	rsccs	r0, r0, r0, lsl #10
87808cf8:	20800700 	addcs	r0, r0, r0, lsl #14
87808cfc:	60000700 	andvs	r0, r0, r0, lsl #14
87808d00:	e0000400 	and	r0, r0, r0, lsl #8
87808d04:	80030000 	andhi	r0, r3, r0
	...
87808d6c:	00800000 	addeq	r0, r0, r0
87808d70:	00800000 	addeq	r0, r0, r0
87808d74:	00400100 	subeq	r0, r0, r0, lsl #2
87808d78:	f83ffe07 			@ <UNDEFINED> instruction: 0xf83ffe07
87808d7c:	04000008 	streq	r0, [r0], #-8
87808d80:	02000010 	andeq	r0, r0, #16
87808d84:	02000010 	andeq	r0, r0, #16
	...
87808df0:	ffffffff 			@ <UNDEFINED> instruction: 0xffffffff
	...
87808e58:	02000010 	andeq	r0, r0, #16
87808e5c:	02000010 	andeq	r0, r0, #16
87808e60:	04000008 	streq	r0, [r0], #-8
87808e64:	f83ffe07 			@ <UNDEFINED> instruction: 0xf83ffe07
87808e68:	00400100 	subeq	r0, r0, r0, lsl #2
87808e6c:	00800000 	addeq	r0, r0, r0
87808e70:	00800000 	addeq	r0, r0, r0
	...
87808ed4:	00000018 	andeq	r0, r0, r8, lsl r0
87808ed8:	00000030 	andeq	r0, r0, r0, lsr r0
87808edc:	00000040 	andeq	r0, r0, r0, asr #32
87808ee0:	00000040 	andeq	r0, r0, r0, asr #32
87808ee4:	00000040 	andeq	r0, r0, r0, asr #32
87808ee8:	00000020 	andeq	r0, r0, r0, lsr #32
87808eec:	00000030 	andeq	r0, r0, r0, lsr r0
87808ef0:	00000008 	andeq	r0, r0, r8
87808ef4:	00000004 	andeq	r0, r0, r4
87808ef8:	00000002 	andeq	r0, r0, r2
87808efc:	00000002 	andeq	r0, r0, r2
87808f00:	00000002 	andeq	r0, r0, r2
87808f04:	0000000c 	andeq	r0, r0, ip
87808f08:	00000018 	andeq	r0, r0, r8, lsl r0
	...

87808f50 <CSWTCH.7>:
87808f50:	00000004 	andeq	r0, r0, r4
87808f54:	00000003 	andeq	r0, r0, r3
87808f58:	00000002 	andeq	r0, r0, r2
87808f5c:	00000001 	andeq	r0, r0, r1
87808f60:	00000000 	andeq	r0, r0, r0
87808f64:	00000006 	andeq	r0, r0, r6
87808f68:	00000000 	andeq	r0, r0, r0
87808f6c:	003b001f 	eorseq	r0, fp, pc, lsl r0
87808f70:	0078005a 	rsbseq	r0, r8, sl, asr r0
87808f74:	00b50097 	umlalseq	r0, r5, r7, r0
87808f78:	00f300d4 	ldrsbteq	r0, [r3], #4
87808f7c:	01300111 	teqeq	r0, r1, lsl r1
87808f80:	Address 0x87808f80 is out of bounds.


Disassembly of section .ARM.exidx:

87808f84 <.ARM.exidx>:
87808f84:	7fffb5fc 	svcvc	0x00ffb5fc
87808f88:	00000001 	andeq	r0, r0, r1

Disassembly of section .data:

87808f8c <_ctype>:
87808f8c:	08080808 	stmdaeq	r8, {r3, fp}
87808f90:	08080808 	stmdaeq	r8, {r3, fp}
87808f94:	28282808 	stmdacs	r8!, {r3, fp, sp}
87808f98:	08082828 	stmdaeq	r8, {r3, r5, fp, sp}
87808f9c:	08080808 	stmdaeq	r8, {r3, fp}
87808fa0:	08080808 	stmdaeq	r8, {r3, fp}
87808fa4:	08080808 	stmdaeq	r8, {r3, fp}
87808fa8:	08080808 	stmdaeq	r8, {r3, fp}
87808fac:	101010a0 	andsne	r1, r0, r0, lsr #1
87808fb0:	10101010 	andsne	r1, r0, r0, lsl r0
87808fb4:	10101010 	andsne	r1, r0, r0, lsl r0
87808fb8:	10101010 	andsne	r1, r0, r0, lsl r0
87808fbc:	04040404 	streq	r0, [r4], #-1028	@ 0xfffffbfc
87808fc0:	04040404 	streq	r0, [r4], #-1028	@ 0xfffffbfc
87808fc4:	10100404 	andsne	r0, r0, r4, lsl #8
87808fc8:	10101010 	andsne	r1, r0, r0, lsl r0
87808fcc:	41414110 	cmpmi	r1, r0, lsl r1
87808fd0:	01414141 	cmpeq	r1, r1, asr #2
87808fd4:	01010101 	tsteq	r1, r1, lsl #2
87808fd8:	01010101 	tsteq	r1, r1, lsl #2
87808fdc:	01010101 	tsteq	r1, r1, lsl #2
87808fe0:	01010101 	tsteq	r1, r1, lsl #2
87808fe4:	10010101 	andne	r0, r1, r1, lsl #2
87808fe8:	10101010 	andsne	r1, r0, r0, lsl r0
87808fec:	42424210 	submi	r4, r2, #16, 4
87808ff0:	02424242 	subeq	r4, r2, #536870916	@ 0x20000004
87808ff4:	02020202 	andeq	r0, r2, #536870912	@ 0x20000000
87808ff8:	02020202 	andeq	r0, r2, #536870912	@ 0x20000000
87808ffc:	02020202 	andeq	r0, r2, #536870912	@ 0x20000000
87809000:	02020202 	andeq	r0, r2, #536870912	@ 0x20000000
87809004:	10020202 	andne	r0, r2, r2, lsl #4
87809008:	08101010 	ldmdaeq	r0, {r4, ip}
	...
8780902c:	101010a0 	andsne	r1, r0, r0, lsr #1
87809030:	10101010 	andsne	r1, r0, r0, lsl r0
87809034:	10101010 	andsne	r1, r0, r0, lsl r0
87809038:	10101010 	andsne	r1, r0, r0, lsl r0
8780903c:	10101010 	andsne	r1, r0, r0, lsl r0
87809040:	10101010 	andsne	r1, r0, r0, lsl r0
87809044:	10101010 	andsne	r1, r0, r0, lsl r0
87809048:	10101010 	andsne	r1, r0, r0, lsl r0
8780904c:	01010101 	tsteq	r1, r1, lsl #2
87809050:	01010101 	tsteq	r1, r1, lsl #2
87809054:	01010101 	tsteq	r1, r1, lsl #2
87809058:	01010101 	tsteq	r1, r1, lsl #2
8780905c:	01010101 	tsteq	r1, r1, lsl #2
87809060:	10010101 	andne	r0, r1, r1, lsl #2
87809064:	01010101 	tsteq	r1, r1, lsl #2
87809068:	02010101 	andeq	r0, r1, #1073741824	@ 0x40000000
8780906c:	02020202 	andeq	r0, r2, #536870912	@ 0x20000000
87809070:	02020202 	andeq	r0, r2, #536870912	@ 0x20000000
87809074:	02020202 	andeq	r0, r2, #536870912	@ 0x20000000
87809078:	02020202 	andeq	r0, r2, #536870912	@ 0x20000000
8780907c:	02020202 	andeq	r0, r2, #536870912	@ 0x20000000
87809080:	10020202 	andne	r0, r2, r2, lsl #4
87809084:	02020202 	andeq	r0, r2, #536870912	@ 0x20000000
87809088:	02020202 	andeq	r0, r2, #536870912	@ 0x20000000

8780908c <release.0>:
8780908c:	Address 0x8780908c is out of bounds.


Disassembly of section .ARM.attributes:

00000000 <.ARM.attributes>:
   0:	00002e41 	andeq	r2, r0, r1, asr #28
   4:	61656100 	cmnvs	r5, r0, lsl #2
   8:	01006962 	tsteq	r0, r2, ror #18
   c:	00000024 	andeq	r0, r0, r4, lsr #32
  10:	412d3705 			@ <UNDEFINED> instruction: 0x412d3705
  14:	070a0600 	streq	r0, [sl, -r0, lsl #12]
  18:	09010841 	stmdbeq	r1, {r0, r6, fp}
  1c:	12040a02 	andne	r0, r4, #8192	@ 0x2000
  20:	15011404 	strne	r1, [r1, #-1028]	@ 0xfffffbfc
  24:	18031701 	stmdane	r3, {r0, r8, r9, sl, ip}
  28:	1c021a01 			@ <UNDEFINED> instruction: 0x1c021a01
  2c:	Address 0x2c is out of bounds.


Disassembly of section .comment:

00000000 <.comment>:
   0:	3a434347 	bcc	10d0d24 <shift+0x10d0d24>
   4:	62552820 	subsvs	r2, r5, #32, 16	@ 0x200000
   8:	75746e75 	ldrbvc	r6, [r4, #-3701]!	@ 0xfffff18b
   c:	2e353120 	cdpcs	1, 3, cr3, cr5, cr0, {1}
  10:	2d302e32 	ldccs	14, cr2, [r0, #-200]!	@ 0xffffff38
  14:	75627534 	strbvc	r7, [r2, #-1332]!	@ 0xfffffacc
  18:	3475746e 	ldrbtcc	r7, [r5], #-1134	@ 0xfffffb92
  1c:	35312029 	ldrcc	r2, [r1, #-41]!	@ 0xffffffd7
  20:	302e322e 	eorcc	r3, lr, lr, lsr #4
	...
