
LCD.elf:     file format elf32-littlearm


Disassembly of section .text:

87800000 <_start>:
87800000:	e59ff118 	ldr	pc, [pc, #280]	@ 87800120 <FIQ_Handler+0x8>
87800004:	e59ff118 	ldr	pc, [pc, #280]	@ 87800124 <FIQ_Handler+0xc>
87800008:	e59ff118 	ldr	pc, [pc, #280]	@ 87800128 <FIQ_Handler+0x10>
8780000c:	e59ff118 	ldr	pc, [pc, #280]	@ 8780012c <FIQ_Handler+0x14>
87800010:	e59ff118 	ldr	pc, [pc, #280]	@ 87800130 <FIQ_Handler+0x18>
87800014:	e59ff118 	ldr	pc, [pc, #280]	@ 87800134 <FIQ_Handler+0x1c>
87800018:	e59ff118 	ldr	pc, [pc, #280]	@ 87800138 <FIQ_Handler+0x20>
8780001c:	e59ff118 	ldr	pc, [pc, #280]	@ 8780013c <FIQ_Handler+0x24>

87800020 <Reset_Handler>:
87800020:	f10c0080 	cpsid	i
87800024:	ee110f10 	mrc	15, 0, r0, cr1, cr0, {0}
87800028:	e3c00a01 	bic	r0, r0, #4096	@ 0x1000
8780002c:	e3c00b02 	bic	r0, r0, #2048	@ 0x800
87800030:	e3c00004 	bic	r0, r0, #4
87800034:	e3c00002 	bic	r0, r0, #2
87800038:	e3c00001 	bic	r0, r0, #1
8780003c:	ee010f10 	mcr	15, 0, r0, cr1, cr0, {0}
87800040:	e59f00f8 	ldr	r0, [pc, #248]	@ 87800140 <FIQ_Handler+0x28>
87800044:	e59f10f8 	ldr	r1, [pc, #248]	@ 87800144 <FIQ_Handler+0x2c>
87800048:	e3a02000 	mov	r2, #0

8780004c <bss_loop>:
8780004c:	e4802004 	str	r2, [r0], #4
87800050:	e1500001 	cmp	r0, r1
87800054:	3afffffc 	bcc	8780004c <bss_loop>
87800058:	e10f0000 	mrs	r0, CPSR
8780005c:	e3c0001f 	bic	r0, r0, #31
87800060:	e3800012 	orr	r0, r0, #18
87800064:	e129f000 	msr	CPSR_fc, r0
87800068:	e59fd0d8 	ldr	sp, [pc, #216]	@ 87800148 <FIQ_Handler+0x30>
8780006c:	e10f0000 	mrs	r0, CPSR
87800070:	e3c0001f 	bic	r0, r0, #31
87800074:	e380001f 	orr	r0, r0, #31
87800078:	e129f000 	msr	CPSR_fc, r0
8780007c:	e59fd0c8 	ldr	sp, [pc, #200]	@ 8780014c <FIQ_Handler+0x34>
87800080:	e10f0000 	mrs	r0, CPSR
87800084:	e3c0001f 	bic	r0, r0, #31
87800088:	e3800013 	orr	r0, r0, #19
8780008c:	e129f000 	msr	CPSR_fc, r0
87800090:	e59fd0b8 	ldr	sp, [pc, #184]	@ 87800150 <FIQ_Handler+0x38>
87800094:	f1080080 	cpsie	i
87800098:	ea000f06 	b	87803cb8 <__main_from_arm>

8780009c <Undefine_Handler>:
8780009c:	e59f0080 	ldr	r0, [pc, #128]	@ 87800124 <FIQ_Handler+0xc>
878000a0:	e12fff10 	bx	r0

878000a4 <SVC_Handler>:
878000a4:	e59f007c 	ldr	r0, [pc, #124]	@ 87800128 <FIQ_Handler+0x10>
878000a8:	e12fff10 	bx	r0

878000ac <PreAbort_Handler>:
878000ac:	e59f0078 	ldr	r0, [pc, #120]	@ 8780012c <FIQ_Handler+0x14>
878000b0:	e12fff10 	bx	r0

878000b4 <DataAbort_Handler>:
878000b4:	e59f0074 	ldr	r0, [pc, #116]	@ 87800130 <FIQ_Handler+0x18>
878000b8:	e12fff10 	bx	r0

878000bc <NotUsed_Handler>:
878000bc:	e59f0070 	ldr	r0, [pc, #112]	@ 87800134 <FIQ_Handler+0x1c>
878000c0:	e12fff10 	bx	r0

878000c4 <IRQ_Handler>:
878000c4:	e52de004 	push	{lr}		@ (str lr, [sp, #-4]!)
878000c8:	e92d100f 	push	{r0, r1, r2, r3, ip}
878000cc:	e14f0000 	mrs	r0, SPSR
878000d0:	e52d0004 	push	{r0}		@ (str r0, [sp, #-4]!)
878000d4:	ee9f1f10 	mrc	15, 4, r1, cr15, cr0, {0}
878000d8:	e2811a02 	add	r1, r1, #8192	@ 0x2000
878000dc:	e591000c 	ldr	r0, [r1, #12]
878000e0:	e92d0003 	push	{r0, r1}
878000e4:	f1020013 	cps	#19
878000e8:	e52de004 	push	{lr}		@ (str lr, [sp, #-4]!)
878000ec:	e59f2060 	ldr	r2, [pc, #96]	@ 87800154 <FIQ_Handler+0x3c>
878000f0:	e12fff32 	blx	r2
878000f4:	e49de004 	pop	{lr}		@ (ldr lr, [sp], #4)
878000f8:	f1020012 	cps	#18
878000fc:	e8bd0003 	pop	{r0, r1}
87800100:	e5810010 	str	r0, [r1, #16]
87800104:	e49d0004 	pop	{r0}		@ (ldr r0, [sp], #4)
87800108:	e16ff000 	msr	SPSR_fsxc, r0
8780010c:	e49d0004 	pop	{r0}		@ (ldr r0, [sp], #4)
87800110:	e49de004 	pop	{lr}		@ (ldr lr, [sp], #4)
87800114:	e25ef004 	subs	pc, lr, #4

87800118 <FIQ_Handler>:
87800118:	e59f001c 	ldr	r0, [pc, #28]	@ 8780013c <FIQ_Handler+0x24>
8780011c:	e12fff10 	bx	r0
87800120:	87800020 	strhi	r0, [r0, r0, lsr #32]
87800124:	8780009c 			@ <UNDEFINED> instruction: 0x8780009c
87800128:	878000a4 	strhi	r0, [r0, r4, lsr #1]
8780012c:	878000ac 	strhi	r0, [r0, ip, lsr #1]
87800130:	878000b4 			@ <UNDEFINED> instruction: 0x878000b4
87800134:	878000bc 			@ <UNDEFINED> instruction: 0x878000bc
87800138:	878000c4 	strhi	r0, [r0, r4, asr #1]
8780013c:	87800118 	usada8hi	r0, r8, r1, r0
87800140:	878086a0 	strhi	r8, [r0, r0, lsr #13]
87800144:	878093cc 	strhi	r9, [r0, ip, asr #7]
87800148:	80600000 	rsbhi	r0, r0, r0
8780014c:	80400000 	subhi	r0, r0, r0
87800150:	80200000 	eorhi	r0, r0, r0
87800154:	87802c71 			@ <UNDEFINED> instruction: 0x87802c71
87800158:	00001e41 	andeq	r1, r0, r1, asr #28
8780015c:	61656100 	cmnvs	r5, r0, lsl #2
87800160:	01006962 	tsteq	r0, r2, ror #18
87800164:	00000014 	andeq	r0, r0, r4, lsl r0
87800168:	412d3705 			@ <UNDEFINED> instruction: 0x412d3705
8780016c:	070a0600 	streq	r0, [sl, -r0, lsl #12]
87800170:	09010841 	stmdbeq	r1, {r0, r6, fp}
87800174:	00040a02 	andeq	r0, r4, r2, lsl #20
87800178:	8780859c 			@ <UNDEFINED> instruction: 0x8780859c
8780017c:	87802999 			@ <UNDEFINED> instruction: 0x87802999
87800180:	878093ac 	strhi	r9, [r0, ip, lsr #7]

87800184 <_GLOBAL_OFFSET_TABLE_>:
	...

87800190 <__umodsi3>:
87800190:	e2512001 	subs	r2, r1, #1
87800194:	3a000062 	bcc	87800324 <Ldiv0>
87800198:	11500001 	cmpne	r0, r1
8780019c:	03a00000 	moveq	r0, #0
878001a0:	81110002 	tsthi	r1, r2
878001a4:	00000002 	andeq	r0, r0, r2
878001a8:	91a0f00e 	movls	pc, lr
878001ac:	e3a02000 	mov	r2, #0
878001b0:	e3510201 	cmp	r1, #268435456	@ 0x10000000
878001b4:	31510000 	cmpcc	r1, r0
878001b8:	31a01201 	lslcc	r1, r1, #4
878001bc:	32822004 	addcc	r2, r2, #4
878001c0:	3afffffa 	bcc	878001b0 <__umodsi3+0x20>
878001c4:	e3510102 	cmp	r1, #-2147483648	@ 0x80000000
878001c8:	31510000 	cmpcc	r1, r0
878001cc:	31a01081 	lslcc	r1, r1, #1
878001d0:	32822001 	addcc	r2, r2, #1
878001d4:	3afffffa 	bcc	878001c4 <__umodsi3+0x34>
878001d8:	e2522003 	subs	r2, r2, #3
878001dc:	ba00000e 	blt	8780021c <__umodsi3+0x8c>
878001e0:	e1500001 	cmp	r0, r1
878001e4:	20400001 	subcs	r0, r0, r1
878001e8:	e15000a1 	cmp	r0, r1, lsr #1
878001ec:	204000a1 	subcs	r0, r0, r1, lsr #1
878001f0:	e1500121 	cmp	r0, r1, lsr #2
878001f4:	20400121 	subcs	r0, r0, r1, lsr #2
878001f8:	e15001a1 	cmp	r0, r1, lsr #3
878001fc:	204001a1 	subcs	r0, r0, r1, lsr #3
87800200:	e3500001 	cmp	r0, #1
87800204:	e1a01221 	lsr	r1, r1, #4
87800208:	a2522004 	subsge	r2, r2, #4
8780020c:	aafffff3 	bge	878001e0 <__umodsi3+0x50>
87800210:	e3120003 	tst	r2, #3
87800214:	13300000 	teqne	r0, #0
87800218:	0a00000a 	beq	87800248 <__umodsi3+0xb8>
8780021c:	e3720002 	cmn	r2, #2
87800220:	ba000006 	blt	87800240 <__umodsi3+0xb0>
87800224:	0a000002 	beq	87800234 <__umodsi3+0xa4>
87800228:	e1500001 	cmp	r0, r1
8780022c:	20400001 	subcs	r0, r0, r1
87800230:	e1a010a1 	lsr	r1, r1, #1
87800234:	e1500001 	cmp	r0, r1
87800238:	20400001 	subcs	r0, r0, r1
8780023c:	e1a010a1 	lsr	r1, r1, #1
87800240:	e1500001 	cmp	r0, r1
87800244:	20400001 	subcs	r0, r0, r1
87800248:	e1a0f00e 	mov	pc, lr
8780024c:	90909090 	umullsls	r9, r0, r0, r0

87800250 <__modsi3>:
87800250:	e3510000 	cmp	r1, #0
87800254:	0a000032 	beq	87800324 <Ldiv0>
87800258:	42611000 	rsbmi	r1, r1, #0
8780025c:	e1b0c000 	movs	ip, r0
87800260:	42600000 	rsbmi	r0, r0, #0
87800264:	e2512001 	subs	r2, r1, #1
87800268:	11500001 	cmpne	r0, r1
8780026c:	03a00000 	moveq	r0, #0
87800270:	81110002 	tsthi	r1, r2
87800274:	00000002 	andeq	r0, r0, r2
87800278:	9a000026 	bls	87800318 <__modsi3+0xc8>
8780027c:	e3a02000 	mov	r2, #0
87800280:	e3510201 	cmp	r1, #268435456	@ 0x10000000
87800284:	31510000 	cmpcc	r1, r0
87800288:	31a01201 	lslcc	r1, r1, #4
8780028c:	32822004 	addcc	r2, r2, #4
87800290:	3afffffa 	bcc	87800280 <__modsi3+0x30>
87800294:	e3510102 	cmp	r1, #-2147483648	@ 0x80000000
87800298:	31510000 	cmpcc	r1, r0
8780029c:	31a01081 	lslcc	r1, r1, #1
878002a0:	32822001 	addcc	r2, r2, #1
878002a4:	3afffffa 	bcc	87800294 <__modsi3+0x44>
878002a8:	e2522003 	subs	r2, r2, #3
878002ac:	ba00000e 	blt	878002ec <__modsi3+0x9c>
878002b0:	e1500001 	cmp	r0, r1
878002b4:	20400001 	subcs	r0, r0, r1
878002b8:	e15000a1 	cmp	r0, r1, lsr #1
878002bc:	204000a1 	subcs	r0, r0, r1, lsr #1
878002c0:	e1500121 	cmp	r0, r1, lsr #2
878002c4:	20400121 	subcs	r0, r0, r1, lsr #2
878002c8:	e15001a1 	cmp	r0, r1, lsr #3
878002cc:	204001a1 	subcs	r0, r0, r1, lsr #3
878002d0:	e3500001 	cmp	r0, #1
878002d4:	e1a01221 	lsr	r1, r1, #4
878002d8:	a2522004 	subsge	r2, r2, #4
878002dc:	aafffff3 	bge	878002b0 <__modsi3+0x60>
878002e0:	e3120003 	tst	r2, #3
878002e4:	13300000 	teqne	r0, #0
878002e8:	0a00000a 	beq	87800318 <__modsi3+0xc8>
878002ec:	e3720002 	cmn	r2, #2
878002f0:	ba000006 	blt	87800310 <__modsi3+0xc0>
878002f4:	0a000002 	beq	87800304 <__modsi3+0xb4>
878002f8:	e1500001 	cmp	r0, r1
878002fc:	20400001 	subcs	r0, r0, r1
87800300:	e1a010a1 	lsr	r1, r1, #1
87800304:	e1500001 	cmp	r0, r1
87800308:	20400001 	subcs	r0, r0, r1
8780030c:	e1a010a1 	lsr	r1, r1, #1
87800310:	e1500001 	cmp	r0, r1
87800314:	20400001 	subcs	r0, r0, r1
87800318:	e35c0000 	cmp	ip, #0
8780031c:	42600000 	rsbmi	r0, r0, #0
87800320:	e1a0f00e 	mov	pc, lr

87800324 <Ldiv0>:
87800324:	e52de004 	push	{lr}		@ (str lr, [sp, #-4]!)
87800328:	e3a00000 	mov	r0, #0
8780032c:	e49df004 	pop	{pc}		@ (ldr pc, [sp], #4)

87800330 <__div64_32>:
87800330:	e92d 43f0 	stmdb	sp!, {r4, r5, r6, r7, r8, r9, lr}
87800334:	f04f 0800 	mov.w	r8, #0
87800338:	6846      	ldr	r6, [r0, #4]
8780033a:	6805      	ldr	r5, [r0, #0]
8780033c:	4607      	mov	r7, r0
8780033e:	42b1      	cmp	r1, r6
87800340:	b083      	sub	sp, #12
87800342:	4689      	mov	r9, r1
87800344:	460b      	mov	r3, r1
87800346:	4644      	mov	r4, r8
87800348:	bf84      	itt	hi
8780034a:	4640      	movhi	r0, r8
8780034c:	46c6      	movhi	lr, r8
8780034e:	d808      	bhi.n	87800362 <__div64_32+0x32>
87800350:	4630      	mov	r0, r6
87800352:	9101      	str	r1, [sp, #4]
87800354:	f003 facc 	bl	878038f0 <__udivsi3>
87800358:	464b      	mov	r3, r9
8780035a:	fb00 6619 	mls	r6, r0, r9, r6
8780035e:	4686      	mov	lr, r0
87800360:	4640      	mov	r0, r8
87800362:	45a9      	cmp	r9, r5
87800364:	f04f 0201 	mov.w	r2, #1
87800368:	eb78 0806 	sbcs.w	r8, r8, r6
8780036c:	bf34      	ite	cc
8780036e:	f04f 0801 	movcc.w	r8, #1
87800372:	f04f 0800 	movcs.w	r8, #0
87800376:	f1b9 0f00 	cmp.w	r9, #0
8780037a:	bf0c      	ite	eq
8780037c:	f04f 0800 	moveq.w	r8, #0
87800380:	f008 0801 	andne.w	r8, r8, #1
87800384:	f1b8 0f00 	cmp.w	r8, #0
87800388:	d016      	beq.n	878003b8 <__div64_32+0x88>
8780038a:	f04f 0800 	mov.w	r8, #0
8780038e:	18db      	adds	r3, r3, r3
87800390:	4164      	adcs	r4, r4
87800392:	1892      	adds	r2, r2, r2
87800394:	eb48 0c08 	adc.w	ip, r8, r8
87800398:	2b01      	cmp	r3, #1
8780039a:	f174 0100 	sbcs.w	r1, r4, #0
8780039e:	bfac      	ite	ge
878003a0:	2101      	movge	r1, #1
878003a2:	2100      	movlt	r1, #0
878003a4:	42ab      	cmp	r3, r5
878003a6:	f001 0101 	and.w	r1, r1, #1
878003aa:	eb74 0806 	sbcs.w	r8, r4, r6
878003ae:	46e0      	mov	r8, ip
878003b0:	bf28      	it	cs
878003b2:	2100      	movcs	r1, #0
878003b4:	2900      	cmp	r1, #0
878003b6:	d1ea      	bne.n	8780038e <__div64_32+0x5e>
878003b8:	429d      	cmp	r5, r3
878003ba:	ea4f 0c52 	mov.w	ip, r2, lsr #1
878003be:	ea4f 0153 	mov.w	r1, r3, lsr #1
878003c2:	eb76 0904 	sbcs.w	r9, r6, r4
878003c6:	d306      	bcc.n	878003d6 <__div64_32+0xa6>
878003c8:	1aed      	subs	r5, r5, r3
878003ca:	eb66 0604 	sbc.w	r6, r6, r4
878003ce:	1812      	adds	r2, r2, r0
878003d0:	eb48 0e0e 	adc.w	lr, r8, lr
878003d4:	4610      	mov	r0, r2
878003d6:	ea4c 72c8 	orr.w	r2, ip, r8, lsl #31
878003da:	ea4f 0858 	mov.w	r8, r8, lsr #1
878003de:	ea41 73c4 	orr.w	r3, r1, r4, lsl #31
878003e2:	0864      	lsrs	r4, r4, #1
878003e4:	ea52 0108 	orrs.w	r1, r2, r8
878003e8:	d1e6      	bne.n	878003b8 <__div64_32+0x88>
878003ea:	e9c7 0e00 	strd	r0, lr, [r7]
878003ee:	4628      	mov	r0, r5
878003f0:	b003      	add	sp, #12
878003f2:	e8bd 83f0 	ldmia.w	sp!, {r4, r5, r6, r7, r8, r9, pc}
878003f6:	bf00      	nop

878003f8 <__muldi3>:
878003f8:	b570      	push	{r4, r5, r6, lr}
878003fa:	ea4f 4410 	mov.w	r4, r0, lsr #16
878003fe:	ea4f 4c12 	mov.w	ip, r2, lsr #16
87800402:	ea20 4504 	bic.w	r5, r0, r4, lsl #16
87800406:	ea22 460c 	bic.w	r6, r2, ip, lsl #16
8780040a:	fb05 fe06 	mul.w	lr, r5, r6
8780040e:	fb04 f606 	mul.w	r6, r4, r6
87800412:	fb0c f505 	mul.w	r5, ip, r5
87800416:	fb04 fc0c 	mul.w	ip, r4, ip
8780041a:	1975      	adds	r5, r6, r5
8780041c:	bf28      	it	cs
8780041e:	f50c 3c80 	addcs.w	ip, ip, #65536	@ 0x10000
87800422:	eb1e 4e05 	adds.w	lr, lr, r5, lsl #16
87800426:	eb4c 4c15 	adc.w	ip, ip, r5, lsr #16
8780042a:	fb03 c300 	mla	r3, r3, r0, ip
8780042e:	4670      	mov	r0, lr
87800430:	fb02 3101 	mla	r1, r2, r1, r3
87800434:	bd70      	pop	{r4, r5, r6, pc}
87800436:	bf00      	nop

87800438 <printf>:
87800438:	b40f      	push	{r0, r1, r2, r3}
8780043a:	e92d 41f0 	stmdb	sp!, {r4, r5, r6, r7, r8, lr}
8780043e:	2700      	movs	r7, #0
87800440:	f2c0 2702 	movt	r7, #514	@ 0x202
87800444:	aa06      	add	r2, sp, #24
87800446:	4e0d      	ldr	r6, [pc, #52]	@ (8780047c <printf+0x44>)
87800448:	2400      	movs	r4, #0
8780044a:	447e      	add	r6, pc
8780044c:	f852 1b04 	ldr.w	r1, [r2], #4
87800450:	4630      	mov	r0, r6
87800452:	f001 fd3f 	bl	87801ed4 <vsprintf>
87800456:	1e75      	subs	r5, r6, #1
87800458:	4680      	mov	r8, r0
8780045a:	e004      	b.n	87800466 <printf+0x2e>
8780045c:	3401      	adds	r4, #1
8780045e:	f815 1f01 	ldrb.w	r1, [r5, #1]!
87800462:	f003 fa2f 	bl	878038c4 <UART_Write>
87800466:	4630      	mov	r0, r6
87800468:	f000 f8f8 	bl	8780065c <strlen>
8780046c:	42a0      	cmp	r0, r4
8780046e:	4638      	mov	r0, r7
87800470:	d8f4      	bhi.n	8780045c <printf+0x24>
87800472:	4640      	mov	r0, r8
87800474:	e8bd 41f0 	ldmia.w	sp!, {r4, r5, r6, r7, r8, lr}
87800478:	b004      	add	sp, #16
8780047a:	4770      	bx	lr
8780047c:	00008252 	andeq	r8, r0, r2, asr r2

87800480 <scanf>:
87800480:	b40f      	push	{r0, r1, r2, r3}
87800482:	b5f8      	push	{r3, r4, r5, r6, r7, lr}
87800484:	2700      	movs	r7, #0
87800486:	f2c0 2702 	movt	r7, #514	@ 0x202
8780048a:	4d13      	ldr	r5, [pc, #76]	@ (878004d8 <scanf+0x58>)
8780048c:	2600      	movs	r6, #0
8780048e:	447d      	add	r5, pc
87800490:	f205 35ff 	addw	r5, r5, #1023	@ 0x3ff
87800494:	e002      	b.n	8780049c <scanf+0x1c>
87800496:	3601      	adds	r6, #1
87800498:	f805 4f01 	strb.w	r4, [r5, #1]!
8780049c:	4638      	mov	r0, r7
8780049e:	f003 fa09 	bl	878038b4 <UART_Read>
878004a2:	4604      	mov	r4, r0
878004a4:	4601      	mov	r1, r0
878004a6:	4638      	mov	r0, r7
878004a8:	f003 fa0c 	bl	878038c4 <UART_Write>
878004ac:	2c0a      	cmp	r4, #10
878004ae:	bf18      	it	ne
878004b0:	2c0d      	cmpne	r4, #13
878004b2:	d1f0      	bne.n	87800496 <scanf+0x16>
878004b4:	4809      	ldr	r0, [pc, #36]	@ (878004dc <scanf+0x5c>)
878004b6:	aa06      	add	r2, sp, #24
878004b8:	2300      	movs	r3, #0
878004ba:	4478      	add	r0, pc
878004bc:	4406      	add	r6, r0
878004be:	f852 1b04 	ldr.w	r1, [r2], #4
878004c2:	f500 6080 	add.w	r0, r0, #1024	@ 0x400
878004c6:	f886 3400 	strb.w	r3, [r6, #1024]	@ 0x400
878004ca:	f001 fd17 	bl	87801efc <vsscanf>
878004ce:	e8bd 40f8 	ldmia.w	sp!, {r3, r4, r5, r6, r7, lr}
878004d2:	b004      	add	sp, #16
878004d4:	4770      	bx	lr
878004d6:	bf00      	nop
878004d8:	0000820e 	andeq	r8, r0, lr, lsl #4
878004dc:	000081e2 	andeq	r8, r0, r2, ror #3

878004e0 <strnicmp>:
878004e0:	b530      	push	{r4, r5, lr}
878004e2:	460c      	mov	r4, r1
878004e4:	4916      	ldr	r1, [pc, #88]	@ (87800540 <strnicmp+0x60>)
878004e6:	4479      	add	r1, pc
878004e8:	b31a      	cbz	r2, 87800532 <strnicmp+0x52>
878004ea:	4402      	add	r2, r0
878004ec:	f100 3cff 	add.w	ip, r0, #4294967295	@ 0xffffffff
878004f0:	3c01      	subs	r4, #1
878004f2:	1e55      	subs	r5, r2, #1
878004f4:	e014      	b.n	87800520 <strnicmp+0x40>
878004f6:	b1db      	cbz	r3, 87800530 <strnicmp+0x50>
878004f8:	4298      	cmp	r0, r3
878004fa:	d00f      	beq.n	8780051c <strnicmp+0x3c>
878004fc:	588a      	ldr	r2, [r1, r2]
878004fe:	f812 e000 	ldrb.w	lr, [r2, r0]
87800502:	5cd2      	ldrb	r2, [r2, r3]
87800504:	f00e 0e01 	and.w	lr, lr, #1
87800508:	f002 0201 	and.w	r2, r2, #1
8780050c:	eb00 104e 	add.w	r0, r0, lr, lsl #5
87800510:	eb03 1342 	add.w	r3, r3, r2, lsl #5
87800514:	b2c0      	uxtb	r0, r0
87800516:	b2db      	uxtb	r3, r3
87800518:	4283      	cmp	r3, r0
8780051a:	d10e      	bne.n	8780053a <strnicmp+0x5a>
8780051c:	4565      	cmp	r5, ip
8780051e:	d00a      	beq.n	87800536 <strnicmp+0x56>
87800520:	f81c 0f01 	ldrb.w	r0, [ip, #1]!
87800524:	4a07      	ldr	r2, [pc, #28]	@ (87800544 <strnicmp+0x64>)
87800526:	f814 3f01 	ldrb.w	r3, [r4, #1]!
8780052a:	2800      	cmp	r0, #0
8780052c:	d1e3      	bne.n	878004f6 <strnicmp+0x16>
8780052e:	4258      	negs	r0, r3
87800530:	bd30      	pop	{r4, r5, pc}
87800532:	4610      	mov	r0, r2
87800534:	bd30      	pop	{r4, r5, pc}
87800536:	2000      	movs	r0, #0
87800538:	bd30      	pop	{r4, r5, pc}
8780053a:	1ac0      	subs	r0, r0, r3
8780053c:	bd30      	pop	{r4, r5, pc}
8780053e:	bf00      	nop
87800540:	fffffb16 			@ <UNDEFINED> instruction: 0xfffffb16
87800544:	00000178 	andeq	r0, r0, r8, ror r1

87800548 <strcpy>:
87800548:	1e42      	subs	r2, r0, #1
8780054a:	f811 3b01 	ldrb.w	r3, [r1], #1
8780054e:	f802 3f01 	strb.w	r3, [r2, #1]!
87800552:	2b00      	cmp	r3, #0
87800554:	d1f9      	bne.n	8780054a <strcpy+0x2>
87800556:	4770      	bx	lr

87800558 <strncpy>:
87800558:	f100 3cff 	add.w	ip, r0, #4294967295	@ 0xffffffff
8780055c:	440a      	add	r2, r1
8780055e:	e004      	b.n	8780056a <strncpy+0x12>
87800560:	f811 3b01 	ldrb.w	r3, [r1], #1
87800564:	f80c 3f01 	strb.w	r3, [ip, #1]!
87800568:	b10b      	cbz	r3, 8780056e <strncpy+0x16>
8780056a:	4291      	cmp	r1, r2
8780056c:	d1f8      	bne.n	87800560 <strncpy+0x8>
8780056e:	4770      	bx	lr

87800570 <strcat>:
87800570:	7803      	ldrb	r3, [r0, #0]
87800572:	b163      	cbz	r3, 8780058e <strcat+0x1e>
87800574:	4603      	mov	r3, r0
87800576:	f813 2f01 	ldrb.w	r2, [r3, #1]!
8780057a:	2a00      	cmp	r2, #0
8780057c:	d1fb      	bne.n	87800576 <strcat+0x6>
8780057e:	3b01      	subs	r3, #1
87800580:	f811 2b01 	ldrb.w	r2, [r1], #1
87800584:	f803 2f01 	strb.w	r2, [r3, #1]!
87800588:	2a00      	cmp	r2, #0
8780058a:	d1f9      	bne.n	87800580 <strcat+0x10>
8780058c:	4770      	bx	lr
8780058e:	4603      	mov	r3, r0
87800590:	e7f5      	b.n	8780057e <strcat+0xe>
87800592:	bf00      	nop

87800594 <strncat>:
87800594:	4694      	mov	ip, r2
87800596:	b192      	cbz	r2, 878005be <strncat+0x2a>
87800598:	7803      	ldrb	r3, [r0, #0]
8780059a:	b1a3      	cbz	r3, 878005c6 <strncat+0x32>
8780059c:	4603      	mov	r3, r0
8780059e:	f813 2f01 	ldrb.w	r2, [r3, #1]!
878005a2:	2a00      	cmp	r2, #0
878005a4:	d1fb      	bne.n	8780059e <strncat+0xa>
878005a6:	3901      	subs	r1, #1
878005a8:	449c      	add	ip, r3
878005aa:	e001      	b.n	878005b0 <strncat+0x1c>
878005ac:	4563      	cmp	r3, ip
878005ae:	d007      	beq.n	878005c0 <strncat+0x2c>
878005b0:	f811 2f01 	ldrb.w	r2, [r1, #1]!
878005b4:	3301      	adds	r3, #1
878005b6:	f803 2c01 	strb.w	r2, [r3, #-1]
878005ba:	2a00      	cmp	r2, #0
878005bc:	d1f6      	bne.n	878005ac <strncat+0x18>
878005be:	4770      	bx	lr
878005c0:	2200      	movs	r2, #0
878005c2:	701a      	strb	r2, [r3, #0]
878005c4:	4770      	bx	lr
878005c6:	4603      	mov	r3, r0
878005c8:	e7ed      	b.n	878005a6 <strncat+0x12>
878005ca:	bf00      	nop

878005cc <strcmp>:
878005cc:	1e42      	subs	r2, r0, #1
878005ce:	3901      	subs	r1, #1
878005d0:	e000      	b.n	878005d4 <strcmp+0x8>
878005d2:	b13b      	cbz	r3, 878005e4 <strcmp+0x18>
878005d4:	f812 3f01 	ldrb.w	r3, [r2, #1]!
878005d8:	f811 0f01 	ldrb.w	r0, [r1, #1]!
878005dc:	1a18      	subs	r0, r3, r0
878005de:	b240      	sxtb	r0, r0
878005e0:	2800      	cmp	r0, #0
878005e2:	d0f6      	beq.n	878005d2 <strcmp+0x6>
878005e4:	4770      	bx	lr
878005e6:	bf00      	nop

878005e8 <strncmp>:
878005e8:	b18a      	cbz	r2, 8780060e <strncmp+0x26>
878005ea:	3a01      	subs	r2, #1
878005ec:	1e43      	subs	r3, r0, #1
878005ee:	3901      	subs	r1, #1
878005f0:	eb00 0c02 	add.w	ip, r0, r2
878005f4:	e002      	b.n	878005fc <strncmp+0x14>
878005f6:	b152      	cbz	r2, 8780060e <strncmp+0x26>
878005f8:	4563      	cmp	r3, ip
878005fa:	d00a      	beq.n	87800612 <strncmp+0x2a>
878005fc:	f813 2f01 	ldrb.w	r2, [r3, #1]!
87800600:	f811 0f01 	ldrb.w	r0, [r1, #1]!
87800604:	1a10      	subs	r0, r2, r0
87800606:	b240      	sxtb	r0, r0
87800608:	2800      	cmp	r0, #0
8780060a:	d0f4      	beq.n	878005f6 <strncmp+0xe>
8780060c:	4770      	bx	lr
8780060e:	4610      	mov	r0, r2
87800610:	4770      	bx	lr
87800612:	4770      	bx	lr

87800614 <strchr>:
87800614:	7803      	ldrb	r3, [r0, #0]
87800616:	b2c9      	uxtb	r1, r1
87800618:	428b      	cmp	r3, r1
8780061a:	d006      	beq.n	8780062a <strchr+0x16>
8780061c:	b123      	cbz	r3, 87800628 <strchr+0x14>
8780061e:	f810 3f01 	ldrb.w	r3, [r0, #1]!
87800622:	428b      	cmp	r3, r1
87800624:	d1fa      	bne.n	8780061c <strchr+0x8>
87800626:	4770      	bx	lr
87800628:	4618      	mov	r0, r3
8780062a:	4770      	bx	lr

8780062c <strrchr>:
8780062c:	7803      	ldrb	r3, [r0, #0]
8780062e:	b19b      	cbz	r3, 87800658 <strrchr+0x2c>
87800630:	4603      	mov	r3, r0
87800632:	f813 2f01 	ldrb.w	r2, [r3, #1]!
87800636:	2a00      	cmp	r2, #0
87800638:	d1fb      	bne.n	87800632 <strrchr+0x6>
8780063a:	b2c9      	uxtb	r1, r1
8780063c:	e001      	b.n	87800642 <strrchr+0x16>
8780063e:	4298      	cmp	r0, r3
87800640:	d807      	bhi.n	87800652 <strrchr+0x26>
87800642:	f893 c000 	ldrb.w	ip, [r3]
87800646:	461a      	mov	r2, r3
87800648:	3b01      	subs	r3, #1
8780064a:	458c      	cmp	ip, r1
8780064c:	d1f7      	bne.n	8780063e <strrchr+0x12>
8780064e:	4610      	mov	r0, r2
87800650:	4770      	bx	lr
87800652:	2200      	movs	r2, #0
87800654:	4610      	mov	r0, r2
87800656:	4770      	bx	lr
87800658:	4603      	mov	r3, r0
8780065a:	e7ee      	b.n	8780063a <strrchr+0xe>

8780065c <strlen>:
8780065c:	7803      	ldrb	r3, [r0, #0]
8780065e:	b133      	cbz	r3, 8780066e <strlen+0x12>
87800660:	4603      	mov	r3, r0
87800662:	f813 2f01 	ldrb.w	r2, [r3, #1]!
87800666:	2a00      	cmp	r2, #0
87800668:	d1fb      	bne.n	87800662 <strlen+0x6>
8780066a:	1a18      	subs	r0, r3, r0
8780066c:	4770      	bx	lr
8780066e:	4618      	mov	r0, r3
87800670:	4770      	bx	lr
87800672:	bf00      	nop

87800674 <strnlen>:
87800674:	4603      	mov	r3, r0
87800676:	eb00 0c01 	add.w	ip, r0, r1
8780067a:	b919      	cbnz	r1, 87800684 <strnlen+0x10>
8780067c:	e007      	b.n	8780068e <strnlen+0x1a>
8780067e:	3301      	adds	r3, #1
87800680:	459c      	cmp	ip, r3
87800682:	d004      	beq.n	8780068e <strnlen+0x1a>
87800684:	781a      	ldrb	r2, [r3, #0]
87800686:	2a00      	cmp	r2, #0
87800688:	d1f9      	bne.n	8780067e <strnlen+0xa>
8780068a:	1a18      	subs	r0, r3, r0
8780068c:	4770      	bx	lr
8780068e:	4608      	mov	r0, r1
87800690:	4770      	bx	lr
87800692:	bf00      	nop

87800694 <strspn>:
87800694:	b510      	push	{r4, lr}
87800696:	460c      	mov	r4, r1
87800698:	7801      	ldrb	r1, [r0, #0]
8780069a:	b1b9      	cbz	r1, 878006cc <strspn+0x38>
8780069c:	f894 e000 	ldrb.w	lr, [r4]
878006a0:	f1be 0f00 	cmp.w	lr, #0
878006a4:	d101      	bne.n	878006aa <strspn+0x16>
878006a6:	4670      	mov	r0, lr
878006a8:	bd10      	pop	{r4, pc}
878006aa:	4684      	mov	ip, r0
878006ac:	2000      	movs	r0, #0
878006ae:	4622      	mov	r2, r4
878006b0:	4673      	mov	r3, lr
878006b2:	e003      	b.n	878006bc <strspn+0x28>
878006b4:	f812 3f01 	ldrb.w	r3, [r2, #1]!
878006b8:	2b00      	cmp	r3, #0
878006ba:	d0f5      	beq.n	878006a8 <strspn+0x14>
878006bc:	4299      	cmp	r1, r3
878006be:	d1f9      	bne.n	878006b4 <strspn+0x20>
878006c0:	f81c 1f01 	ldrb.w	r1, [ip, #1]!
878006c4:	3001      	adds	r0, #1
878006c6:	2900      	cmp	r1, #0
878006c8:	d1f1      	bne.n	878006ae <strspn+0x1a>
878006ca:	bd10      	pop	{r4, pc}
878006cc:	4608      	mov	r0, r1
878006ce:	bd10      	pop	{r4, pc}

878006d0 <strpbrk>:
878006d0:	f890 c000 	ldrb.w	ip, [r0]
878006d4:	f1bc 0f00 	cmp.w	ip, #0
878006d8:	d01d      	beq.n	87800716 <strpbrk+0x46>
878006da:	b500      	push	{lr}
878006dc:	f891 e000 	ldrb.w	lr, [r1]
878006e0:	f1be 0f00 	cmp.w	lr, #0
878006e4:	d012      	beq.n	8780070c <strpbrk+0x3c>
878006e6:	460a      	mov	r2, r1
878006e8:	4673      	mov	r3, lr
878006ea:	e002      	b.n	878006f2 <strpbrk+0x22>
878006ec:	f812 3f01 	ldrb.w	r3, [r2, #1]!
878006f0:	b113      	cbz	r3, 878006f8 <strpbrk+0x28>
878006f2:	4563      	cmp	r3, ip
878006f4:	d1fa      	bne.n	878006ec <strpbrk+0x1c>
878006f6:	bd00      	pop	{pc}
878006f8:	f810 cf01 	ldrb.w	ip, [r0, #1]!
878006fc:	f1bc 0f00 	cmp.w	ip, #0
87800700:	d1f1      	bne.n	878006e6 <strpbrk+0x16>
87800702:	4660      	mov	r0, ip
87800704:	bd00      	pop	{pc}
87800706:	f810 3f02 	ldrb.w	r3, [r0, #2]!
8780070a:	b113      	cbz	r3, 87800712 <strpbrk+0x42>
8780070c:	7843      	ldrb	r3, [r0, #1]
8780070e:	2b00      	cmp	r3, #0
87800710:	d1f9      	bne.n	87800706 <strpbrk+0x36>
87800712:	4618      	mov	r0, r3
87800714:	bd00      	pop	{pc}
87800716:	4660      	mov	r0, ip
87800718:	4770      	bx	lr
8780071a:	bf00      	nop

8780071c <strtok>:
8780071c:	b530      	push	{r4, r5, lr}
8780071e:	460c      	mov	r4, r1
87800720:	4605      	mov	r5, r0
87800722:	2800      	cmp	r0, #0
87800724:	d047      	beq.n	878007b6 <strtok+0x9a>
87800726:	7828      	ldrb	r0, [r5, #0]
87800728:	2800      	cmp	r0, #0
8780072a:	d03e      	beq.n	878007aa <strtok+0x8e>
8780072c:	7821      	ldrb	r1, [r4, #0]
8780072e:	468c      	mov	ip, r1
87800730:	bb11      	cbnz	r1, 87800778 <strtok+0x5c>
87800732:	eb05 000c 	add.w	r0, r5, ip
87800736:	f815 c00c 	ldrb.w	ip, [r5, ip]
8780073a:	f1bc 0f00 	cmp.w	ip, #0
8780073e:	d034      	beq.n	878007aa <strtok+0x8e>
87800740:	4603      	mov	r3, r0
87800742:	2900      	cmp	r1, #0
87800744:	d041      	beq.n	878007ca <strtok+0xae>
87800746:	4605      	mov	r5, r0
87800748:	4622      	mov	r2, r4
8780074a:	460b      	mov	r3, r1
8780074c:	e002      	b.n	87800754 <strtok+0x38>
8780074e:	f812 3f01 	ldrb.w	r3, [r2, #1]!
87800752:	b153      	cbz	r3, 8780076a <strtok+0x4e>
87800754:	4563      	cmp	r3, ip
87800756:	d1fa      	bne.n	8780074e <strtok+0x32>
87800758:	782b      	ldrb	r3, [r5, #0]
8780075a:	b113      	cbz	r3, 87800762 <strtok+0x46>
8780075c:	2300      	movs	r3, #0
8780075e:	f805 3b01 	strb.w	r3, [r5], #1
87800762:	4b1c      	ldr	r3, [pc, #112]	@ (878007d4 <strtok+0xb8>)
87800764:	447b      	add	r3, pc
87800766:	601d      	str	r5, [r3, #0]
87800768:	bd30      	pop	{r4, r5, pc}
8780076a:	f815 cf01 	ldrb.w	ip, [r5, #1]!
8780076e:	f1bc 0f00 	cmp.w	ip, #0
87800772:	d1e9      	bne.n	87800748 <strtok+0x2c>
87800774:	4665      	mov	r5, ip
87800776:	e7f4      	b.n	87800762 <strtok+0x46>
87800778:	46ae      	mov	lr, r5
8780077a:	f04f 0c00 	mov.w	ip, #0
8780077e:	4622      	mov	r2, r4
87800780:	460b      	mov	r3, r1
87800782:	e003      	b.n	8780078c <strtok+0x70>
87800784:	f812 3f01 	ldrb.w	r3, [r2, #1]!
87800788:	2b00      	cmp	r3, #0
8780078a:	d0d2      	beq.n	87800732 <strtok+0x16>
8780078c:	4283      	cmp	r3, r0
8780078e:	d1f9      	bne.n	87800784 <strtok+0x68>
87800790:	f81e 0f01 	ldrb.w	r0, [lr, #1]!
87800794:	f10c 0c01 	add.w	ip, ip, #1
87800798:	2800      	cmp	r0, #0
8780079a:	d1f0      	bne.n	8780077e <strtok+0x62>
8780079c:	eb05 000c 	add.w	r0, r5, ip
878007a0:	f815 c00c 	ldrb.w	ip, [r5, ip]
878007a4:	f1bc 0f00 	cmp.w	ip, #0
878007a8:	d1ca      	bne.n	87800740 <strtok+0x24>
878007aa:	4b0b      	ldr	r3, [pc, #44]	@ (878007d8 <strtok+0xbc>)
878007ac:	2200      	movs	r2, #0
878007ae:	447b      	add	r3, pc
878007b0:	601a      	str	r2, [r3, #0]
878007b2:	2000      	movs	r0, #0
878007b4:	bd30      	pop	{r4, r5, pc}
878007b6:	4b09      	ldr	r3, [pc, #36]	@ (878007dc <strtok+0xc0>)
878007b8:	447b      	add	r3, pc
878007ba:	681d      	ldr	r5, [r3, #0]
878007bc:	2d00      	cmp	r5, #0
878007be:	d1b2      	bne.n	87800726 <strtok+0xa>
878007c0:	e7f7      	b.n	878007b2 <strtok+0x96>
878007c2:	f813 5f02 	ldrb.w	r5, [r3, #2]!
878007c6:	2d00      	cmp	r5, #0
878007c8:	d0cb      	beq.n	87800762 <strtok+0x46>
878007ca:	785d      	ldrb	r5, [r3, #1]
878007cc:	2d00      	cmp	r5, #0
878007ce:	d1f8      	bne.n	878007c2 <strtok+0xa6>
878007d0:	e7c7      	b.n	87800762 <strtok+0x46>
878007d2:	bf00      	nop
878007d4:	00008738 	andeq	r8, r0, r8, lsr r7
878007d8:	000086ee 	andeq	r8, r0, lr, ror #13
878007dc:	000086e4 	andeq	r8, r0, r4, ror #13

878007e0 <strsep>:
878007e0:	b530      	push	{r4, r5, lr}
878007e2:	4605      	mov	r5, r0
878007e4:	6800      	ldr	r0, [r0, #0]
878007e6:	b1a0      	cbz	r0, 87800812 <strsep+0x32>
878007e8:	f890 c000 	ldrb.w	ip, [r0]
878007ec:	f1bc 0f00 	cmp.w	ip, #0
878007f0:	d015      	beq.n	8780081e <strsep+0x3e>
878007f2:	780c      	ldrb	r4, [r1, #0]
878007f4:	b1ac      	cbz	r4, 87800822 <strsep+0x42>
878007f6:	4686      	mov	lr, r0
878007f8:	460a      	mov	r2, r1
878007fa:	4623      	mov	r3, r4
878007fc:	e002      	b.n	87800804 <strsep+0x24>
878007fe:	f812 3f01 	ldrb.w	r3, [r2, #1]!
87800802:	b13b      	cbz	r3, 87800814 <strsep+0x34>
87800804:	4563      	cmp	r3, ip
87800806:	d1fa      	bne.n	878007fe <strsep+0x1e>
87800808:	4673      	mov	r3, lr
8780080a:	2200      	movs	r2, #0
8780080c:	f803 2b01 	strb.w	r2, [r3], #1
87800810:	602b      	str	r3, [r5, #0]
87800812:	bd30      	pop	{r4, r5, pc}
87800814:	f81e cf01 	ldrb.w	ip, [lr, #1]!
87800818:	f1bc 0f00 	cmp.w	ip, #0
8780081c:	d1ec      	bne.n	878007f8 <strsep+0x18>
8780081e:	4663      	mov	r3, ip
87800820:	e7f6      	b.n	87800810 <strsep+0x30>
87800822:	4602      	mov	r2, r0
87800824:	e003      	b.n	8780082e <strsep+0x4e>
87800826:	f812 3f02 	ldrb.w	r3, [r2, #2]!
8780082a:	2b00      	cmp	r3, #0
8780082c:	d0f0      	beq.n	87800810 <strsep+0x30>
8780082e:	7853      	ldrb	r3, [r2, #1]
87800830:	2b00      	cmp	r3, #0
87800832:	d1f8      	bne.n	87800826 <strsep+0x46>
87800834:	e7ec      	b.n	87800810 <strsep+0x30>
87800836:	bf00      	nop

87800838 <memset>:
87800838:	b12a      	cbz	r2, 87800846 <memset+0xe>
8780083a:	4402      	add	r2, r0
8780083c:	4603      	mov	r3, r0
8780083e:	f803 1b01 	strb.w	r1, [r3], #1
87800842:	429a      	cmp	r2, r3
87800844:	d1fb      	bne.n	8780083e <memset+0x6>
87800846:	4770      	bx	lr

87800848 <bcopy>:
87800848:	b13a      	cbz	r2, 8780085a <bcopy+0x12>
8780084a:	3901      	subs	r1, #1
8780084c:	4402      	add	r2, r0
8780084e:	f810 3b01 	ldrb.w	r3, [r0], #1
87800852:	f801 3f01 	strb.w	r3, [r1, #1]!
87800856:	4290      	cmp	r0, r2
87800858:	d1f9      	bne.n	8780084e <bcopy+0x6>
8780085a:	4770      	bx	lr

8780085c <memcpy>:
8780085c:	b13a      	cbz	r2, 8780086e <memcpy+0x12>
8780085e:	1e43      	subs	r3, r0, #1
87800860:	440a      	add	r2, r1
87800862:	f811 cb01 	ldrb.w	ip, [r1], #1
87800866:	f803 cf01 	strb.w	ip, [r3, #1]!
8780086a:	4291      	cmp	r1, r2
8780086c:	d1f9      	bne.n	87800862 <memcpy+0x6>
8780086e:	4770      	bx	lr

87800870 <memmove>:
87800870:	4288      	cmp	r0, r1
87800872:	d809      	bhi.n	87800888 <memmove+0x18>
87800874:	b18a      	cbz	r2, 8780089a <memmove+0x2a>
87800876:	1e43      	subs	r3, r0, #1
87800878:	440a      	add	r2, r1
8780087a:	f811 cb01 	ldrb.w	ip, [r1], #1
8780087e:	f803 cf01 	strb.w	ip, [r3, #1]!
87800882:	428a      	cmp	r2, r1
87800884:	d1f9      	bne.n	8780087a <memmove+0xa>
87800886:	4770      	bx	lr
87800888:	b13a      	cbz	r2, 8780089a <memmove+0x2a>
8780088a:	188b      	adds	r3, r1, r2
8780088c:	4402      	add	r2, r0
8780088e:	f813 cd01 	ldrb.w	ip, [r3, #-1]!
87800892:	f802 cd01 	strb.w	ip, [r2, #-1]!
87800896:	4299      	cmp	r1, r3
87800898:	d1f9      	bne.n	8780088e <memmove+0x1e>
8780089a:	4770      	bx	lr

8780089c <memcmp>:
8780089c:	b17a      	cbz	r2, 878008be <memcmp+0x22>
8780089e:	3a01      	subs	r2, #1
878008a0:	1e43      	subs	r3, r0, #1
878008a2:	3901      	subs	r1, #1
878008a4:	eb00 0c02 	add.w	ip, r0, r2
878008a8:	e001      	b.n	878008ae <memcmp+0x12>
878008aa:	459c      	cmp	ip, r3
878008ac:	d006      	beq.n	878008bc <memcmp+0x20>
878008ae:	f813 0f01 	ldrb.w	r0, [r3, #1]!
878008b2:	f811 2f01 	ldrb.w	r2, [r1, #1]!
878008b6:	1a80      	subs	r0, r0, r2
878008b8:	d0f7      	beq.n	878008aa <memcmp+0xe>
878008ba:	4770      	bx	lr
878008bc:	4770      	bx	lr
878008be:	4610      	mov	r0, r2
878008c0:	e7fb      	b.n	878008ba <memcmp+0x1e>
878008c2:	bf00      	nop

878008c4 <memscan>:
878008c4:	b152      	cbz	r2, 878008dc <memscan+0x18>
878008c6:	4603      	mov	r3, r0
878008c8:	4402      	add	r2, r0
878008ca:	e001      	b.n	878008d0 <memscan+0xc>
878008cc:	429a      	cmp	r2, r3
878008ce:	d006      	beq.n	878008de <memscan+0x1a>
878008d0:	f893 c000 	ldrb.w	ip, [r3]
878008d4:	4618      	mov	r0, r3
878008d6:	3301      	adds	r3, #1
878008d8:	458c      	cmp	ip, r1
878008da:	d1f7      	bne.n	878008cc <memscan+0x8>
878008dc:	4770      	bx	lr
878008de:	4610      	mov	r0, r2
878008e0:	4770      	bx	lr
878008e2:	bf00      	nop

878008e4 <strstr>:
878008e4:	b5f0      	push	{r4, r5, r6, r7, lr}
878008e6:	4604      	mov	r4, r0
878008e8:	780b      	ldrb	r3, [r1, #0]
878008ea:	b303      	cbz	r3, 8780092e <strstr+0x4a>
878008ec:	460b      	mov	r3, r1
878008ee:	f813 2f01 	ldrb.w	r2, [r3, #1]!
878008f2:	2a00      	cmp	r2, #0
878008f4:	d1fb      	bne.n	878008ee <strstr+0xa>
878008f6:	1a5e      	subs	r6, r3, r1
878008f8:	d019      	beq.n	8780092e <strstr+0x4a>
878008fa:	7823      	ldrb	r3, [r4, #0]
878008fc:	b12b      	cbz	r3, 8780090a <strstr+0x26>
878008fe:	4623      	mov	r3, r4
87800900:	f813 2f01 	ldrb.w	r2, [r3, #1]!
87800904:	2a00      	cmp	r2, #0
87800906:	d1fb      	bne.n	87800900 <strstr+0x1c>
87800908:	1b1b      	subs	r3, r3, r4
8780090a:	429e      	cmp	r6, r3
8780090c:	dc16      	bgt.n	8780093c <strstr+0x58>
8780090e:	19a0      	adds	r0, r4, r6
87800910:	1e4f      	subs	r7, r1, #1
87800912:	18e5      	adds	r5, r4, r3
87800914:	1e63      	subs	r3, r4, #1
87800916:	463a      	mov	r2, r7
87800918:	f813 cf01 	ldrb.w	ip, [r3, #1]!
8780091c:	f812 1f01 	ldrb.w	r1, [r2, #1]!
87800920:	eba0 0e03 	sub.w	lr, r0, r3
87800924:	458c      	cmp	ip, r1
87800926:	d104      	bne.n	87800932 <strstr+0x4e>
87800928:	f1be 0f01 	cmp.w	lr, #1
8780092c:	d1f4      	bne.n	87800918 <strstr+0x34>
8780092e:	4620      	mov	r0, r4
87800930:	bdf0      	pop	{r4, r5, r6, r7, pc}
87800932:	3401      	adds	r4, #1
87800934:	3001      	adds	r0, #1
87800936:	1b2b      	subs	r3, r5, r4
87800938:	429e      	cmp	r6, r3
8780093a:	ddeb      	ble.n	87800914 <strstr+0x30>
8780093c:	2400      	movs	r4, #0
8780093e:	4620      	mov	r0, r4
87800940:	bdf0      	pop	{r4, r5, r6, r7, pc}
87800942:	bf00      	nop

87800944 <memchr>:
87800944:	4402      	add	r2, r0
87800946:	b2c9      	uxtb	r1, r1
87800948:	e004      	b.n	87800954 <memchr+0x10>
8780094a:	f813 cb01 	ldrb.w	ip, [r3], #1
8780094e:	458c      	cmp	ip, r1
87800950:	d004      	beq.n	8780095c <memchr+0x18>
87800952:	4618      	mov	r0, r3
87800954:	4603      	mov	r3, r0
87800956:	4290      	cmp	r0, r2
87800958:	d1f7      	bne.n	8780094a <memchr+0x6>
8780095a:	2000      	movs	r0, #0
8780095c:	4770      	bx	lr
8780095e:	bf00      	nop

87800960 <number>:
87800960:	e92d 4ff0 	stmdb	sp!, {r4, r5, r6, r7, r8, r9, sl, fp, lr}
87800964:	4684      	mov	ip, r0
87800966:	b0a5      	sub	sp, #148	@ 0x94
87800968:	9c31      	ldr	r4, [sp, #196]	@ 0xc4
8780096a:	9d2e      	ldr	r5, [sp, #184]	@ 0xb8
8780096c:	f004 0920 	and.w	r9, r4, #32
87800970:	f004 0b10 	and.w	fp, r4, #16
87800974:	f3c4 1040 	ubfx	r0, r4, #5, #1
87800978:	2d0a      	cmp	r5, #10
8780097a:	bf0c      	ite	eq
8780097c:	2000      	moveq	r0, #0
8780097e:	f000 0001 	andne.w	r0, r0, #1
87800982:	f004 0502 	and.w	r5, r4, #2
87800986:	2800      	cmp	r0, #0
87800988:	f040 8100 	bne.w	87800b8c <number+0x22c>
8780098c:	f1bb 0f00 	cmp.w	fp, #0
87800990:	f000 80cf 	beq.w	87800b32 <number+0x1d2>
87800994:	f024 0001 	bic.w	r0, r4, #1
87800998:	9002      	str	r0, [sp, #8]
8780099a:	2d00      	cmp	r5, #0
8780099c:	f040 812e 	bne.w	87800bfc <number+0x29c>
878009a0:	ea52 0003 	orrs.w	r0, r2, r3
878009a4:	f000 8257 	beq.w	87800e56 <number+0x4f6>
878009a8:	2010      	movs	r0, #16
878009aa:	9501      	str	r5, [sp, #4]
878009ac:	9003      	str	r0, [sp, #12]
878009ae:	982e      	ldr	r0, [sp, #184]	@ 0xb8
878009b0:	280a      	cmp	r0, #10
878009b2:	f000 81c9 	beq.w	87800d48 <number+0x3e8>
878009b6:	2810      	cmp	r0, #16
878009b8:	f04f 0a00 	mov.w	sl, #0
878009bc:	bf0b      	itete	eq
878009be:	260f      	moveq	r6, #15
878009c0:	2607      	movne	r6, #7
878009c2:	2404      	moveq	r4, #4
878009c4:	2403      	movne	r4, #3
878009c6:	f8df 87ac 	ldr.w	r8, [pc, #1964]	@ 87801174 <number+0x814>
878009ca:	f10d 052b 	add.w	r5, sp, #43	@ 0x2b
878009ce:	f04f 0e00 	mov.w	lr, #0
878009d2:	f1c4 0720 	rsb	r7, r4, #32
878009d6:	44f8      	add	r8, pc
878009d8:	e9cd ab04 	strd	sl, fp, [sp, #16]
878009dc:	ea02 0a06 	and.w	sl, r2, r6
878009e0:	f1b4 0b20 	subs.w	fp, r4, #32
878009e4:	fa22 f204 	lsr.w	r2, r2, r4
878009e8:	4670      	mov	r0, lr
878009ea:	fa43 fb0b 	asr.w	fp, r3, fp
878009ee:	f10e 0e01 	add.w	lr, lr, #1
878009f2:	f818 a00a 	ldrb.w	sl, [r8, sl]
878009f6:	ea49 0a0a 	orr.w	sl, r9, sl
878009fa:	f805 af01 	strb.w	sl, [r5, #1]!
878009fe:	fa03 fa07 	lsl.w	sl, r3, r7
87800a02:	ea42 020a 	orr.w	r2, r2, sl
87800a06:	fa43 f304 	asr.w	r3, r3, r4
87800a0a:	bf58      	it	pl
87800a0c:	ea42 020b 	orrpl.w	r2, r2, fp
87800a10:	ea52 0a03 	orrs.w	sl, r2, r3
87800a14:	d1e2      	bne.n	878009dc <number+0x7c>
87800a16:	9b30      	ldr	r3, [sp, #192]	@ 0xc0
87800a18:	9c03      	ldr	r4, [sp, #12]
87800a1a:	9a2f      	ldr	r2, [sp, #188]	@ 0xbc
87800a1c:	4573      	cmp	r3, lr
87800a1e:	bfb8      	it	lt
87800a20:	4673      	movlt	r3, lr
87800a22:	e9dd ab04 	ldrd	sl, fp, [sp, #16]
87800a26:	1ad2      	subs	r2, r2, r3
87800a28:	b984      	cbnz	r4, 87800a4c <number+0xec>
87800a2a:	2a00      	cmp	r2, #0
87800a2c:	bfd8      	it	le
87800a2e:	f102 32ff 	addle.w	r2, r2, #4294967295	@ 0xffffffff
87800a32:	dd0b      	ble.n	87800a4c <number+0xec>
87800a34:	4462      	add	r2, ip
87800a36:	2420      	movs	r4, #32
87800a38:	4561      	cmp	r1, ip
87800a3a:	f10c 0c01 	add.w	ip, ip, #1
87800a3e:	bf88      	it	hi
87800a40:	f80c 4c01 	strbhi.w	r4, [ip, #-1]
87800a44:	4594      	cmp	ip, r2
87800a46:	d1f7      	bne.n	87800a38 <number+0xd8>
87800a48:	f04f 32ff 	mov.w	r2, #4294967295	@ 0xffffffff
87800a4c:	9c01      	ldr	r4, [sp, #4]
87800a4e:	b134      	cbz	r4, 87800a5e <number+0xfe>
87800a50:	4561      	cmp	r1, ip
87800a52:	f10c 0c01 	add.w	ip, ip, #1
87800a56:	bf84      	itt	hi
87800a58:	9c01      	ldrhi	r4, [sp, #4]
87800a5a:	f80c 4c01 	strbhi.w	r4, [ip, #-1]
87800a5e:	f1ba 0f00 	cmp.w	sl, #0
87800a62:	d00c      	beq.n	87800a7e <number+0x11e>
87800a64:	9d2e      	ldr	r5, [sp, #184]	@ 0xb8
87800a66:	4561      	cmp	r1, ip
87800a68:	bf84      	itt	hi
87800a6a:	2430      	movhi	r4, #48	@ 0x30
87800a6c:	f88c 4000 	strbhi.w	r4, [ip]
87800a70:	f10c 0401 	add.w	r4, ip, #1
87800a74:	2d10      	cmp	r5, #16
87800a76:	bf18      	it	ne
87800a78:	46a4      	movne	ip, r4
87800a7a:	f000 8128 	beq.w	87800cce <number+0x36e>
87800a7e:	f1bb 0f00 	cmp.w	fp, #0
87800a82:	f040 80b6 	bne.w	87800bf2 <number+0x292>
87800a86:	9c02      	ldr	r4, [sp, #8]
87800a88:	f014 0f01 	tst.w	r4, #1
87800a8c:	bf14      	ite	ne
87800a8e:	2430      	movne	r4, #48	@ 0x30
87800a90:	2420      	moveq	r4, #32
87800a92:	1e55      	subs	r5, r2, #1
87800a94:	f100 8271 	bmi.w	87800f7a <number+0x61a>
87800a98:	4462      	add	r2, ip
87800a9a:	4561      	cmp	r1, ip
87800a9c:	f10c 0c01 	add.w	ip, ip, #1
87800aa0:	bf88      	it	hi
87800aa2:	f80c 4c01 	strbhi.w	r4, [ip, #-1]
87800aa6:	4562      	cmp	r2, ip
87800aa8:	d1f7      	bne.n	87800a9a <number+0x13a>
87800aaa:	3b01      	subs	r3, #1
87800aac:	4694      	mov	ip, r2
87800aae:	4573      	cmp	r3, lr
87800ab0:	bfa8      	it	ge
87800ab2:	f04f 32ff 	movge.w	r2, #4294967295	@ 0xffffffff
87800ab6:	f2c0 82d8 	blt.w	8780106a <number+0x70a>
87800aba:	4664      	mov	r4, ip
87800abc:	eb0c 0603 	add.w	r6, ip, r3
87800ac0:	2730      	movs	r7, #48	@ 0x30
87800ac2:	42a1      	cmp	r1, r4
87800ac4:	f104 0401 	add.w	r4, r4, #1
87800ac8:	bf88      	it	hi
87800aca:	f804 7c01 	strbhi.w	r7, [r4, #-1]
87800ace:	1b35      	subs	r5, r6, r4
87800ad0:	4575      	cmp	r5, lr
87800ad2:	daf6      	bge.n	87800ac2 <number+0x162>
87800ad4:	f10c 0401 	add.w	r4, ip, #1
87800ad8:	eba3 0c0e 	sub.w	ip, r3, lr
87800adc:	4573      	cmp	r3, lr
87800ade:	bfb8      	it	lt
87800ae0:	f04f 0c00 	movlt.w	ip, #0
87800ae4:	44a4      	add	ip, r4
87800ae6:	2800      	cmp	r0, #0
87800ae8:	db11      	blt.n	87800b0e <number+0x1ae>
87800aea:	ab0b      	add	r3, sp, #44	@ 0x2c
87800aec:	4403      	add	r3, r0
87800aee:	3001      	adds	r0, #1
87800af0:	eb0c 0400 	add.w	r4, ip, r0
87800af4:	4660      	mov	r0, ip
87800af6:	4281      	cmp	r1, r0
87800af8:	f100 0001 	add.w	r0, r0, #1
87800afc:	f103 33ff 	add.w	r3, r3, #4294967295	@ 0xffffffff
87800b00:	bf84      	itt	hi
87800b02:	785d      	ldrbhi	r5, [r3, #1]
87800b04:	f800 5c01 	strbhi.w	r5, [r0, #-1]
87800b08:	4284      	cmp	r4, r0
87800b0a:	d1f4      	bne.n	87800af6 <number+0x196>
87800b0c:	46a4      	mov	ip, r4
87800b0e:	2a00      	cmp	r2, #0
87800b10:	dd0b      	ble.n	87800b2a <number+0x1ca>
87800b12:	4462      	add	r2, ip
87800b14:	4660      	mov	r0, ip
87800b16:	2320      	movs	r3, #32
87800b18:	4281      	cmp	r1, r0
87800b1a:	f100 0001 	add.w	r0, r0, #1
87800b1e:	bf88      	it	hi
87800b20:	f800 3c01 	strbhi.w	r3, [r0, #-1]
87800b24:	4282      	cmp	r2, r0
87800b26:	d1f7      	bne.n	87800b18 <number+0x1b8>
87800b28:	4694      	mov	ip, r2
87800b2a:	4660      	mov	r0, ip
87800b2c:	b025      	add	sp, #148	@ 0x94
87800b2e:	e8bd 8ff0 	ldmia.w	sp!, {r4, r5, r6, r7, r8, r9, sl, fp, pc}
87800b32:	f004 0011 	and.w	r0, r4, #17
87800b36:	9003      	str	r0, [sp, #12]
87800b38:	2d00      	cmp	r5, #0
87800b3a:	d171      	bne.n	87800c20 <number+0x2c0>
87800b3c:	ea52 0003 	orrs.w	r0, r2, r3
87800b40:	f040 8314 	bne.w	8780116c <number+0x80c>
87800b44:	9b30      	ldr	r3, [sp, #192]	@ 0xc0
87800b46:	2030      	movs	r0, #48	@ 0x30
87800b48:	9a2f      	ldr	r2, [sp, #188]	@ 0xbc
87800b4a:	2b01      	cmp	r3, #1
87800b4c:	f88d 002c 	strb.w	r0, [sp, #44]	@ 0x2c
87800b50:	bfb8      	it	lt
87800b52:	2301      	movlt	r3, #1
87800b54:	f004 0011 	and.w	r0, r4, #17
87800b58:	1ad2      	subs	r2, r2, r3
87800b5a:	2800      	cmp	r0, #0
87800b5c:	f040 8243 	bne.w	87800fe6 <number+0x686>
87800b60:	f8cd b004 	str.w	fp, [sp, #4]
87800b64:	2a00      	cmp	r2, #0
87800b66:	bfc1      	itttt	gt
87800b68:	9402      	strgt	r4, [sp, #8]
87800b6a:	2000      	movgt	r0, #0
87800b6c:	f04f 0e01 	movgt.w	lr, #1
87800b70:	4682      	movgt	sl, r0
87800b72:	f73f af5f 	bgt.w	87800a34 <number+0xd4>
87800b76:	9801      	ldr	r0, [sp, #4]
87800b78:	3a01      	subs	r2, #1
87800b7a:	9402      	str	r4, [sp, #8]
87800b7c:	2800      	cmp	r0, #0
87800b7e:	f000 82aa 	beq.w	878010d6 <number+0x776>
87800b82:	2000      	movs	r0, #0
87800b84:	f04f 0e01 	mov.w	lr, #1
87800b88:	4682      	mov	sl, r0
87800b8a:	e761      	b.n	87800a50 <number+0xf0>
87800b8c:	f1bb 0f00 	cmp.w	fp, #0
87800b90:	d06b      	beq.n	87800c6a <number+0x30a>
87800b92:	f024 0001 	bic.w	r0, r4, #1
87800b96:	9002      	str	r0, [sp, #8]
87800b98:	2d00      	cmp	r5, #0
87800b9a:	f040 80ac 	bne.w	87800cf6 <number+0x396>
87800b9e:	4604      	mov	r4, r0
87800ba0:	2010      	movs	r0, #16
87800ba2:	9501      	str	r5, [sp, #4]
87800ba4:	9d2e      	ldr	r5, [sp, #184]	@ 0xb8
87800ba6:	2d10      	cmp	r5, #16
87800ba8:	9d2f      	ldr	r5, [sp, #188]	@ 0xbc
87800baa:	d06f      	beq.n	87800c8c <number+0x32c>
87800bac:	3d01      	subs	r5, #1
87800bae:	952f      	str	r5, [sp, #188]	@ 0xbc
87800bb0:	ea52 0503 	orrs.w	r5, r2, r3
87800bb4:	f040 80b0 	bne.w	87800d18 <number+0x3b8>
87800bb8:	9b30      	ldr	r3, [sp, #192]	@ 0xc0
87800bba:	2530      	movs	r5, #48	@ 0x30
87800bbc:	9a2f      	ldr	r2, [sp, #188]	@ 0xbc
87800bbe:	2b01      	cmp	r3, #1
87800bc0:	f88d 502c 	strb.w	r5, [sp, #44]	@ 0x2c
87800bc4:	bfb8      	it	lt
87800bc6:	2301      	movlt	r3, #1
87800bc8:	1ad2      	subs	r2, r2, r3
87800bca:	2800      	cmp	r0, #0
87800bcc:	f000 80ab 	beq.w	87800d26 <number+0x3c6>
87800bd0:	9801      	ldr	r0, [sp, #4]
87800bd2:	2800      	cmp	r0, #0
87800bd4:	f040 8084 	bne.w	87800ce0 <number+0x380>
87800bd8:	458c      	cmp	ip, r1
87800bda:	f080 826d 	bcs.w	878010b8 <number+0x758>
87800bde:	9801      	ldr	r0, [sp, #4]
87800be0:	f04f 0e01 	mov.w	lr, #1
87800be4:	f80c 5b01 	strb.w	r5, [ip], #1
87800be8:	9402      	str	r4, [sp, #8]
87800bea:	f1bb 0f00 	cmp.w	fp, #0
87800bee:	f43f af4a 	beq.w	87800a86 <number+0x126>
87800bf2:	3b01      	subs	r3, #1
87800bf4:	4573      	cmp	r3, lr
87800bf6:	f6bf af60 	bge.w	87800aba <number+0x15a>
87800bfa:	e774      	b.n	87800ae6 <number+0x186>
87800bfc:	2b00      	cmp	r3, #0
87800bfe:	f2c0 823c 	blt.w	8780107a <number+0x71a>
87800c02:	0760      	lsls	r0, r4, #29
87800c04:	f140 81ae 	bpl.w	87800f64 <number+0x604>
87800c08:	982f      	ldr	r0, [sp, #188]	@ 0xbc
87800c0a:	3801      	subs	r0, #1
87800c0c:	902f      	str	r0, [sp, #188]	@ 0xbc
87800c0e:	ea52 0003 	orrs.w	r0, r2, r3
87800c12:	f000 8200 	beq.w	87801016 <number+0x6b6>
87800c16:	2010      	movs	r0, #16
87800c18:	9003      	str	r0, [sp, #12]
87800c1a:	202b      	movs	r0, #43	@ 0x2b
87800c1c:	9001      	str	r0, [sp, #4]
87800c1e:	e6c6      	b.n	878009ae <number+0x4e>
87800c20:	455b      	cmp	r3, fp
87800c22:	f2c0 8194 	blt.w	87800f4e <number+0x5ee>
87800c26:	0767      	lsls	r7, r4, #29
87800c28:	f100 81c1 	bmi.w	87800fae <number+0x64e>
87800c2c:	0727      	lsls	r7, r4, #28
87800c2e:	f140 8276 	bpl.w	8780111e <number+0x7be>
87800c32:	982f      	ldr	r0, [sp, #188]	@ 0xbc
87800c34:	3801      	subs	r0, #1
87800c36:	902f      	str	r0, [sp, #188]	@ 0xbc
87800c38:	ea52 0003 	orrs.w	r0, r2, r3
87800c3c:	bf1e      	ittt	ne
87800c3e:	9402      	strne	r4, [sp, #8]
87800c40:	2020      	movne	r0, #32
87800c42:	9001      	strne	r0, [sp, #4]
87800c44:	f47f aeb3 	bne.w	878009ae <number+0x4e>
87800c48:	9b30      	ldr	r3, [sp, #192]	@ 0xc0
87800c4a:	2030      	movs	r0, #48	@ 0x30
87800c4c:	9a2f      	ldr	r2, [sp, #188]	@ 0xbc
87800c4e:	2b01      	cmp	r3, #1
87800c50:	f88d 002c 	strb.w	r0, [sp, #44]	@ 0x2c
87800c54:	bfb8      	it	lt
87800c56:	2301      	movlt	r3, #1
87800c58:	f004 0011 	and.w	r0, r4, #17
87800c5c:	1ad2      	subs	r2, r2, r3
87800c5e:	2800      	cmp	r0, #0
87800c60:	f040 827e 	bne.w	87801160 <number+0x800>
87800c64:	2020      	movs	r0, #32
87800c66:	9001      	str	r0, [sp, #4]
87800c68:	e77c      	b.n	87800b64 <number+0x204>
87800c6a:	f004 0011 	and.w	r0, r4, #17
87800c6e:	2d00      	cmp	r5, #0
87800c70:	f000 80ee 	beq.w	87800e50 <number+0x4f0>
87800c74:	455b      	cmp	r3, fp
87800c76:	f2c0 81bb 	blt.w	87800ff0 <number+0x690>
87800c7a:	0765      	lsls	r5, r4, #29
87800c7c:	f140 8209 	bpl.w	87801092 <number+0x732>
87800c80:	9d2f      	ldr	r5, [sp, #188]	@ 0xbc
87800c82:	3d01      	subs	r5, #1
87800c84:	952f      	str	r5, [sp, #188]	@ 0xbc
87800c86:	252b      	movs	r5, #43	@ 0x2b
87800c88:	9501      	str	r5, [sp, #4]
87800c8a:	e78b      	b.n	87800ba4 <number+0x244>
87800c8c:	3d02      	subs	r5, #2
87800c8e:	952f      	str	r5, [sp, #188]	@ 0xbc
87800c90:	ea52 0503 	orrs.w	r5, r2, r3
87800c94:	f040 817d 	bne.w	87800f92 <number+0x632>
87800c98:	9b30      	ldr	r3, [sp, #192]	@ 0xc0
87800c9a:	2530      	movs	r5, #48	@ 0x30
87800c9c:	9a2f      	ldr	r2, [sp, #188]	@ 0xbc
87800c9e:	2b01      	cmp	r3, #1
87800ca0:	f88d 502c 	strb.w	r5, [sp, #44]	@ 0x2c
87800ca4:	bfb8      	it	lt
87800ca6:	2301      	movlt	r3, #1
87800ca8:	1ad2      	subs	r2, r2, r3
87800caa:	2800      	cmp	r0, #0
87800cac:	d03b      	beq.n	87800d26 <number+0x3c6>
87800cae:	9801      	ldr	r0, [sp, #4]
87800cb0:	b9b0      	cbnz	r0, 87800ce0 <number+0x380>
87800cb2:	458c      	cmp	ip, r1
87800cb4:	9402      	str	r4, [sp, #8]
87800cb6:	9801      	ldr	r0, [sp, #4]
87800cb8:	bf24      	itt	cs
87800cba:	f10c 0401 	addcs.w	r4, ip, #1
87800cbe:	f04f 0e01 	movcs.w	lr, #1
87800cc2:	d204      	bcs.n	87800cce <number+0x36e>
87800cc4:	4664      	mov	r4, ip
87800cc6:	f04f 0e01 	mov.w	lr, #1
87800cca:	f804 5b01 	strb.w	r5, [r4], #1
87800cce:	42a1      	cmp	r1, r4
87800cd0:	f10c 0c02 	add.w	ip, ip, #2
87800cd4:	bf84      	itt	hi
87800cd6:	f049 0458 	orrhi.w	r4, r9, #88	@ 0x58
87800cda:	f80c 4c01 	strbhi.w	r4, [ip, #-1]
87800cde:	e6ce      	b.n	87800a7e <number+0x11e>
87800ce0:	458c      	cmp	ip, r1
87800ce2:	f080 8191 	bcs.w	87801008 <number+0x6a8>
87800ce6:	9801      	ldr	r0, [sp, #4]
87800ce8:	f80c 0b01 	strb.w	r0, [ip], #1
87800cec:	2000      	movs	r0, #0
87800cee:	9402      	str	r4, [sp, #8]
87800cf0:	f04f 0e01 	mov.w	lr, #1
87800cf4:	e6b6      	b.n	87800a64 <number+0x104>
87800cf6:	2b00      	cmp	r3, #0
87800cf8:	f280 81d4 	bge.w	878010a4 <number+0x744>
87800cfc:	982e      	ldr	r0, [sp, #184]	@ 0xb8
87800cfe:	4252      	negs	r2, r2
87800d00:	eb63 0343 	sbc.w	r3, r3, r3, lsl #1
87800d04:	2810      	cmp	r0, #16
87800d06:	982f      	ldr	r0, [sp, #188]	@ 0xbc
87800d08:	f000 8199 	beq.w	8780103e <number+0x6de>
87800d0c:	9c02      	ldr	r4, [sp, #8]
87800d0e:	3802      	subs	r0, #2
87800d10:	902f      	str	r0, [sp, #188]	@ 0xbc
87800d12:	2010      	movs	r0, #16
87800d14:	252d      	movs	r5, #45	@ 0x2d
87800d16:	9501      	str	r5, [sp, #4]
87800d18:	e9cd 4002 	strd	r4, r0, [sp, #8]
87800d1c:	2607      	movs	r6, #7
87800d1e:	f04f 0a01 	mov.w	sl, #1
87800d22:	2403      	movs	r4, #3
87800d24:	e64f      	b.n	878009c6 <number+0x66>
87800d26:	4282      	cmp	r2, r0
87800d28:	bfc2      	ittt	gt
87800d2a:	9402      	strgt	r4, [sp, #8]
87800d2c:	f04f 0a01 	movgt.w	sl, #1
87800d30:	46d6      	movgt	lr, sl
87800d32:	f73f ae7f 	bgt.w	87800a34 <number+0xd4>
87800d36:	9d01      	ldr	r5, [sp, #4]
87800d38:	3a01      	subs	r2, #1
87800d3a:	9402      	str	r4, [sp, #8]
87800d3c:	2d00      	cmp	r5, #0
87800d3e:	d0d7      	beq.n	87800cf0 <number+0x390>
87800d40:	f04f 0a01 	mov.w	sl, #1
87800d44:	46d6      	mov	lr, sl
87800d46:	e683      	b.n	87800a50 <number+0xf0>
87800d48:	f248 649f 	movw	r4, #34463	@ 0x869f
87800d4c:	f2c0 0401 	movt	r4, #1
87800d50:	2000      	movs	r0, #0
87800d52:	4294      	cmp	r4, r2
87800d54:	4198      	sbcs	r0, r3
87800d56:	e9cd 2308 	strd	r2, r3, [sp, #32]
87800d5a:	f080 81cb 	bcs.w	878010f4 <number+0x794>
87800d5e:	469e      	mov	lr, r3
87800d60:	f645 20c5 	movw	r0, #23237	@ 0x5ac5
87800d64:	f6c0 207c 	movt	r0, #2684	@ 0xa7c
87800d68:	f248 63a0 	movw	r3, #34464	@ 0x86a0
87800d6c:	f2c0 0301 	movt	r3, #1
87800d70:	e9cd 9b04 	strd	r9, fp, [sp, #16]
87800d74:	f10d 0831 	add.w	r8, sp, #49	@ 0x31
87800d78:	46a3      	mov	fp, r4
87800d7a:	469a      	mov	sl, r3
87800d7c:	4681      	mov	r9, r0
87800d7e:	f8cd c018 	str.w	ip, [sp, #24]
87800d82:	9107      	str	r1, [sp, #28]
87800d84:	e058      	b.n	87800e38 <number+0x4d8>
87800d86:	fba9 3101 	umull	r3, r1, r9, r1
87800d8a:	f8cd e024 	str.w	lr, [sp, #36]	@ 0x24
87800d8e:	09cb      	lsrs	r3, r1, #7
87800d90:	fb0a 2313 	mls	r3, sl, r3, r2
87800d94:	09ca      	lsrs	r2, r1, #7
87800d96:	9208      	str	r2, [sp, #32]
87800d98:	f3c3 2703 	ubfx	r7, r3, #8, #4
87800d9c:	f3c3 1103 	ubfx	r1, r3, #4, #4
87800da0:	0b1c      	lsrs	r4, r3, #12
87800da2:	19c8      	adds	r0, r1, r7
87800da4:	4420      	add	r0, r4
87800da6:	2506      	movs	r5, #6
87800da8:	f003 030f 	and.w	r3, r3, #15
87800dac:	eb04 06c4 	add.w	r6, r4, r4, lsl #3
87800db0:	440e      	add	r6, r1
87800db2:	eb07 0187 	add.w	r1, r7, r7, lsl #2
87800db6:	440e      	add	r6, r1
87800db8:	f04f 0c0a 	mov.w	ip, #10
87800dbc:	fb05 3300 	mla	r3, r5, r0, r3
87800dc0:	20cd      	movs	r0, #205	@ 0xcd
87800dc2:	250d      	movs	r5, #13
87800dc4:	4593      	cmp	fp, r2
87800dc6:	fb00 f103 	mul.w	r1, r0, r3
87800dca:	ea4f 21d1 	mov.w	r1, r1, lsr #11
87800dce:	440e      	add	r6, r1
87800dd0:	fb0c 3311 	mls	r3, ip, r1, r3
87800dd4:	4641      	mov	r1, r8
87800dd6:	f108 0805 	add.w	r8, r8, #5
87800dda:	f103 0330 	add.w	r3, r3, #48	@ 0x30
87800dde:	f808 3c0a 	strb.w	r3, [r8, #-10]
87800de2:	fb00 f306 	mul.w	r3, r0, r6
87800de6:	ea4f 23d3 	mov.w	r3, r3, lsr #11
87800dea:	eb03 0747 	add.w	r7, r3, r7, lsl #1
87800dee:	fb0c 6313 	mls	r3, ip, r3, r6
87800df2:	fb07 f505 	mul.w	r5, r7, r5
87800df6:	f103 0330 	add.w	r3, r3, #48	@ 0x30
87800dfa:	f808 3c09 	strb.w	r3, [r8, #-9]
87800dfe:	f04f 0300 	mov.w	r3, #0
87800e02:	ea4f 15d5 	mov.w	r5, r5, lsr #7
87800e06:	eb73 030e 	sbcs.w	r3, r3, lr
87800e0a:	eb05 0484 	add.w	r4, r5, r4, lsl #2
87800e0e:	fb0c 7515 	mls	r5, ip, r5, r7
87800e12:	fb04 f000 	mul.w	r0, r4, r0
87800e16:	f105 0530 	add.w	r5, r5, #48	@ 0x30
87800e1a:	f808 5c08 	strb.w	r5, [r8, #-8]
87800e1e:	ea4f 20d0 	mov.w	r0, r0, lsr #11
87800e22:	fb0c 4410 	mls	r4, ip, r0, r4
87800e26:	f100 0030 	add.w	r0, r0, #48	@ 0x30
87800e2a:	f808 0c06 	strb.w	r0, [r8, #-6]
87800e2e:	f104 0430 	add.w	r4, r4, #48	@ 0x30
87800e32:	f808 4c07 	strb.w	r4, [r8, #-7]
87800e36:	d224      	bcs.n	87800e82 <number+0x522>
87800e38:	0951      	lsrs	r1, r2, #5
87800e3a:	f1be 0f00 	cmp.w	lr, #0
87800e3e:	d0a2      	beq.n	87800d86 <number+0x426>
87800e40:	4651      	mov	r1, sl
87800e42:	a808      	add	r0, sp, #32
87800e44:	f7ff fa74 	bl	87800330 <__div64_32>
87800e48:	4603      	mov	r3, r0
87800e4a:	e9dd 2e08 	ldrd	r2, lr, [sp, #32]
87800e4e:	e7a3      	b.n	87800d98 <number+0x438>
87800e50:	f8cd b004 	str.w	fp, [sp, #4]
87800e54:	e6a6      	b.n	87800ba4 <number+0x244>
87800e56:	9b30      	ldr	r3, [sp, #192]	@ 0xc0
87800e58:	2030      	movs	r0, #48	@ 0x30
87800e5a:	9a2f      	ldr	r2, [sp, #188]	@ 0xbc
87800e5c:	2b01      	cmp	r3, #1
87800e5e:	f88d 002c 	strb.w	r0, [sp, #44]	@ 0x2c
87800e62:	bfb8      	it	lt
87800e64:	2301      	movlt	r3, #1
87800e66:	1ad2      	subs	r2, r2, r3
87800e68:	f1bb 0f00 	cmp.w	fp, #0
87800e6c:	f000 80bc 	beq.w	87800fe8 <number+0x688>
87800e70:	3b01      	subs	r3, #1
87800e72:	bf08      	it	eq
87800e74:	4618      	moveq	r0, r3
87800e76:	f43f ae38 	beq.w	87800aea <number+0x18a>
87800e7a:	2000      	movs	r0, #0
87800e7c:	f04f 0e01 	mov.w	lr, #1
87800e80:	e61b      	b.n	87800aba <number+0x15a>
87800e82:	468e      	mov	lr, r1
87800e84:	f10d 082c 	add.w	r8, sp, #44	@ 0x2c
87800e88:	e9dd 9b04 	ldrd	r9, fp, [sp, #16]
87800e8c:	e9dd c106 	ldrd	ip, r1, [sp, #24]
87800e90:	f3c2 1503 	ubfx	r5, r2, #4, #4
87800e94:	f3c2 2003 	ubfx	r0, r2, #8, #4
87800e98:	0b14      	lsrs	r4, r2, #12
87800e9a:	182b      	adds	r3, r5, r0
87800e9c:	f002 020f 	and.w	r2, r2, #15
87800ea0:	2606      	movs	r6, #6
87800ea2:	4423      	add	r3, r4
87800ea4:	27cd      	movs	r7, #205	@ 0xcd
87800ea6:	fb06 2303 	mla	r3, r6, r3, r2
87800eaa:	eb04 02c4 	add.w	r2, r4, r4, lsl #3
87800eae:	4415      	add	r5, r2
87800eb0:	eb00 0280 	add.w	r2, r0, r0, lsl #2
87800eb4:	4415      	add	r5, r2
87800eb6:	260a      	movs	r6, #10
87800eb8:	fb07 f203 	mul.w	r2, r7, r3
87800ebc:	0ad2      	lsrs	r2, r2, #11
87800ebe:	fb06 3312 	mls	r3, r6, r2, r3
87800ec2:	1952      	adds	r2, r2, r5
87800ec4:	f103 0330 	add.w	r3, r3, #48	@ 0x30
87800ec8:	f88e 3000 	strb.w	r3, [lr]
87800ecc:	bf08      	it	eq
87800ece:	f10e 0e01 	addeq.w	lr, lr, #1
87800ed2:	d02d      	beq.n	87800f30 <number+0x5d0>
87800ed4:	fb07 f302 	mul.w	r3, r7, r2
87800ed8:	0adb      	lsrs	r3, r3, #11
87800eda:	eb03 0040 	add.w	r0, r3, r0, lsl #1
87800ede:	fb06 2213 	mls	r2, r6, r3, r2
87800ee2:	f102 0330 	add.w	r3, r2, #48	@ 0x30
87800ee6:	f88e 3001 	strb.w	r3, [lr, #1]
87800eea:	ea54 0300 	orrs.w	r3, r4, r0
87800eee:	bf08      	it	eq
87800ef0:	f10e 0e02 	addeq.w	lr, lr, #2
87800ef4:	d01c      	beq.n	87800f30 <number+0x5d0>
87800ef6:	230d      	movs	r3, #13
87800ef8:	fb00 f303 	mul.w	r3, r0, r3
87800efc:	09db      	lsrs	r3, r3, #7
87800efe:	fb06 0013 	mls	r0, r6, r3, r0
87800f02:	eb13 0384 	adds.w	r3, r3, r4, lsl #2
87800f06:	f100 0230 	add.w	r2, r0, #48	@ 0x30
87800f0a:	f88e 2002 	strb.w	r2, [lr, #2]
87800f0e:	bf08      	it	eq
87800f10:	f10e 0e03 	addeq.w	lr, lr, #3
87800f14:	d00c      	beq.n	87800f30 <number+0x5d0>
87800f16:	fb07 f203 	mul.w	r2, r7, r3
87800f1a:	0ad2      	lsrs	r2, r2, #11
87800f1c:	fb06 3312 	mls	r3, r6, r2, r3
87800f20:	3330      	adds	r3, #48	@ 0x30
87800f22:	f88e 3003 	strb.w	r3, [lr, #3]
87800f26:	2a00      	cmp	r2, #0
87800f28:	f040 80e8 	bne.w	878010fc <number+0x79c>
87800f2c:	f10e 0e04 	add.w	lr, lr, #4
87800f30:	9b30      	ldr	r3, [sp, #192]	@ 0xc0
87800f32:	ebae 0e08 	sub.w	lr, lr, r8
87800f36:	9c03      	ldr	r4, [sp, #12]
87800f38:	f10e 30ff 	add.w	r0, lr, #4294967295	@ 0xffffffff
87800f3c:	9a2f      	ldr	r2, [sp, #188]	@ 0xbc
87800f3e:	4573      	cmp	r3, lr
87800f40:	bfb8      	it	lt
87800f42:	4673      	movlt	r3, lr
87800f44:	1ad2      	subs	r2, r2, r3
87800f46:	bb5c      	cbnz	r4, 87800fa0 <number+0x640>
87800f48:	f8dd a00c 	ldr.w	sl, [sp, #12]
87800f4c:	e56d      	b.n	87800a2a <number+0xca>
87800f4e:	982f      	ldr	r0, [sp, #188]	@ 0xbc
87800f50:	4252      	negs	r2, r2
87800f52:	9402      	str	r4, [sp, #8]
87800f54:	f100 30ff 	add.w	r0, r0, #4294967295	@ 0xffffffff
87800f58:	eb63 0343 	sbc.w	r3, r3, r3, lsl #1
87800f5c:	902f      	str	r0, [sp, #188]	@ 0xbc
87800f5e:	202d      	movs	r0, #45	@ 0x2d
87800f60:	9001      	str	r0, [sp, #4]
87800f62:	e524      	b.n	878009ae <number+0x4e>
87800f64:	f014 0408 	ands.w	r4, r4, #8
87800f68:	d174      	bne.n	87801054 <number+0x6f4>
87800f6a:	ea52 0003 	orrs.w	r0, r2, r3
87800f6e:	f43f af72 	beq.w	87800e56 <number+0x4f6>
87800f72:	2010      	movs	r0, #16
87800f74:	9401      	str	r4, [sp, #4]
87800f76:	9003      	str	r0, [sp, #12]
87800f78:	e519      	b.n	878009ae <number+0x4e>
87800f7a:	3b01      	subs	r3, #1
87800f7c:	4573      	cmp	r3, lr
87800f7e:	bfa8      	it	ge
87800f80:	462a      	movge	r2, r5
87800f82:	f6bf ad9a 	bge.w	87800aba <number+0x15a>
87800f86:	2800      	cmp	r0, #0
87800f88:	bfa8      	it	ge
87800f8a:	462a      	movge	r2, r5
87800f8c:	f6bf adad 	bge.w	87800aea <number+0x18a>
87800f90:	e5cb      	b.n	87800b2a <number+0x1ca>
87800f92:	e9cd 4002 	strd	r4, r0, [sp, #8]
87800f96:	260f      	movs	r6, #15
87800f98:	f04f 0a01 	mov.w	sl, #1
87800f9c:	2404      	movs	r4, #4
87800f9e:	e512      	b.n	878009c6 <number+0x66>
87800fa0:	9c01      	ldr	r4, [sp, #4]
87800fa2:	2c00      	cmp	r4, #0
87800fa4:	f43f ad6b 	beq.w	87800a7e <number+0x11e>
87800fa8:	f04f 0a00 	mov.w	sl, #0
87800fac:	e550      	b.n	87800a50 <number+0xf0>
87800fae:	982f      	ldr	r0, [sp, #188]	@ 0xbc
87800fb0:	3801      	subs	r0, #1
87800fb2:	902f      	str	r0, [sp, #188]	@ 0xbc
87800fb4:	ea52 0003 	orrs.w	r0, r2, r3
87800fb8:	bf1e      	ittt	ne
87800fba:	9402      	strne	r4, [sp, #8]
87800fbc:	202b      	movne	r0, #43	@ 0x2b
87800fbe:	9001      	strne	r0, [sp, #4]
87800fc0:	f47f acf5 	bne.w	878009ae <number+0x4e>
87800fc4:	9b30      	ldr	r3, [sp, #192]	@ 0xc0
87800fc6:	2030      	movs	r0, #48	@ 0x30
87800fc8:	9a2f      	ldr	r2, [sp, #188]	@ 0xbc
87800fca:	2b01      	cmp	r3, #1
87800fcc:	f88d 002c 	strb.w	r0, [sp, #44]	@ 0x2c
87800fd0:	bfb8      	it	lt
87800fd2:	2301      	movlt	r3, #1
87800fd4:	f004 0011 	and.w	r0, r4, #17
87800fd8:	1ad2      	subs	r2, r2, r3
87800fda:	2800      	cmp	r0, #0
87800fdc:	f040 80c3 	bne.w	87801166 <number+0x806>
87800fe0:	202b      	movs	r0, #43	@ 0x2b
87800fe2:	9001      	str	r0, [sp, #4]
87800fe4:	e5be      	b.n	87800b64 <number+0x204>
87800fe6:	9402      	str	r4, [sp, #8]
87800fe8:	2000      	movs	r0, #0
87800fea:	f04f 0e01 	mov.w	lr, #1
87800fee:	e54a      	b.n	87800a86 <number+0x126>
87800ff0:	9d2e      	ldr	r5, [sp, #184]	@ 0xb8
87800ff2:	4252      	negs	r2, r2
87800ff4:	eb6b 0303 	sbc.w	r3, fp, r3
87800ff8:	2d10      	cmp	r5, #16
87800ffa:	9d2f      	ldr	r5, [sp, #188]	@ 0xbc
87800ffc:	d075      	beq.n	878010ea <number+0x78a>
87800ffe:	3d02      	subs	r5, #2
87801000:	952f      	str	r5, [sp, #188]	@ 0xbc
87801002:	252d      	movs	r5, #45	@ 0x2d
87801004:	9501      	str	r5, [sp, #4]
87801006:	e687      	b.n	87800d18 <number+0x3b8>
87801008:	f10c 0c01 	add.w	ip, ip, #1
8780100c:	2000      	movs	r0, #0
8780100e:	f04f 0e01 	mov.w	lr, #1
87801012:	9402      	str	r4, [sp, #8]
87801014:	e526      	b.n	87800a64 <number+0x104>
87801016:	9b30      	ldr	r3, [sp, #192]	@ 0xc0
87801018:	2030      	movs	r0, #48	@ 0x30
8780101a:	9a2f      	ldr	r2, [sp, #188]	@ 0xbc
8780101c:	2b01      	cmp	r3, #1
8780101e:	f88d 002c 	strb.w	r0, [sp, #44]	@ 0x2c
87801022:	bfb8      	it	lt
87801024:	2301      	movlt	r3, #1
87801026:	202b      	movs	r0, #43	@ 0x2b
87801028:	1ad2      	subs	r2, r2, r3
8780102a:	458c      	cmp	ip, r1
8780102c:	f04f 0e01 	mov.w	lr, #1
87801030:	bf34      	ite	cc
87801032:	f80c 0b01 	strbcc.w	r0, [ip], #1
87801036:	f10c 0c01 	addcs.w	ip, ip, #1
8780103a:	2000      	movs	r0, #0
8780103c:	e51f      	b.n	87800a7e <number+0x11e>
8780103e:	3803      	subs	r0, #3
87801040:	902f      	str	r0, [sp, #188]	@ 0xbc
87801042:	982e      	ldr	r0, [sp, #184]	@ 0xb8
87801044:	9003      	str	r0, [sp, #12]
87801046:	202d      	movs	r0, #45	@ 0x2d
87801048:	260f      	movs	r6, #15
8780104a:	f04f 0a01 	mov.w	sl, #1
8780104e:	2404      	movs	r4, #4
87801050:	9001      	str	r0, [sp, #4]
87801052:	e4b8      	b.n	878009c6 <number+0x66>
87801054:	982f      	ldr	r0, [sp, #188]	@ 0xbc
87801056:	3801      	subs	r0, #1
87801058:	902f      	str	r0, [sp, #188]	@ 0xbc
8780105a:	ea52 0003 	orrs.w	r0, r2, r3
8780105e:	d053      	beq.n	87801108 <number+0x7a8>
87801060:	2010      	movs	r0, #16
87801062:	9003      	str	r0, [sp, #12]
87801064:	2020      	movs	r0, #32
87801066:	9001      	str	r0, [sp, #4]
87801068:	e4a1      	b.n	878009ae <number+0x4e>
8780106a:	2800      	cmp	r0, #0
8780106c:	4694      	mov	ip, r2
8780106e:	bfa8      	it	ge
87801070:	f04f 32ff 	movge.w	r2, #4294967295	@ 0xffffffff
87801074:	f6bf ad39 	bge.w	87800aea <number+0x18a>
87801078:	e557      	b.n	87800b2a <number+0x1ca>
8780107a:	982f      	ldr	r0, [sp, #188]	@ 0xbc
8780107c:	4252      	negs	r2, r2
8780107e:	f100 30ff 	add.w	r0, r0, #4294967295	@ 0xffffffff
87801082:	eb63 0343 	sbc.w	r3, r3, r3, lsl #1
87801086:	902f      	str	r0, [sp, #188]	@ 0xbc
87801088:	2010      	movs	r0, #16
8780108a:	9003      	str	r0, [sp, #12]
8780108c:	202d      	movs	r0, #45	@ 0x2d
8780108e:	9001      	str	r0, [sp, #4]
87801090:	e48d      	b.n	878009ae <number+0x4e>
87801092:	0726      	lsls	r6, r4, #28
87801094:	f57f aedc 	bpl.w	87800e50 <number+0x4f0>
87801098:	9d2f      	ldr	r5, [sp, #188]	@ 0xbc
8780109a:	3d01      	subs	r5, #1
8780109c:	952f      	str	r5, [sp, #188]	@ 0xbc
8780109e:	2520      	movs	r5, #32
878010a0:	9501      	str	r5, [sp, #4]
878010a2:	e57f      	b.n	87800ba4 <number+0x244>
878010a4:	0760      	lsls	r0, r4, #29
878010a6:	d519      	bpl.n	878010dc <number+0x77c>
878010a8:	982f      	ldr	r0, [sp, #188]	@ 0xbc
878010aa:	252b      	movs	r5, #43	@ 0x2b
878010ac:	9c02      	ldr	r4, [sp, #8]
878010ae:	3801      	subs	r0, #1
878010b0:	9501      	str	r5, [sp, #4]
878010b2:	902f      	str	r0, [sp, #188]	@ 0xbc
878010b4:	2010      	movs	r0, #16
878010b6:	e575      	b.n	87800ba4 <number+0x244>
878010b8:	f10c 0c01 	add.w	ip, ip, #1
878010bc:	f1bb 0f00 	cmp.w	fp, #0
878010c0:	d007      	beq.n	878010d2 <number+0x772>
878010c2:	3b01      	subs	r3, #1
878010c4:	9801      	ldr	r0, [sp, #4]
878010c6:	bf18      	it	ne
878010c8:	f04f 0e01 	movne.w	lr, #1
878010cc:	f47f acf5 	bne.w	87800aba <number+0x15a>
878010d0:	e50b      	b.n	87800aea <number+0x18a>
878010d2:	4658      	mov	r0, fp
878010d4:	9402      	str	r4, [sp, #8]
878010d6:	f04f 0e01 	mov.w	lr, #1
878010da:	e4d4      	b.n	87800a86 <number+0x126>
878010dc:	f014 0008 	ands.w	r0, r4, #8
878010e0:	d136      	bne.n	87801150 <number+0x7f0>
878010e2:	9001      	str	r0, [sp, #4]
878010e4:	2010      	movs	r0, #16
878010e6:	9c02      	ldr	r4, [sp, #8]
878010e8:	e55c      	b.n	87800ba4 <number+0x244>
878010ea:	3d03      	subs	r5, #3
878010ec:	e9cd 4002 	strd	r4, r0, [sp, #8]
878010f0:	952f      	str	r5, [sp, #188]	@ 0xbc
878010f2:	e7a8      	b.n	87801046 <number+0x6e6>
878010f4:	f10d 082c 	add.w	r8, sp, #44	@ 0x2c
878010f8:	46c6      	mov	lr, r8
878010fa:	e6c9      	b.n	87800e90 <number+0x530>
878010fc:	3230      	adds	r2, #48	@ 0x30
878010fe:	f10e 0e05 	add.w	lr, lr, #5
87801102:	f80e 2c01 	strb.w	r2, [lr, #-1]
87801106:	e713      	b.n	87800f30 <number+0x5d0>
87801108:	9b30      	ldr	r3, [sp, #192]	@ 0xc0
8780110a:	2030      	movs	r0, #48	@ 0x30
8780110c:	9a2f      	ldr	r2, [sp, #188]	@ 0xbc
8780110e:	2b01      	cmp	r3, #1
87801110:	f88d 002c 	strb.w	r0, [sp, #44]	@ 0x2c
87801114:	bfb8      	it	lt
87801116:	2301      	movlt	r3, #1
87801118:	2020      	movs	r0, #32
8780111a:	1ad2      	subs	r2, r2, r3
8780111c:	e785      	b.n	8780102a <number+0x6ca>
8780111e:	ea52 0003 	orrs.w	r0, r2, r3
87801122:	d123      	bne.n	8780116c <number+0x80c>
87801124:	9b30      	ldr	r3, [sp, #192]	@ 0xc0
87801126:	2030      	movs	r0, #48	@ 0x30
87801128:	9a2f      	ldr	r2, [sp, #188]	@ 0xbc
8780112a:	2b01      	cmp	r3, #1
8780112c:	f88d 002c 	strb.w	r0, [sp, #44]	@ 0x2c
87801130:	bfb8      	it	lt
87801132:	2301      	movlt	r3, #1
87801134:	f004 0011 	and.w	r0, r4, #17
87801138:	1ad2      	subs	r2, r2, r3
8780113a:	9402      	str	r4, [sp, #8]
8780113c:	2800      	cmp	r0, #0
8780113e:	f47f af53 	bne.w	87800fe8 <number+0x688>
87801142:	4658      	mov	r0, fp
87801144:	46da      	mov	sl, fp
87801146:	f04f 0e01 	mov.w	lr, #1
8780114a:	f8cd b004 	str.w	fp, [sp, #4]
8780114e:	e46c      	b.n	87800a2a <number+0xca>
87801150:	982f      	ldr	r0, [sp, #188]	@ 0xbc
87801152:	2520      	movs	r5, #32
87801154:	9c02      	ldr	r4, [sp, #8]
87801156:	3801      	subs	r0, #1
87801158:	9501      	str	r5, [sp, #4]
8780115a:	902f      	str	r0, [sp, #188]	@ 0xbc
8780115c:	2010      	movs	r0, #16
8780115e:	e521      	b.n	87800ba4 <number+0x244>
87801160:	2020      	movs	r0, #32
87801162:	9402      	str	r4, [sp, #8]
87801164:	e761      	b.n	8780102a <number+0x6ca>
87801166:	202b      	movs	r0, #43	@ 0x2b
87801168:	9402      	str	r4, [sp, #8]
8780116a:	e75e      	b.n	8780102a <number+0x6ca>
8780116c:	e9cd b401 	strd	fp, r4, [sp, #4]
87801170:	e41d      	b.n	878009ae <number+0x4e>
87801172:	bf00      	nop
87801174:	00003446 	andeq	r3, r0, r6, asr #8

87801178 <simple_strtoul>:
87801178:	b570      	push	{r4, r5, r6, lr}
8780117a:	4604      	mov	r4, r0
8780117c:	f8df c0e8 	ldr.w	ip, [pc, #232]	@ 87801268 <simple_strtoul+0xf0>
87801180:	7803      	ldrb	r3, [r0, #0]
87801182:	460e      	mov	r6, r1
87801184:	44fc      	add	ip, pc
87801186:	bb62      	cbnz	r2, 878011e2 <simple_strtoul+0x6a>
87801188:	2b30      	cmp	r3, #48	@ 0x30
8780118a:	d049      	beq.n	87801220 <simple_strtoul+0xa8>
8780118c:	4a37      	ldr	r2, [pc, #220]	@ (8780126c <simple_strtoul+0xf4>)
8780118e:	469e      	mov	lr, r3
87801190:	f85c 5002 	ldr.w	r5, [ip, r2]
87801194:	220a      	movs	r2, #10
87801196:	f815 c003 	ldrb.w	ip, [r5, r3]
8780119a:	f00c 0044 	and.w	r0, ip, #68	@ 0x44
8780119e:	b1e8      	cbz	r0, 878011dc <simple_strtoul+0x64>
878011a0:	2000      	movs	r0, #0
878011a2:	e009      	b.n	878011b8 <simple_strtoul+0x40>
878011a4:	f814 3f01 	ldrb.w	r3, [r4, #1]!
878011a8:	fb02 c000 	mla	r0, r2, r0, ip
878011ac:	469e      	mov	lr, r3
878011ae:	f815 c003 	ldrb.w	ip, [r5, r3]
878011b2:	f01c 0f44 	tst.w	ip, #68	@ 0x44
878011b6:	d011      	beq.n	878011dc <simple_strtoul+0x64>
878011b8:	f01c 0f04 	tst.w	ip, #4
878011bc:	f1a3 0120 	sub.w	r1, r3, #32
878011c0:	bf18      	it	ne
878011c2:	f1ae 0c30 	subne.w	ip, lr, #48	@ 0x30
878011c6:	d107      	bne.n	878011d8 <simple_strtoul+0x60>
878011c8:	f01c 0f02 	tst.w	ip, #2
878011cc:	fa5f fc81 	uxtb.w	ip, r1
878011d0:	bf18      	it	ne
878011d2:	4663      	movne	r3, ip
878011d4:	f1a3 0c37 	sub.w	ip, r3, #55	@ 0x37
878011d8:	4594      	cmp	ip, r2
878011da:	d3e3      	bcc.n	878011a4 <simple_strtoul+0x2c>
878011dc:	b106      	cbz	r6, 878011e0 <simple_strtoul+0x68>
878011de:	6034      	str	r4, [r6, #0]
878011e0:	bd70      	pop	{r4, r5, r6, pc}
878011e2:	4922      	ldr	r1, [pc, #136]	@ (8780126c <simple_strtoul+0xf4>)
878011e4:	2a10      	cmp	r2, #16
878011e6:	f85c 5001 	ldr.w	r5, [ip, r1]
878011ea:	d005      	beq.n	878011f8 <simple_strtoul+0x80>
878011ec:	f815 c003 	ldrb.w	ip, [r5, r3]
878011f0:	469e      	mov	lr, r3
878011f2:	f00c 0044 	and.w	r0, ip, #68	@ 0x44
878011f6:	e7d2      	b.n	8780119e <simple_strtoul+0x26>
878011f8:	2b30      	cmp	r3, #48	@ 0x30
878011fa:	d1f7      	bne.n	878011ec <simple_strtoul+0x74>
878011fc:	7841      	ldrb	r1, [r0, #1]
878011fe:	f1a1 0020 	sub.w	r0, r1, #32
87801202:	f815 c001 	ldrb.w	ip, [r5, r1]
87801206:	b2c0      	uxtb	r0, r0
87801208:	f01c 0f02 	tst.w	ip, #2
8780120c:	bf18      	it	ne
8780120e:	4601      	movne	r1, r0
87801210:	2958      	cmp	r1, #88	@ 0x58
87801212:	d026      	beq.n	87801262 <simple_strtoul+0xea>
87801214:	f895 c030 	ldrb.w	ip, [r5, #48]	@ 0x30
87801218:	469e      	mov	lr, r3
8780121a:	f00c 0044 	and.w	r0, ip, #68	@ 0x44
8780121e:	e7be      	b.n	8780119e <simple_strtoul+0x26>
87801220:	4a12      	ldr	r2, [pc, #72]	@ (8780126c <simple_strtoul+0xf4>)
87801222:	1c41      	adds	r1, r0, #1
87801224:	7843      	ldrb	r3, [r0, #1]
87801226:	469e      	mov	lr, r3
87801228:	f85c 5002 	ldr.w	r5, [ip, r2]
8780122c:	f815 c003 	ldrb.w	ip, [r5, r3]
87801230:	f01c 0f02 	tst.w	ip, #2
87801234:	bf16      	itet	ne
87801236:	f1a3 0220 	subne.w	r2, r3, #32
8780123a:	461a      	moveq	r2, r3
8780123c:	b2d2      	uxtbne	r2, r2
8780123e:	2a58      	cmp	r2, #88	@ 0x58
87801240:	d004      	beq.n	8780124c <simple_strtoul+0xd4>
87801242:	460c      	mov	r4, r1
87801244:	f00c 0044 	and.w	r0, ip, #68	@ 0x44
87801248:	2208      	movs	r2, #8
8780124a:	e7a8      	b.n	8780119e <simple_strtoul+0x26>
8780124c:	7880      	ldrb	r0, [r0, #2]
8780124e:	5c2a      	ldrb	r2, [r5, r0]
87801250:	f012 0f44 	tst.w	r2, #68	@ 0x44
87801254:	d0f5      	beq.n	87801242 <simple_strtoul+0xca>
87801256:	4694      	mov	ip, r2
87801258:	4686      	mov	lr, r0
8780125a:	3402      	adds	r4, #2
8780125c:	4603      	mov	r3, r0
8780125e:	2210      	movs	r2, #16
87801260:	e79e      	b.n	878011a0 <simple_strtoul+0x28>
87801262:	78a3      	ldrb	r3, [r4, #2]
87801264:	3402      	adds	r4, #2
87801266:	e7c1      	b.n	878011ec <simple_strtoul+0x74>
87801268:	ffffee78 			@ <UNDEFINED> instruction: 0xffffee78
8780126c:	00000178 	andeq	r0, r0, r8, ror r1

87801270 <simple_strtol>:
87801270:	b508      	push	{r3, lr}
87801272:	7803      	ldrb	r3, [r0, #0]
87801274:	2b2d      	cmp	r3, #45	@ 0x2d
87801276:	d003      	beq.n	87801280 <simple_strtol+0x10>
87801278:	e8bd 4008 	ldmia.w	sp!, {r3, lr}
8780127c:	f7ff bf7c 	b.w	87801178 <simple_strtoul>
87801280:	3001      	adds	r0, #1
87801282:	f7ff ff79 	bl	87801178 <simple_strtoul>
87801286:	4240      	negs	r0, r0
87801288:	bd08      	pop	{r3, pc}
8780128a:	bf00      	nop

8780128c <simple_strtoull>:
8780128c:	e92d 41f0 	stmdb	sp!, {r4, r5, r6, r7, r8, lr}
87801290:	4604      	mov	r4, r0
87801292:	4842      	ldr	r0, [pc, #264]	@ (8780139c <simple_strtoull+0x110>)
87801294:	460e      	mov	r6, r1
87801296:	4478      	add	r0, pc
87801298:	f894 e000 	ldrb.w	lr, [r4]
8780129c:	bbc2      	cbnz	r2, 87801310 <simple_strtoull+0x84>
8780129e:	f1be 0f30 	cmp.w	lr, #48	@ 0x30
878012a2:	d053      	beq.n	8780134c <simple_strtoull+0xc0>
878012a4:	4a3e      	ldr	r2, [pc, #248]	@ (878013a0 <simple_strtoull+0x114>)
878012a6:	4673      	mov	r3, lr
878012a8:	5885      	ldr	r5, [r0, r2]
878012aa:	220a      	movs	r2, #10
878012ac:	f815 c00e 	ldrb.w	ip, [r5, lr]
878012b0:	f00c 0044 	and.w	r0, ip, #68	@ 0x44
878012b4:	2800      	cmp	r0, #0
878012b6:	d06a      	beq.n	8780138e <simple_strtoull+0x102>
878012b8:	2000      	movs	r0, #0
878012ba:	4601      	mov	r1, r0
878012bc:	e00a      	b.n	878012d4 <simple_strtoull+0x48>
878012be:	f814 ef01 	ldrb.w	lr, [r4, #1]!
878012c2:	18f8      	adds	r0, r7, r3
878012c4:	eb4c 0108 	adc.w	r1, ip, r8
878012c8:	4673      	mov	r3, lr
878012ca:	f815 c00e 	ldrb.w	ip, [r5, lr]
878012ce:	f01c 0f44 	tst.w	ip, #68	@ 0x44
878012d2:	d019      	beq.n	87801308 <simple_strtoull+0x7c>
878012d4:	f01c 0f04 	tst.w	ip, #4
878012d8:	bf18      	it	ne
878012da:	3b30      	subne	r3, #48	@ 0x30
878012dc:	d10a      	bne.n	878012f4 <simple_strtoull+0x68>
878012de:	f1ae 0e20 	sub.w	lr, lr, #32
878012e2:	f01c 0f02 	tst.w	ip, #2
878012e6:	f1a3 0337 	sub.w	r3, r3, #55	@ 0x37
878012ea:	bf1c      	itt	ne
878012ec:	fa5f fe8e 	uxtbne.w	lr, lr
878012f0:	f1ae 0337 	subne.w	r3, lr, #55	@ 0x37
878012f4:	fba0 7e02 	umull	r7, lr, r0, r2
878012f8:	ea4f 78e3 	mov.w	r8, r3, asr #31
878012fc:	4293      	cmp	r3, r2
878012fe:	fb02 ec01 	mla	ip, r2, r1, lr
87801302:	f178 0e00 	sbcs.w	lr, r8, #0
87801306:	d3da      	bcc.n	878012be <simple_strtoull+0x32>
87801308:	b106      	cbz	r6, 8780130c <simple_strtoull+0x80>
8780130a:	6034      	str	r4, [r6, #0]
8780130c:	e8bd 81f0 	ldmia.w	sp!, {r4, r5, r6, r7, r8, pc}
87801310:	4b23      	ldr	r3, [pc, #140]	@ (878013a0 <simple_strtoull+0x114>)
87801312:	2a10      	cmp	r2, #16
87801314:	58c5      	ldr	r5, [r0, r3]
87801316:	d005      	beq.n	87801324 <simple_strtoull+0x98>
87801318:	f815 c00e 	ldrb.w	ip, [r5, lr]
8780131c:	4673      	mov	r3, lr
8780131e:	f00c 0044 	and.w	r0, ip, #68	@ 0x44
87801322:	e7c7      	b.n	878012b4 <simple_strtoull+0x28>
87801324:	f1be 0f30 	cmp.w	lr, #48	@ 0x30
87801328:	d1f6      	bne.n	87801318 <simple_strtoull+0x8c>
8780132a:	7863      	ldrb	r3, [r4, #1]
8780132c:	f1a3 0120 	sub.w	r1, r3, #32
87801330:	5ce8      	ldrb	r0, [r5, r3]
87801332:	b2c9      	uxtb	r1, r1
87801334:	f010 0f02 	tst.w	r0, #2
87801338:	bf18      	it	ne
8780133a:	460b      	movne	r3, r1
8780133c:	2b58      	cmp	r3, #88	@ 0x58
8780133e:	d028      	beq.n	87801392 <simple_strtoull+0x106>
87801340:	f895 c030 	ldrb.w	ip, [r5, #48]	@ 0x30
87801344:	4673      	mov	r3, lr
87801346:	f00c 0044 	and.w	r0, ip, #68	@ 0x44
8780134a:	e7b3      	b.n	878012b4 <simple_strtoull+0x28>
8780134c:	4b14      	ldr	r3, [pc, #80]	@ (878013a0 <simple_strtoull+0x114>)
8780134e:	1c61      	adds	r1, r4, #1
87801350:	f894 e001 	ldrb.w	lr, [r4, #1]
87801354:	58c5      	ldr	r5, [r0, r3]
87801356:	4673      	mov	r3, lr
87801358:	f815 c00e 	ldrb.w	ip, [r5, lr]
8780135c:	f01c 0f02 	tst.w	ip, #2
87801360:	bf16      	itet	ne
87801362:	f1ae 0220 	subne.w	r2, lr, #32
87801366:	4672      	moveq	r2, lr
87801368:	b2d2      	uxtbne	r2, r2
8780136a:	2a58      	cmp	r2, #88	@ 0x58
8780136c:	d004      	beq.n	87801378 <simple_strtoull+0xec>
8780136e:	460c      	mov	r4, r1
87801370:	f00c 0044 	and.w	r0, ip, #68	@ 0x44
87801374:	2208      	movs	r2, #8
87801376:	e79d      	b.n	878012b4 <simple_strtoull+0x28>
87801378:	78a0      	ldrb	r0, [r4, #2]
8780137a:	5c2a      	ldrb	r2, [r5, r0]
8780137c:	f012 0f44 	tst.w	r2, #68	@ 0x44
87801380:	d0f5      	beq.n	8780136e <simple_strtoull+0xe2>
87801382:	4694      	mov	ip, r2
87801384:	4603      	mov	r3, r0
87801386:	3402      	adds	r4, #2
87801388:	4686      	mov	lr, r0
8780138a:	2210      	movs	r2, #16
8780138c:	e794      	b.n	878012b8 <simple_strtoull+0x2c>
8780138e:	4601      	mov	r1, r0
87801390:	e7ba      	b.n	87801308 <simple_strtoull+0x7c>
87801392:	f894 e002 	ldrb.w	lr, [r4, #2]
87801396:	3402      	adds	r4, #2
87801398:	e7be      	b.n	87801318 <simple_strtoull+0x8c>
8780139a:	bf00      	nop
8780139c:	ffffed66 			@ <UNDEFINED> instruction: 0xffffed66
878013a0:	00000178 	andeq	r0, r0, r8, ror r1

878013a4 <simple_strtoll>:
878013a4:	b508      	push	{r3, lr}
878013a6:	7803      	ldrb	r3, [r0, #0]
878013a8:	2b2d      	cmp	r3, #45	@ 0x2d
878013aa:	d003      	beq.n	878013b4 <simple_strtoll+0x10>
878013ac:	e8bd 4008 	ldmia.w	sp!, {r3, lr}
878013b0:	f7ff bf6c 	b.w	8780128c <simple_strtoull>
878013b4:	3001      	adds	r0, #1
878013b6:	f7ff ff69 	bl	8780128c <simple_strtoull>
878013ba:	4240      	negs	r0, r0
878013bc:	eb61 0141 	sbc.w	r1, r1, r1, lsl #1
878013c0:	bd08      	pop	{r3, pc}
878013c2:	bf00      	nop

878013c4 <vsnprintf>:
878013c4:	e92d 4ff0 	stmdb	sp!, {r4, r5, r6, r7, r8, r9, sl, fp, lr}
878013c8:	1e0d      	subs	r5, r1, #0
878013ca:	f8df 8aa4 	ldr.w	r8, [pc, #2724]	@ 87801e70 <vsnprintf+0xaac>
878013ce:	b089      	sub	sp, #36	@ 0x24
878013d0:	44f8      	add	r8, pc
878013d2:	f2c0 84a3 	blt.w	87801d1c <vsnprintf+0x958>
878013d6:	4696      	mov	lr, r2
878013d8:	1e6e      	subs	r6, r5, #1
878013da:	4406      	add	r6, r0
878013dc:	1e42      	subs	r2, r0, #1
878013de:	461f      	mov	r7, r3
878013e0:	4296      	cmp	r6, r2
878013e2:	f89e 3000 	ldrb.w	r3, [lr]
878013e6:	d31d      	bcc.n	87801424 <vsnprintf+0x60>
878013e8:	2b00      	cmp	r3, #0
878013ea:	f000 8514 	beq.w	87801e16 <vsnprintf+0xa52>
878013ee:	4683      	mov	fp, r0
878013f0:	4604      	mov	r4, r0
878013f2:	9505      	str	r5, [sp, #20]
878013f4:	2b25      	cmp	r3, #37	@ 0x25
878013f6:	d01c      	beq.n	87801432 <vsnprintf+0x6e>
878013f8:	42a6      	cmp	r6, r4
878013fa:	bf28      	it	cs
878013fc:	7023      	strbcs	r3, [r4, #0]
878013fe:	f10e 0e01 	add.w	lr, lr, #1
87801402:	3401      	adds	r4, #1
87801404:	f89e 3000 	ldrb.w	r3, [lr]
87801408:	2b00      	cmp	r3, #0
8780140a:	d1f3      	bne.n	878013f4 <vsnprintf+0x30>
8780140c:	9d05      	ldr	r5, [sp, #20]
8780140e:	eba4 000b 	sub.w	r0, r4, fp
87801412:	42a6      	cmp	r6, r4
87801414:	f080 8170 	bcs.w	878016f8 <vsnprintf+0x334>
87801418:	b10d      	cbz	r5, 8780141e <vsnprintf+0x5a>
8780141a:	2300      	movs	r3, #0
8780141c:	7033      	strb	r3, [r6, #0]
8780141e:	b009      	add	sp, #36	@ 0x24
87801420:	e8bd 8ff0 	ldmia.w	sp!, {r4, r5, r6, r7, r8, r9, sl, fp, pc}
87801424:	2b00      	cmp	r3, #0
87801426:	f000 8165 	beq.w	878016f4 <vsnprintf+0x330>
8780142a:	4245      	negs	r5, r0
8780142c:	f04f 36ff 	mov.w	r6, #4294967295	@ 0xffffffff
87801430:	e7dd      	b.n	878013ee <vsnprintf+0x2a>
87801432:	2200      	movs	r2, #0
87801434:	f89e 0001 	ldrb.w	r0, [lr, #1]
87801438:	f10e 0901 	add.w	r9, lr, #1
8780143c:	f1a0 0320 	sub.w	r3, r0, #32
87801440:	2b10      	cmp	r3, #16
87801442:	d80a      	bhi.n	8780145a <vsnprintf+0x96>
87801444:	e8df f003 	tbb	[pc, r3]
87801448:	9d0909a1 	vstrls.16	s0, [r9, #-322]	@ 0xfffffebe	@ <UNPREDICTABLE>
8780144c:	09090909 	stmdbeq	r9, {r0, r3, r8, fp}
87801450:	99090909 	stmdbls	r9, {r0, r3, r8, fp}
87801454:	09099509 	stmdbeq	r9, {r0, r3, r8, sl, ip, pc}
87801458:	f8df0091 			@ <UNDEFINED> instruction: 0xf8df0091
8780145c:	3a18      	subs	r2, #24
8780145e:	4601      	mov	r1, r0
87801460:	f858 c003 	ldr.w	ip, [r8, r3]
87801464:	f81c 3000 	ldrb.w	r3, [ip, r0]
87801468:	075b      	lsls	r3, r3, #29
8780146a:	f100 8135 	bmi.w	878016d8 <vsnprintf+0x314>
8780146e:	282a      	cmp	r0, #42	@ 0x2a
87801470:	bf18      	it	ne
87801472:	f04f 33ff 	movne.w	r3, #4294967295	@ 0xffffffff
87801476:	d10a      	bne.n	8780148e <vsnprintf+0xca>
87801478:	f857 3b04 	ldr.w	r3, [r7], #4
8780147c:	f10e 0902 	add.w	r9, lr, #2
87801480:	f89e 0002 	ldrb.w	r0, [lr, #2]
87801484:	2b00      	cmp	r3, #0
87801486:	bfbc      	itt	lt
87801488:	425b      	neglt	r3, r3
8780148a:	f042 0210 	orrlt.w	r2, r2, #16
8780148e:	282e      	cmp	r0, #46	@ 0x2e
87801490:	bf18      	it	ne
87801492:	f04f 31ff 	movne.w	r1, #4294967295	@ 0xffffffff
87801496:	f000 8107 	beq.w	878016a8 <vsnprintf+0x2e4>
8780149a:	287a      	cmp	r0, #122	@ 0x7a
8780149c:	f200 80ed 	bhi.w	8780167a <vsnprintf+0x2b6>
878014a0:	2867      	cmp	r0, #103	@ 0x67
878014a2:	d876      	bhi.n	87801592 <vsnprintf+0x1ce>
878014a4:	284c      	cmp	r0, #76	@ 0x4c
878014a6:	bf08      	it	eq
878014a8:	f109 0901 	addeq.w	r9, r9, #1
878014ac:	f000 8129 	beq.w	87801702 <vsnprintf+0x33e>
878014b0:	285a      	cmp	r0, #90	@ 0x5a
878014b2:	f000 81d9 	beq.w	87801868 <vsnprintf+0x4a4>
878014b6:	3825      	subs	r0, #37	@ 0x25
878014b8:	2853      	cmp	r0, #83	@ 0x53
878014ba:	f200 80de 	bhi.w	8780167a <vsnprintf+0x2b6>
878014be:	e8df f010 	tbh	[pc, r0, lsl #1]
878014c2:	00dc02de 	ldrsbeq	r0, [ip], #46	@ 0x2e
878014c6:	00dc00dc 	ldrsbeq	r0, [ip], #12
878014ca:	00dc00dc 	ldrsbeq	r0, [ip], #12
878014ce:	00dc00dc 	ldrsbeq	r0, [ip], #12
878014d2:	00dc00dc 	ldrsbeq	r0, [ip], #12
878014d6:	00dc00dc 	ldrsbeq	r0, [ip], #12
878014da:	00dc00dc 	ldrsbeq	r0, [ip], #12
878014de:	00dc00dc 	ldrsbeq	r0, [ip], #12
878014e2:	00dc00dc 	ldrsbeq	r0, [ip], #12
878014e6:	00dc00dc 	ldrsbeq	r0, [ip], #12
878014ea:	00dc00dc 	ldrsbeq	r0, [ip], #12
878014ee:	00dc00dc 	ldrsbeq	r0, [ip], #12
878014f2:	00dc00dc 	ldrsbeq	r0, [ip], #12
878014f6:	00dc00dc 	ldrsbeq	r0, [ip], #12
878014fa:	00dc00dc 	ldrsbeq	r0, [ip], #12
878014fe:	00dc00dc 	ldrsbeq	r0, [ip], #12
87801502:	00dc00dc 	ldrsbeq	r0, [ip], #12
87801506:	00dc00dc 	ldrsbeq	r0, [ip], #12
8780150a:	00dc00dc 	ldrsbeq	r0, [ip], #12
8780150e:	00dc00dc 	ldrsbeq	r0, [ip], #12
87801512:	00dc00dc 	ldrsbeq	r0, [ip], #12
87801516:	00dc00dc 	ldrsbeq	r0, [ip], #12
8780151a:	00dc00dc 	ldrsbeq	r0, [ip], #12
8780151e:	00dc00dc 	ldrsbeq	r0, [ip], #12
87801522:	00dc00dc 	ldrsbeq	r0, [ip], #12
87801526:	034200dc 	movteq	r0, #8412	@ 0x20dc
8780152a:	00dc00dc 	ldrsbeq	r0, [ip], #12
8780152e:	00dc00dc 	ldrsbeq	r0, [ip], #12
87801532:	00dc00dc 	ldrsbeq	r0, [ip], #12
87801536:	00dc00dc 	ldrsbeq	r0, [ip], #12
8780153a:	00dc00dc 	ldrsbeq	r0, [ip], #12
8780153e:	029d02ba 	addseq	r0, sp, #-1610612725	@ 0xa000000b
87801542:	00dc00dc 	ldrsbeq	r0, [ip], #12
87801546:	00dc00dc 	ldrsbeq	r0, [ip], #12
8780154a:	00dc029d 	smullseq	r0, ip, sp, r2
8780154e:	00dc00dc 	ldrsbeq	r0, [ip], #12
87801552:	043900dc 	ldrteq	r0, [r9], #-220	@ 0xffffff24
87801556:	03250441 			@ <UNDEFINED> instruction: 0x03250441
8780155a:	00dc00dc 	ldrsbeq	r0, [ip], #12
8780155e:	00dc02ec 	sbcseq	r0, ip, ip, ror #5
87801562:	00dc0431 	sbcseq	r0, ip, r1, lsr r4
87801566:	043600dc 	ldrteq	r0, [r6], #-220	@ 0xffffff24
8780156a:	f042 0201 	orr.w	r2, r2, #1
8780156e:	46ce      	mov	lr, r9
87801570:	e760      	b.n	87801434 <vsnprintf+0x70>
87801572:	f042 0210 	orr.w	r2, r2, #16
87801576:	46ce      	mov	lr, r9
87801578:	e75c      	b.n	87801434 <vsnprintf+0x70>
8780157a:	f042 0204 	orr.w	r2, r2, #4
8780157e:	46ce      	mov	lr, r9
87801580:	e758      	b.n	87801434 <vsnprintf+0x70>
87801582:	f042 0220 	orr.w	r2, r2, #32
87801586:	46ce      	mov	lr, r9
87801588:	e754      	b.n	87801434 <vsnprintf+0x70>
8780158a:	f042 0208 	orr.w	r2, r2, #8
8780158e:	46ce      	mov	lr, r9
87801590:	e750      	b.n	87801434 <vsnprintf+0x70>
87801592:	f1a0 0e68 	sub.w	lr, r0, #104	@ 0x68
87801596:	f04f 0c11 	mov.w	ip, #17
8780159a:	f2c0 0c04 	movt	ip, #4
8780159e:	fa5f fe8e 	uxtb.w	lr, lr
878015a2:	fa2c fc0e 	lsr.w	ip, ip, lr
878015a6:	f01c 0f01 	tst.w	ip, #1
878015aa:	d084      	beq.n	878014b6 <vsnprintf+0xf2>
878015ac:	f109 0a01 	add.w	sl, r9, #1
878015b0:	286c      	cmp	r0, #108	@ 0x6c
878015b2:	f040 82fc 	bne.w	87801bae <vsnprintf+0x7ea>
878015b6:	f899 0001 	ldrb.w	r0, [r9, #1]
878015ba:	286c      	cmp	r0, #108	@ 0x6c
878015bc:	bf08      	it	eq
878015be:	f109 0902 	addeq.w	r9, r9, #2
878015c2:	f000 809e 	beq.w	87801702 <vsnprintf+0x33e>
878015c6:	3825      	subs	r0, #37	@ 0x25
878015c8:	2853      	cmp	r0, #83	@ 0x53
878015ca:	d855      	bhi.n	87801678 <vsnprintf+0x2b4>
878015cc:	e8df f010 	tbh	[pc, r0, lsl #1]
878015d0:	00540256 	subseq	r0, r4, r6, asr r2
878015d4:	00540054 	subseq	r0, r4, r4, asr r0
878015d8:	00540054 	subseq	r0, r4, r4, asr r0
878015dc:	00540054 	subseq	r0, r4, r4, asr r0
878015e0:	00540054 	subseq	r0, r4, r4, asr r0
878015e4:	00540054 	subseq	r0, r4, r4, asr r0
878015e8:	00540054 	subseq	r0, r4, r4, asr r0
878015ec:	00540054 	subseq	r0, r4, r4, asr r0
878015f0:	00540054 	subseq	r0, r4, r4, asr r0
878015f4:	00540054 	subseq	r0, r4, r4, asr r0
878015f8:	00540054 	subseq	r0, r4, r4, asr r0
878015fc:	00540054 	subseq	r0, r4, r4, asr r0
87801600:	00540054 	subseq	r0, r4, r4, asr r0
87801604:	00540054 	subseq	r0, r4, r4, asr r0
87801608:	00540054 	subseq	r0, r4, r4, asr r0
8780160c:	00540054 	subseq	r0, r4, r4, asr r0
87801610:	00540054 	subseq	r0, r4, r4, asr r0
87801614:	00540054 	subseq	r0, r4, r4, asr r0
87801618:	00540054 	subseq	r0, r4, r4, asr r0
8780161c:	00540054 	subseq	r0, r4, r4, asr r0
87801620:	00540054 	subseq	r0, r4, r4, asr r0
87801624:	00540054 	subseq	r0, r4, r4, asr r0
87801628:	00540054 	subseq	r0, r4, r4, asr r0
8780162c:	00540054 	subseq	r0, r4, r4, asr r0
87801630:	00540054 	subseq	r0, r4, r4, asr r0
87801634:	03fd0054 	mvnseq	r0, #84	@ 0x54
87801638:	00540054 	subseq	r0, r4, r4, asr r0
8780163c:	00540054 	subseq	r0, r4, r4, asr r0
87801640:	00540054 	subseq	r0, r4, r4, asr r0
87801644:	00540054 	subseq	r0, r4, r4, asr r0
87801648:	00540054 	subseq	r0, r4, r4, asr r0
8780164c:	02c50232 	sbceq	r0, r5, #536870915	@ 0x20000003
87801650:	00540054 	subseq	r0, r4, r4, asr r0
87801654:	00540054 	subseq	r0, r4, r4, asr r0
87801658:	005402c5 	subseq	r0, r4, r5, asr #5
8780165c:	00540054 	subseq	r0, r4, r4, asr r0
87801660:	02e20054 	rsceq	r0, r2, #84	@ 0x54
87801664:	029d03f7 	addseq	r0, sp, #-603979773	@ 0xdc000003
87801668:	00540054 	subseq	r0, r4, r4, asr r0
8780166c:	00540264 	subseq	r0, r4, r4, ror #4
87801670:	005402db 	ldrsbeq	r0, [r4], #-43	@ 0xffffffd5
87801674:	03f40054 	mvnseq	r0, #84	@ 0x54
87801678:	46d1      	mov	r9, sl
8780167a:	42a6      	cmp	r6, r4
8780167c:	f104 0201 	add.w	r2, r4, #1
87801680:	bf24      	itt	cs
87801682:	2325      	movcs	r3, #37	@ 0x25
87801684:	7023      	strbcs	r3, [r4, #0]
87801686:	f899 3000 	ldrb.w	r3, [r9]
8780168a:	2b00      	cmp	r3, #0
8780168c:	f000 81b3 	beq.w	878019f6 <vsnprintf+0x632>
87801690:	4296      	cmp	r6, r2
87801692:	bf28      	it	cs
87801694:	7063      	strbcs	r3, [r4, #1]
87801696:	f109 0e01 	add.w	lr, r9, #1
8780169a:	3402      	adds	r4, #2
8780169c:	f899 3001 	ldrb.w	r3, [r9, #1]
878016a0:	2b00      	cmp	r3, #0
878016a2:	f47f aea7 	bne.w	878013f4 <vsnprintf+0x30>
878016a6:	e6b1      	b.n	8780140c <vsnprintf+0x48>
878016a8:	f899 e001 	ldrb.w	lr, [r9, #1]
878016ac:	f109 0a01 	add.w	sl, r9, #1
878016b0:	4670      	mov	r0, lr
878016b2:	f81c 100e 	ldrb.w	r1, [ip, lr]
878016b6:	f011 0104 	ands.w	r1, r1, #4
878016ba:	f040 818b 	bne.w	878019d4 <vsnprintf+0x610>
878016be:	282a      	cmp	r0, #42	@ 0x2a
878016c0:	bf11      	iteee	ne
878016c2:	46d1      	movne	r9, sl
878016c4:	f857 1b04 	ldreq.w	r1, [r7], #4
878016c8:	f899 0002 	ldrbeq.w	r0, [r9, #2]
878016cc:	f109 0902 	addeq.w	r9, r9, #2
878016d0:	bf08      	it	eq
878016d2:	ea21 71e1 	biceq.w	r1, r1, r1, asr #31
878016d6:	e6e0      	b.n	8780149a <vsnprintf+0xd6>
878016d8:	2300      	movs	r3, #0
878016da:	f04f 0a0a 	mov.w	sl, #10
878016de:	fb0a 1303 	mla	r3, sl, r3, r1
878016e2:	f819 1f01 	ldrb.w	r1, [r9, #1]!
878016e6:	3b30      	subs	r3, #48	@ 0x30
878016e8:	4608      	mov	r0, r1
878016ea:	f81c 5001 	ldrb.w	r5, [ip, r1]
878016ee:	076d      	lsls	r5, r5, #29
878016f0:	d4f5      	bmi.n	878016de <vsnprintf+0x31a>
878016f2:	e6cc      	b.n	8780148e <vsnprintf+0xca>
878016f4:	4604      	mov	r4, r0
878016f6:	4618      	mov	r0, r3
878016f8:	2300      	movs	r3, #0
878016fa:	7023      	strb	r3, [r4, #0]
878016fc:	b009      	add	sp, #36	@ 0x24
878016fe:	e8bd 8ff0 	ldmia.w	sp!, {r4, r5, r6, r7, r8, r9, sl, fp, pc}
87801702:	f899 0000 	ldrb.w	r0, [r9]
87801706:	3825      	subs	r0, #37	@ 0x25
87801708:	2853      	cmp	r0, #83	@ 0x53
8780170a:	d8b6      	bhi.n	8780167a <vsnprintf+0x2b6>
8780170c:	f20f 0c08 	addw	ip, pc, #8
87801710:	f85c 0020 	ldr.w	r0, [ip, r0, lsl #2]
87801714:	4484      	add	ip, r0
87801716:	4760      	bx	ip
87801718:	00000367 	andeq	r0, r0, r7, ror #6
8780171c:	ffffff63 			@ <UNDEFINED> instruction: 0xffffff63
87801720:	ffffff63 			@ <UNDEFINED> instruction: 0xffffff63
87801724:	ffffff63 			@ <UNDEFINED> instruction: 0xffffff63
87801728:	ffffff63 			@ <UNDEFINED> instruction: 0xffffff63
8780172c:	ffffff63 			@ <UNDEFINED> instruction: 0xffffff63
87801730:	ffffff63 			@ <UNDEFINED> instruction: 0xffffff63
87801734:	ffffff63 			@ <UNDEFINED> instruction: 0xffffff63
87801738:	ffffff63 			@ <UNDEFINED> instruction: 0xffffff63
8780173c:	ffffff63 			@ <UNDEFINED> instruction: 0xffffff63
87801740:	ffffff63 			@ <UNDEFINED> instruction: 0xffffff63
87801744:	ffffff63 			@ <UNDEFINED> instruction: 0xffffff63
87801748:	ffffff63 			@ <UNDEFINED> instruction: 0xffffff63
8780174c:	ffffff63 			@ <UNDEFINED> instruction: 0xffffff63
87801750:	ffffff63 			@ <UNDEFINED> instruction: 0xffffff63
87801754:	ffffff63 			@ <UNDEFINED> instruction: 0xffffff63
87801758:	ffffff63 			@ <UNDEFINED> instruction: 0xffffff63
8780175c:	ffffff63 			@ <UNDEFINED> instruction: 0xffffff63
87801760:	ffffff63 			@ <UNDEFINED> instruction: 0xffffff63
87801764:	ffffff63 			@ <UNDEFINED> instruction: 0xffffff63
87801768:	ffffff63 			@ <UNDEFINED> instruction: 0xffffff63
8780176c:	ffffff63 			@ <UNDEFINED> instruction: 0xffffff63
87801770:	ffffff63 			@ <UNDEFINED> instruction: 0xffffff63
87801774:	ffffff63 			@ <UNDEFINED> instruction: 0xffffff63
87801778:	ffffff63 			@ <UNDEFINED> instruction: 0xffffff63
8780177c:	ffffff63 			@ <UNDEFINED> instruction: 0xffffff63
87801780:	ffffff63 			@ <UNDEFINED> instruction: 0xffffff63
87801784:	ffffff63 			@ <UNDEFINED> instruction: 0xffffff63
87801788:	ffffff63 			@ <UNDEFINED> instruction: 0xffffff63
8780178c:	ffffff63 			@ <UNDEFINED> instruction: 0xffffff63
87801790:	ffffff63 			@ <UNDEFINED> instruction: 0xffffff63
87801794:	ffffff63 			@ <UNDEFINED> instruction: 0xffffff63
87801798:	ffffff63 			@ <UNDEFINED> instruction: 0xffffff63
8780179c:	ffffff63 			@ <UNDEFINED> instruction: 0xffffff63
878017a0:	ffffff63 			@ <UNDEFINED> instruction: 0xffffff63
878017a4:	ffffff63 			@ <UNDEFINED> instruction: 0xffffff63
878017a8:	ffffff63 			@ <UNDEFINED> instruction: 0xffffff63
878017ac:	ffffff63 			@ <UNDEFINED> instruction: 0xffffff63
878017b0:	ffffff63 			@ <UNDEFINED> instruction: 0xffffff63
878017b4:	ffffff63 			@ <UNDEFINED> instruction: 0xffffff63
878017b8:	ffffff63 			@ <UNDEFINED> instruction: 0xffffff63
878017bc:	ffffff63 			@ <UNDEFINED> instruction: 0xffffff63
878017c0:	ffffff63 			@ <UNDEFINED> instruction: 0xffffff63
878017c4:	ffffff63 			@ <UNDEFINED> instruction: 0xffffff63
878017c8:	ffffff63 			@ <UNDEFINED> instruction: 0xffffff63
878017cc:	ffffff63 			@ <UNDEFINED> instruction: 0xffffff63
878017d0:	ffffff63 			@ <UNDEFINED> instruction: 0xffffff63
878017d4:	ffffff63 			@ <UNDEFINED> instruction: 0xffffff63
878017d8:	ffffff63 			@ <UNDEFINED> instruction: 0xffffff63
878017dc:	ffffff63 			@ <UNDEFINED> instruction: 0xffffff63
878017e0:	ffffff63 			@ <UNDEFINED> instruction: 0xffffff63
878017e4:	00000677 	andeq	r0, r0, r7, ror r6
878017e8:	ffffff63 			@ <UNDEFINED> instruction: 0xffffff63
878017ec:	ffffff63 			@ <UNDEFINED> instruction: 0xffffff63
878017f0:	ffffff63 			@ <UNDEFINED> instruction: 0xffffff63
878017f4:	ffffff63 			@ <UNDEFINED> instruction: 0xffffff63
878017f8:	ffffff63 			@ <UNDEFINED> instruction: 0xffffff63
878017fc:	ffffff63 			@ <UNDEFINED> instruction: 0xffffff63
87801800:	ffffff63 			@ <UNDEFINED> instruction: 0xffffff63
87801804:	ffffff63 			@ <UNDEFINED> instruction: 0xffffff63
87801808:	ffffff63 			@ <UNDEFINED> instruction: 0xffffff63
8780180c:	ffffff63 			@ <UNDEFINED> instruction: 0xffffff63
87801810:	0000031f 	andeq	r0, r0, pc, lsl r3
87801814:	00000633 	andeq	r0, r0, r3, lsr r6
87801818:	ffffff63 			@ <UNDEFINED> instruction: 0xffffff63
8780181c:	ffffff63 			@ <UNDEFINED> instruction: 0xffffff63
87801820:	ffffff63 			@ <UNDEFINED> instruction: 0xffffff63
87801824:	ffffff63 			@ <UNDEFINED> instruction: 0xffffff63
87801828:	00000633 	andeq	r0, r0, r3, lsr r6
8780182c:	ffffff63 			@ <UNDEFINED> instruction: 0xffffff63
87801830:	ffffff63 			@ <UNDEFINED> instruction: 0xffffff63
87801834:	ffffff63 			@ <UNDEFINED> instruction: 0xffffff63
87801838:	ffffff63 			@ <UNDEFINED> instruction: 0xffffff63
8780183c:	0000061d 	andeq	r0, r0, sp, lsl r6
87801840:	00000681 	andeq	r0, r0, r1, lsl #13
87801844:	000003f5 	strdeq	r0, [r0], -r5
87801848:	ffffff63 			@ <UNDEFINED> instruction: 0xffffff63
8780184c:	ffffff63 			@ <UNDEFINED> instruction: 0xffffff63
87801850:	00000383 	andeq	r0, r0, r3, lsl #7
87801854:	ffffff63 			@ <UNDEFINED> instruction: 0xffffff63
87801858:	00000671 	andeq	r0, r0, r1, ror r6
8780185c:	ffffff63 			@ <UNDEFINED> instruction: 0xffffff63
87801860:	ffffff63 			@ <UNDEFINED> instruction: 0xffffff63
87801864:	0000067b 	andeq	r0, r0, fp, ror r6
87801868:	f899 0001 	ldrb.w	r0, [r9, #1]
8780186c:	f109 0a01 	add.w	sl, r9, #1
87801870:	3825      	subs	r0, #37	@ 0x25
87801872:	2853      	cmp	r0, #83	@ 0x53
87801874:	f63f af00 	bhi.w	87801678 <vsnprintf+0x2b4>
87801878:	f20f 0c08 	addw	ip, pc, #8
8780187c:	f85c 0020 	ldr.w	r0, [ip, r0, lsl #2]
87801880:	4484      	add	ip, r0
87801882:	4760      	bx	ip
87801884:	000001f9 	strdeq	r0, [r0], -r9
87801888:	fffffdf5 			@ <UNDEFINED> instruction: 0xfffffdf5
8780188c:	fffffdf5 			@ <UNDEFINED> instruction: 0xfffffdf5
87801890:	fffffdf5 			@ <UNDEFINED> instruction: 0xfffffdf5
87801894:	fffffdf5 			@ <UNDEFINED> instruction: 0xfffffdf5
87801898:	fffffdf5 			@ <UNDEFINED> instruction: 0xfffffdf5
8780189c:	fffffdf5 			@ <UNDEFINED> instruction: 0xfffffdf5
878018a0:	fffffdf5 			@ <UNDEFINED> instruction: 0xfffffdf5
878018a4:	fffffdf5 			@ <UNDEFINED> instruction: 0xfffffdf5
878018a8:	fffffdf5 			@ <UNDEFINED> instruction: 0xfffffdf5
878018ac:	fffffdf5 			@ <UNDEFINED> instruction: 0xfffffdf5
878018b0:	fffffdf5 			@ <UNDEFINED> instruction: 0xfffffdf5
878018b4:	fffffdf5 			@ <UNDEFINED> instruction: 0xfffffdf5
878018b8:	fffffdf5 			@ <UNDEFINED> instruction: 0xfffffdf5
878018bc:	fffffdf5 			@ <UNDEFINED> instruction: 0xfffffdf5
878018c0:	fffffdf5 			@ <UNDEFINED> instruction: 0xfffffdf5
878018c4:	fffffdf5 			@ <UNDEFINED> instruction: 0xfffffdf5
878018c8:	fffffdf5 			@ <UNDEFINED> instruction: 0xfffffdf5
878018cc:	fffffdf5 			@ <UNDEFINED> instruction: 0xfffffdf5
878018d0:	fffffdf5 			@ <UNDEFINED> instruction: 0xfffffdf5
878018d4:	fffffdf5 			@ <UNDEFINED> instruction: 0xfffffdf5
878018d8:	fffffdf5 			@ <UNDEFINED> instruction: 0xfffffdf5
878018dc:	fffffdf5 			@ <UNDEFINED> instruction: 0xfffffdf5
878018e0:	fffffdf5 			@ <UNDEFINED> instruction: 0xfffffdf5
878018e4:	fffffdf5 			@ <UNDEFINED> instruction: 0xfffffdf5
878018e8:	fffffdf5 			@ <UNDEFINED> instruction: 0xfffffdf5
878018ec:	fffffdf5 			@ <UNDEFINED> instruction: 0xfffffdf5
878018f0:	fffffdf5 			@ <UNDEFINED> instruction: 0xfffffdf5
878018f4:	fffffdf5 			@ <UNDEFINED> instruction: 0xfffffdf5
878018f8:	fffffdf5 			@ <UNDEFINED> instruction: 0xfffffdf5
878018fc:	fffffdf5 			@ <UNDEFINED> instruction: 0xfffffdf5
87801900:	fffffdf5 			@ <UNDEFINED> instruction: 0xfffffdf5
87801904:	fffffdf5 			@ <UNDEFINED> instruction: 0xfffffdf5
87801908:	fffffdf5 			@ <UNDEFINED> instruction: 0xfffffdf5
8780190c:	fffffdf5 			@ <UNDEFINED> instruction: 0xfffffdf5
87801910:	fffffdf5 			@ <UNDEFINED> instruction: 0xfffffdf5
87801914:	fffffdf5 			@ <UNDEFINED> instruction: 0xfffffdf5
87801918:	fffffdf5 			@ <UNDEFINED> instruction: 0xfffffdf5
8780191c:	fffffdf5 			@ <UNDEFINED> instruction: 0xfffffdf5
87801920:	fffffdf5 			@ <UNDEFINED> instruction: 0xfffffdf5
87801924:	fffffdf5 			@ <UNDEFINED> instruction: 0xfffffdf5
87801928:	fffffdf5 			@ <UNDEFINED> instruction: 0xfffffdf5
8780192c:	fffffdf5 			@ <UNDEFINED> instruction: 0xfffffdf5
87801930:	fffffdf5 			@ <UNDEFINED> instruction: 0xfffffdf5
87801934:	fffffdf5 			@ <UNDEFINED> instruction: 0xfffffdf5
87801938:	fffffdf5 			@ <UNDEFINED> instruction: 0xfffffdf5
8780193c:	fffffdf5 			@ <UNDEFINED> instruction: 0xfffffdf5
87801940:	fffffdf5 			@ <UNDEFINED> instruction: 0xfffffdf5
87801944:	fffffdf5 			@ <UNDEFINED> instruction: 0xfffffdf5
87801948:	fffffdf5 			@ <UNDEFINED> instruction: 0xfffffdf5
8780194c:	fffffdf5 			@ <UNDEFINED> instruction: 0xfffffdf5
87801950:	00000531 	andeq	r0, r0, r1, lsr r5
87801954:	fffffdf5 			@ <UNDEFINED> instruction: 0xfffffdf5
87801958:	fffffdf5 			@ <UNDEFINED> instruction: 0xfffffdf5
8780195c:	fffffdf5 			@ <UNDEFINED> instruction: 0xfffffdf5
87801960:	fffffdf5 			@ <UNDEFINED> instruction: 0xfffffdf5
87801964:	fffffdf5 			@ <UNDEFINED> instruction: 0xfffffdf5
87801968:	fffffdf5 			@ <UNDEFINED> instruction: 0xfffffdf5
8780196c:	fffffdf5 			@ <UNDEFINED> instruction: 0xfffffdf5
87801970:	fffffdf5 			@ <UNDEFINED> instruction: 0xfffffdf5
87801974:	fffffdf5 			@ <UNDEFINED> instruction: 0xfffffdf5
87801978:	fffffdf5 			@ <UNDEFINED> instruction: 0xfffffdf5
8780197c:	000001b1 			@ <UNDEFINED> instruction: 0x000001b1
87801980:	000004db 	ldrdeq	r0, [r0], -fp
87801984:	fffffdf5 			@ <UNDEFINED> instruction: 0xfffffdf5
87801988:	fffffdf5 			@ <UNDEFINED> instruction: 0xfffffdf5
8780198c:	fffffdf5 			@ <UNDEFINED> instruction: 0xfffffdf5
87801990:	fffffdf5 			@ <UNDEFINED> instruction: 0xfffffdf5
87801994:	000004db 	ldrdeq	r0, [r0], -fp
87801998:	fffffdf5 			@ <UNDEFINED> instruction: 0xfffffdf5
8780199c:	fffffdf5 			@ <UNDEFINED> instruction: 0xfffffdf5
878019a0:	fffffdf5 			@ <UNDEFINED> instruction: 0xfffffdf5
878019a4:	fffffdf5 			@ <UNDEFINED> instruction: 0xfffffdf5
878019a8:	000002e9 	andeq	r0, r0, r9, ror #5
878019ac:	0000053b 	andeq	r0, r0, fp, lsr r5
878019b0:	00000287 	andeq	r0, r0, r7, lsl #5
878019b4:	fffffdf5 			@ <UNDEFINED> instruction: 0xfffffdf5
878019b8:	fffffdf5 			@ <UNDEFINED> instruction: 0xfffffdf5
878019bc:	00000215 	andeq	r0, r0, r5, lsl r2
878019c0:	fffffdf5 			@ <UNDEFINED> instruction: 0xfffffdf5
878019c4:	00000541 	andeq	r0, r0, r1, asr #10
878019c8:	fffffdf5 			@ <UNDEFINED> instruction: 0xfffffdf5
878019cc:	fffffdf5 			@ <UNDEFINED> instruction: 0xfffffdf5
878019d0:	00000535 	andeq	r0, r0, r5, lsr r5
878019d4:	2100      	movs	r1, #0
878019d6:	250a      	movs	r5, #10
878019d8:	f81a 0f01 	ldrb.w	r0, [sl, #1]!
878019dc:	fb05 e101 	mla	r1, r5, r1, lr
878019e0:	4686      	mov	lr, r0
878019e2:	3930      	subs	r1, #48	@ 0x30
878019e4:	f81c 9000 	ldrb.w	r9, [ip, r0]
878019e8:	f019 0f04 	tst.w	r9, #4
878019ec:	d1f4      	bne.n	878019d8 <vsnprintf+0x614>
878019ee:	ea21 71e1 	bic.w	r1, r1, r1, asr #31
878019f2:	46d1      	mov	r9, sl
878019f4:	e551      	b.n	8780149a <vsnprintf+0xd6>
878019f6:	9d05      	ldr	r5, [sp, #20]
878019f8:	4614      	mov	r4, r2
878019fa:	e508      	b.n	8780140e <vsnprintf+0x4a>
878019fc:	f857 0b04 	ldr.w	r0, [r7], #4
87801a00:	f042 0202 	orr.w	r2, r2, #2
87801a04:	46ca      	mov	sl, r9
87801a06:	f04f 0c0a 	mov.w	ip, #10
87801a0a:	ea4f 7ee0 	mov.w	lr, r0, asr #31
87801a0e:	e9cd 1202 	strd	r1, r2, [sp, #8]
87801a12:	4602      	mov	r2, r0
87801a14:	e9cd c300 	strd	ip, r3, [sp]
87801a18:	4620      	mov	r0, r4
87801a1a:	4673      	mov	r3, lr
87801a1c:	4631      	mov	r1, r6
87801a1e:	f7fe ff9f 	bl	87800960 <number>
87801a22:	f89a 3001 	ldrb.w	r3, [sl, #1]
87801a26:	4604      	mov	r4, r0
87801a28:	f10a 0e01 	add.w	lr, sl, #1
87801a2c:	2b00      	cmp	r3, #0
87801a2e:	f47f ace1 	bne.w	878013f4 <vsnprintf+0x30>
87801a32:	e4eb      	b.n	8780140c <vsnprintf+0x48>
87801a34:	46d1      	mov	r9, sl
87801a36:	1c60      	adds	r0, r4, #1
87801a38:	1d39      	adds	r1, r7, #4
87801a3a:	f109 0e01 	add.w	lr, r9, #1
87801a3e:	06d5      	lsls	r5, r2, #27
87801a40:	f140 81ed 	bpl.w	87801e1e <vsnprintf+0xa5a>
87801a44:	42a6      	cmp	r6, r4
87801a46:	bf24      	itt	cs
87801a48:	683a      	ldrcs	r2, [r7, #0]
87801a4a:	7022      	strbcs	r2, [r4, #0]
87801a4c:	2b01      	cmp	r3, #1
87801a4e:	bfd8      	it	le
87801a50:	4604      	movle	r4, r0
87801a52:	dd0c      	ble.n	87801a6e <vsnprintf+0x6aa>
87801a54:	441c      	add	r4, r3
87801a56:	4602      	mov	r2, r0
87801a58:	2720      	movs	r7, #32
87801a5a:	4296      	cmp	r6, r2
87801a5c:	f102 0201 	add.w	r2, r2, #1
87801a60:	bf28      	it	cs
87801a62:	f802 7c01 	strbcs.w	r7, [r2, #-1]
87801a66:	42a2      	cmp	r2, r4
87801a68:	d1f7      	bne.n	87801a5a <vsnprintf+0x696>
87801a6a:	3b01      	subs	r3, #1
87801a6c:	18c4      	adds	r4, r0, r3
87801a6e:	f899 3001 	ldrb.w	r3, [r9, #1]
87801a72:	460f      	mov	r7, r1
87801a74:	2b00      	cmp	r3, #0
87801a76:	f47f acbd 	bne.w	878013f4 <vsnprintf+0x30>
87801a7a:	e4c7      	b.n	8780140c <vsnprintf+0x48>
87801a7c:	46d1      	mov	r9, sl
87801a7e:	42a6      	cmp	r6, r4
87801a80:	f109 0e01 	add.w	lr, r9, #1
87801a84:	bf24      	itt	cs
87801a86:	2325      	movcs	r3, #37	@ 0x25
87801a88:	7023      	strbcs	r3, [r4, #0]
87801a8a:	3401      	adds	r4, #1
87801a8c:	f899 3001 	ldrb.w	r3, [r9, #1]
87801a90:	2b00      	cmp	r3, #0
87801a92:	f47f acaf 	bne.w	878013f4 <vsnprintf+0x30>
87801a96:	e4b9      	b.n	8780140c <vsnprintf+0x48>
87801a98:	46d1      	mov	r9, sl
87801a9a:	f857 ab04 	ldr.w	sl, [r7], #4
87801a9e:	f5ba 6f80 	cmp.w	sl, #1024	@ 0x400
87801aa2:	d202      	bcs.n	87801aaa <vsnprintf+0x6e6>
87801aa4:	f8df a3d0 	ldr.w	sl, [pc, #976]	@ 87801e78 <vsnprintf+0xab4>
87801aa8:	44fa      	add	sl, pc
87801aaa:	4650      	mov	r0, sl
87801aac:	e9cd 3206 	strd	r3, r2, [sp, #24]
87801ab0:	f7fe fde0 	bl	87800674 <strnlen>
87801ab4:	9a07      	ldr	r2, [sp, #28]
87801ab6:	9b06      	ldr	r3, [sp, #24]
87801ab8:	f012 0f10 	tst.w	r2, #16
87801abc:	f000 8194 	beq.w	87801de8 <vsnprintf+0xa24>
87801ac0:	2800      	cmp	r0, #0
87801ac2:	dd0c      	ble.n	87801ade <vsnprintf+0x71a>
87801ac4:	1822      	adds	r2, r4, r0
87801ac6:	42a6      	cmp	r6, r4
87801ac8:	f104 0401 	add.w	r4, r4, #1
87801acc:	f10a 0a01 	add.w	sl, sl, #1
87801ad0:	bf24      	itt	cs
87801ad2:	f81a 1c01 	ldrbcs.w	r1, [sl, #-1]
87801ad6:	f804 1c01 	strbcs.w	r1, [r4, #-1]
87801ada:	4294      	cmp	r4, r2
87801adc:	d1f3      	bne.n	87801ac6 <vsnprintf+0x702>
87801ade:	4283      	cmp	r3, r0
87801ae0:	f109 0e01 	add.w	lr, r9, #1
87801ae4:	bfc2      	ittt	gt
87801ae6:	1a1b      	subgt	r3, r3, r0
87801ae8:	2220      	movgt	r2, #32
87801aea:	191b      	addgt	r3, r3, r4
87801aec:	dd07      	ble.n	87801afe <vsnprintf+0x73a>
87801aee:	42a6      	cmp	r6, r4
87801af0:	f104 0401 	add.w	r4, r4, #1
87801af4:	bf28      	it	cs
87801af6:	f804 2c01 	strbcs.w	r2, [r4, #-1]
87801afa:	429c      	cmp	r4, r3
87801afc:	d1f7      	bne.n	87801aee <vsnprintf+0x72a>
87801afe:	f899 3001 	ldrb.w	r3, [r9, #1]
87801b02:	2b00      	cmp	r3, #0
87801b04:	f47f ac76 	bne.w	878013f4 <vsnprintf+0x30>
87801b08:	e480      	b.n	8780140c <vsnprintf+0x48>
87801b0a:	46d1      	mov	r9, sl
87801b0c:	1c58      	adds	r0, r3, #1
87801b0e:	4620      	mov	r0, r4
87801b10:	f857 4b04 	ldr.w	r4, [r7], #4
87801b14:	bf08      	it	eq
87801b16:	f042 0201 	orreq.w	r2, r2, #1
87801b1a:	bf08      	it	eq
87801b1c:	2308      	moveq	r3, #8
87801b1e:	e9cd 1202 	strd	r1, r2, [sp, #8]
87801b22:	f04f 0c10 	mov.w	ip, #16
87801b26:	4622      	mov	r2, r4
87801b28:	e9cd c300 	strd	ip, r3, [sp]
87801b2c:	4631      	mov	r1, r6
87801b2e:	2300      	movs	r3, #0
87801b30:	f7fe ff16 	bl	87800960 <number>
87801b34:	f899 3001 	ldrb.w	r3, [r9, #1]
87801b38:	4604      	mov	r4, r0
87801b3a:	f109 0e01 	add.w	lr, r9, #1
87801b3e:	2b00      	cmp	r3, #0
87801b40:	f47f ac58 	bne.w	878013f4 <vsnprintf+0x30>
87801b44:	e462      	b.n	8780140c <vsnprintf+0x48>
87801b46:	f042 0240 	orr.w	r2, r2, #64	@ 0x40
87801b4a:	f04f 0c10 	mov.w	ip, #16
87801b4e:	f857 0b04 	ldr.w	r0, [r7], #4
87801b52:	46ca      	mov	sl, r9
87801b54:	f04f 0e00 	mov.w	lr, #0
87801b58:	e759      	b.n	87801a0e <vsnprintf+0x64a>
87801b5a:	f857 0b04 	ldr.w	r0, [r7], #4
87801b5e:	f042 0202 	orr.w	r2, r2, #2
87801b62:	f04f 0c0a 	mov.w	ip, #10
87801b66:	ea4f 7ee0 	mov.w	lr, r0, asr #31
87801b6a:	e750      	b.n	87801a0e <vsnprintf+0x64a>
87801b6c:	f857 3b04 	ldr.w	r3, [r7], #4
87801b70:	f109 0e02 	add.w	lr, r9, #2
87801b74:	eba4 020b 	sub.w	r2, r4, fp
87801b78:	601a      	str	r2, [r3, #0]
87801b7a:	f89a 3001 	ldrb.w	r3, [sl, #1]
87801b7e:	2b00      	cmp	r3, #0
87801b80:	f47f ac38 	bne.w	878013f4 <vsnprintf+0x30>
87801b84:	e442      	b.n	8780140c <vsnprintf+0x48>
87801b86:	f857 0b04 	ldr.w	r0, [r7], #4
87801b8a:	f04f 0e00 	mov.w	lr, #0
87801b8e:	f04f 0c0a 	mov.w	ip, #10
87801b92:	e73c      	b.n	87801a0e <vsnprintf+0x64a>
87801b94:	f857 2b04 	ldr.w	r2, [r7], #4
87801b98:	eba4 030b 	sub.w	r3, r4, fp
87801b9c:	f109 0e02 	add.w	lr, r9, #2
87801ba0:	6013      	str	r3, [r2, #0]
87801ba2:	f899 3002 	ldrb.w	r3, [r9, #2]
87801ba6:	2b00      	cmp	r3, #0
87801ba8:	f47f ac24 	bne.w	878013f4 <vsnprintf+0x30>
87801bac:	e42e      	b.n	8780140c <vsnprintf+0x48>
87801bae:	f899 c001 	ldrb.w	ip, [r9, #1]
87801bb2:	f1ac 0c25 	sub.w	ip, ip, #37	@ 0x25
87801bb6:	f1bc 0f53 	cmp.w	ip, #83	@ 0x53
87801bba:	f63f ad5d 	bhi.w	87801678 <vsnprintf+0x2b4>
87801bbe:	f20f 0e0c 	addw	lr, pc, #12
87801bc2:	f85e c02c 	ldr.w	ip, [lr, ip, lsl #2]
87801bc6:	44e6      	add	lr, ip
87801bc8:	4770      	bx	lr
87801bca:	bf00      	nop
87801bcc:	fffffeb1 			@ <UNDEFINED> instruction: 0xfffffeb1
87801bd0:	fffffaad 			@ <UNDEFINED> instruction: 0xfffffaad
87801bd4:	fffffaad 			@ <UNDEFINED> instruction: 0xfffffaad
87801bd8:	fffffaad 			@ <UNDEFINED> instruction: 0xfffffaad
87801bdc:	fffffaad 			@ <UNDEFINED> instruction: 0xfffffaad
87801be0:	fffffaad 			@ <UNDEFINED> instruction: 0xfffffaad
87801be4:	fffffaad 			@ <UNDEFINED> instruction: 0xfffffaad
87801be8:	fffffaad 			@ <UNDEFINED> instruction: 0xfffffaad
87801bec:	fffffaad 			@ <UNDEFINED> instruction: 0xfffffaad
87801bf0:	fffffaad 			@ <UNDEFINED> instruction: 0xfffffaad
87801bf4:	fffffaad 			@ <UNDEFINED> instruction: 0xfffffaad
87801bf8:	fffffaad 			@ <UNDEFINED> instruction: 0xfffffaad
87801bfc:	fffffaad 			@ <UNDEFINED> instruction: 0xfffffaad
87801c00:	fffffaad 			@ <UNDEFINED> instruction: 0xfffffaad
87801c04:	fffffaad 			@ <UNDEFINED> instruction: 0xfffffaad
87801c08:	fffffaad 			@ <UNDEFINED> instruction: 0xfffffaad
87801c0c:	fffffaad 			@ <UNDEFINED> instruction: 0xfffffaad
87801c10:	fffffaad 			@ <UNDEFINED> instruction: 0xfffffaad
87801c14:	fffffaad 			@ <UNDEFINED> instruction: 0xfffffaad
87801c18:	fffffaad 			@ <UNDEFINED> instruction: 0xfffffaad
87801c1c:	fffffaad 			@ <UNDEFINED> instruction: 0xfffffaad
87801c20:	fffffaad 			@ <UNDEFINED> instruction: 0xfffffaad
87801c24:	fffffaad 			@ <UNDEFINED> instruction: 0xfffffaad
87801c28:	fffffaad 			@ <UNDEFINED> instruction: 0xfffffaad
87801c2c:	fffffaad 			@ <UNDEFINED> instruction: 0xfffffaad
87801c30:	fffffaad 			@ <UNDEFINED> instruction: 0xfffffaad
87801c34:	fffffaad 			@ <UNDEFINED> instruction: 0xfffffaad
87801c38:	fffffaad 			@ <UNDEFINED> instruction: 0xfffffaad
87801c3c:	fffffaad 			@ <UNDEFINED> instruction: 0xfffffaad
87801c40:	fffffaad 			@ <UNDEFINED> instruction: 0xfffffaad
87801c44:	fffffaad 			@ <UNDEFINED> instruction: 0xfffffaad
87801c48:	fffffaad 			@ <UNDEFINED> instruction: 0xfffffaad
87801c4c:	fffffaad 			@ <UNDEFINED> instruction: 0xfffffaad
87801c50:	fffffaad 			@ <UNDEFINED> instruction: 0xfffffaad
87801c54:	fffffaad 			@ <UNDEFINED> instruction: 0xfffffaad
87801c58:	fffffaad 			@ <UNDEFINED> instruction: 0xfffffaad
87801c5c:	fffffaad 			@ <UNDEFINED> instruction: 0xfffffaad
87801c60:	fffffaad 			@ <UNDEFINED> instruction: 0xfffffaad
87801c64:	fffffaad 			@ <UNDEFINED> instruction: 0xfffffaad
87801c68:	fffffaad 			@ <UNDEFINED> instruction: 0xfffffaad
87801c6c:	fffffaad 			@ <UNDEFINED> instruction: 0xfffffaad
87801c70:	fffffaad 			@ <UNDEFINED> instruction: 0xfffffaad
87801c74:	fffffaad 			@ <UNDEFINED> instruction: 0xfffffaad
87801c78:	fffffaad 			@ <UNDEFINED> instruction: 0xfffffaad
87801c7c:	fffffaad 			@ <UNDEFINED> instruction: 0xfffffaad
87801c80:	fffffaad 			@ <UNDEFINED> instruction: 0xfffffaad
87801c84:	fffffaad 			@ <UNDEFINED> instruction: 0xfffffaad
87801c88:	fffffaad 			@ <UNDEFINED> instruction: 0xfffffaad
87801c8c:	fffffaad 			@ <UNDEFINED> instruction: 0xfffffaad
87801c90:	fffffaad 			@ <UNDEFINED> instruction: 0xfffffaad
87801c94:	fffffaad 			@ <UNDEFINED> instruction: 0xfffffaad
87801c98:	000001a5 	andeq	r0, r0, r5, lsr #3
87801c9c:	fffffaad 			@ <UNDEFINED> instruction: 0xfffffaad
87801ca0:	fffffaad 			@ <UNDEFINED> instruction: 0xfffffaad
87801ca4:	fffffaad 			@ <UNDEFINED> instruction: 0xfffffaad
87801ca8:	fffffaad 			@ <UNDEFINED> instruction: 0xfffffaad
87801cac:	fffffaad 			@ <UNDEFINED> instruction: 0xfffffaad
87801cb0:	fffffaad 			@ <UNDEFINED> instruction: 0xfffffaad
87801cb4:	fffffaad 			@ <UNDEFINED> instruction: 0xfffffaad
87801cb8:	fffffaad 			@ <UNDEFINED> instruction: 0xfffffaad
87801cbc:	fffffaad 			@ <UNDEFINED> instruction: 0xfffffaad
87801cc0:	fffffaad 			@ <UNDEFINED> instruction: 0xfffffaad
87801cc4:	fffffe69 			@ <UNDEFINED> instruction: 0xfffffe69
87801cc8:	000001d3 	ldrdeq	r0, [r0], -r3
87801ccc:	fffffaad 			@ <UNDEFINED> instruction: 0xfffffaad
87801cd0:	fffffaad 			@ <UNDEFINED> instruction: 0xfffffaad
87801cd4:	fffffaad 			@ <UNDEFINED> instruction: 0xfffffaad
87801cd8:	fffffaad 			@ <UNDEFINED> instruction: 0xfffffaad
87801cdc:	000001d3 	ldrdeq	r0, [r0], -r3
87801ce0:	fffffaad 			@ <UNDEFINED> instruction: 0xfffffaad
87801ce4:	fffffaad 			@ <UNDEFINED> instruction: 0xfffffaad
87801ce8:	fffffaad 			@ <UNDEFINED> instruction: 0xfffffaad
87801cec:	fffffaad 			@ <UNDEFINED> instruction: 0xfffffaad
87801cf0:	ffffffa1 			@ <UNDEFINED> instruction: 0xffffffa1
87801cf4:	00000213 	andeq	r0, r0, r3, lsl r2
87801cf8:	ffffff3f 			@ <UNDEFINED> instruction: 0xffffff3f
87801cfc:	fffffaad 			@ <UNDEFINED> instruction: 0xfffffaad
87801d00:	fffffaad 			@ <UNDEFINED> instruction: 0xfffffaad
87801d04:	fffffecd 			@ <UNDEFINED> instruction: 0xfffffecd
87801d08:	fffffaad 			@ <UNDEFINED> instruction: 0xfffffaad
87801d0c:	00000209 	andeq	r0, r0, r9, lsl #4
87801d10:	fffffaad 			@ <UNDEFINED> instruction: 0xfffffaad
87801d14:	fffffaad 			@ <UNDEFINED> instruction: 0xfffffaad
87801d18:	000001a9 	andeq	r0, r0, r9, lsr #3
87801d1c:	2000      	movs	r0, #0
87801d1e:	b009      	add	sp, #36	@ 0x24
87801d20:	e8bd 8ff0 	ldmia.w	sp!, {r4, r5, r6, r7, r8, r9, sl, fp, pc}
87801d24:	f857 0b04 	ldr.w	r0, [r7], #4
87801d28:	f04f 0c0a 	mov.w	ip, #10
87801d2c:	e711      	b.n	87801b52 <vsnprintf+0x78e>
87801d2e:	f04f 0c10 	mov.w	ip, #16
87801d32:	e70c      	b.n	87801b4e <vsnprintf+0x78a>
87801d34:	f857 3b04 	ldr.w	r3, [r7], #4
87801d38:	eba4 020b 	sub.w	r2, r4, fp
87801d3c:	f109 0e01 	add.w	lr, r9, #1
87801d40:	46ca      	mov	sl, r9
87801d42:	e719      	b.n	87801b78 <vsnprintf+0x7b4>
87801d44:	f04f 0c08 	mov.w	ip, #8
87801d48:	e701      	b.n	87801b4e <vsnprintf+0x78a>
87801d4a:	f042 0202 	orr.w	r2, r2, #2
87801d4e:	f04f 0c0a 	mov.w	ip, #10
87801d52:	f8d7 e004 	ldr.w	lr, [r7, #4]
87801d56:	46ca      	mov	sl, r9
87801d58:	f857 0b08 	ldr.w	r0, [r7], #8
87801d5c:	e657      	b.n	87801a0e <vsnprintf+0x64a>
87801d5e:	f042 0202 	orr.w	r2, r2, #2
87801d62:	f04f 0c0a 	mov.w	ip, #10
87801d66:	f857 0b04 	ldr.w	r0, [r7], #4
87801d6a:	f04f 0e00 	mov.w	lr, #0
87801d6e:	e64e      	b.n	87801a0e <vsnprintf+0x64a>
87801d70:	f042 0240 	orr.w	r2, r2, #64	@ 0x40
87801d74:	f04f 0c10 	mov.w	ip, #16
87801d78:	2868      	cmp	r0, #104	@ 0x68
87801d7a:	d1f4      	bne.n	87801d66 <vsnprintf+0x9a2>
87801d7c:	f857 0b04 	ldr.w	r0, [r7], #4
87801d80:	f04f 0e00 	mov.w	lr, #0
87801d84:	b280      	uxth	r0, r0
87801d86:	e642      	b.n	87801a0e <vsnprintf+0x64a>
87801d88:	f04f 0c0a 	mov.w	ip, #10
87801d8c:	e7e1      	b.n	87801d52 <vsnprintf+0x98e>
87801d8e:	f042 0240 	orr.w	r2, r2, #64	@ 0x40
87801d92:	f04f 0c10 	mov.w	ip, #16
87801d96:	e7dc      	b.n	87801d52 <vsnprintf+0x98e>
87801d98:	f04f 0c08 	mov.w	ip, #8
87801d9c:	e7d9      	b.n	87801d52 <vsnprintf+0x98e>
87801d9e:	f042 0202 	orr.w	r2, r2, #2
87801da2:	f04f 0c0a 	mov.w	ip, #10
87801da6:	2868      	cmp	r0, #104	@ 0x68
87801da8:	d1dd      	bne.n	87801d66 <vsnprintf+0x9a2>
87801daa:	f937 0b04 	ldrsh.w	r0, [r7], #4
87801dae:	ea4f 7ee0 	mov.w	lr, r0, asr #31
87801db2:	e62c      	b.n	87801a0e <vsnprintf+0x64a>
87801db4:	f042 0240 	orr.w	r2, r2, #64	@ 0x40
87801db8:	f04f 0c10 	mov.w	ip, #16
87801dbc:	e7d3      	b.n	87801d66 <vsnprintf+0x9a2>
87801dbe:	f04f 0c08 	mov.w	ip, #8
87801dc2:	e7d0      	b.n	87801d66 <vsnprintf+0x9a2>
87801dc4:	f04f 0c0a 	mov.w	ip, #10
87801dc8:	e7cd      	b.n	87801d66 <vsnprintf+0x9a2>
87801dca:	f042 0240 	orr.w	r2, r2, #64	@ 0x40
87801dce:	f04f 0c10 	mov.w	ip, #16
87801dd2:	e7c8      	b.n	87801d66 <vsnprintf+0x9a2>
87801dd4:	f04f 0c0a 	mov.w	ip, #10
87801dd8:	2868      	cmp	r0, #104	@ 0x68
87801dda:	d1c4      	bne.n	87801d66 <vsnprintf+0x9a2>
87801ddc:	e7ce      	b.n	87801d7c <vsnprintf+0x9b8>
87801dde:	f04f 0c08 	mov.w	ip, #8
87801de2:	2868      	cmp	r0, #104	@ 0x68
87801de4:	d1bf      	bne.n	87801d66 <vsnprintf+0x9a2>
87801de6:	e7c9      	b.n	87801d7c <vsnprintf+0x9b8>
87801de8:	4283      	cmp	r3, r0
87801dea:	bfd8      	it	le
87801dec:	f103 33ff 	addle.w	r3, r3, #4294967295	@ 0xffffffff
87801df0:	f77f ae66 	ble.w	87801ac0 <vsnprintf+0x6fc>
87801df4:	1a19      	subs	r1, r3, r0
87801df6:	4622      	mov	r2, r4
87801df8:	4421      	add	r1, r4
87801dfa:	f04f 0c20 	mov.w	ip, #32
87801dfe:	4296      	cmp	r6, r2
87801e00:	f102 0201 	add.w	r2, r2, #1
87801e04:	bf28      	it	cs
87801e06:	f802 cc01 	strbcs.w	ip, [r2, #-1]
87801e0a:	428a      	cmp	r2, r1
87801e0c:	d1f7      	bne.n	87801dfe <vsnprintf+0xa3a>
87801e0e:	4423      	add	r3, r4
87801e10:	1a1c      	subs	r4, r3, r0
87801e12:	1e43      	subs	r3, r0, #1
87801e14:	e654      	b.n	87801ac0 <vsnprintf+0x6fc>
87801e16:	4604      	mov	r4, r0
87801e18:	4618      	mov	r0, r3
87801e1a:	f7ff bafa 	b.w	87801412 <vsnprintf+0x4e>
87801e1e:	2b01      	cmp	r3, #1
87801e20:	dd14      	ble.n	87801e4c <vsnprintf+0xa88>
87801e22:	1e58      	subs	r0, r3, #1
87801e24:	4622      	mov	r2, r4
87801e26:	4420      	add	r0, r4
87801e28:	f04f 0c20 	mov.w	ip, #32
87801e2c:	4296      	cmp	r6, r2
87801e2e:	f102 0201 	add.w	r2, r2, #1
87801e32:	bf28      	it	cs
87801e34:	f802 cc01 	strbcs.w	ip, [r2, #-1]
87801e38:	4282      	cmp	r2, r0
87801e3a:	d1f7      	bne.n	87801e2c <vsnprintf+0xa68>
87801e3c:	1e62      	subs	r2, r4, #1
87801e3e:	18d4      	adds	r4, r2, r3
87801e40:	42a6      	cmp	r6, r4
87801e42:	d301      	bcc.n	87801e48 <vsnprintf+0xa84>
87801e44:	6838      	ldr	r0, [r7, #0]
87801e46:	54d0      	strb	r0, [r2, r3]
87801e48:	3401      	adds	r4, #1
87801e4a:	e610      	b.n	87801a6e <vsnprintf+0x6aa>
87801e4c:	42a6      	cmp	r6, r4
87801e4e:	bf39      	ittee	cc
87801e50:	4604      	movcc	r4, r0
87801e52:	460f      	movcc	r7, r1
87801e54:	683b      	ldrcs	r3, [r7, #0]
87801e56:	460f      	movcs	r7, r1
87801e58:	bf25      	ittet	cs
87801e5a:	7023      	strbcs	r3, [r4, #0]
87801e5c:	4604      	movcs	r4, r0
87801e5e:	f899 3001 	ldrbcc.w	r3, [r9, #1]
87801e62:	f899 3001 	ldrbcs.w	r3, [r9, #1]
87801e66:	2b00      	cmp	r3, #0
87801e68:	f47f aac4 	bne.w	878013f4 <vsnprintf+0x30>
87801e6c:	f7ff bace 	b.w	8780140c <vsnprintf+0x48>
87801e70:	ffffec2c 			@ <UNDEFINED> instruction: 0xffffec2c
87801e74:	00000178 	andeq	r0, r0, r8, ror r1
87801e78:	0000235c 	andeq	r2, r0, ip, asr r3

87801e7c <vscnprintf>:
87801e7c:	b500      	push	{lr}
87801e7e:	b083      	sub	sp, #12
87801e80:	9101      	str	r1, [sp, #4]
87801e82:	f7ff fa9f 	bl	878013c4 <vsnprintf>
87801e86:	9901      	ldr	r1, [sp, #4]
87801e88:	4288      	cmp	r0, r1
87801e8a:	bf28      	it	cs
87801e8c:	f101 30ff 	addcs.w	r0, r1, #4294967295	@ 0xffffffff
87801e90:	b003      	add	sp, #12
87801e92:	bd00      	pop	{pc}

87801e94 <snprintf>:
87801e94:	b40c      	push	{r2, r3}
87801e96:	b508      	push	{r3, lr}
87801e98:	ab02      	add	r3, sp, #8
87801e9a:	f853 2b04 	ldr.w	r2, [r3], #4
87801e9e:	f7ff fa91 	bl	878013c4 <vsnprintf>
87801ea2:	e8bd 4008 	ldmia.w	sp!, {r3, lr}
87801ea6:	b002      	add	sp, #8
87801ea8:	4770      	bx	lr
87801eaa:	bf00      	nop

87801eac <scnprintf>:
87801eac:	b40c      	push	{r2, r3}
87801eae:	b500      	push	{lr}
87801eb0:	b083      	sub	sp, #12
87801eb2:	ab04      	add	r3, sp, #16
87801eb4:	9101      	str	r1, [sp, #4]
87801eb6:	f853 2b04 	ldr.w	r2, [r3], #4
87801eba:	f7ff fa83 	bl	878013c4 <vsnprintf>
87801ebe:	9901      	ldr	r1, [sp, #4]
87801ec0:	4288      	cmp	r0, r1
87801ec2:	bf28      	it	cs
87801ec4:	f101 30ff 	addcs.w	r0, r1, #4294967295	@ 0xffffffff
87801ec8:	b003      	add	sp, #12
87801eca:	f85d eb04 	ldr.w	lr, [sp], #4
87801ece:	b002      	add	sp, #8
87801ed0:	4770      	bx	lr
87801ed2:	bf00      	nop

87801ed4 <vsprintf>:
87801ed4:	4613      	mov	r3, r2
87801ed6:	460a      	mov	r2, r1
87801ed8:	f06f 4100 	mvn.w	r1, #2147483648	@ 0x80000000
87801edc:	f7ff ba72 	b.w	878013c4 <vsnprintf>

87801ee0 <sprintf>:
87801ee0:	b40e      	push	{r1, r2, r3}
87801ee2:	f06f 4100 	mvn.w	r1, #2147483648	@ 0x80000000
87801ee6:	b500      	push	{lr}
87801ee8:	ab01      	add	r3, sp, #4
87801eea:	f853 2b04 	ldr.w	r2, [r3], #4
87801eee:	f7ff fa69 	bl	878013c4 <vsnprintf>
87801ef2:	f85d eb04 	ldr.w	lr, [sp], #4
87801ef6:	b003      	add	sp, #12
87801ef8:	4770      	bx	lr
87801efa:	bf00      	nop

87801efc <vsscanf>:
87801efc:	e92d 47f0 	stmdb	sp!, {r4, r5, r6, r7, r8, r9, sl, lr}
87801f00:	460b      	mov	r3, r1
87801f02:	f8df 6598 	ldr.w	r6, [pc, #1432]	@ 8780249c <vsscanf+0x5a0>
87801f06:	7809      	ldrb	r1, [r1, #0]
87801f08:	b084      	sub	sp, #16
87801f0a:	447e      	add	r6, pc
87801f0c:	460f      	mov	r7, r1
87801f0e:	b1e1      	cbz	r1, 87801f4a <vsscanf+0x4e>
87801f10:	4614      	mov	r4, r2
87801f12:	4605      	mov	r5, r0
87801f14:	2700      	movs	r7, #0
87801f16:	f890 c000 	ldrb.w	ip, [r0]
87801f1a:	f1bc 0f00 	cmp.w	ip, #0
87801f1e:	d014      	beq.n	87801f4a <vsscanf+0x4e>
87801f20:	f8df 257c 	ldr.w	r2, [pc, #1404]	@ 878024a0 <vsscanf+0x5a4>
87801f24:	58b2      	ldr	r2, [r6, r2]
87801f26:	5c51      	ldrb	r1, [r2, r1]
87801f28:	0689      	lsls	r1, r1, #26
87801f2a:	f100 80ae 	bmi.w	8780208a <vsscanf+0x18e>
87801f2e:	7819      	ldrb	r1, [r3, #0]
87801f30:	2925      	cmp	r1, #37	@ 0x25
87801f32:	bf18      	it	ne
87801f34:	2900      	cmpne	r1, #0
87801f36:	bf14      	ite	ne
87801f38:	f04f 0e01 	movne.w	lr, #1
87801f3c:	f04f 0e00 	moveq.w	lr, #0
87801f40:	d007      	beq.n	87801f52 <vsscanf+0x56>
87801f42:	7802      	ldrb	r2, [r0, #0]
87801f44:	428a      	cmp	r2, r1
87801f46:	f000 81e8 	beq.w	8780231a <vsscanf+0x41e>
87801f4a:	4638      	mov	r0, r7
87801f4c:	b004      	add	sp, #16
87801f4e:	e8bd 87f0 	ldmia.w	sp!, {r4, r5, r6, r7, r8, r9, sl, pc}
87801f52:	2900      	cmp	r1, #0
87801f54:	d0f9      	beq.n	87801f4a <vsscanf+0x4e>
87801f56:	7859      	ldrb	r1, [r3, #1]
87801f58:	3301      	adds	r3, #1
87801f5a:	4688      	mov	r8, r1
87801f5c:	292a      	cmp	r1, #42	@ 0x2a
87801f5e:	f812 c001 	ldrb.w	ip, [r2, r1]
87801f62:	f000 8201 	beq.w	87802368 <vsscanf+0x46c>
87801f66:	f01c 0f04 	tst.w	ip, #4
87801f6a:	bf08      	it	eq
87801f6c:	f04f 39ff 	moveq.w	r9, #4294967295	@ 0xffffffff
87801f70:	f040 809f 	bne.w	878020b2 <vsscanf+0x1b6>
87801f74:	297a      	cmp	r1, #122	@ 0x7a
87801f76:	d8e8      	bhi.n	87801f4a <vsscanf+0x4e>
87801f78:	2967      	cmp	r1, #103	@ 0x67
87801f7a:	d867      	bhi.n	8780204c <vsscanf+0x150>
87801f7c:	294c      	cmp	r1, #76	@ 0x4c
87801f7e:	f000 81e6 	beq.w	8780234e <vsscanf+0x452>
87801f82:	295a      	cmp	r1, #90	@ 0x5a
87801f84:	bf18      	it	ne
87801f86:	f04f 31ff 	movne.w	r1, #4294967295	@ 0xffffffff
87801f8a:	f000 80a2 	beq.w	878020d2 <vsscanf+0x1d6>
87801f8e:	f1b8 0f00 	cmp.w	r8, #0
87801f92:	d0da      	beq.n	87801f4a <vsscanf+0x4e>
87801f94:	f890 a000 	ldrb.w	sl, [r0]
87801f98:	f1ba 0f00 	cmp.w	sl, #0
87801f9c:	d0d5      	beq.n	87801f4a <vsscanf+0x4e>
87801f9e:	3301      	adds	r3, #1
87801fa0:	f1b8 0f25 	cmp.w	r8, #37	@ 0x25
87801fa4:	f000 81da 	beq.w	8780235c <vsscanf+0x460>
87801fa8:	f1a8 0858 	sub.w	r8, r8, #88	@ 0x58
87801fac:	fa5f fc88 	uxtb.w	ip, r8
87801fb0:	f1bc 0f20 	cmp.w	ip, #32
87801fb4:	d8c9      	bhi.n	87801f4a <vsscanf+0x4e>
87801fb6:	f1b8 0f20 	cmp.w	r8, #32
87801fba:	d8c6      	bhi.n	87801f4a <vsscanf+0x4e>
87801fbc:	f20f 0c08 	addw	ip, pc, #8
87801fc0:	f85c 8028 	ldr.w	r8, [ip, r8, lsl #2]
87801fc4:	44c4      	add	ip, r8
87801fc6:	4760      	bx	ip
87801fc8:	0000011d 	andeq	r0, r0, sp, lsl r1
87801fcc:	ffffff83 			@ <UNDEFINED> instruction: 0xffffff83
87801fd0:	ffffff83 			@ <UNDEFINED> instruction: 0xffffff83
87801fd4:	ffffff83 			@ <UNDEFINED> instruction: 0xffffff83
87801fd8:	ffffff83 			@ <UNDEFINED> instruction: 0xffffff83
87801fdc:	ffffff83 			@ <UNDEFINED> instruction: 0xffffff83
87801fe0:	ffffff83 			@ <UNDEFINED> instruction: 0xffffff83
87801fe4:	ffffff83 			@ <UNDEFINED> instruction: 0xffffff83
87801fe8:	ffffff83 			@ <UNDEFINED> instruction: 0xffffff83
87801fec:	ffffff83 			@ <UNDEFINED> instruction: 0xffffff83
87801ff0:	ffffff83 			@ <UNDEFINED> instruction: 0xffffff83
87801ff4:	000001e5 	andeq	r0, r0, r5, ror #3
87801ff8:	000002af 	andeq	r0, r0, pc, lsr #5
87801ffc:	ffffff83 			@ <UNDEFINED> instruction: 0xffffff83
87802000:	ffffff83 			@ <UNDEFINED> instruction: 0xffffff83
87802004:	ffffff83 			@ <UNDEFINED> instruction: 0xffffff83
87802008:	ffffff83 			@ <UNDEFINED> instruction: 0xffffff83
8780200c:	00000419 	andeq	r0, r0, r9, lsl r4
87802010:	ffffff83 			@ <UNDEFINED> instruction: 0xffffff83
87802014:	ffffff83 			@ <UNDEFINED> instruction: 0xffffff83
87802018:	ffffff83 			@ <UNDEFINED> instruction: 0xffffff83
8780201c:	ffffff83 			@ <UNDEFINED> instruction: 0xffffff83
87802020:	000002a5 	andeq	r0, r0, r5, lsr #5
87802024:	0000028d 	andeq	r0, r0, sp, lsl #5
87802028:	ffffff83 			@ <UNDEFINED> instruction: 0xffffff83
8780202c:	ffffff83 			@ <UNDEFINED> instruction: 0xffffff83
87802030:	ffffff83 			@ <UNDEFINED> instruction: 0xffffff83
87802034:	0000023d 	andeq	r0, r0, sp, lsr r2
87802038:	ffffff83 			@ <UNDEFINED> instruction: 0xffffff83
8780203c:	0000021d 	andeq	r0, r0, sp, lsl r2
87802040:	ffffff83 			@ <UNDEFINED> instruction: 0xffffff83
87802044:	ffffff83 			@ <UNDEFINED> instruction: 0xffffff83
87802048:	0000011d 	andeq	r0, r0, sp, lsl r1
8780204c:	f1a1 0a68 	sub.w	sl, r1, #104	@ 0x68
87802050:	f04f 0c11 	mov.w	ip, #17
87802054:	f2c0 0c04 	movt	ip, #4
87802058:	fa5f fa8a 	uxtb.w	sl, sl
8780205c:	fa2c fc0a 	lsr.w	ip, ip, sl
87802060:	f01c 0f01 	tst.w	ip, #1
87802064:	d109      	bne.n	8780207a <vsscanf+0x17e>
87802066:	f890 a000 	ldrb.w	sl, [r0]
8780206a:	f1ba 0f00 	cmp.w	sl, #0
8780206e:	f43f af6c 	beq.w	87801f4a <vsscanf+0x4e>
87802072:	3301      	adds	r3, #1
87802074:	f04f 31ff 	mov.w	r1, #4294967295	@ 0xffffffff
87802078:	e796      	b.n	87801fa8 <vsscanf+0xac>
8780207a:	f893 c001 	ldrb.w	ip, [r3, #1]
8780207e:	458c      	cmp	ip, r1
87802080:	f000 81ce 	beq.w	87802420 <vsscanf+0x524>
87802084:	3301      	adds	r3, #1
87802086:	46e0      	mov	r8, ip
87802088:	e781      	b.n	87801f8e <vsscanf+0x92>
8780208a:	7819      	ldrb	r1, [r3, #0]
8780208c:	5c51      	ldrb	r1, [r2, r1]
8780208e:	0689      	lsls	r1, r1, #26
87802090:	d504      	bpl.n	8780209c <vsscanf+0x1a0>
87802092:	f813 1f01 	ldrb.w	r1, [r3, #1]!
87802096:	5c51      	ldrb	r1, [r2, r1]
87802098:	0689      	lsls	r1, r1, #26
8780209a:	d4fa      	bmi.n	87802092 <vsscanf+0x196>
8780209c:	f812 100c 	ldrb.w	r1, [r2, ip]
878020a0:	0689      	lsls	r1, r1, #26
878020a2:	f57f af44 	bpl.w	87801f2e <vsscanf+0x32>
878020a6:	f810 1f01 	ldrb.w	r1, [r0, #1]!
878020aa:	5c51      	ldrb	r1, [r2, r1]
878020ac:	0689      	lsls	r1, r1, #26
878020ae:	d4fa      	bmi.n	878020a6 <vsscanf+0x1aa>
878020b0:	e73d      	b.n	87801f2e <vsscanf+0x32>
878020b2:	46f1      	mov	r9, lr
878020b4:	f04f 0a0a 	mov.w	sl, #10
878020b8:	fb0a 1109 	mla	r1, sl, r9, r1
878020bc:	f1a1 0930 	sub.w	r9, r1, #48	@ 0x30
878020c0:	f813 1f01 	ldrb.w	r1, [r3, #1]!
878020c4:	4688      	mov	r8, r1
878020c6:	f812 c001 	ldrb.w	ip, [r2, r1]
878020ca:	f01c 0f04 	tst.w	ip, #4
878020ce:	d1f3      	bne.n	878020b8 <vsscanf+0x1bc>
878020d0:	e750      	b.n	87801f74 <vsscanf+0x78>
878020d2:	f893 8001 	ldrb.w	r8, [r3, #1]
878020d6:	3301      	adds	r3, #1
878020d8:	f1b8 0f5a 	cmp.w	r8, #90	@ 0x5a
878020dc:	f47f af57 	bne.w	87801f8e <vsscanf+0x92>
878020e0:	4641      	mov	r1, r8
878020e2:	e757      	b.n	87801f94 <vsscanf+0x98>
878020e4:	f812 c00a 	ldrb.w	ip, [r2, sl]
878020e8:	f01c 0920 	ands.w	r9, ip, #32
878020ec:	bf1c      	itt	ne
878020ee:	f04f 0900 	movne.w	r9, #0
878020f2:	f04f 0810 	movne.w	r8, #16
878020f6:	f000 8115 	beq.w	87802324 <vsscanf+0x428>
878020fa:	f810 af01 	ldrb.w	sl, [r0, #1]!
878020fe:	f812 c00a 	ldrb.w	ip, [r2, sl]
87802102:	f01c 0f20 	tst.w	ip, #32
87802106:	d1f8      	bne.n	878020fa <vsscanf+0x1fe>
87802108:	f1ba 0f2d 	cmp.w	sl, #45	@ 0x2d
8780210c:	bf14      	ite	ne
8780210e:	f04f 0e00 	movne.w	lr, #0
87802112:	f00e 0e01 	andeq.w	lr, lr, #1
87802116:	f1be 0f00 	cmp.w	lr, #0
8780211a:	f000 8101 	beq.w	87802320 <vsscanf+0x424>
8780211e:	f890 e001 	ldrb.w	lr, [r0, #1]
87802122:	f1be 0f00 	cmp.w	lr, #0
87802126:	f43f af10 	beq.w	87801f4a <vsscanf+0x4e>
8780212a:	f812 c00e 	ldrb.w	ip, [r2, lr]
8780212e:	f1b8 0f10 	cmp.w	r8, #16
87802132:	f000 80f7 	beq.w	87802324 <vsscanf+0x428>
87802136:	f1b8 0f0a 	cmp.w	r8, #10
8780213a:	d05d      	beq.n	878021f8 <vsscanf+0x2fc>
8780213c:	f1b8 0f08 	cmp.w	r8, #8
87802140:	f000 80f6 	beq.w	87802330 <vsscanf+0x434>
87802144:	f01c 0f04 	tst.w	ip, #4
87802148:	f43f aeff 	beq.w	87801f4a <vsscanf+0x4e>
8780214c:	2200      	movs	r2, #0
8780214e:	f8d4 8000 	ldr.w	r8, [r4]
87802152:	296c      	cmp	r1, #108	@ 0x6c
87802154:	f300 80a5 	bgt.w	878022a2 <vsscanf+0x3a6>
87802158:	2947      	cmp	r1, #71	@ 0x47
8780215a:	dd17      	ble.n	8780218c <vsscanf+0x290>
8780215c:	3948      	subs	r1, #72	@ 0x48
8780215e:	2924      	cmp	r1, #36	@ 0x24
87802160:	d814      	bhi.n	8780218c <vsscanf+0x290>
87802162:	e8df f001 	tbb	[pc, r1]
87802166:	131313cb 	tstne	r3, #738197507	@ 0x2c000003
8780216a:	131313bc 	tstne	r3, #188, 6	@ 0xf0000002
8780216e:	13131313 	tstne	r3, #1275068416	@ 0x4c000000
87802172:	13131313 	tstne	r3, #1275068416	@ 0x4c000000
87802176:	139e1313 	orrsne	r1, lr, #1275068416	@ 0x4c000000
8780217a:	13131313 	tstne	r3, #1275068416	@ 0x4c000000
8780217e:	13131313 	tstne	r3, #1275068416	@ 0x4c000000
87802182:	13131313 	tstne	r3, #1275068416	@ 0x4c000000
87802186:	131313ac 	tstne	r3, #172, 6	@ 0xb0000002
8780218a:	f1b90013 			@ <UNDEFINED> instruction: 0xf1b90013
8780218e:	0f00      	lsrs	r0, r0, #28
87802190:	f000 8087 	beq.w	878022a2 <vsscanf+0x3a6>
87802194:	f1ba 0f2d 	cmp.w	sl, #45	@ 0x2d
87802198:	9301      	str	r3, [sp, #4]
8780219a:	f000 814a 	beq.w	87802432 <vsscanf+0x536>
8780219e:	a903      	add	r1, sp, #12
878021a0:	f7fe ffea 	bl	87801178 <simple_strtoul>
878021a4:	9b01      	ldr	r3, [sp, #4]
878021a6:	f8c8 0000 	str.w	r0, [r8]
878021aa:	e081      	b.n	878022b0 <vsscanf+0x3b4>
878021ac:	f854 1b04 	ldr.w	r1, [r4], #4
878021b0:	f1b9 3fff 	cmp.w	r9, #4294967295	@ 0xffffffff
878021b4:	bf08      	it	eq
878021b6:	f04f 0901 	moveq.w	r9, #1
878021ba:	4602      	mov	r2, r0
878021bc:	f101 3cff 	add.w	ip, r1, #4294967295	@ 0xffffffff
878021c0:	e001      	b.n	878021c6 <vsscanf+0x2ca>
878021c2:	7811      	ldrb	r1, [r2, #0]
878021c4:	b139      	cbz	r1, 878021d6 <vsscanf+0x2da>
878021c6:	f812 1b01 	ldrb.w	r1, [r2], #1
878021ca:	f80c 1f01 	strb.w	r1, [ip, #1]!
878021ce:	1a81      	subs	r1, r0, r2
878021d0:	4449      	add	r1, r9
878021d2:	2900      	cmp	r1, #0
878021d4:	dcf5      	bgt.n	878021c2 <vsscanf+0x2c6>
878021d6:	3701      	adds	r7, #1
878021d8:	4610      	mov	r0, r2
878021da:	7819      	ldrb	r1, [r3, #0]
878021dc:	2900      	cmp	r1, #0
878021de:	f47f ae9a 	bne.w	87801f16 <vsscanf+0x1a>
878021e2:	e6b2      	b.n	87801f4a <vsscanf+0x4e>
878021e4:	f812 c00a 	ldrb.w	ip, [r2, sl]
878021e8:	f01c 0920 	ands.w	r9, ip, #32
878021ec:	bf1c      	itt	ne
878021ee:	f04f 0900 	movne.w	r9, #0
878021f2:	f04f 080a 	movne.w	r8, #10
878021f6:	d180      	bne.n	878020fa <vsscanf+0x1fe>
878021f8:	f01c 0f04 	tst.w	ip, #4
878021fc:	f43f aea5 	beq.w	87801f4a <vsscanf+0x4e>
87802200:	220a      	movs	r2, #10
87802202:	e7a4      	b.n	8780214e <vsscanf+0x252>
87802204:	f812 100a 	ldrb.w	r1, [r2, sl]
87802208:	f1b9 3fff 	cmp.w	r9, #4294967295	@ 0xffffffff
8780220c:	bf08      	it	eq
8780220e:	f06f 4900 	mvneq.w	r9, #2147483648	@ 0x80000000
87802212:	f854 cb04 	ldr.w	ip, [r4], #4
87802216:	0689      	lsls	r1, r1, #26
87802218:	d508      	bpl.n	8780222c <vsscanf+0x330>
8780221a:	f810 af01 	ldrb.w	sl, [r0, #1]!
8780221e:	f812 100a 	ldrb.w	r1, [r2, sl]
87802222:	0689      	lsls	r1, r1, #26
87802224:	d4f9      	bmi.n	8780221a <vsscanf+0x31e>
87802226:	f1ba 0f00 	cmp.w	sl, #0
8780222a:	d00e      	beq.n	8780224a <vsscanf+0x34e>
8780222c:	4481      	add	r9, r0
8780222e:	e008      	b.n	87802242 <vsscanf+0x346>
87802230:	4581      	cmp	r9, r0
87802232:	d00a      	beq.n	8780224a <vsscanf+0x34e>
87802234:	f80c ab01 	strb.w	sl, [ip], #1
87802238:	f810 af01 	ldrb.w	sl, [r0, #1]!
8780223c:	f1ba 0f00 	cmp.w	sl, #0
87802240:	d003      	beq.n	8780224a <vsscanf+0x34e>
87802242:	f812 100a 	ldrb.w	r1, [r2, sl]
87802246:	0689      	lsls	r1, r1, #26
87802248:	d5f2      	bpl.n	87802230 <vsscanf+0x334>
8780224a:	2200      	movs	r2, #0
8780224c:	3701      	adds	r7, #1
8780224e:	f88c 2000 	strb.w	r2, [ip]
87802252:	e7c2      	b.n	878021da <vsscanf+0x2de>
87802254:	f812 c00a 	ldrb.w	ip, [r2, sl]
87802258:	f01c 0920 	ands.w	r9, ip, #32
8780225c:	bf08      	it	eq
8780225e:	46d6      	moveq	lr, sl
87802260:	d066      	beq.n	87802330 <vsscanf+0x434>
87802262:	f04f 0900 	mov.w	r9, #0
87802266:	f04f 0808 	mov.w	r8, #8
8780226a:	e746      	b.n	878020fa <vsscanf+0x1fe>
8780226c:	f854 1b04 	ldr.w	r1, [r4], #4
87802270:	1b42      	subs	r2, r0, r5
87802272:	600a      	str	r2, [r1, #0]
87802274:	e7b1      	b.n	878021da <vsscanf+0x2de>
87802276:	f812 c00a 	ldrb.w	ip, [r2, sl]
8780227a:	f01c 0f20 	tst.w	ip, #32
8780227e:	bf1e      	ittt	ne
87802280:	f04f 0e01 	movne.w	lr, #1
87802284:	f04f 080a 	movne.w	r8, #10
87802288:	46f1      	movne	r9, lr
8780228a:	f47f af36 	bne.w	878020fa <vsscanf+0x1fe>
8780228e:	f1ba 0f2d 	cmp.w	sl, #45	@ 0x2d
87802292:	bf08      	it	eq
87802294:	f04f 0e0a 	moveq.w	lr, #10
87802298:	f000 80b1 	beq.w	878023fe <vsscanf+0x502>
8780229c:	f04f 0901 	mov.w	r9, #1
878022a0:	e7aa      	b.n	878021f8 <vsscanf+0x2fc>
878022a2:	a903      	add	r1, sp, #12
878022a4:	9301      	str	r3, [sp, #4]
878022a6:	f7fe ff67 	bl	87801178 <simple_strtoul>
878022aa:	f8c8 0000 	str.w	r0, [r8]
878022ae:	9b01      	ldr	r3, [sp, #4]
878022b0:	9803      	ldr	r0, [sp, #12]
878022b2:	3701      	adds	r7, #1
878022b4:	2800      	cmp	r0, #0
878022b6:	f43f ae48 	beq.w	87801f4a <vsscanf+0x4e>
878022ba:	3404      	adds	r4, #4
878022bc:	e78d      	b.n	878021da <vsscanf+0x2de>
878022be:	9301      	str	r3, [sp, #4]
878022c0:	f1b9 0f00 	cmp.w	r9, #0
878022c4:	f000 8085 	beq.w	878023d2 <vsscanf+0x4d6>
878022c8:	f1ba 0f2d 	cmp.w	sl, #45	@ 0x2d
878022cc:	f000 80c6 	beq.w	8780245c <vsscanf+0x560>
878022d0:	a903      	add	r1, sp, #12
878022d2:	f7fe ff51 	bl	87801178 <simple_strtoul>
878022d6:	9b01      	ldr	r3, [sp, #4]
878022d8:	f8a8 0000 	strh.w	r0, [r8]
878022dc:	e7e8      	b.n	878022b0 <vsscanf+0x3b4>
878022de:	9301      	str	r3, [sp, #4]
878022e0:	f1b9 0f00 	cmp.w	r9, #0
878022e4:	d06e      	beq.n	878023c4 <vsscanf+0x4c8>
878022e6:	f1ba 0f2d 	cmp.w	sl, #45	@ 0x2d
878022ea:	f000 80c5 	beq.w	87802478 <vsscanf+0x57c>
878022ee:	a903      	add	r1, sp, #12
878022f0:	f7fe ffcc 	bl	8780128c <simple_strtoull>
878022f4:	9b01      	ldr	r3, [sp, #4]
878022f6:	e9c8 0100 	strd	r0, r1, [r8]
878022fa:	e7d9      	b.n	878022b0 <vsscanf+0x3b4>
878022fc:	9301      	str	r3, [sp, #4]
878022fe:	f1b9 0f00 	cmp.w	r9, #0
87802302:	d058      	beq.n	878023b6 <vsscanf+0x4ba>
87802304:	f1ba 0f2d 	cmp.w	sl, #45	@ 0x2d
87802308:	f000 80af 	beq.w	8780246a <vsscanf+0x56e>
8780230c:	a903      	add	r1, sp, #12
8780230e:	f7fe ff33 	bl	87801178 <simple_strtoul>
87802312:	9b01      	ldr	r3, [sp, #4]
87802314:	f888 0000 	strb.w	r0, [r8]
87802318:	e7ca      	b.n	878022b0 <vsscanf+0x3b4>
8780231a:	3301      	adds	r3, #1
8780231c:	3001      	adds	r0, #1
8780231e:	e75c      	b.n	878021da <vsscanf+0x2de>
87802320:	46d6      	mov	lr, sl
87802322:	e6fe      	b.n	87802122 <vsscanf+0x226>
87802324:	f01c 0f44 	tst.w	ip, #68	@ 0x44
87802328:	f43f ae0f 	beq.w	87801f4a <vsscanf+0x4e>
8780232c:	2210      	movs	r2, #16
8780232e:	e70e      	b.n	8780214e <vsscanf+0x252>
87802330:	f3cc 0c80 	ubfx	ip, ip, #2, #1
87802334:	f08c 0c01 	eor.w	ip, ip, #1
87802338:	f1be 0f37 	cmp.w	lr, #55	@ 0x37
8780233c:	bf88      	it	hi
8780233e:	f04c 0c01 	orrhi.w	ip, ip, #1
87802342:	f01c 0f01 	tst.w	ip, #1
87802346:	f47f ae00 	bne.w	87801f4a <vsscanf+0x4e>
8780234a:	2208      	movs	r2, #8
8780234c:	e6ff      	b.n	8780214e <vsscanf+0x252>
8780234e:	f893 8001 	ldrb.w	r8, [r3, #1]
87802352:	f1b8 0f4c 	cmp.w	r8, #76	@ 0x4c
87802356:	d078      	beq.n	8780244a <vsscanf+0x54e>
87802358:	3301      	adds	r3, #1
8780235a:	e618      	b.n	87801f8e <vsscanf+0x92>
8780235c:	f1ba 0f25 	cmp.w	sl, #37	@ 0x25
87802360:	f47f adf3 	bne.w	87801f4a <vsscanf+0x4e>
87802364:	3001      	adds	r0, #1
87802366:	e738      	b.n	878021da <vsscanf+0x2de>
87802368:	f01c 0f20 	tst.w	ip, #32
8780236c:	d10f      	bne.n	8780238e <vsscanf+0x492>
8780236e:	f813 cf01 	ldrb.w	ip, [r3, #1]!
87802372:	f812 100c 	ldrb.w	r1, [r2, ip]
87802376:	f3c1 1140 	ubfx	r1, r1, #5, #1
8780237a:	f081 0101 	eor.w	r1, r1, #1
8780237e:	f1bc 0f00 	cmp.w	ip, #0
87802382:	bf0c      	ite	eq
87802384:	2100      	moveq	r1, #0
87802386:	f001 0101 	andne.w	r1, r1, #1
8780238a:	2900      	cmp	r1, #0
8780238c:	d1ef      	bne.n	8780236e <vsscanf+0x472>
8780238e:	f890 c000 	ldrb.w	ip, [r0]
87802392:	e001      	b.n	87802398 <vsscanf+0x49c>
87802394:	f810 cf01 	ldrb.w	ip, [r0, #1]!
87802398:	f812 100c 	ldrb.w	r1, [r2, ip]
8780239c:	f3c1 1140 	ubfx	r1, r1, #5, #1
878023a0:	f081 0101 	eor.w	r1, r1, #1
878023a4:	f1bc 0f00 	cmp.w	ip, #0
878023a8:	bf0c      	ite	eq
878023aa:	2100      	moveq	r1, #0
878023ac:	f001 0101 	andne.w	r1, r1, #1
878023b0:	2900      	cmp	r1, #0
878023b2:	d1ef      	bne.n	87802394 <vsscanf+0x498>
878023b4:	e711      	b.n	878021da <vsscanf+0x2de>
878023b6:	a903      	add	r1, sp, #12
878023b8:	f7fe fede 	bl	87801178 <simple_strtoul>
878023bc:	9b01      	ldr	r3, [sp, #4]
878023be:	f888 0000 	strb.w	r0, [r8]
878023c2:	e775      	b.n	878022b0 <vsscanf+0x3b4>
878023c4:	a903      	add	r1, sp, #12
878023c6:	f7fe ff61 	bl	8780128c <simple_strtoull>
878023ca:	9b01      	ldr	r3, [sp, #4]
878023cc:	e9c8 0100 	strd	r0, r1, [r8]
878023d0:	e76e      	b.n	878022b0 <vsscanf+0x3b4>
878023d2:	a903      	add	r1, sp, #12
878023d4:	f7fe fed0 	bl	87801178 <simple_strtoul>
878023d8:	9b01      	ldr	r3, [sp, #4]
878023da:	f8a8 0000 	strh.w	r0, [r8]
878023de:	e767      	b.n	878022b0 <vsscanf+0x3b4>
878023e0:	f812 c00a 	ldrb.w	ip, [r2, sl]
878023e4:	f01c 0e20 	ands.w	lr, ip, #32
878023e8:	bf1e      	ittt	ne
878023ea:	f04f 0e01 	movne.w	lr, #1
878023ee:	f04f 0800 	movne.w	r8, #0
878023f2:	46f1      	movne	r9, lr
878023f4:	f47f ae81 	bne.w	878020fa <vsscanf+0x1fe>
878023f8:	f1ba 0f2d 	cmp.w	sl, #45	@ 0x2d
878023fc:	d10d      	bne.n	8780241a <vsscanf+0x51e>
878023fe:	f890 c001 	ldrb.w	ip, [r0, #1]
87802402:	f1bc 0f00 	cmp.w	ip, #0
87802406:	f43f ada0 	beq.w	87801f4a <vsscanf+0x4e>
8780240a:	f812 c00c 	ldrb.w	ip, [r2, ip]
8780240e:	f04f 0a2d 	mov.w	sl, #45	@ 0x2d
87802412:	f1be 0f0a 	cmp.w	lr, #10
87802416:	f43f af41 	beq.w	8780229c <vsscanf+0x3a0>
8780241a:	f04f 0901 	mov.w	r9, #1
8780241e:	e691      	b.n	87802144 <vsscanf+0x248>
87802420:	2968      	cmp	r1, #104	@ 0x68
87802422:	d00d      	beq.n	87802440 <vsscanf+0x544>
87802424:	296c      	cmp	r1, #108	@ 0x6c
87802426:	d130      	bne.n	8780248a <vsscanf+0x58e>
87802428:	f893 8002 	ldrb.w	r8, [r3, #2]
8780242c:	214c      	movs	r1, #76	@ 0x4c
8780242e:	3302      	adds	r3, #2
87802430:	e5ad      	b.n	87801f8e <vsscanf+0x92>
87802432:	3001      	adds	r0, #1
87802434:	a903      	add	r1, sp, #12
87802436:	f7fe fe9f 	bl	87801178 <simple_strtoul>
8780243a:	9b01      	ldr	r3, [sp, #4]
8780243c:	4240      	negs	r0, r0
8780243e:	e6b2      	b.n	878021a6 <vsscanf+0x2aa>
87802440:	f893 8002 	ldrb.w	r8, [r3, #2]
87802444:	2148      	movs	r1, #72	@ 0x48
87802446:	3302      	adds	r3, #2
87802448:	e5a1      	b.n	87801f8e <vsscanf+0x92>
8780244a:	f890 a000 	ldrb.w	sl, [r0]
8780244e:	f1ba 0f00 	cmp.w	sl, #0
87802452:	f43f ad7a 	beq.w	87801f4a <vsscanf+0x4e>
87802456:	3302      	adds	r3, #2
87802458:	4641      	mov	r1, r8
8780245a:	e5a5      	b.n	87801fa8 <vsscanf+0xac>
8780245c:	3001      	adds	r0, #1
8780245e:	a903      	add	r1, sp, #12
87802460:	f7fe fe8a 	bl	87801178 <simple_strtoul>
87802464:	9b01      	ldr	r3, [sp, #4]
87802466:	4240      	negs	r0, r0
87802468:	e736      	b.n	878022d8 <vsscanf+0x3dc>
8780246a:	3001      	adds	r0, #1
8780246c:	a903      	add	r1, sp, #12
8780246e:	f7fe fe83 	bl	87801178 <simple_strtoul>
87802472:	9b01      	ldr	r3, [sp, #4]
87802474:	4240      	negs	r0, r0
87802476:	e74d      	b.n	87802314 <vsscanf+0x418>
87802478:	3001      	adds	r0, #1
8780247a:	a903      	add	r1, sp, #12
8780247c:	f7fe ff06 	bl	8780128c <simple_strtoull>
87802480:	4240      	negs	r0, r0
87802482:	9b01      	ldr	r3, [sp, #4]
87802484:	eb61 0141 	sbc.w	r1, r1, r1, lsl #1
87802488:	e735      	b.n	878022f6 <vsscanf+0x3fa>
8780248a:	f890 a000 	ldrb.w	sl, [r0]
8780248e:	f1ba 0f00 	cmp.w	sl, #0
87802492:	f43f ad5a 	beq.w	87801f4a <vsscanf+0x4e>
87802496:	3302      	adds	r3, #2
87802498:	217a      	movs	r1, #122	@ 0x7a
8780249a:	e585      	b.n	87801fa8 <vsscanf+0xac>
8780249c:	ffffe0f2 			@ <UNDEFINED> instruction: 0xffffe0f2
878024a0:	00000178 	andeq	r0, r0, r8, ror r1

878024a4 <sscanf>:
878024a4:	b40e      	push	{r1, r2, r3}
878024a6:	b500      	push	{lr}
878024a8:	aa01      	add	r2, sp, #4
878024aa:	f852 1b04 	ldr.w	r1, [r2], #4
878024ae:	f7ff fd25 	bl	87801efc <vsscanf>
878024b2:	f85d eb04 	ldr.w	lr, [sp], #4
878024b6:	b003      	add	sp, #12
878024b8:	4770      	bx	lr
878024ba:	bf00      	nop

878024bc <CLK_Enable>:
878024bc:	f44f 4380 	mov.w	r3, #16384	@ 0x4000
878024c0:	f2c0 230c 	movt	r3, #524	@ 0x20c
878024c4:	f04f 32ff 	mov.w	r2, #4294967295	@ 0xffffffff
878024c8:	669a      	str	r2, [r3, #104]	@ 0x68
878024ca:	66da      	str	r2, [r3, #108]	@ 0x6c
878024cc:	671a      	str	r2, [r3, #112]	@ 0x70
878024ce:	675a      	str	r2, [r3, #116]	@ 0x74
878024d0:	679a      	str	r2, [r3, #120]	@ 0x78
878024d2:	67da      	str	r2, [r3, #124]	@ 0x7c
878024d4:	f8c3 2080 	str.w	r2, [r3, #128]	@ 0x80
878024d8:	4770      	bx	lr
878024da:	bf00      	nop

878024dc <imx6ull_clk_init>:
878024dc:	f44f 4380 	mov.w	r3, #16384	@ 0x4000
878024e0:	f2c0 230c 	movt	r3, #524	@ 0x20c
878024e4:	b500      	push	{lr}
878024e6:	68da      	ldr	r2, [r3, #12]
878024e8:	0751      	lsls	r1, r2, #29
878024ea:	d407      	bmi.n	878024fc <imx6ull_clk_init+0x20>
878024ec:	68da      	ldr	r2, [r3, #12]
878024ee:	f422 7280 	bic.w	r2, r2, #256	@ 0x100
878024f2:	60da      	str	r2, [r3, #12]
878024f4:	68da      	ldr	r2, [r3, #12]
878024f6:	f042 0204 	orr.w	r2, r2, #4
878024fa:	60da      	str	r2, [r3, #12]
878024fc:	f44f 4200 	mov.w	r2, #32768	@ 0x8000
87802500:	f2c0 220c 	movt	r2, #524	@ 0x20c
87802504:	2158      	movs	r1, #88	@ 0x58
87802506:	f44f 4380 	mov.w	r3, #16384	@ 0x4000
8780250a:	f2c0 230c 	movt	r3, #524	@ 0x20c
8780250e:	f04f 0e01 	mov.w	lr, #1
87802512:	6011      	str	r1, [r2, #0]
87802514:	f241 001b 	movw	r0, #4123	@ 0x101b
87802518:	f2c2 0018 	movt	r0, #8216	@ 0x2018
8780251c:	f241 010c 	movw	r1, #4108	@ 0x100c
87802520:	f2c1 3111 	movt	r1, #4881	@ 0x1311
87802524:	f8d2 c000 	ldr.w	ip, [r2]
87802528:	f44c 5c00 	orr.w	ip, ip, #8192	@ 0x2000
8780252c:	f8c2 c000 	str.w	ip, [r2]
87802530:	f8c3 e010 	str.w	lr, [r3, #16]
87802534:	f8d3 c00c 	ldr.w	ip, [r3, #12]
87802538:	f02c 0c04 	bic.w	ip, ip, #4
8780253c:	f8c3 c00c 	str.w	ip, [r3, #12]
87802540:	f8d2 c100 	ldr.w	ip, [r2, #256]	@ 0x100
87802544:	f00c 3cc0 	and.w	ip, ip, #3233857728	@ 0xc0c0c0c0
87802548:	ea4c 0000 	orr.w	r0, ip, r0
8780254c:	f8c2 0100 	str.w	r0, [r2, #256]	@ 0x100
87802550:	f8d2 00f0 	ldr.w	r0, [r2, #240]	@ 0xf0
87802554:	f000 30c0 	and.w	r0, r0, #3233857728	@ 0xc0c0c0c0
87802558:	4301      	orrs	r1, r0
8780255a:	f8c2 10f0 	str.w	r1, [r2, #240]	@ 0xf0
8780255e:	699a      	ldr	r2, [r3, #24]
87802560:	f422 2240 	bic.w	r2, r2, #786432	@ 0xc0000
87802564:	619a      	str	r2, [r3, #24]
87802566:	699a      	ldr	r2, [r3, #24]
87802568:	f442 2280 	orr.w	r2, r2, #262144	@ 0x40000
8780256c:	619a      	str	r2, [r3, #24]
8780256e:	699a      	ldr	r2, [r3, #24]
87802570:	f022 7200 	bic.w	r2, r2, #33554432	@ 0x2000000
87802574:	619a      	str	r2, [r3, #24]
87802576:	699a      	ldr	r2, [r3, #24]
87802578:	f042 7200 	orr.w	r2, r2, #33554432	@ 0x2000000
8780257c:	619a      	str	r2, [r3, #24]
8780257e:	6c9a      	ldr	r2, [r3, #72]	@ 0x48
87802580:	0692      	lsls	r2, r2, #26
87802582:	d4fc      	bmi.n	8780257e <imx6ull_clk_init+0xa2>
87802584:	6959      	ldr	r1, [r3, #20]
87802586:	f44f 4280 	mov.w	r2, #16384	@ 0x4000
8780258a:	f2c0 220c 	movt	r2, #524	@ 0x20c
8780258e:	f421 51e0 	bic.w	r1, r1, #7168	@ 0x1c00
87802592:	6159      	str	r1, [r3, #20]
87802594:	6959      	ldr	r1, [r3, #20]
87802596:	f441 6100 	orr.w	r1, r1, #2048	@ 0x800
8780259a:	6159      	str	r1, [r3, #20]
8780259c:	6c93      	ldr	r3, [r2, #72]	@ 0x48
8780259e:	079b      	lsls	r3, r3, #30
878025a0:	d4fc      	bmi.n	8780259c <imx6ull_clk_init+0xc0>
878025a2:	6953      	ldr	r3, [r2, #20]
878025a4:	f423 7340 	bic.w	r3, r3, #768	@ 0x300
878025a8:	6153      	str	r3, [r2, #20]
878025aa:	6953      	ldr	r3, [r2, #20]
878025ac:	f443 7380 	orr.w	r3, r3, #256	@ 0x100
878025b0:	6153      	str	r3, [r2, #20]
878025b2:	6953      	ldr	r3, [r2, #20]
878025b4:	f023 0340 	bic.w	r3, r3, #64	@ 0x40
878025b8:	6153      	str	r3, [r2, #20]
878025ba:	6953      	ldr	r3, [r2, #20]
878025bc:	f423 637c 	bic.w	r3, r3, #4032	@ 0xfc0
878025c0:	6153      	str	r3, [r2, #20]
878025c2:	69d3      	ldr	r3, [r2, #28]
878025c4:	f023 0340 	bic.w	r3, r3, #64	@ 0x40
878025c8:	61d3      	str	r3, [r2, #28]
878025ca:	69d3      	ldr	r3, [r2, #28]
878025cc:	f023 033f 	bic.w	r3, r3, #63	@ 0x3f
878025d0:	61d3      	str	r3, [r2, #28]
878025d2:	bd00      	pop	{pc}

878025d4 <Delay_Short>:
878025d4:	b082      	sub	sp, #8
878025d6:	9001      	str	r0, [sp, #4]
878025d8:	9b01      	ldr	r3, [sp, #4]
878025da:	1e5a      	subs	r2, r3, #1
878025dc:	9201      	str	r2, [sp, #4]
878025de:	2b00      	cmp	r3, #0
878025e0:	d1fa      	bne.n	878025d8 <Delay_Short+0x4>
878025e2:	b002      	add	sp, #8
878025e4:	4770      	bx	lr
878025e6:	bf00      	nop

878025e8 <Delay_ms>:
878025e8:	b082      	sub	sp, #8
878025ea:	9001      	str	r0, [sp, #4]
878025ec:	9b01      	ldr	r3, [sp, #4]
878025ee:	1e5a      	subs	r2, r3, #1
878025f0:	9201      	str	r2, [sp, #4]
878025f2:	b153      	cbz	r3, 8780260a <Delay_ms+0x22>
878025f4:	f240 73ff 	movw	r3, #2047	@ 0x7ff
878025f8:	461a      	mov	r2, r3
878025fa:	3b01      	subs	r3, #1
878025fc:	2a00      	cmp	r2, #0
878025fe:	d1fb      	bne.n	878025f8 <Delay_ms+0x10>
87802600:	9b01      	ldr	r3, [sp, #4]
87802602:	1e5a      	subs	r2, r3, #1
87802604:	9201      	str	r2, [sp, #4]
87802606:	2b00      	cmp	r3, #0
87802608:	d1f4      	bne.n	878025f4 <Delay_ms+0xc>
8780260a:	b002      	add	sp, #8
8780260c:	4770      	bx	lr
8780260e:	bf00      	nop

87802610 <LED_Init>:
87802610:	2200      	movs	r2, #0
87802612:	f2c0 220e 	movt	r2, #526	@ 0x20e
87802616:	f44f 4340 	mov.w	r3, #49152	@ 0xc000
8780261a:	f2c0 2309 	movt	r3, #521	@ 0x209
8780261e:	2005      	movs	r0, #5
87802620:	2108      	movs	r1, #8
87802622:	6690      	str	r0, [r2, #104]	@ 0x68
87802624:	f241 00b0 	movw	r0, #4272	@ 0x10b0
87802628:	f8c2 02f4 	str.w	r0, [r2, #756]	@ 0x2f4
8780262c:	6059      	str	r1, [r3, #4]
8780262e:	681a      	ldr	r2, [r3, #0]
87802630:	430a      	orrs	r2, r1
87802632:	601a      	str	r2, [r3, #0]
87802634:	4770      	bx	lr
87802636:	bf00      	nop

87802638 <LED_ON>:
87802638:	f44f 4340 	mov.w	r3, #49152	@ 0xc000
8780263c:	f2c0 2309 	movt	r3, #521	@ 0x209
87802640:	681a      	ldr	r2, [r3, #0]
87802642:	f022 0208 	bic.w	r2, r2, #8
87802646:	601a      	str	r2, [r3, #0]
87802648:	4770      	bx	lr
8780264a:	bf00      	nop

8780264c <LED_OFF>:
8780264c:	f44f 4340 	mov.w	r3, #49152	@ 0xc000
87802650:	f2c0 2309 	movt	r3, #521	@ 0x209
87802654:	681a      	ldr	r2, [r3, #0]
87802656:	f042 0208 	orr.w	r2, r2, #8
8780265a:	601a      	str	r2, [r3, #0]
8780265c:	4770      	bx	lr
8780265e:	bf00      	nop

87802660 <LED_Switch>:
87802660:	b950      	cbnz	r0, 87802678 <LED_Switch+0x18>
87802662:	2901      	cmp	r1, #1
87802664:	d009      	beq.n	8780267a <LED_Switch+0x1a>
87802666:	b939      	cbnz	r1, 87802678 <LED_Switch+0x18>
87802668:	f44f 4340 	mov.w	r3, #49152	@ 0xc000
8780266c:	f2c0 2309 	movt	r3, #521	@ 0x209
87802670:	681a      	ldr	r2, [r3, #0]
87802672:	f042 0208 	orr.w	r2, r2, #8
87802676:	601a      	str	r2, [r3, #0]
87802678:	4770      	bx	lr
8780267a:	f44f 4340 	mov.w	r3, #49152	@ 0xc000
8780267e:	f2c0 2309 	movt	r3, #521	@ 0x209
87802682:	681a      	ldr	r2, [r3, #0]
87802684:	f022 0208 	bic.w	r2, r2, #8
87802688:	601a      	str	r2, [r3, #0]
8780268a:	4770      	bx	lr

8780268c <Beep_Init>:
8780268c:	b500      	push	{lr}
8780268e:	2300      	movs	r3, #0
87802690:	f2c0 230e 	movt	r3, #526	@ 0x20e
87802694:	b087      	sub	sp, #28
87802696:	2101      	movs	r1, #1
87802698:	f04f 0c05 	mov.w	ip, #5
8780269c:	f241 02b0 	movw	r2, #4272	@ 0x10b0
878026a0:	f44f 4040 	mov.w	r0, #49152	@ 0xc000
878026a4:	f2c0 200a 	movt	r0, #522	@ 0x20a
878026a8:	9103      	str	r1, [sp, #12]
878026aa:	f88d 1010 	strb.w	r1, [sp, #16]
878026ae:	f8c3 c070 	str.w	ip, [r3, #112]	@ 0x70
878026b2:	f8c3 22fc 	str.w	r2, [r3, #764]	@ 0x2fc
878026b6:	aa03      	add	r2, sp, #12
878026b8:	9001      	str	r0, [sp, #4]
878026ba:	f000 f8f1 	bl	878028a0 <gpio_init>
878026be:	2101      	movs	r1, #1
878026c0:	9801      	ldr	r0, [sp, #4]
878026c2:	460a      	mov	r2, r1
878026c4:	f000 f87e 	bl	878027c4 <gpio_pinwrite>
878026c8:	b007      	add	sp, #28
878026ca:	bd00      	pop	{pc}

878026cc <Beep_Switch>:
878026cc:	4601      	mov	r1, r0
878026ce:	b110      	cbz	r0, 878026d6 <Beep_Switch+0xa>
878026d0:	2801      	cmp	r0, #1
878026d2:	d008      	beq.n	878026e6 <Beep_Switch+0x1a>
878026d4:	4770      	bx	lr
878026d6:	2201      	movs	r2, #1
878026d8:	f44f 4040 	mov.w	r0, #49152	@ 0xc000
878026dc:	f2c0 200a 	movt	r0, #522	@ 0x20a
878026e0:	4611      	mov	r1, r2
878026e2:	f000 b86f 	b.w	878027c4 <gpio_pinwrite>
878026e6:	f44f 4040 	mov.w	r0, #49152	@ 0xc000
878026ea:	f2c0 200a 	movt	r0, #522	@ 0x20a
878026ee:	2200      	movs	r2, #0
878026f0:	f000 b868 	b.w	878027c4 <gpio_pinwrite>

878026f4 <Key_Init>:
878026f4:	b500      	push	{lr}
878026f6:	2300      	movs	r3, #0
878026f8:	f2c0 230e 	movt	r3, #526	@ 0x20e
878026fc:	b085      	sub	sp, #20
878026fe:	2205      	movs	r2, #5
87802700:	2180      	movs	r1, #128	@ 0x80
87802702:	f44f 4040 	mov.w	r0, #49152	@ 0xc000
87802706:	f2c0 2009 	movt	r0, #521	@ 0x209
8780270a:	f8c3 208c 	str.w	r2, [r3, #140]	@ 0x8c
8780270e:	f8c3 1318 	str.w	r1, [r3, #792]	@ 0x318
87802712:	aa01      	add	r2, sp, #4
87802714:	2112      	movs	r1, #18
87802716:	2300      	movs	r3, #0
87802718:	9301      	str	r3, [sp, #4]
8780271a:	f000 f8c1 	bl	878028a0 <gpio_init>
8780271e:	b005      	add	sp, #20
87802720:	bd00      	pop	{pc}
87802722:	bf00      	nop

87802724 <Key_Read>:
87802724:	f44f 4040 	mov.w	r0, #49152	@ 0xc000
87802728:	f2c0 2009 	movt	r0, #521	@ 0x209
8780272c:	2112      	movs	r1, #18
8780272e:	f000 b855 	b.w	878027dc <gpio_pinread>
87802732:	bf00      	nop

87802734 <Key_GetValue>:
87802734:	4a21      	ldr	r2, [pc, #132]	@ (878027bc <Key_GetValue+0x88>)
87802736:	b500      	push	{lr}
87802738:	447a      	add	r2, pc
8780273a:	b083      	sub	sp, #12
8780273c:	7813      	ldrb	r3, [r2, #0]
8780273e:	2b01      	cmp	r3, #1
87802740:	d003      	beq.n	8780274a <Key_GetValue+0x16>
87802742:	b17b      	cbz	r3, 87802764 <Key_GetValue+0x30>
87802744:	2000      	movs	r0, #0
87802746:	b003      	add	sp, #12
87802748:	bd00      	pop	{pc}
8780274a:	2112      	movs	r1, #18
8780274c:	f44f 4040 	mov.w	r0, #49152	@ 0xc000
87802750:	f2c0 2009 	movt	r0, #521	@ 0x209
87802754:	9200      	str	r2, [sp, #0]
87802756:	f000 f841 	bl	878027dc <gpio_pinread>
8780275a:	9a00      	ldr	r2, [sp, #0]
8780275c:	b1d8      	cbz	r0, 87802796 <Key_GetValue+0x62>
8780275e:	7813      	ldrb	r3, [r2, #0]
87802760:	2b00      	cmp	r3, #0
87802762:	d1ef      	bne.n	87802744 <Key_GetValue+0x10>
87802764:	2112      	movs	r1, #18
87802766:	f44f 4040 	mov.w	r0, #49152	@ 0xc000
8780276a:	f2c0 2009 	movt	r0, #521	@ 0x209
8780276e:	f000 f835 	bl	878027dc <gpio_pinread>
87802772:	2801      	cmp	r0, #1
87802774:	d1e6      	bne.n	87802744 <Key_GetValue+0x10>
87802776:	9000      	str	r0, [sp, #0]
87802778:	200a      	movs	r0, #10
8780277a:	f7ff ff35 	bl	878025e8 <Delay_ms>
8780277e:	4a10      	ldr	r2, [pc, #64]	@ (878027c0 <Key_GetValue+0x8c>)
87802780:	9b00      	ldr	r3, [sp, #0]
87802782:	f44f 4040 	mov.w	r0, #49152	@ 0xc000
87802786:	f2c0 2009 	movt	r0, #521	@ 0x209
8780278a:	447a      	add	r2, pc
8780278c:	2112      	movs	r1, #18
8780278e:	7013      	strb	r3, [r2, #0]
87802790:	f000 f824 	bl	878027dc <gpio_pinread>
87802794:	e7d6      	b.n	87802744 <Key_GetValue+0x10>
87802796:	e9cd 2000 	strd	r2, r0, [sp]
8780279a:	200a      	movs	r0, #10
8780279c:	f7ff ff24 	bl	878025e8 <Delay_ms>
878027a0:	2112      	movs	r1, #18
878027a2:	e9dd 2300 	ldrd	r2, r3, [sp]
878027a6:	f44f 4040 	mov.w	r0, #49152	@ 0xc000
878027aa:	f2c0 2009 	movt	r0, #521	@ 0x209
878027ae:	7013      	strb	r3, [r2, #0]
878027b0:	f000 f814 	bl	878027dc <gpio_pinread>
878027b4:	fab0 f080 	clz	r0, r0
878027b8:	0940      	lsrs	r0, r0, #5
878027ba:	e7c4      	b.n	87802746 <Key_GetValue+0x12>
878027bc:	00005f60 	andeq	r5, r0, r0, ror #30
878027c0:	00005f0e 	andeq	r5, r0, lr, lsl #30

878027c4 <gpio_pinwrite>:
878027c4:	2301      	movs	r3, #1
878027c6:	408b      	lsls	r3, r1
878027c8:	b922      	cbnz	r2, 878027d4 <gpio_pinwrite+0x10>
878027ca:	6802      	ldr	r2, [r0, #0]
878027cc:	ea22 0303 	bic.w	r3, r2, r3
878027d0:	6003      	str	r3, [r0, #0]
878027d2:	4770      	bx	lr
878027d4:	6802      	ldr	r2, [r0, #0]
878027d6:	4313      	orrs	r3, r2
878027d8:	6003      	str	r3, [r0, #0]
878027da:	4770      	bx	lr

878027dc <gpio_pinread>:
878027dc:	6800      	ldr	r0, [r0, #0]
878027de:	40c8      	lsrs	r0, r1
878027e0:	f000 0001 	and.w	r0, r0, #1
878027e4:	4770      	bx	lr
878027e6:	bf00      	nop

878027e8 <gpio_enable_interrupt>:
878027e8:	2301      	movs	r3, #1
878027ea:	6942      	ldr	r2, [r0, #20]
878027ec:	408b      	lsls	r3, r1
878027ee:	4313      	orrs	r3, r2
878027f0:	6143      	str	r3, [r0, #20]
878027f2:	4770      	bx	lr

878027f4 <gpio_disable_interrupt>:
878027f4:	2301      	movs	r3, #1
878027f6:	408b      	lsls	r3, r1
878027f8:	6941      	ldr	r1, [r0, #20]
878027fa:	ea21 0103 	bic.w	r1, r1, r3
878027fe:	6141      	str	r1, [r0, #20]
87802800:	4770      	bx	lr
87802802:	bf00      	nop

87802804 <gpio_clear_interrupt_flag>:
87802804:	2301      	movs	r3, #1
87802806:	408b      	lsls	r3, r1
87802808:	6981      	ldr	r1, [r0, #24]
8780280a:	ea21 0103 	bic.w	r1, r1, r3
8780280e:	6181      	str	r1, [r0, #24]
87802810:	4770      	bx	lr
87802812:	bf00      	nop

87802814 <gpio_get_interrupt_flag>:
87802814:	6980      	ldr	r0, [r0, #24]
87802816:	40c8      	lsrs	r0, r1
87802818:	f000 0001 	and.w	r0, r0, #1
8780281c:	4770      	bx	lr
8780281e:	bf00      	nop

87802820 <gpio_interrupt_init>:
87802820:	f04f 0c01 	mov.w	ip, #1
87802824:	69c3      	ldr	r3, [r0, #28]
87802826:	290f      	cmp	r1, #15
87802828:	f102 32ff 	add.w	r2, r2, #4294967295	@ 0xffffffff
8780282c:	fa0c fc01 	lsl.w	ip, ip, r1
87802830:	bfc8      	it	gt
87802832:	3910      	subgt	r1, #16
87802834:	ea23 030c 	bic.w	r3, r3, ip
87802838:	61c3      	str	r3, [r0, #28]
8780283a:	bfd4      	ite	le
8780283c:	300c      	addle	r0, #12
8780283e:	3010      	addgt	r0, #16
87802840:	2a04      	cmp	r2, #4
87802842:	d80e      	bhi.n	87802862 <gpio_interrupt_init+0x42>
87802844:	e8df f002 	tbb	[pc, r2]
87802848:	0d0e1d23 	stceq	13, cr1, [lr, #-140]	@ 0xffffff74
8780284c:	00490003 	subeq	r0, r9, r3
87802850:	2303      	movs	r3, #3
87802852:	6802      	ldr	r2, [r0, #0]
87802854:	408b      	lsls	r3, r1
87802856:	ea22 0203 	bic.w	r2, r2, r3
8780285a:	6002      	str	r2, [r0, #0]
8780285c:	6802      	ldr	r2, [r0, #0]
8780285e:	4313      	orrs	r3, r2
87802860:	6003      	str	r3, [r0, #0]
87802862:	4770      	bx	lr
87802864:	6802      	ldr	r2, [r0, #0]
87802866:	0049      	lsls	r1, r1, #1
87802868:	f04f 0c03 	mov.w	ip, #3
8780286c:	2302      	movs	r3, #2
8780286e:	fa0c fc01 	lsl.w	ip, ip, r1
87802872:	ea22 020c 	bic.w	r2, r2, ip
87802876:	6002      	str	r2, [r0, #0]
87802878:	408b      	lsls	r3, r1
8780287a:	6802      	ldr	r2, [r0, #0]
8780287c:	4313      	orrs	r3, r2
8780287e:	6003      	str	r3, [r0, #0]
87802880:	4770      	bx	lr
87802882:	6802      	ldr	r2, [r0, #0]
87802884:	0049      	lsls	r1, r1, #1
87802886:	f04f 0c03 	mov.w	ip, #3
8780288a:	2301      	movs	r3, #1
8780288c:	e7ef      	b.n	8780286e <gpio_interrupt_init+0x4e>
8780288e:	0049      	lsls	r1, r1, #1
87802890:	2203      	movs	r2, #3
87802892:	6803      	ldr	r3, [r0, #0]
87802894:	408a      	lsls	r2, r1
87802896:	ea23 0302 	bic.w	r3, r3, r2
8780289a:	6003      	str	r3, [r0, #0]
8780289c:	4770      	bx	lr
8780289e:	bf00      	nop

878028a0 <gpio_init>:
878028a0:	b410      	push	{r4}
878028a2:	2301      	movs	r3, #1
878028a4:	6814      	ldr	r4, [r2, #0]
878028a6:	f8d0 c004 	ldr.w	ip, [r0, #4]
878028aa:	408b      	lsls	r3, r1
878028ac:	b934      	cbnz	r4, 878028bc <gpio_init+0x1c>
878028ae:	ea2c 0303 	bic.w	r3, ip, r3
878028b2:	6892      	ldr	r2, [r2, #8]
878028b4:	bc10      	pop	{r4}
878028b6:	6043      	str	r3, [r0, #4]
878028b8:	f7ff bfb2 	b.w	87802820 <gpio_interrupt_init>
878028bc:	ea4c 0c03 	orr.w	ip, ip, r3
878028c0:	f8c0 c004 	str.w	ip, [r0, #4]
878028c4:	f892 c004 	ldrb.w	ip, [r2, #4]
878028c8:	f1bc 0f00 	cmp.w	ip, #0
878028cc:	d108      	bne.n	878028e0 <gpio_init+0x40>
878028ce:	f8d0 c000 	ldr.w	ip, [r0]
878028d2:	bc10      	pop	{r4}
878028d4:	ea2c 0303 	bic.w	r3, ip, r3
878028d8:	6003      	str	r3, [r0, #0]
878028da:	6892      	ldr	r2, [r2, #8]
878028dc:	f7ff bfa0 	b.w	87802820 <gpio_interrupt_init>
878028e0:	f8d0 c000 	ldr.w	ip, [r0]
878028e4:	bc10      	pop	{r4}
878028e6:	ea4c 0303 	orr.w	r3, ip, r3
878028ea:	6003      	str	r3, [r0, #0]
878028ec:	6892      	ldr	r2, [r2, #8]
878028ee:	f7ff bf97 	b.w	87802820 <gpio_interrupt_init>
878028f2:	bf00      	nop

878028f4 <gpio_io18_irq_handler_t>:
878028f4:	200a      	movs	r0, #10
878028f6:	b508      	push	{r3, lr}
878028f8:	f7ff fe76 	bl	878025e8 <Delay_ms>
878028fc:	f44f 4040 	mov.w	r0, #49152	@ 0xc000
87802900:	f2c0 2009 	movt	r0, #521	@ 0x209
87802904:	2112      	movs	r1, #18
87802906:	f7ff ff85 	bl	87802814 <gpio_get_interrupt_flag>
8780290a:	b900      	cbnz	r0, 8780290e <gpio_io18_irq_handler_t+0x1a>
8780290c:	bd08      	pop	{r3, pc}
8780290e:	4b09      	ldr	r3, [pc, #36]	@ (87802934 <gpio_io18_irq_handler_t+0x40>)
87802910:	447b      	add	r3, pc
87802912:	7818      	ldrb	r0, [r3, #0]
87802914:	fab0 f080 	clz	r0, r0
87802918:	0940      	lsrs	r0, r0, #5
8780291a:	7018      	strb	r0, [r3, #0]
8780291c:	f7ff fed6 	bl	878026cc <Beep_Switch>
87802920:	f44f 4040 	mov.w	r0, #49152	@ 0xc000
87802924:	f2c0 2009 	movt	r0, #521	@ 0x209
87802928:	2112      	movs	r1, #18
8780292a:	e8bd 4008 	ldmia.w	sp!, {r3, lr}
8780292e:	f7ff bf69 	b.w	87802804 <gpio_clear_interrupt_flag>
87802932:	bf00      	nop
87802934:	00006590 	muleq	r0, r0, r5

87802938 <Exit_Init>:
87802938:	b530      	push	{r4, r5, lr}
8780293a:	2300      	movs	r3, #0
8780293c:	f2c0 230e 	movt	r3, #526	@ 0x20e
87802940:	b085      	sub	sp, #20
87802942:	f44f 4440 	mov.w	r4, #49152	@ 0xc000
87802946:	f2c0 2409 	movt	r4, #521	@ 0x209
8780294a:	2105      	movs	r1, #5
8780294c:	2080      	movs	r0, #128	@ 0x80
8780294e:	f8c3 108c 	str.w	r1, [r3, #140]	@ 0x8c
87802952:	aa01      	add	r2, sp, #4
87802954:	f8c3 0318 	str.w	r0, [r3, #792]	@ 0x318
87802958:	9103      	str	r1, [sp, #12]
8780295a:	4620      	mov	r0, r4
8780295c:	2112      	movs	r1, #18
8780295e:	2500      	movs	r5, #0
87802960:	9501      	str	r5, [sp, #4]
87802962:	f88d 5008 	strb.w	r5, [sp, #8]
87802966:	f7ff ff9b 	bl	878028a0 <gpio_init>
8780296a:	ee9f 3f10 	mrc	15, 4, r3, cr15, cr0, {0}
8780296e:	f36f 030f 	bfc	r3, #0, #16
87802972:	4908      	ldr	r1, [pc, #32]	@ (87802994 <Exit_Init+0x5c>)
87802974:	f503 5380 	add.w	r3, r3, #4096	@ 0x1000
87802978:	462a      	mov	r2, r5
8780297a:	2008      	movs	r0, #8
8780297c:	4479      	add	r1, pc
8780297e:	f8c3 010c 	str.w	r0, [r3, #268]	@ 0x10c
87802982:	2063      	movs	r0, #99	@ 0x63
87802984:	f000 f92a 	bl	87802bdc <system_register_irq_handler>
87802988:	2112      	movs	r1, #18
8780298a:	4620      	mov	r0, r4
8780298c:	f7ff ff2c 	bl	878027e8 <gpio_enable_interrupt>
87802990:	b005      	add	sp, #20
87802992:	bd30      	pop	{r4, r5, pc}
87802994:	ffffff75 			@ <UNDEFINED> instruction: 0xffffff75

87802998 <EPIT1_IRQHandler>:
87802998:	b508      	push	{r3, lr}
8780299a:	2200      	movs	r2, #0
8780299c:	f2c0 220d 	movt	r2, #525	@ 0x20d
878029a0:	4b0a      	ldr	r3, [pc, #40]	@ (878029cc <EPIT1_IRQHandler+0x34>)
878029a2:	447b      	add	r3, pc
878029a4:	7819      	ldrb	r1, [r3, #0]
878029a6:	fab1 f181 	clz	r1, r1
878029aa:	0949      	lsrs	r1, r1, #5
878029ac:	7019      	strb	r1, [r3, #0]
878029ae:	6853      	ldr	r3, [r2, #4]
878029b0:	07db      	lsls	r3, r3, #31
878029b2:	d407      	bmi.n	878029c4 <EPIT1_IRQHandler+0x2c>
878029b4:	2300      	movs	r3, #0
878029b6:	f2c0 230d 	movt	r3, #525	@ 0x20d
878029ba:	685a      	ldr	r2, [r3, #4]
878029bc:	f042 0201 	orr.w	r2, r2, #1
878029c0:	605a      	str	r2, [r3, #4]
878029c2:	bd08      	pop	{r3, pc}
878029c4:	2000      	movs	r0, #0
878029c6:	f7ff fe4b 	bl	87802660 <LED_Switch>
878029ca:	e7f3      	b.n	878029b4 <EPIT1_IRQHandler+0x1c>
878029cc:	000064ff 	strdeq	r6, [r0], -pc	@ <UNPREDICTABLE>

878029d0 <EPIT1_Init>:
878029d0:	b510      	push	{r4, lr}
878029d2:	f640 73ff 	movw	r3, #4095	@ 0xfff
878029d6:	2400      	movs	r4, #0
878029d8:	f2c0 240d 	movt	r4, #525	@ 0x20d
878029dc:	4298      	cmp	r0, r3
878029de:	bf28      	it	cs
878029e0:	4618      	movcs	r0, r3
878029e2:	230e      	movs	r3, #14
878029e4:	f2c0 1300 	movt	r3, #256	@ 0x100
878029e8:	2200      	movs	r2, #0
878029ea:	ea43 1300 	orr.w	r3, r3, r0, lsl #4
878029ee:	6022      	str	r2, [r4, #0]
878029f0:	6023      	str	r3, [r4, #0]
878029f2:	60a1      	str	r1, [r4, #8]
878029f4:	60e2      	str	r2, [r4, #12]
878029f6:	ee9f 3f10 	mrc	15, 4, r3, cr15, cr0, {0}
878029fa:	f36f 030f 	bfc	r3, #0, #16
878029fe:	4908      	ldr	r1, [pc, #32]	@ (87802a20 <EPIT1_Init+0x50>)
87802a00:	f503 5380 	add.w	r3, r3, #4096	@ 0x1000
87802a04:	f04f 7080 	mov.w	r0, #16777216	@ 0x1000000
87802a08:	4479      	add	r1, pc
87802a0a:	f8c3 0108 	str.w	r0, [r3, #264]	@ 0x108
87802a0e:	2058      	movs	r0, #88	@ 0x58
87802a10:	f000 f8e4 	bl	87802bdc <system_register_irq_handler>
87802a14:	6823      	ldr	r3, [r4, #0]
87802a16:	f043 0301 	orr.w	r3, r3, #1
87802a1a:	6023      	str	r3, [r4, #0]
87802a1c:	bd10      	pop	{r4, pc}
87802a1e:	bf00      	nop
87802a20:	ffffff8d 			@ <UNDEFINED> instruction: 0xffffff8d

87802a24 <keyfilter_irq_handler_t>:
87802a24:	2300      	movs	r3, #0
87802a26:	f2c0 230d 	movt	r3, #525	@ 0x20d
87802a2a:	f44f 5c91 	mov.w	ip, #4640	@ 0x1220
87802a2e:	f2c0 0c0a 	movt	ip, #10
87802a32:	f44f 4040 	mov.w	r0, #49152	@ 0xc000
87802a36:	f2c0 2009 	movt	r0, #521	@ 0x209
87802a3a:	681a      	ldr	r2, [r3, #0]
87802a3c:	2112      	movs	r1, #18
87802a3e:	f022 0201 	bic.w	r2, r2, #1
87802a42:	601a      	str	r2, [r3, #0]
87802a44:	f8c3 c008 	str.w	ip, [r3, #8]
87802a48:	681a      	ldr	r2, [r3, #0]
87802a4a:	f042 0201 	orr.w	r2, r2, #1
87802a4e:	601a      	str	r2, [r3, #0]
87802a50:	f7ff bed8 	b.w	87802804 <gpio_clear_interrupt_flag>

87802a54 <KeyFilter_Init>:
87802a54:	b570      	push	{r4, r5, r6, lr}
87802a56:	2300      	movs	r3, #0
87802a58:	f2c0 230e 	movt	r3, #526	@ 0x20e
87802a5c:	b086      	sub	sp, #24
87802a5e:	4e27      	ldr	r6, [pc, #156]	@ (87802afc <KeyFilter_Init+0xa8>)
87802a60:	f44f 4440 	mov.w	r4, #49152	@ 0xc000
87802a64:	f2c0 2409 	movt	r4, #521	@ 0x209
87802a68:	2105      	movs	r1, #5
87802a6a:	2080      	movs	r0, #128	@ 0x80
87802a6c:	f8c3 108c 	str.w	r1, [r3, #140]	@ 0x8c
87802a70:	aa03      	add	r2, sp, #12
87802a72:	f8c3 0318 	str.w	r0, [r3, #792]	@ 0x318
87802a76:	4620      	mov	r0, r4
87802a78:	9105      	str	r1, [sp, #20]
87802a7a:	2112      	movs	r1, #18
87802a7c:	2500      	movs	r5, #0
87802a7e:	447e      	add	r6, pc
87802a80:	9503      	str	r5, [sp, #12]
87802a82:	f88d 5010 	strb.w	r5, [sp, #16]
87802a86:	f7ff ff0b 	bl	878028a0 <gpio_init>
87802a8a:	ee9f 3f10 	mrc	15, 4, r3, cr15, cr0, {0}
87802a8e:	f36f 030f 	bfc	r3, #0, #16
87802a92:	491b      	ldr	r1, [pc, #108]	@ (87802b00 <KeyFilter_Init+0xac>)
87802a94:	f503 5380 	add.w	r3, r3, #4096	@ 0x1000
87802a98:	2208      	movs	r2, #8
87802a9a:	4479      	add	r1, pc
87802a9c:	2063      	movs	r0, #99	@ 0x63
87802a9e:	f8c3 210c 	str.w	r2, [r3, #268]	@ 0x10c
87802aa2:	462a      	mov	r2, r5
87802aa4:	f000 f89a 	bl	87802bdc <system_register_irq_handler>
87802aa8:	4620      	mov	r0, r4
87802aaa:	462c      	mov	r4, r5
87802aac:	2112      	movs	r1, #18
87802aae:	f2c0 240d 	movt	r4, #525	@ 0x20d
87802ab2:	f7ff fe99 	bl	878027e8 <gpio_enable_interrupt>
87802ab6:	220e      	movs	r2, #14
87802ab8:	f2c0 1200 	movt	r2, #256	@ 0x100
87802abc:	f44f 5391 	mov.w	r3, #4640	@ 0x1220
87802ac0:	f2c0 030a 	movt	r3, #10
87802ac4:	6025      	str	r5, [r4, #0]
87802ac6:	6022      	str	r2, [r4, #0]
87802ac8:	60a3      	str	r3, [r4, #8]
87802aca:	60e5      	str	r5, [r4, #12]
87802acc:	ee9f 3f10 	mrc	15, 4, r3, cr15, cr0, {0}
87802ad0:	f36f 030f 	bfc	r3, #0, #16
87802ad4:	f04f 7180 	mov.w	r1, #16777216	@ 0x1000000
87802ad8:	f503 5380 	add.w	r3, r3, #4096	@ 0x1000
87802adc:	462a      	mov	r2, r5
87802ade:	2058      	movs	r0, #88	@ 0x58
87802ae0:	f8c3 1108 	str.w	r1, [r3, #264]	@ 0x108
87802ae4:	4b07      	ldr	r3, [pc, #28]	@ (87802b04 <KeyFilter_Init+0xb0>)
87802ae6:	58f3      	ldr	r3, [r6, r3]
87802ae8:	9301      	str	r3, [sp, #4]
87802aea:	4619      	mov	r1, r3
87802aec:	f000 f876 	bl	87802bdc <system_register_irq_handler>
87802af0:	6823      	ldr	r3, [r4, #0]
87802af2:	f043 0301 	orr.w	r3, r3, #1
87802af6:	6023      	str	r3, [r4, #0]
87802af8:	b006      	add	sp, #24
87802afa:	bd70      	pop	{r4, r5, r6, pc}
87802afc:	ffffd57e 			@ <UNDEFINED> instruction: 0xffffd57e
87802b00:	ffffff87 			@ <UNDEFINED> instruction: 0xffffff87
87802b04:	0000017c 	andeq	r0, r0, ip, ror r1

87802b08 <keyfilter_timer_init>:
87802b08:	b510      	push	{r4, lr}
87802b0a:	2400      	movs	r4, #0
87802b0c:	f2c0 240d 	movt	r4, #525	@ 0x20d
87802b10:	4910      	ldr	r1, [pc, #64]	@ (87802b54 <keyfilter_timer_init+0x4c>)
87802b12:	b082      	sub	sp, #8
87802b14:	2200      	movs	r2, #0
87802b16:	230e      	movs	r3, #14
87802b18:	f2c0 1300 	movt	r3, #256	@ 0x100
87802b1c:	6022      	str	r2, [r4, #0]
87802b1e:	4479      	add	r1, pc
87802b20:	6023      	str	r3, [r4, #0]
87802b22:	60a0      	str	r0, [r4, #8]
87802b24:	60e2      	str	r2, [r4, #12]
87802b26:	ee9f 3f10 	mrc	15, 4, r3, cr15, cr0, {0}
87802b2a:	f36f 030f 	bfc	r3, #0, #16
87802b2e:	f04f 7080 	mov.w	r0, #16777216	@ 0x1000000
87802b32:	f503 5380 	add.w	r3, r3, #4096	@ 0x1000
87802b36:	f8c3 0108 	str.w	r0, [r3, #264]	@ 0x108
87802b3a:	2058      	movs	r0, #88	@ 0x58
87802b3c:	4b06      	ldr	r3, [pc, #24]	@ (87802b58 <keyfilter_timer_init+0x50>)
87802b3e:	58cb      	ldr	r3, [r1, r3]
87802b40:	9301      	str	r3, [sp, #4]
87802b42:	4619      	mov	r1, r3
87802b44:	f000 f84a 	bl	87802bdc <system_register_irq_handler>
87802b48:	6823      	ldr	r3, [r4, #0]
87802b4a:	f043 0301 	orr.w	r3, r3, #1
87802b4e:	6023      	str	r3, [r4, #0]
87802b50:	b002      	add	sp, #8
87802b52:	bd10      	pop	{r4, pc}
87802b54:	ffffd4de 			@ <UNDEFINED> instruction: 0xffffd4de
87802b58:	0000017c 	andeq	r0, r0, ip, ror r1

87802b5c <keyfilter_timer_stop>:
87802b5c:	2300      	movs	r3, #0
87802b5e:	f2c0 230d 	movt	r3, #525	@ 0x20d
87802b62:	681a      	ldr	r2, [r3, #0]
87802b64:	f022 0201 	bic.w	r2, r2, #1
87802b68:	601a      	str	r2, [r3, #0]
87802b6a:	4770      	bx	lr

87802b6c <keyfilter_timer_restart>:
87802b6c:	2300      	movs	r3, #0
87802b6e:	f2c0 230d 	movt	r3, #525	@ 0x20d
87802b72:	681a      	ldr	r2, [r3, #0]
87802b74:	f022 0201 	bic.w	r2, r2, #1
87802b78:	601a      	str	r2, [r3, #0]
87802b7a:	6098      	str	r0, [r3, #8]
87802b7c:	681a      	ldr	r2, [r3, #0]
87802b7e:	f042 0201 	orr.w	r2, r2, #1
87802b82:	601a      	str	r2, [r3, #0]
87802b84:	4770      	bx	lr
87802b86:	bf00      	nop

87802b88 <keyfilter_EPIT1_IRQHandler>:
87802b88:	b508      	push	{r3, lr}
87802b8a:	2300      	movs	r3, #0
87802b8c:	f2c0 230d 	movt	r3, #525	@ 0x20d
87802b90:	685a      	ldr	r2, [r3, #4]
87802b92:	07d2      	lsls	r2, r2, #31
87802b94:	d407      	bmi.n	87802ba6 <keyfilter_EPIT1_IRQHandler+0x1e>
87802b96:	2300      	movs	r3, #0
87802b98:	f2c0 230d 	movt	r3, #525	@ 0x20d
87802b9c:	685a      	ldr	r2, [r3, #4]
87802b9e:	f042 0201 	orr.w	r2, r2, #1
87802ba2:	605a      	str	r2, [r3, #4]
87802ba4:	bd08      	pop	{r3, pc}
87802ba6:	681a      	ldr	r2, [r3, #0]
87802ba8:	f44f 4040 	mov.w	r0, #49152	@ 0xc000
87802bac:	f2c0 2009 	movt	r0, #521	@ 0x209
87802bb0:	2112      	movs	r1, #18
87802bb2:	f022 0201 	bic.w	r2, r2, #1
87802bb6:	601a      	str	r2, [r3, #0]
87802bb8:	f7ff fe10 	bl	878027dc <gpio_pinread>
87802bbc:	2800      	cmp	r0, #0
87802bbe:	d1ea      	bne.n	87802b96 <keyfilter_EPIT1_IRQHandler+0xe>
87802bc0:	4b04      	ldr	r3, [pc, #16]	@ (87802bd4 <keyfilter_EPIT1_IRQHandler+0x4c>)
87802bc2:	447b      	add	r3, pc
87802bc4:	7818      	ldrb	r0, [r3, #0]
87802bc6:	fab0 f080 	clz	r0, r0
87802bca:	0940      	lsrs	r0, r0, #5
87802bcc:	7018      	strb	r0, [r3, #0]
87802bce:	f7ff fd7d 	bl	878026cc <Beep_Switch>
87802bd2:	e7e0      	b.n	87802b96 <keyfilter_EPIT1_IRQHandler+0xe>
87802bd4:	000062e0 	andeq	r6, r0, r0, ror #5

87802bd8 <default_handler_t>:
87802bd8:	e7fe      	b.n	87802bd8 <default_handler_t>
87802bda:	bf00      	nop

87802bdc <system_register_irq_handler>:
87802bdc:	289f      	cmp	r0, #159	@ 0x9f
87802bde:	dc07      	bgt.n	87802bf0 <system_register_irq_handler+0x14>
87802be0:	4b04      	ldr	r3, [pc, #16]	@ (87802bf4 <system_register_irq_handler+0x18>)
87802be2:	447b      	add	r3, pc
87802be4:	eb03 0cc0 	add.w	ip, r3, r0, lsl #3
87802be8:	f843 1030 	str.w	r1, [r3, r0, lsl #3]
87802bec:	f8cc 2004 	str.w	r2, [ip, #4]
87802bf0:	4770      	bx	lr
87802bf2:	bf00      	nop
87802bf4:	000062c2 	andeq	r6, r0, r2, asr #5

87802bf8 <INT_Init>:
87802bf8:	b500      	push	{lr}
87802bfa:	ee9f 2f10 	mrc	15, 4, r2, cr15, cr0, {0}
87802bfe:	f36f 020f 	bfc	r2, #0, #16
87802c02:	2300      	movs	r3, #0
87802c04:	f502 5e80 	add.w	lr, r2, #4096	@ 0x1000
87802c08:	f04f 3cff 	mov.w	ip, #4294967295	@ 0xffffffff
87802c0c:	f8de 0004 	ldr.w	r0, [lr, #4]
87802c10:	f000 001f 	and.w	r0, r0, #31
87802c14:	3001      	adds	r0, #1
87802c16:	f503 618c 	add.w	r1, r3, #1120	@ 0x460
87802c1a:	3301      	adds	r3, #1
87802c1c:	4298      	cmp	r0, r3
87802c1e:	f842 c021 	str.w	ip, [r2, r1, lsl #2]
87802c22:	d1f8      	bne.n	87802c16 <INT_Init+0x1e>
87802c24:	4810      	ldr	r0, [pc, #64]	@ (87802c68 <INT_Init+0x70>)
87802c26:	f502 5100 	add.w	r1, r2, #8192	@ 0x2000
87802c2a:	23f8      	movs	r3, #248	@ 0xf8
87802c2c:	2200      	movs	r2, #0
87802c2e:	4478      	add	r0, pc
87802c30:	f04f 0c01 	mov.w	ip, #1
87802c34:	604b      	str	r3, [r1, #4]
87802c36:	2302      	movs	r3, #2
87802c38:	608b      	str	r3, [r1, #8]
87802c3a:	4603      	mov	r3, r0
87802c3c:	f8c0 2500 	str.w	r2, [r0, #1280]	@ 0x500
87802c40:	480a      	ldr	r0, [pc, #40]	@ (87802c6c <INT_Init+0x74>)
87802c42:	f8ce c000 	str.w	ip, [lr]
87802c46:	4478      	add	r0, pc
87802c48:	f8c1 c000 	str.w	ip, [r1]
87802c4c:	f503 61a0 	add.w	r1, r3, #1280	@ 0x500
87802c50:	e9c3 0200 	strd	r0, r2, [r3]
87802c54:	3308      	adds	r3, #8
87802c56:	4299      	cmp	r1, r3
87802c58:	d1fa      	bne.n	87802c50 <INT_Init+0x58>
87802c5a:	2300      	movs	r3, #0
87802c5c:	f2c8 7380 	movt	r3, #34688	@ 0x8780
87802c60:	ee0c 3f10 	mcr	15, 0, r3, cr12, cr0, {0}
87802c64:	bd00      	pop	{pc}
87802c66:	bf00      	nop
87802c68:	00006276 	andeq	r6, r0, r6, ror r2
87802c6c:	ffffff8f 			@ <UNDEFINED> instruction: 0xffffff8f

87802c70 <system_irqhandler>:
87802c70:	b530      	push	{r4, r5, lr}
87802c72:	f3c0 0509 	ubfx	r5, r0, #0, #10
87802c76:	2d9f      	cmp	r5, #159	@ 0x9f
87802c78:	b083      	sub	sp, #12
87802c7a:	bf88      	it	hi
87802c7c:	00eb      	lslhi	r3, r5, #3
87802c7e:	d80a      	bhi.n	87802c96 <system_irqhandler+0x26>
87802c80:	4a0f      	ldr	r2, [pc, #60]	@ (87802cc0 <system_irqhandler+0x50>)
87802c82:	00eb      	lsls	r3, r5, #3
87802c84:	4628      	mov	r0, r5
87802c86:	9301      	str	r3, [sp, #4]
87802c88:	447a      	add	r2, pc
87802c8a:	18d1      	adds	r1, r2, r3
87802c8c:	f852 2035 	ldr.w	r2, [r2, r5, lsl #3]
87802c90:	6849      	ldr	r1, [r1, #4]
87802c92:	4790      	blx	r2
87802c94:	9b01      	ldr	r3, [sp, #4]
87802c96:	4c0b      	ldr	r4, [pc, #44]	@ (87802cc4 <system_irqhandler+0x54>)
87802c98:	4628      	mov	r0, r5
87802c9a:	447c      	add	r4, pc
87802c9c:	4423      	add	r3, r4
87802c9e:	f8d4 2500 	ldr.w	r2, [r4, #1280]	@ 0x500
87802ca2:	6859      	ldr	r1, [r3, #4]
87802ca4:	f854 5035 	ldr.w	r5, [r4, r5, lsl #3]
87802ca8:	3201      	adds	r2, #1
87802caa:	f8c4 2500 	str.w	r2, [r4, #1280]	@ 0x500
87802cae:	47a8      	blx	r5
87802cb0:	f8d4 3500 	ldr.w	r3, [r4, #1280]	@ 0x500
87802cb4:	3b01      	subs	r3, #1
87802cb6:	f8c4 3500 	str.w	r3, [r4, #1280]	@ 0x500
87802cba:	b003      	add	sp, #12
87802cbc:	bd30      	pop	{r4, r5, pc}
87802cbe:	bf00      	nop
87802cc0:	0000621c 	andeq	r6, r0, ip, lsl r2
87802cc4:	0000620a 	andeq	r6, r0, sl, lsl #4

87802cc8 <default_handler>:
87802cc8:	4770      	bx	lr
87802cca:	bf00      	nop

87802ccc <LCD_PixelClock_Init>:
87802ccc:	f44f 4c00 	mov.w	ip, #32768	@ 0x8000
87802cd0:	f2c0 2c0c 	movt	ip, #524	@ 0x20c
87802cd4:	2300      	movs	r3, #0
87802cd6:	ea40 1001 	orr.w	r0, r0, r1, lsl #4
87802cda:	ea40 2002 	orr.w	r0, r0, r2, lsl #8
87802cde:	3901      	subs	r1, #1
87802ce0:	f8cc 30b0 	str.w	r3, [ip, #176]	@ 0xb0
87802ce4:	f440 1081 	orr.w	r0, r0, #1056768	@ 0x102000
87802ce8:	f8cc 30c0 	str.w	r3, [ip, #192]	@ 0xc0
87802cec:	3a01      	subs	r2, #1
87802cee:	f8dc 30a0 	ldr.w	r3, [ip, #160]	@ 0xa0
87802cf2:	4318      	orrs	r0, r3
87802cf4:	f8cc 00a0 	str.w	r0, [ip, #160]	@ 0xa0
87802cf8:	f44f 4380 	mov.w	r3, #16384	@ 0x4000
87802cfc:	f2c0 230c 	movt	r3, #524	@ 0x20c
87802d00:	f8dc 0170 	ldr.w	r0, [ip, #368]	@ 0x170
87802d04:	f020 4040 	bic.w	r0, r0, #3221225472	@ 0xc0000000
87802d08:	f8cc 0170 	str.w	r0, [ip, #368]	@ 0x170
87802d0c:	6b98      	ldr	r0, [r3, #56]	@ 0x38
87802d0e:	f420 3060 	bic.w	r0, r0, #229376	@ 0x38000
87802d12:	6398      	str	r0, [r3, #56]	@ 0x38
87802d14:	6b98      	ldr	r0, [r3, #56]	@ 0x38
87802d16:	f440 3080 	orr.w	r0, r0, #65536	@ 0x10000
87802d1a:	6398      	str	r0, [r3, #56]	@ 0x38
87802d1c:	6b98      	ldr	r0, [r3, #56]	@ 0x38
87802d1e:	f420 40e0 	bic.w	r0, r0, #28672	@ 0x7000
87802d22:	6398      	str	r0, [r3, #56]	@ 0x38
87802d24:	6b98      	ldr	r0, [r3, #56]	@ 0x38
87802d26:	ea40 3101 	orr.w	r1, r0, r1, lsl #12
87802d2a:	6399      	str	r1, [r3, #56]	@ 0x38
87802d2c:	6999      	ldr	r1, [r3, #24]
87802d2e:	f021 7160 	bic.w	r1, r1, #58720256	@ 0x3800000
87802d32:	6199      	str	r1, [r3, #24]
87802d34:	6999      	ldr	r1, [r3, #24]
87802d36:	ea41 52c2 	orr.w	r2, r1, r2, lsl #23
87802d3a:	619a      	str	r2, [r3, #24]
87802d3c:	6b9a      	ldr	r2, [r3, #56]	@ 0x38
87802d3e:	f422 6260 	bic.w	r2, r2, #3584	@ 0xe00
87802d42:	639a      	str	r2, [r3, #56]	@ 0x38
87802d44:	6b9a      	ldr	r2, [r3, #56]	@ 0x38
87802d46:	639a      	str	r2, [r3, #56]	@ 0x38
87802d48:	4770      	bx	lr
87802d4a:	bf00      	nop

87802d4c <LCD_Read_PanelID>:
87802d4c:	b570      	push	{r4, r5, r6, lr}
87802d4e:	2400      	movs	r4, #0
87802d50:	f2c0 240e 	movt	r4, #526	@ 0x20e
87802d54:	b084      	sub	sp, #16
87802d56:	2605      	movs	r6, #5
87802d58:	2301      	movs	r3, #1
87802d5a:	aa01      	add	r2, sp, #4
87802d5c:	2103      	movs	r1, #3
87802d5e:	f44f 4080 	mov.w	r0, #16384	@ 0x4000
87802d62:	f2c0 200a 	movt	r0, #522	@ 0x20a
87802d66:	9301      	str	r3, [sp, #4]
87802d68:	f88d 3008 	strb.w	r3, [sp, #8]
87802d6c:	f241 03b0 	movw	r3, #4272	@ 0x10b0
87802d70:	f8c4 6110 	str.w	r6, [r4, #272]	@ 0x110
87802d74:	f8c4 339c 	str.w	r3, [r4, #924]	@ 0x39c
87802d78:	f7ff fd92 	bl	878028a0 <gpio_init>
87802d7c:	2380      	movs	r3, #128	@ 0x80
87802d7e:	f8c4 6134 	str.w	r6, [r4, #308]	@ 0x134
87802d82:	aa01      	add	r2, sp, #4
87802d84:	f8c4 6154 	str.w	r6, [r4, #340]	@ 0x154
87802d88:	210c      	movs	r1, #12
87802d8a:	f8c4 6174 	str.w	r6, [r4, #372]	@ 0x174
87802d8e:	f44f 4080 	mov.w	r0, #16384	@ 0x4000
87802d92:	f2c0 200a 	movt	r0, #522	@ 0x20a
87802d96:	f8c4 33c0 	str.w	r3, [r4, #960]	@ 0x3c0
87802d9a:	f8c4 33e0 	str.w	r3, [r4, #992]	@ 0x3e0
87802d9e:	f8c4 3400 	str.w	r3, [r4, #1024]	@ 0x400
87802da2:	2400      	movs	r4, #0
87802da4:	9401      	str	r4, [sp, #4]
87802da6:	f7ff fd7b 	bl	878028a0 <gpio_init>
87802daa:	aa01      	add	r2, sp, #4
87802dac:	2114      	movs	r1, #20
87802dae:	f44f 4080 	mov.w	r0, #16384	@ 0x4000
87802db2:	f2c0 200a 	movt	r0, #522	@ 0x20a
87802db6:	f7ff fd73 	bl	878028a0 <gpio_init>
87802dba:	aa01      	add	r2, sp, #4
87802dbc:	211c      	movs	r1, #28
87802dbe:	f44f 4080 	mov.w	r0, #16384	@ 0x4000
87802dc2:	f2c0 200a 	movt	r0, #522	@ 0x20a
87802dc6:	f7ff fd6b 	bl	878028a0 <gpio_init>
87802dca:	211c      	movs	r1, #28
87802dcc:	f44f 4080 	mov.w	r0, #16384	@ 0x4000
87802dd0:	f2c0 200a 	movt	r0, #522	@ 0x20a
87802dd4:	f7ff fd02 	bl	878027dc <gpio_pinread>
87802dd8:	2114      	movs	r1, #20
87802dda:	b2c5      	uxtb	r5, r0
87802ddc:	f44f 4080 	mov.w	r0, #16384	@ 0x4000
87802de0:	f2c0 200a 	movt	r0, #522	@ 0x20a
87802de4:	f7ff fcfa 	bl	878027dc <gpio_pinread>
87802de8:	4606      	mov	r6, r0
87802dea:	211c      	movs	r1, #28
87802dec:	f44f 4080 	mov.w	r0, #16384	@ 0x4000
87802df0:	f2c0 200a 	movt	r0, #522	@ 0x20a
87802df4:	f7ff fcf2 	bl	878027dc <gpio_pinread>
87802df8:	0073      	lsls	r3, r6, #1
87802dfa:	0082      	lsls	r2, r0, #2
87802dfc:	f403 73ff 	and.w	r3, r3, #510	@ 0x1fe
87802e00:	f402 727f 	and.w	r2, r2, #1020	@ 0x3fc
87802e04:	4313      	orrs	r3, r2
87802e06:	432b      	orrs	r3, r5
87802e08:	2b05      	cmp	r3, #5
87802e0a:	bf88      	it	hi
87802e0c:	4620      	movhi	r0, r4
87802e0e:	d803      	bhi.n	87802e18 <LCD_Read_PanelID+0xcc>
87802e10:	4a02      	ldr	r2, [pc, #8]	@ (87802e1c <LCD_Read_PanelID+0xd0>)
87802e12:	447a      	add	r2, pc
87802e14:	f832 0013 	ldrh.w	r0, [r2, r3, lsl #1]
87802e18:	b004      	add	sp, #16
87802e1a:	bd70      	pop	{r4, r5, r6, pc}
87802e1c:	0000101a 	andeq	r1, r0, sl, lsl r0

87802e20 <LCD_GPIO_Init>:
87802e20:	b510      	push	{r4, lr}
87802e22:	2300      	movs	r3, #0
87802e24:	f2c0 230e 	movt	r3, #526	@ 0x20e
87802e28:	b086      	sub	sp, #24
87802e2a:	2200      	movs	r2, #0
87802e2c:	21b9      	movs	r1, #185	@ 0xb9
87802e2e:	2405      	movs	r4, #5
87802e30:	f8c3 2118 	str.w	r2, [r3, #280]	@ 0x118
87802e34:	f44f 4040 	mov.w	r0, #49152	@ 0xc000
87802e38:	f2c0 2009 	movt	r0, #521	@ 0x209
87802e3c:	f8c3 211c 	str.w	r2, [r3, #284]	@ 0x11c
87802e40:	f8c3 2120 	str.w	r2, [r3, #288]	@ 0x120
87802e44:	f8c3 2124 	str.w	r2, [r3, #292]	@ 0x124
87802e48:	f8c3 2108 	str.w	r2, [r3, #264]	@ 0x108
87802e4c:	f8c3 210c 	str.w	r2, [r3, #268]	@ 0x10c
87802e50:	f8c3 25dc 	str.w	r2, [r3, #1500]	@ 0x5dc
87802e54:	f8c3 2110 	str.w	r2, [r3, #272]	@ 0x110
87802e58:	aa03      	add	r2, sp, #12
87802e5a:	67dc      	str	r4, [r3, #124]	@ 0x7c
87802e5c:	2401      	movs	r4, #1
87802e5e:	f8c3 13a4 	str.w	r1, [r3, #932]	@ 0x3a4
87802e62:	f8c3 13a8 	str.w	r1, [r3, #936]	@ 0x3a8
87802e66:	f8c3 1390 	str.w	r1, [r3, #912]	@ 0x390
87802e6a:	f8c3 1394 	str.w	r1, [r3, #916]	@ 0x394
87802e6e:	f8c3 1398 	str.w	r1, [r3, #920]	@ 0x398
87802e72:	f8c3 139c 	str.w	r1, [r3, #924]	@ 0x39c
87802e76:	f8c3 1308 	str.w	r1, [r3, #776]	@ 0x308
87802e7a:	2108      	movs	r1, #8
87802e7c:	9001      	str	r0, [sp, #4]
87802e7e:	9403      	str	r4, [sp, #12]
87802e80:	f88d 4010 	strb.w	r4, [sp, #16]
87802e84:	f7ff fd0c 	bl	878028a0 <gpio_init>
87802e88:	9801      	ldr	r0, [sp, #4]
87802e8a:	4622      	mov	r2, r4
87802e8c:	2108      	movs	r1, #8
87802e8e:	f7ff fc99 	bl	878027c4 <gpio_pinwrite>
87802e92:	b006      	add	sp, #24
87802e94:	bd10      	pop	{r4, pc}
87802e96:	bf00      	nop

87802e98 <LCD_Init>:
87802e98:	e92d 47f0 	stmdb	sp!, {r4, r5, r6, r7, r8, r9, sl, lr}
87802e9c:	f44f 4400 	mov.w	r4, #32768	@ 0x8000
87802ea0:	f2c0 241c 	movt	r4, #540	@ 0x21c
87802ea4:	f7ff ff52 	bl	87802d4c <LCD_Read_PanelID>
87802ea8:	4601      	mov	r1, r0
87802eaa:	4605      	mov	r5, r0
87802eac:	4854      	ldr	r0, [pc, #336]	@ (87803000 <LCD_Init+0x168>)
87802eae:	4478      	add	r0, pc
87802eb0:	f7fd fac2 	bl	87800438 <printf>
87802eb4:	f7ff ffb4 	bl	87802e20 <LCD_GPIO_Init>
87802eb8:	6823      	ldr	r3, [r4, #0]
87802eba:	2064      	movs	r0, #100	@ 0x64
87802ebc:	f043 4300 	orr.w	r3, r3, #2147483648	@ 0x80000000
87802ec0:	6023      	str	r3, [r4, #0]
87802ec2:	f7ff fb91 	bl	878025e8 <Delay_ms>
87802ec6:	6823      	ldr	r3, [r4, #0]
87802ec8:	f244 3242 	movw	r2, #17218	@ 0x4342
87802ecc:	4295      	cmp	r5, r2
87802ece:	f023 4300 	bic.w	r3, r3, #2147483648	@ 0x80000000
87802ed2:	6023      	str	r3, [r4, #0]
87802ed4:	d06b      	beq.n	87802fae <LCD_Init+0x116>
87802ed6:	4b4b      	ldr	r3, [pc, #300]	@ (87803004 <LCD_Init+0x16c>)
87802ed8:	447b      	add	r3, pc
87802eda:	f8b3 8002 	ldrh.w	r8, [r3, #2]
87802ede:	8999      	ldrh	r1, [r3, #12]
87802ee0:	f8b3 e00e 	ldrh.w	lr, [r3, #14]
87802ee4:	8a1e      	ldrh	r6, [r3, #16]
87802ee6:	88df      	ldrh	r7, [r3, #6]
87802ee8:	891a      	ldrh	r2, [r3, #8]
87802eea:	440e      	add	r6, r1
87802eec:	f8b3 9000 	ldrh.w	r9, [r3]
87802ef0:	eb08 0e4e 	add.w	lr, r8, lr, lsl #1
87802ef4:	443a      	add	r2, r7
87802ef6:	895b      	ldrh	r3, [r3, #10]
87802ef8:	448e      	add	lr, r1
87802efa:	eb02 4606 	add.w	r6, r2, r6, lsl #16
87802efe:	444a      	add	r2, r9
87802f00:	eb0e 4e81 	add.w	lr, lr, r1, lsl #18
87802f04:	ea48 4909 	orr.w	r9, r8, r9, lsl #16
87802f08:	eb02 0a03 	add.w	sl, r2, r3
87802f0c:	f448 2880 	orr.w	r8, r8, #262144	@ 0x40000
87802f10:	4d3d      	ldr	r5, [pc, #244]	@ (87803008 <LCD_Init+0x170>)
87802f12:	f44f 4200 	mov.w	r2, #32768	@ 0x8000
87802f16:	f2c0 221c 	movt	r2, #540	@ 0x21c
87802f1a:	2100      	movs	r1, #0
87802f1c:	447d      	add	r5, pc
87802f1e:	f04f 4309 	mov.w	r3, #2298478592	@ 0x89000000
87802f22:	2004      	movs	r0, #4
87802f24:	f04f 14ff 	mov.w	r4, #16711935	@ 0xff00ff
87802f28:	7128      	strb	r0, [r5, #4]
87802f2a:	f640 7021 	movw	r0, #3873	@ 0xf21
87802f2e:	f2c0 000a 	movt	r0, #10
87802f32:	61e9      	str	r1, [r5, #28]
87802f34:	616b      	str	r3, [r5, #20]
87802f36:	61ac      	str	r4, [r5, #24]
87802f38:	6011      	str	r1, [r2, #0]
87802f3a:	f8d2 c000 	ldr.w	ip, [r2]
87802f3e:	ea4c 0000 	orr.w	r0, ip, r0
87802f42:	6010      	str	r0, [r2, #0]
87802f44:	6111      	str	r1, [r2, #16]
87802f46:	2014      	movs	r0, #20
87802f48:	f8d2 c010 	ldr.w	ip, [r2, #16]
87802f4c:	f44c 2ce0 	orr.w	ip, ip, #458752	@ 0x70000
87802f50:	f8c2 c010 	str.w	ip, [r2, #16]
87802f54:	6311      	str	r1, [r2, #48]	@ 0x30
87802f56:	f8d2 c030 	ldr.w	ip, [r2, #48]	@ 0x30
87802f5a:	ea4c 0909 	orr.w	r9, ip, r9
87802f5e:	f8c2 9030 	str.w	r9, [r2, #48]	@ 0x30
87802f62:	6711      	str	r1, [r2, #112]	@ 0x70
87802f64:	6f11      	ldr	r1, [r2, #112]	@ 0x70
87802f66:	4339      	orrs	r1, r7
87802f68:	f041 5199 	orr.w	r1, r1, #320864256	@ 0x13200000
87802f6c:	6711      	str	r1, [r2, #112]	@ 0x70
87802f6e:	f8c2 a080 	str.w	sl, [r2, #128]	@ 0x80
87802f72:	f8c2 e090 	str.w	lr, [r2, #144]	@ 0x90
87802f76:	f8c2 60a0 	str.w	r6, [r2, #160]	@ 0xa0
87802f7a:	f8c2 80b0 	str.w	r8, [r2, #176]	@ 0xb0
87802f7e:	6413      	str	r3, [r2, #64]	@ 0x40
87802f80:	6513      	str	r3, [r2, #80]	@ 0x50
87802f82:	6811      	ldr	r1, [r2, #0]
87802f84:	f041 0101 	orr.w	r1, r1, #1
87802f88:	6011      	str	r1, [r2, #0]
87802f8a:	f7ff fb2d 	bl	878025e8 <Delay_ms>
87802f8e:	886a      	ldrh	r2, [r5, #2]
87802f90:	8829      	ldrh	r1, [r5, #0]
87802f92:	fb01 f202 	mul.w	r2, r1, r2
87802f96:	b142      	cbz	r2, 87802faa <LCD_Init+0x112>
87802f98:	f1a2 52ee 	sub.w	r2, r2, #499122176	@ 0x1dc00000
87802f9c:	f04f 4309 	mov.w	r3, #2298478592	@ 0x89000000
87802fa0:	0092      	lsls	r2, r2, #2
87802fa2:	f843 4b04 	str.w	r4, [r3], #4
87802fa6:	429a      	cmp	r2, r3
87802fa8:	d1fb      	bne.n	87802fa2 <LCD_Init+0x10a>
87802faa:	e8bd 87f0 	ldmia.w	sp!, {r4, r5, r6, r7, r8, r9, sl, pc}
87802fae:	4b17      	ldr	r3, [pc, #92]	@ (8780300c <LCD_Init+0x174>)
87802fb0:	2208      	movs	r2, #8
87802fb2:	4611      	mov	r1, r2
87802fb4:	201b      	movs	r0, #27
87802fb6:	447b      	add	r3, pc
87802fb8:	f44f 2400 	mov.w	r4, #524288	@ 0x80000
87802fbc:	f44f 78f0 	mov.w	r8, #480	@ 0x1e0
87802fc0:	f2c0 0804 	movt	r8, #4
87802fc4:	2608      	movs	r6, #8
87802fc6:	f2c0 0628 	movt	r6, #40	@ 0x28
87802fca:	f8c3 4006 	str.w	r4, [r3, #6]
87802fce:	f44f 79f0 	mov.w	r9, #480	@ 0x1e0
87802fd2:	f2c0 1910 	movt	r9, #272	@ 0x110
87802fd6:	f44f 7488 	mov.w	r4, #272	@ 0x110
87802fda:	f2c0 14e0 	movt	r4, #480	@ 0x1e0
87802fde:	f8c3 200a 	str.w	r2, [r3, #10]
87802fe2:	601c      	str	r4, [r3, #0]
87802fe4:	f44f 7a90 	mov.w	sl, #288	@ 0x120
87802fe8:	2405      	movs	r4, #5
87802fea:	f2c0 0428 	movt	r4, #40	@ 0x28
87802fee:	2700      	movs	r7, #0
87802ff0:	f8c3 400e 	str.w	r4, [r3, #14]
87802ff4:	f7ff fe6a 	bl	87802ccc <LCD_PixelClock_Init>
87802ff8:	f44f 7ef5 	mov.w	lr, #490	@ 0x1ea
87802ffc:	e788      	b.n	87802f10 <LCD_Init+0x78>
87802ffe:	bf00      	nop
87803000:	00000f5e 	andeq	r0, r0, lr, asr pc
87803004:	000064d0 	ldrdeq	r6, [r0], -r0
87803008:	0000648c 	andeq	r6, r0, ip, lsl #9
8780300c:	000063f2 	strdeq	r6, [r0], -r2

87803010 <LCD_Reset>:
87803010:	f44f 4300 	mov.w	r3, #32768	@ 0x8000
87803014:	f2c0 231c 	movt	r3, #540	@ 0x21c
87803018:	681a      	ldr	r2, [r3, #0]
8780301a:	f042 4200 	orr.w	r2, r2, #2147483648	@ 0x80000000
8780301e:	601a      	str	r2, [r3, #0]
87803020:	4770      	bx	lr
87803022:	bf00      	nop

87803024 <LCD_Reset_Stop>:
87803024:	f44f 4300 	mov.w	r3, #32768	@ 0x8000
87803028:	f2c0 231c 	movt	r3, #540	@ 0x21c
8780302c:	681a      	ldr	r2, [r3, #0]
8780302e:	f022 4200 	bic.w	r2, r2, #2147483648	@ 0x80000000
87803032:	601a      	str	r2, [r3, #0]
87803034:	4770      	bx	lr
87803036:	bf00      	nop

87803038 <LCD_Enable>:
87803038:	f44f 4300 	mov.w	r3, #32768	@ 0x8000
8780303c:	f2c0 231c 	movt	r3, #540	@ 0x21c
87803040:	681a      	ldr	r2, [r3, #0]
87803042:	f042 0201 	orr.w	r2, r2, #1
87803046:	601a      	str	r2, [r3, #0]
87803048:	4770      	bx	lr
8780304a:	bf00      	nop

8780304c <LCD_Clear>:
8780304c:	4b08      	ldr	r3, [pc, #32]	@ (87803070 <LCD_Clear+0x24>)
8780304e:	447b      	add	r3, pc
87803050:	885a      	ldrh	r2, [r3, #2]
87803052:	881b      	ldrh	r3, [r3, #0]
87803054:	fb03 f202 	mul.w	r2, r3, r2
87803058:	b142      	cbz	r2, 8780306c <LCD_Clear+0x20>
8780305a:	f1a2 52ee 	sub.w	r2, r2, #499122176	@ 0x1dc00000
8780305e:	f04f 4309 	mov.w	r3, #2298478592	@ 0x89000000
87803062:	0092      	lsls	r2, r2, #2
87803064:	f843 0b04 	str.w	r0, [r3], #4
87803068:	4293      	cmp	r3, r2
8780306a:	d1fb      	bne.n	87803064 <LCD_Clear+0x18>
8780306c:	4770      	bx	lr
8780306e:	bf00      	nop
87803070:	0000635a 	andeq	r6, r0, sl, asr r3

87803074 <LCD_DrawLine>:
87803074:	e92d 4ff0 	stmdb	sp!, {r4, r5, r6, r7, r8, r9, sl, fp, lr}
87803078:	1a16      	subs	r6, r2, r0
8780307a:	4d49      	ldr	r5, [pc, #292]	@ (878031a0 <LCD_DrawLine+0x12c>)
8780307c:	b085      	sub	sp, #20
8780307e:	1a5f      	subs	r7, r3, r1
87803080:	447d      	add	r5, pc
87803082:	2e00      	cmp	r6, #0
87803084:	dd4e      	ble.n	87803124 <LCD_DrawLine+0xb0>
87803086:	2f00      	cmp	r7, #0
87803088:	bfc8      	it	gt
8780308a:	f04f 0901 	movgt.w	r9, #1
8780308e:	dd3f      	ble.n	87803110 <LCD_DrawLine+0x9c>
87803090:	42b7      	cmp	r7, r6
87803092:	463c      	mov	r4, r7
87803094:	f04f 0801 	mov.w	r8, #1
87803098:	bfb8      	it	lt
8780309a:	4634      	movlt	r4, r6
8780309c:	eb04 0a08 	add.w	sl, r4, r8
878030a0:	4b40      	ldr	r3, [pc, #256]	@ (878031a4 <LCD_DrawLine+0x130>)
878030a2:	58ed      	ldr	r5, [r5, r3]
878030a4:	2300      	movs	r3, #0
878030a6:	469e      	mov	lr, r3
878030a8:	e9cd 6702 	strd	r6, r7, [sp, #8]
878030ac:	792a      	ldrb	r2, [r5, #4]
878030ae:	9200      	str	r2, [sp, #0]
878030b0:	886a      	ldrh	r2, [r5, #2]
878030b2:	9201      	str	r2, [sp, #4]
878030b4:	461a      	mov	r2, r3
878030b6:	9e02      	ldr	r6, [sp, #8]
878030b8:	fa1f fb81 	uxth.w	fp, r1
878030bc:	fa1f fc80 	uxth.w	ip, r0
878030c0:	f10e 0e01 	add.w	lr, lr, #1
878030c4:	4432      	add	r2, r6
878030c6:	9e03      	ldr	r6, [sp, #12]
878030c8:	42a2      	cmp	r2, r4
878030ca:	fa1f fe8e 	uxth.w	lr, lr
878030ce:	4433      	add	r3, r6
878030d0:	9e01      	ldr	r6, [sp, #4]
878030d2:	fb06 cc0b 	mla	ip, r6, fp, ip
878030d6:	9e00      	ldr	r6, [sp, #0]
878030d8:	eba2 0b04 	sub.w	fp, r2, r4
878030dc:	bfc8      	it	gt
878030de:	465a      	movgt	r2, fp
878030e0:	eb00 0b09 	add.w	fp, r0, r9
878030e4:	bfc8      	it	gt
878030e6:	4658      	movgt	r0, fp
878030e8:	42a3      	cmp	r3, r4
878030ea:	fb06 fc0c 	mul.w	ip, r6, ip
878030ee:	e9d5 6705 	ldrd	r6, r7, [r5, #20]
878030f2:	f84c 7006 	str.w	r7, [ip, r6]
878030f6:	eba3 0c04 	sub.w	ip, r3, r4
878030fa:	bfc8      	it	gt
878030fc:	4663      	movgt	r3, ip
878030fe:	eb01 0c08 	add.w	ip, r1, r8
87803102:	bfc8      	it	gt
87803104:	4661      	movgt	r1, ip
87803106:	45f2      	cmp	sl, lr
87803108:	dad5      	bge.n	878030b6 <LCD_DrawLine+0x42>
8780310a:	b005      	add	sp, #20
8780310c:	e8bd 8ff0 	ldmia.w	sp!, {r4, r5, r6, r7, r8, r9, sl, fp, pc}
87803110:	d123      	bne.n	8780315a <LCD_DrawLine+0xe6>
87803112:	f106 0a01 	add.w	sl, r6, #1
87803116:	4634      	mov	r4, r6
87803118:	f04f 0901 	mov.w	r9, #1
8780311c:	f04f 0800 	mov.w	r8, #0
87803120:	4647      	mov	r7, r8
87803122:	e7bd      	b.n	878030a0 <LCD_DrawLine+0x2c>
87803124:	d109      	bne.n	8780313a <LCD_DrawLine+0xc6>
87803126:	2f00      	cmp	r7, #0
87803128:	bfc8      	it	gt
8780312a:	46b1      	movgt	r9, r6
8780312c:	dcb0      	bgt.n	87803090 <LCD_DrawLine+0x1c>
8780312e:	d12d      	bne.n	8780318c <LCD_DrawLine+0x118>
87803130:	4634      	mov	r4, r6
87803132:	46b1      	mov	r9, r6
87803134:	f04f 0a01 	mov.w	sl, #1
87803138:	e7f0      	b.n	8780311c <LCD_DrawLine+0xa8>
8780313a:	2f00      	cmp	r7, #0
8780313c:	eba0 0602 	sub.w	r6, r0, r2
87803140:	bfc8      	it	gt
87803142:	f04f 39ff 	movgt.w	r9, #4294967295	@ 0xffffffff
87803146:	dca3      	bgt.n	87803090 <LCD_DrawLine+0x1c>
87803148:	d113      	bne.n	87803172 <LCD_DrawLine+0xfe>
8780314a:	ea26 74e6 	bic.w	r4, r6, r6, asr #31
8780314e:	46b8      	mov	r8, r7
87803150:	f104 0a01 	add.w	sl, r4, #1
87803154:	f04f 39ff 	mov.w	r9, #4294967295	@ 0xffffffff
87803158:	e7a2      	b.n	878030a0 <LCD_DrawLine+0x2c>
8780315a:	1acf      	subs	r7, r1, r3
8780315c:	4634      	mov	r4, r6
8780315e:	42be      	cmp	r6, r7
87803160:	f04f 0901 	mov.w	r9, #1
87803164:	bfb8      	it	lt
87803166:	463c      	movlt	r4, r7
87803168:	f04f 38ff 	mov.w	r8, #4294967295	@ 0xffffffff
8780316c:	eb04 0a09 	add.w	sl, r4, r9
87803170:	e796      	b.n	878030a0 <LCD_DrawLine+0x2c>
87803172:	1acf      	subs	r7, r1, r3
87803174:	4634      	mov	r4, r6
87803176:	42be      	cmp	r6, r7
87803178:	bfb8      	it	lt
8780317a:	463c      	movlt	r4, r7
8780317c:	1c63      	adds	r3, r4, #1
8780317e:	dbc4      	blt.n	8780310a <LCD_DrawLine+0x96>
87803180:	f04f 38ff 	mov.w	r8, #4294967295	@ 0xffffffff
87803184:	f104 0a01 	add.w	sl, r4, #1
87803188:	46c1      	mov	r9, r8
8780318a:	e789      	b.n	878030a0 <LCD_DrawLine+0x2c>
8780318c:	1acf      	subs	r7, r1, r3
8780318e:	46b1      	mov	r9, r6
87803190:	f04f 38ff 	mov.w	r8, #4294967295	@ 0xffffffff
87803194:	ea27 74e7 	bic.w	r4, r7, r7, asr #31
87803198:	f104 0a01 	add.w	sl, r4, #1
8780319c:	e780      	b.n	878030a0 <LCD_DrawLine+0x2c>
8780319e:	bf00      	nop
878031a0:	ffffcf7c 			@ <UNDEFINED> instruction: 0xffffcf7c
878031a4:	00000180 	andeq	r0, r0, r0, lsl #3

878031a8 <LCD_DrawRectangle>:
878031a8:	e92d 41f0 	stmdb	sp!, {r4, r5, r6, r7, r8, lr}
878031ac:	461c      	mov	r4, r3
878031ae:	4606      	mov	r6, r0
878031b0:	460d      	mov	r5, r1
878031b2:	460b      	mov	r3, r1
878031b4:	4617      	mov	r7, r2
878031b6:	f7ff ff5d 	bl	87803074 <LCD_DrawLine>
878031ba:	4623      	mov	r3, r4
878031bc:	4632      	mov	r2, r6
878031be:	4629      	mov	r1, r5
878031c0:	4630      	mov	r0, r6
878031c2:	f7ff ff57 	bl	87803074 <LCD_DrawLine>
878031c6:	4623      	mov	r3, r4
878031c8:	463a      	mov	r2, r7
878031ca:	4621      	mov	r1, r4
878031cc:	4630      	mov	r0, r6
878031ce:	f7ff ff51 	bl	87803074 <LCD_DrawLine>
878031d2:	4623      	mov	r3, r4
878031d4:	463a      	mov	r2, r7
878031d6:	4629      	mov	r1, r5
878031d8:	4638      	mov	r0, r7
878031da:	e8bd 41f0 	ldmia.w	sp!, {r4, r5, r6, r7, r8, lr}
878031de:	f7ff bf49 	b.w	87803074 <LCD_DrawLine>
878031e2:	bf00      	nop

878031e4 <LCD_Draw_Circle>:
878031e4:	e92d 4ff0 	stmdb	sp!, {r4, r5, r6, r7, r8, r9, sl, fp, lr}
878031e8:	4b43      	ldr	r3, [pc, #268]	@ (878032f8 <LCD_Draw_Circle+0x114>)
878031ea:	b087      	sub	sp, #28
878031ec:	447b      	add	r3, pc
878031ee:	9100      	str	r1, [sp, #0]
878031f0:	2a00      	cmp	r2, #0
878031f2:	d07e      	beq.n	878032f2 <LCD_Draw_Circle+0x10e>
878031f4:	f1c2 0701 	rsb	r7, r2, #1
878031f8:	4693      	mov	fp, r2
878031fa:	4a40      	ldr	r2, [pc, #256]	@ (878032fc <LCD_Draw_Circle+0x118>)
878031fc:	4681      	mov	r9, r0
878031fe:	2000      	movs	r0, #0
87803200:	5899      	ldr	r1, [r3, r2]
87803202:	9701      	str	r7, [sp, #4]
87803204:	790d      	ldrb	r5, [r1, #4]
87803206:	f8b1 8002 	ldrh.w	r8, [r1, #2]
8780320a:	9b00      	ldr	r3, [sp, #0]
8780320c:	eba0 0c0b 	sub.w	ip, r0, fp
87803210:	698e      	ldr	r6, [r1, #24]
87803212:	eb09 0400 	add.w	r4, r9, r0
87803216:	eb03 020b 	add.w	r2, r3, fp
8780321a:	9602      	str	r6, [sp, #8]
8780321c:	9e01      	ldr	r6, [sp, #4]
8780321e:	4403      	add	r3, r0
87803220:	b292      	uxth	r2, r2
87803222:	b29b      	uxth	r3, r3
87803224:	eb06 0740 	add.w	r7, r6, r0, lsl #1
87803228:	9705      	str	r7, [sp, #20]
8780322a:	eb06 074c 	add.w	r7, r6, ip, lsl #1
8780322e:	9e00      	ldr	r6, [sp, #0]
87803230:	fb08 f202 	mul.w	r2, r8, r2
87803234:	eba9 0c00 	sub.w	ip, r9, r0
87803238:	eba6 0e0b 	sub.w	lr, r6, fp
8780323c:	9704      	str	r7, [sp, #16]
8780323e:	694f      	ldr	r7, [r1, #20]
87803240:	fb08 f303 	mul.w	r3, r8, r3
87803244:	fa12 fa84 	uxtah	sl, r2, r4
87803248:	fa1f fe8e 	uxth.w	lr, lr
8780324c:	9e02      	ldr	r6, [sp, #8]
8780324e:	fa12 f28c 	uxtah	r2, r2, ip
87803252:	fb08 fe0e 	mul.w	lr, r8, lr
87803256:	fb05 fa0a 	mul.w	sl, r5, sl
8780325a:	fb05 f202 	mul.w	r2, r5, r2
8780325e:	fa1e fc8c 	uxtah	ip, lr, ip
87803262:	9203      	str	r2, [sp, #12]
87803264:	fa1e f484 	uxtah	r4, lr, r4
87803268:	eba9 0e0b 	sub.w	lr, r9, fp
8780326c:	f84a 6007 	str.w	r6, [sl, r7]
87803270:	eb09 060b 	add.w	r6, r9, fp
87803274:	fb05 fa0c 	mul.w	sl, r5, ip
87803278:	9f02      	ldr	r7, [sp, #8]
8780327a:	fa13 fc86 	uxtah	ip, r3, r6
8780327e:	694a      	ldr	r2, [r1, #20]
87803280:	fa13 f38e 	uxtah	r3, r3, lr
87803284:	fb05 f404 	mul.w	r4, r5, r4
87803288:	fb05 fc0c 	mul.w	ip, r5, ip
8780328c:	fb05 f303 	mul.w	r3, r5, r3
87803290:	f84c 7002 	str.w	r7, [ip, r2]
87803294:	9f03      	ldr	r7, [sp, #12]
87803296:	e9d1 2c05 	ldrd	r2, ip, [r1, #20]
8780329a:	f847 c002 	str.w	ip, [r7, r2]
8780329e:	9a00      	ldr	r2, [sp, #0]
878032a0:	1a12      	subs	r2, r2, r0
878032a2:	3001      	adds	r0, #1
878032a4:	b292      	uxth	r2, r2
878032a6:	fb08 f202 	mul.w	r2, r8, r2
878032aa:	fa12 fe8e 	uxtah	lr, r2, lr
878032ae:	fa12 f686 	uxtah	r6, r2, r6
878032b2:	694a      	ldr	r2, [r1, #20]
878032b4:	fb05 fe0e 	mul.w	lr, r5, lr
878032b8:	f843 c002 	str.w	ip, [r3, r2]
878032bc:	fb05 f606 	mul.w	r6, r5, r6
878032c0:	e9d1 3205 	ldrd	r3, r2, [r1, #20]
878032c4:	f84a 2003 	str.w	r2, [sl, r3]
878032c8:	694b      	ldr	r3, [r1, #20]
878032ca:	f84e 2003 	str.w	r2, [lr, r3]
878032ce:	e9d1 3205 	ldrd	r3, r2, [r1, #20]
878032d2:	50e2      	str	r2, [r4, r3]
878032d4:	694b      	ldr	r3, [r1, #20]
878032d6:	50f2      	str	r2, [r6, r3]
878032d8:	9e01      	ldr	r6, [sp, #4]
878032da:	2e00      	cmp	r6, #0
878032dc:	bfab      	itete	ge
878032de:	f10b 3bff 	addge.w	fp, fp, #4294967295	@ 0xffffffff
878032e2:	9f05      	ldrlt	r7, [sp, #20]
878032e4:	9f04      	ldrge	r7, [sp, #16]
878032e6:	3703      	addlt	r7, #3
878032e8:	bfa8      	it	ge
878032ea:	3705      	addge	r7, #5
878032ec:	4583      	cmp	fp, r0
878032ee:	9701      	str	r7, [sp, #4]
878032f0:	dc8b      	bgt.n	8780320a <LCD_Draw_Circle+0x26>
878032f2:	b007      	add	sp, #28
878032f4:	e8bd 8ff0 	ldmia.w	sp!, {r4, r5, r6, r7, r8, r9, sl, fp, pc}
878032f8:	ffffce10 			@ <UNDEFINED> instruction: 0xffffce10
878032fc:	00000180 	andeq	r0, r0, r0, lsl #3

87803300 <LCD_ShowChar>:
87803300:	e92d 4ff0 	stmdb	sp!, {r4, r5, r6, r7, r8, r9, sl, fp, lr}
87803304:	461c      	mov	r4, r3
87803306:	f013 0307 	ands.w	r3, r3, #7
8780330a:	b089      	sub	sp, #36	@ 0x24
8780330c:	bf18      	it	ne
8780330e:	2301      	movne	r3, #1
87803310:	468b      	mov	fp, r1
87803312:	eb03 03d4 	add.w	r3, r3, r4, lsr #3
87803316:	9106      	str	r1, [sp, #24]
87803318:	0861      	lsrs	r1, r4, #1
8780331a:	f89d 7048 	ldrb.w	r7, [sp, #72]	@ 0x48
8780331e:	fb13 f301 	smulbb	r3, r3, r1
87803322:	494b      	ldr	r1, [pc, #300]	@ (87803450 <LCD_ShowChar+0x150>)
87803324:	f013 03ff 	ands.w	r3, r3, #255	@ 0xff
87803328:	4479      	add	r1, pc
8780332a:	d042      	beq.n	878033b2 <LCD_ShowChar+0xb2>
8780332c:	4d49      	ldr	r5, [pc, #292]	@ (87803454 <LCD_ShowChar+0x154>)
8780332e:	3a20      	subs	r2, #32
87803330:	4e49      	ldr	r6, [pc, #292]	@ (87803458 <LCD_ShowChar+0x158>)
87803332:	b2d2      	uxtb	r2, r2
87803334:	447e      	add	r6, pc
87803336:	f851 e005 	ldr.w	lr, [r1, r5]
8780333a:	210c      	movs	r1, #12
8780333c:	2524      	movs	r5, #36	@ 0x24
8780333e:	fb01 6a02 	mla	sl, r1, r2, r6
87803342:	f606 2164 	addw	r1, r6, #2660	@ 0xa64
87803346:	f206 4674 	addw	r6, r6, #1140	@ 0x474
8780334a:	f89e 9004 	ldrb.w	r9, [lr, #4]
8780334e:	eb06 1602 	add.w	r6, r6, r2, lsl #4
87803352:	f8be 8000 	ldrh.w	r8, [lr]
87803356:	4433      	add	r3, r6
87803358:	9307      	str	r3, [sp, #28]
8780335a:	4b40      	ldr	r3, [pc, #256]	@ (8780345c <LCD_ShowChar+0x15c>)
8780335c:	fb05 1502 	mla	r5, r5, r2, r1
87803360:	9501      	str	r5, [sp, #4]
87803362:	447b      	add	r3, pc
87803364:	eb03 13c2 	add.w	r3, r3, r2, lsl #7
87803368:	9302      	str	r3, [sp, #8]
8780336a:	f8be 3002 	ldrh.w	r3, [lr, #2]
8780336e:	f1a4 020c 	sub.w	r2, r4, #12
87803372:	9205      	str	r2, [sp, #20]
87803374:	9905      	ldr	r1, [sp, #20]
87803376:	2914      	cmp	r1, #20
87803378:	d81b      	bhi.n	878033b2 <LCD_ShowChar+0xb2>
8780337a:	e8df f001 	tbb	[pc, r1]
8780337e:	1a1a1a5a 	bne	87e89cee <__bss_end+0x680922>
87803382:	1a1a1a57 	bne	87e89ce6 <__bss_end+0x68091a>
87803386:	1a1a1a1a 	bne	87e89bf6 <__bss_end+0x68082a>
8780338a:	1a1a1a53 	bne	87e89cde <__bss_end+0x680912>
8780338e:	1a1a1a1a 	bne	87e89bfe <__bss_end+0x680832>
87803392:	e9dd001d 	ldmib	sp, {r0, r2, r3, r4}^
87803396:	a603      	add	r6, pc, #12	@ (adr r6, 878033a4 <LCD_ShowChar+0xa4>)
87803398:	9f00      	ldr	r7, [sp, #0]
8780339a:	9a01      	ldr	r2, [sp, #4]
8780339c:	3601      	adds	r6, #1
8780339e:	f10a 0a01 	add.w	sl, sl, #1
878033a2:	3201      	adds	r2, #1
878033a4:	9201      	str	r2, [sp, #4]
878033a6:	9a02      	ldr	r2, [sp, #8]
878033a8:	3201      	adds	r2, #1
878033aa:	9202      	str	r2, [sp, #8]
878033ac:	9a07      	ldr	r2, [sp, #28]
878033ae:	4296      	cmp	r6, r2
878033b0:	d1e0      	bne.n	87803374 <LCD_ShowChar+0x74>
878033b2:	b009      	add	sp, #36	@ 0x24
878033b4:	e8bd 8ff0 	ldmia.w	sp!, {r4, r5, r6, r7, r8, r9, sl, fp, pc}
878033b8:	9a02      	ldr	r2, [sp, #8]
878033ba:	7812      	ldrb	r2, [r2, #0]
878033bc:	9200      	str	r2, [sp, #0]
878033be:	f10b 0501 	add.w	r5, fp, #1
878033c2:	9a06      	ldr	r2, [sp, #24]
878033c4:	f10b 0c08 	add.w	ip, fp, #8
878033c8:	f8cd a00c 	str.w	sl, [sp, #12]
878033cc:	b2a9      	uxth	r1, r5
878033ce:	9604      	str	r6, [sp, #16]
878033d0:	1a89      	subs	r1, r1, r2
878033d2:	fa1f fc8c 	uxth.w	ip, ip
878033d6:	9a00      	ldr	r2, [sp, #0]
878033d8:	9700      	str	r7, [sp, #0]
878033da:	e018      	b.n	8780340e <LCD_ShowChar+0x10e>
878033dc:	9e00      	ldr	r6, [sp, #0]
878033de:	fb03 0b0b 	mla	fp, r3, fp, r0
878033e2:	b93e      	cbnz	r6, 878033f4 <LCD_ShowChar+0xf4>
878033e4:	fb09 fb0b 	mul.w	fp, r9, fp
878033e8:	f8de 6014 	ldr.w	r6, [lr, #20]
878033ec:	f8de 701c 	ldr.w	r7, [lr, #28]
878033f0:	f84b 7006 	str.w	r7, [fp, r6]
878033f4:	fa1f fb85 	uxth.w	fp, r5
878033f8:	0052      	lsls	r2, r2, #1
878033fa:	45d8      	cmp	r8, fp
878033fc:	d9d9      	bls.n	878033b2 <LCD_ShowChar+0xb2>
878033fe:	428c      	cmp	r4, r1
87803400:	d01b      	beq.n	8780343a <LCD_ShowChar+0x13a>
87803402:	b2d2      	uxtb	r2, r2
87803404:	3101      	adds	r1, #1
87803406:	45dc      	cmp	ip, fp
87803408:	d0c4      	beq.n	87803394 <LCD_ShowChar+0x94>
8780340a:	f10b 0501 	add.w	r5, fp, #1
8780340e:	fb03 0a0b 	mla	sl, r3, fp, r0
87803412:	0616      	lsls	r6, r2, #24
87803414:	d5e2      	bpl.n	878033dc <LCD_ShowChar+0xdc>
87803416:	fb09 fa0a 	mul.w	sl, r9, sl
8780341a:	e9de 6705 	ldrd	r6, r7, [lr, #20]
8780341e:	f84a 7006 	str.w	r7, [sl, r6]
87803422:	e7e7      	b.n	878033f4 <LCD_ShowChar+0xf4>
87803424:	9a01      	ldr	r2, [sp, #4]
87803426:	7812      	ldrb	r2, [r2, #0]
87803428:	9200      	str	r2, [sp, #0]
8780342a:	e7c8      	b.n	878033be <LCD_ShowChar+0xbe>
8780342c:	7832      	ldrb	r2, [r6, #0]
8780342e:	9200      	str	r2, [sp, #0]
87803430:	e7c5      	b.n	878033be <LCD_ShowChar+0xbe>
87803432:	f89a 2000 	ldrb.w	r2, [sl]
87803436:	9200      	str	r2, [sp, #0]
87803438:	e7c1      	b.n	878033be <LCD_ShowChar+0xbe>
8780343a:	3001      	adds	r0, #1
8780343c:	9f00      	ldr	r7, [sp, #0]
8780343e:	e9dd a603 	ldrd	sl, r6, [sp, #12]
87803442:	b280      	uxth	r0, r0
87803444:	4298      	cmp	r0, r3
87803446:	d2b4      	bcs.n	878033b2 <LCD_ShowChar+0xb2>
87803448:	f8dd b018 	ldr.w	fp, [sp, #24]
8780344c:	e7a5      	b.n	8780339a <LCD_ShowChar+0x9a>
8780344e:	bf00      	nop
87803450:	ffffccd4 			@ <UNDEFINED> instruction: 0xffffccd4
87803454:	00000180 	andeq	r0, r0, r0, lsl #3
87803458:	00000b04 	andeq	r0, r0, r4, lsl #22
8780345c:	00002296 	muleq	r0, r6, r2

87803460 <LCD_Pow>:
87803460:	b149      	cbz	r1, 87803476 <LCD_Pow+0x16>
87803462:	3901      	subs	r1, #1
87803464:	2301      	movs	r3, #1
87803466:	3901      	subs	r1, #1
87803468:	fb00 f303 	mul.w	r3, r0, r3
8780346c:	b2c9      	uxtb	r1, r1
8780346e:	29ff      	cmp	r1, #255	@ 0xff
87803470:	d1f9      	bne.n	87803466 <LCD_Pow+0x6>
87803472:	4618      	mov	r0, r3
87803474:	4770      	bx	lr
87803476:	2301      	movs	r3, #1
87803478:	4618      	mov	r0, r3
8780347a:	4770      	bx	lr

8780347c <LCD_ShowNum>:
8780347c:	e92d 4ff0 	stmdb	sp!, {r4, r5, r6, r7, r8, r9, sl, fp, lr}
87803480:	b085      	sub	sp, #20
87803482:	f89d 9038 	ldrb.w	r9, [sp, #56]	@ 0x38
87803486:	b3b3      	cbz	r3, 878034f6 <LCD_ShowNum+0x7a>
87803488:	2500      	movs	r5, #0
8780348a:	f64c 4acd 	movw	sl, #52429	@ 0xcccd
8780348e:	f6cc 4acc 	movt	sl, #52428	@ 0xcccc
87803492:	461e      	mov	r6, r3
87803494:	4680      	mov	r8, r0
87803496:	ea4f 0b59 	mov.w	fp, r9, lsr #1
8780349a:	462f      	mov	r7, r5
8780349c:	240a      	movs	r4, #10
8780349e:	e9cd 1202 	strd	r1, r2, [sp, #8]
878034a2:	1b73      	subs	r3, r6, r5
878034a4:	b2db      	uxtb	r3, r3
878034a6:	2b01      	cmp	r3, #1
878034a8:	d028      	beq.n	878034fc <LCD_ShowNum+0x80>
878034aa:	1eb3      	subs	r3, r6, #2
878034ac:	2101      	movs	r1, #1
878034ae:	1b5b      	subs	r3, r3, r5
878034b0:	3b01      	subs	r3, #1
878034b2:	fb04 f101 	mul.w	r1, r4, r1
878034b6:	b2db      	uxtb	r3, r3
878034b8:	2bff      	cmp	r3, #255	@ 0xff
878034ba:	d1f9      	bne.n	878034b0 <LCD_ShowNum+0x34>
878034bc:	9803      	ldr	r0, [sp, #12]
878034be:	f000 fa17 	bl	878038f0 <__udivsi3>
878034c2:	4601      	mov	r1, r0
878034c4:	fbaa 3201 	umull	r3, r2, sl, r1
878034c8:	fb15 830b 	smlabb	r3, r5, fp, r8
878034cc:	08d2      	lsrs	r2, r2, #3
878034ce:	b298      	uxth	r0, r3
878034d0:	fb04 1212 	mls	r2, r4, r2, r1
878034d4:	b927      	cbnz	r7, 878034e0 <LCD_ShowNum+0x64>
878034d6:	1e73      	subs	r3, r6, #1
878034d8:	42ab      	cmp	r3, r5
878034da:	dd01      	ble.n	878034e0 <LCD_ShowNum+0x64>
878034dc:	b182      	cbz	r2, 87803500 <LCD_ShowNum+0x84>
878034de:	2701      	movs	r7, #1
878034e0:	3230      	adds	r2, #48	@ 0x30
878034e2:	2300      	movs	r3, #0
878034e4:	9902      	ldr	r1, [sp, #8]
878034e6:	9300      	str	r3, [sp, #0]
878034e8:	b2d2      	uxtb	r2, r2
878034ea:	464b      	mov	r3, r9
878034ec:	f7ff ff08 	bl	87803300 <LCD_ShowChar>
878034f0:	3501      	adds	r5, #1
878034f2:	42ae      	cmp	r6, r5
878034f4:	d1d5      	bne.n	878034a2 <LCD_ShowNum+0x26>
878034f6:	b005      	add	sp, #20
878034f8:	e8bd 8ff0 	ldmia.w	sp!, {r4, r5, r6, r7, r8, r9, sl, fp, pc}
878034fc:	9903      	ldr	r1, [sp, #12]
878034fe:	e7e1      	b.n	878034c4 <LCD_ShowNum+0x48>
87803500:	9902      	ldr	r1, [sp, #8]
87803502:	464b      	mov	r3, r9
87803504:	2220      	movs	r2, #32
87803506:	9700      	str	r7, [sp, #0]
87803508:	f7ff fefa 	bl	87803300 <LCD_ShowChar>
8780350c:	e7f0      	b.n	878034f0 <LCD_ShowNum+0x74>
8780350e:	bf00      	nop

87803510 <LCD_ShowXNum>:
87803510:	e92d 4ff0 	stmdb	sp!, {r4, r5, r6, r7, r8, r9, sl, fp, lr}
87803514:	b087      	sub	sp, #28
87803516:	f89d c040 	ldrb.w	ip, [sp, #64]	@ 0x40
8780351a:	f89d 9044 	ldrb.w	r9, [sp, #68]	@ 0x44
8780351e:	2b00      	cmp	r3, #0
87803520:	d03a      	beq.n	87803598 <LCD_ShowXNum+0x88>
87803522:	2500      	movs	r5, #0
87803524:	f64c 4bcd 	movw	fp, #52429	@ 0xcccd
87803528:	f6cc 4bcc 	movt	fp, #52428	@ 0xcccc
8780352c:	ea4f 0a5c 	mov.w	sl, ip, lsr #1
87803530:	240a      	movs	r4, #10
87803532:	4680      	mov	r8, r0
87803534:	462f      	mov	r7, r5
87803536:	461e      	mov	r6, r3
87803538:	e9cd 1202 	strd	r1, r2, [sp, #8]
8780353c:	fa4f f389 	sxtb.w	r3, r9
87803540:	e9cd c304 	strd	ip, r3, [sp, #16]
87803544:	1b73      	subs	r3, r6, r5
87803546:	b2db      	uxtb	r3, r3
87803548:	2b01      	cmp	r3, #1
8780354a:	d033      	beq.n	878035b4 <LCD_ShowXNum+0xa4>
8780354c:	1eb3      	subs	r3, r6, #2
8780354e:	2101      	movs	r1, #1
87803550:	1b5b      	subs	r3, r3, r5
87803552:	3b01      	subs	r3, #1
87803554:	fb04 f101 	mul.w	r1, r4, r1
87803558:	b2db      	uxtb	r3, r3
8780355a:	2bff      	cmp	r3, #255	@ 0xff
8780355c:	d1f9      	bne.n	87803552 <LCD_ShowXNum+0x42>
8780355e:	9803      	ldr	r0, [sp, #12]
87803560:	f000 f9c6 	bl	878038f0 <__udivsi3>
87803564:	fbab 3200 	umull	r3, r2, fp, r0
87803568:	f009 0301 	and.w	r3, r9, #1
8780356c:	08d2      	lsrs	r2, r2, #3
8780356e:	fb04 0212 	mls	r2, r4, r2, r0
87803572:	fb15 800a 	smlabb	r0, r5, sl, r8
87803576:	b280      	uxth	r0, r0
87803578:	b927      	cbnz	r7, 87803584 <LCD_ShowXNum+0x74>
8780357a:	1e71      	subs	r1, r6, #1
8780357c:	42a9      	cmp	r1, r5
8780357e:	dd01      	ble.n	87803584 <LCD_ShowXNum+0x74>
87803580:	b16a      	cbz	r2, 8780359e <LCD_ShowXNum+0x8e>
87803582:	2701      	movs	r7, #1
87803584:	3230      	adds	r2, #48	@ 0x30
87803586:	9300      	str	r3, [sp, #0]
87803588:	9902      	ldr	r1, [sp, #8]
8780358a:	9b04      	ldr	r3, [sp, #16]
8780358c:	b2d2      	uxtb	r2, r2
8780358e:	f7ff feb7 	bl	87803300 <LCD_ShowChar>
87803592:	3501      	adds	r5, #1
87803594:	42ae      	cmp	r6, r5
87803596:	d1d5      	bne.n	87803544 <LCD_ShowXNum+0x34>
87803598:	b007      	add	sp, #28
8780359a:	e8bd 8ff0 	ldmia.w	sp!, {r4, r5, r6, r7, r8, r9, sl, fp, pc}
8780359e:	9a05      	ldr	r2, [sp, #20]
878035a0:	9300      	str	r3, [sp, #0]
878035a2:	42ba      	cmp	r2, r7
878035a4:	9b04      	ldr	r3, [sp, #16]
878035a6:	9902      	ldr	r1, [sp, #8]
878035a8:	bfb4      	ite	lt
878035aa:	2230      	movlt	r2, #48	@ 0x30
878035ac:	2220      	movge	r2, #32
878035ae:	f7ff fea7 	bl	87803300 <LCD_ShowChar>
878035b2:	e7ee      	b.n	87803592 <LCD_ShowXNum+0x82>
878035b4:	9803      	ldr	r0, [sp, #12]
878035b6:	e7d5      	b.n	87803564 <LCD_ShowXNum+0x54>

878035b8 <LCD_ShowString>:
878035b8:	e92d 4ff0 	stmdb	sp!, {r4, r5, r6, r7, r8, r9, sl, fp, lr}
878035bc:	4692      	mov	sl, r2
878035be:	460d      	mov	r5, r1
878035c0:	b085      	sub	sp, #20
878035c2:	f8dd 803c 	ldr.w	r8, [sp, #60]	@ 0x3c
878035c6:	f89d 6038 	ldrb.w	r6, [sp, #56]	@ 0x38
878035ca:	f898 2000 	ldrb.w	r2, [r8]
878035ce:	f1a2 0120 	sub.w	r1, r2, #32
878035d2:	295e      	cmp	r1, #94	@ 0x5e
878035d4:	d825      	bhi.n	87803622 <LCD_ShowString+0x6a>
878035d6:	442b      	add	r3, r5
878035d8:	4482      	add	sl, r0
878035da:	4604      	mov	r4, r0
878035dc:	fa5f fb80 	uxtb.w	fp, r0
878035e0:	fa1f f983 	uxth.w	r9, r3
878035e4:	fa1f fa8a 	uxth.w	sl, sl
878035e8:	0873      	lsrs	r3, r6, #1
878035ea:	9303      	str	r3, [sp, #12]
878035ec:	e00b      	b.n	87803606 <LCD_ShowString+0x4e>
878035ee:	9700      	str	r7, [sp, #0]
878035f0:	f7ff fe86 	bl	87803300 <LCD_ShowChar>
878035f4:	9b03      	ldr	r3, [sp, #12]
878035f6:	f818 2f01 	ldrb.w	r2, [r8, #1]!
878035fa:	441c      	add	r4, r3
878035fc:	f1a2 0320 	sub.w	r3, r2, #32
87803600:	b2a4      	uxth	r4, r4
87803602:	2b5e      	cmp	r3, #94	@ 0x5e
87803604:	d80d      	bhi.n	87803622 <LCD_ShowString+0x6a>
87803606:	1971      	adds	r1, r6, r5
87803608:	2700      	movs	r7, #0
8780360a:	4633      	mov	r3, r6
8780360c:	b289      	uxth	r1, r1
8780360e:	45a2      	cmp	sl, r4
87803610:	bf98      	it	ls
87803612:	460d      	movls	r5, r1
87803614:	45a2      	cmp	sl, r4
87803616:	bf98      	it	ls
87803618:	465c      	movls	r4, fp
8780361a:	4629      	mov	r1, r5
8780361c:	4620      	mov	r0, r4
8780361e:	454d      	cmp	r5, r9
87803620:	d3e5      	bcc.n	878035ee <LCD_ShowString+0x36>
87803622:	b005      	add	sp, #20
87803624:	e8bd 8ff0 	ldmia.w	sp!, {r4, r5, r6, r7, r8, r9, sl, fp, pc}

87803628 <UART_IO_Init>:
87803628:	2300      	movs	r3, #0
8780362a:	f2c0 230e 	movt	r3, #526	@ 0x20e
8780362e:	2100      	movs	r1, #0
87803630:	f241 02b0 	movw	r2, #4272	@ 0x10b0
87803634:	2003      	movs	r0, #3
87803636:	f8c3 1084 	str.w	r1, [r3, #132]	@ 0x84
8780363a:	f8c3 1088 	str.w	r1, [r3, #136]	@ 0x88
8780363e:	f8c3 0624 	str.w	r0, [r3, #1572]	@ 0x624
87803642:	f8c3 2310 	str.w	r2, [r3, #784]	@ 0x310
87803646:	f8c3 2314 	str.w	r2, [r3, #788]	@ 0x314
8780364a:	4770      	bx	lr

8780364c <UART_SetBaudrate>:
8780364c:	e92d 4ff0 	stmdb	sp!, {r4, r5, r6, r7, r8, r9, sl, fp, lr}
87803650:	460d      	mov	r5, r1
87803652:	4682      	mov	sl, r0
87803654:	b085      	sub	sp, #20
87803656:	4693      	mov	fp, r2
87803658:	010e      	lsls	r6, r1, #4
8780365a:	f000 80ca 	beq.w	878037f2 <UART_SetBaudrate+0x1a6>
8780365e:	4634      	mov	r4, r6
87803660:	4610      	mov	r0, r2
87803662:	4621      	mov	r1, r4
87803664:	f000 fa72 	bl	87803b4c <__aeabi_uidivmod>
87803668:	4620      	mov	r0, r4
8780366a:	460c      	mov	r4, r1
8780366c:	2900      	cmp	r1, #0
8780366e:	d1f8      	bne.n	87803662 <UART_SetBaudrate+0x16>
87803670:	4601      	mov	r1, r0
87803672:	4607      	mov	r7, r0
87803674:	4658      	mov	r0, fp
87803676:	f000 f93b 	bl	878038f0 <__udivsi3>
8780367a:	4639      	mov	r1, r7
8780367c:	4680      	mov	r8, r0
8780367e:	4630      	mov	r0, r6
87803680:	f000 f936 	bl	878038f0 <__udivsi3>
87803684:	4606      	mov	r6, r0
87803686:	f64f 73f9 	movw	r3, #65529	@ 0xfff9
8780368a:	f2c0 0306 	movt	r3, #6
8780368e:	465c      	mov	r4, fp
87803690:	4598      	cmp	r8, r3
87803692:	bf98      	it	ls
87803694:	f5b6 3f80 	cmpls.w	r6, #65536	@ 0x10000
87803698:	d37c      	bcc.n	87803794 <UART_SetBaudrate+0x148>
8780369a:	f108 32ff 	add.w	r2, r8, #4294967295	@ 0xffffffff
8780369e:	f646 53b9 	movw	r3, #28089	@ 0x6db9
878036a2:	f2c2 4393 	movt	r3, #9363	@ 0x2493
878036a6:	4640      	mov	r0, r8
878036a8:	fba3 1302 	umull	r1, r3, r3, r2
878036ac:	1ad2      	subs	r2, r2, r3
878036ae:	eb03 0752 	add.w	r7, r3, r2, lsr #1
878036b2:	1e73      	subs	r3, r6, #1
878036b4:	f248 0201 	movw	r2, #32769	@ 0x8001
878036b8:	f2c8 0200 	movt	r2, #32768	@ 0x8000
878036bc:	0cbf      	lsrs	r7, r7, #18
878036be:	3701      	adds	r7, #1
878036c0:	fba2 2303 	umull	r2, r3, r2, r3
878036c4:	0bdb      	lsrs	r3, r3, #15
878036c6:	3301      	adds	r3, #1
878036c8:	429f      	cmp	r7, r3
878036ca:	bf38      	it	cc
878036cc:	461f      	movcc	r7, r3
878036ce:	4639      	mov	r1, r7
878036d0:	f000 f90e 	bl	878038f0 <__udivsi3>
878036d4:	4639      	mov	r1, r7
878036d6:	4681      	mov	r9, r0
878036d8:	4630      	mov	r0, r6
878036da:	f000 f909 	bl	878038f0 <__udivsi3>
878036de:	4547      	cmp	r7, r8
878036e0:	d954      	bls.n	8780378c <UART_SetBaudrate+0x140>
878036e2:	42b7      	cmp	r7, r6
878036e4:	d976      	bls.n	878037d4 <UART_SetBaudrate+0x188>
878036e6:	2301      	movs	r3, #1
878036e8:	f04f 0910 	mov.w	r9, #16
878036ec:	461e      	mov	r6, r3
878036ee:	4698      	mov	r8, r3
878036f0:	9301      	str	r3, [sp, #4]
878036f2:	9303      	str	r3, [sp, #12]
878036f4:	2305      	movs	r3, #5
878036f6:	9302      	str	r3, [sp, #8]
878036f8:	464a      	mov	r2, r9
878036fa:	2300      	movs	r3, #0
878036fc:	4620      	mov	r0, r4
878036fe:	4619      	mov	r1, r3
87803700:	4614      	mov	r4, r2
87803702:	4617      	mov	r7, r2
87803704:	f000 fa2e 	bl	87803b64 <__aeabi_uldivmod>
87803708:	2a00      	cmp	r2, #0
8780370a:	d1f6      	bne.n	878036fa <UART_SetBaudrate+0xae>
8780370c:	4621      	mov	r1, r4
8780370e:	4658      	mov	r0, fp
87803710:	f000 f8ee 	bl	878038f0 <__udivsi3>
87803714:	4639      	mov	r1, r7
87803716:	4604      	mov	r4, r0
87803718:	4648      	mov	r0, r9
8780371a:	f000 f8e9 	bl	878038f0 <__udivsi3>
8780371e:	4602      	mov	r2, r0
87803720:	9b01      	ldr	r3, [sp, #4]
87803722:	fba3 0104 	umull	r0, r1, r3, r4
87803726:	2300      	movs	r3, #0
87803728:	f000 fa1c 	bl	87803b64 <__aeabi_uldivmod>
8780372c:	42a8      	cmp	r0, r5
8780372e:	f171 0200 	sbcs.w	r2, r1, #0
87803732:	d348      	bcc.n	878037c6 <UART_SetBaudrate+0x17a>
87803734:	1b40      	subs	r0, r0, r5
87803736:	f161 0100 	sbc.w	r1, r1, #0
8780373a:	f248 531f 	movw	r3, #34079	@ 0x851f
8780373e:	f2c5 13eb 	movt	r3, #20971	@ 0x51eb
87803742:	fba3 3505 	umull	r3, r5, r3, r5
87803746:	096d      	lsrs	r5, r5, #5
87803748:	eb05 0545 	add.w	r5, r5, r5, lsl #1
8780374c:	42a8      	cmp	r0, r5
8780374e:	f171 0100 	sbcs.w	r1, r1, #0
87803752:	d218      	bcs.n	87803786 <UART_SetBaudrate+0x13a>
87803754:	f8da 3090 	ldr.w	r3, [sl, #144]	@ 0x90
87803758:	3e01      	subs	r6, #1
8780375a:	9a02      	ldr	r2, [sp, #8]
8780375c:	4640      	mov	r0, r8
8780375e:	f423 7360 	bic.w	r3, r3, #896	@ 0x380
87803762:	f8ca 3090 	str.w	r3, [sl, #144]	@ 0x90
87803766:	9903      	ldr	r1, [sp, #12]
87803768:	b2b6      	uxth	r6, r6
8780376a:	f8da 3090 	ldr.w	r3, [sl, #144]	@ 0x90
8780376e:	ea43 13c2 	orr.w	r3, r3, r2, lsl #7
87803772:	f8ca 3090 	str.w	r3, [sl, #144]	@ 0x90
87803776:	f8ca 60a4 	str.w	r6, [sl, #164]	@ 0xa4
8780377a:	f000 f8b9 	bl	878038f0 <__udivsi3>
8780377e:	1e43      	subs	r3, r0, #1
87803780:	b29b      	uxth	r3, r3
87803782:	f8ca 30a8 	str.w	r3, [sl, #168]	@ 0xa8
87803786:	b005      	add	sp, #20
87803788:	e8bd 8ff0 	ldmia.w	sp!, {r4, r5, r6, r7, r8, r9, sl, fp, pc}
8780378c:	42b7      	cmp	r7, r6
8780378e:	d92c      	bls.n	878037ea <UART_SetBaudrate+0x19e>
87803790:	46c8      	mov	r8, r9
87803792:	2601      	movs	r6, #1
87803794:	9601      	str	r6, [sp, #4]
87803796:	f108 33ff 	add.w	r3, r8, #4294967295	@ 0xffffffff
8780379a:	f248 0201 	movw	r2, #32769	@ 0x8001
8780379e:	f2c8 0200 	movt	r2, #32768	@ 0x8000
878037a2:	fba2 2303 	umull	r2, r3, r2, r3
878037a6:	0bdb      	lsrs	r3, r3, #15
878037a8:	1e5a      	subs	r2, r3, #1
878037aa:	3301      	adds	r3, #1
878037ac:	2a05      	cmp	r2, #5
878037ae:	9303      	str	r3, [sp, #12]
878037b0:	d80d      	bhi.n	878037ce <UART_SetBaudrate+0x182>
878037b2:	4b11      	ldr	r3, [pc, #68]	@ (878037f8 <UART_SetBaudrate+0x1ac>)
878037b4:	447b      	add	r3, pc
878037b6:	f853 3022 	ldr.w	r3, [r3, r2, lsl #2]
878037ba:	9302      	str	r3, [sp, #8]
878037bc:	ea5f 1908 	movs.w	r9, r8, lsl #4
878037c0:	d19a      	bne.n	878036f8 <UART_SetBaudrate+0xac>
878037c2:	464a      	mov	r2, r9
878037c4:	e7ac      	b.n	87803720 <UART_SetBaudrate+0xd4>
878037c6:	1a28      	subs	r0, r5, r0
878037c8:	eb61 0141 	sbc.w	r1, r1, r1, lsl #1
878037cc:	e7b5      	b.n	8780373a <UART_SetBaudrate+0xee>
878037ce:	2305      	movs	r3, #5
878037d0:	9302      	str	r3, [sp, #8]
878037d2:	e7f3      	b.n	878037bc <UART_SetBaudrate+0x170>
878037d4:	f04f 0801 	mov.w	r8, #1
878037d8:	2305      	movs	r3, #5
878037da:	4606      	mov	r6, r0
878037dc:	f04f 0910 	mov.w	r9, #16
878037e0:	9001      	str	r0, [sp, #4]
878037e2:	f8cd 800c 	str.w	r8, [sp, #12]
878037e6:	9302      	str	r3, [sp, #8]
878037e8:	e786      	b.n	878036f8 <UART_SetBaudrate+0xac>
878037ea:	4606      	mov	r6, r0
878037ec:	46c8      	mov	r8, r9
878037ee:	9001      	str	r0, [sp, #4]
878037f0:	e7d1      	b.n	87803796 <UART_SetBaudrate+0x14a>
878037f2:	4690      	mov	r8, r2
878037f4:	e747      	b.n	87803686 <UART_SetBaudrate+0x3a>
878037f6:	bf00      	nop
878037f8:	00004dc4 	andeq	r4, r0, r4, asr #27

878037fc <UART_Init>:
878037fc:	2300      	movs	r3, #0
878037fe:	f2c0 230e 	movt	r3, #526	@ 0x20e
87803802:	b510      	push	{r4, lr}
87803804:	2400      	movs	r4, #0
87803806:	f2c0 2402 	movt	r4, #514	@ 0x202
8780380a:	2100      	movs	r1, #0
8780380c:	f241 02b0 	movw	r2, #4272	@ 0x10b0
87803810:	f8c3 1084 	str.w	r1, [r3, #132]	@ 0x84
87803814:	2003      	movs	r0, #3
87803816:	f8c3 1088 	str.w	r1, [r3, #136]	@ 0x88
8780381a:	f8c3 0624 	str.w	r0, [r3, #1572]	@ 0x624
8780381e:	f8c3 2310 	str.w	r2, [r3, #784]	@ 0x310
87803822:	f8c3 2314 	str.w	r2, [r3, #788]	@ 0x314
87803826:	f8d4 3080 	ldr.w	r3, [r4, #128]	@ 0x80
8780382a:	f023 0301 	bic.w	r3, r3, #1
8780382e:	f8c4 3080 	str.w	r3, [r4, #128]	@ 0x80
87803832:	f8d4 3084 	ldr.w	r3, [r4, #132]	@ 0x84
87803836:	f043 0301 	orr.w	r3, r3, #1
8780383a:	f8c4 3084 	str.w	r3, [r4, #132]	@ 0x84
8780383e:	f8d4 3084 	ldr.w	r3, [r4, #132]	@ 0x84
87803842:	07db      	lsls	r3, r3, #31
87803844:	d5fb      	bpl.n	8780383e <UART_Init+0x42>
87803846:	2300      	movs	r3, #0
87803848:	f8c4 3080 	str.w	r3, [r4, #128]	@ 0x80
8780384c:	f44f 4234 	mov.w	r2, #46080	@ 0xb400
87803850:	f2c0 42c4 	movt	r2, #1220	@ 0x4c4
87803854:	f8d4 3080 	ldr.w	r3, [r4, #128]	@ 0x80
87803858:	f44f 31e1 	mov.w	r1, #115200	@ 0x1c200
8780385c:	2000      	movs	r0, #0
8780385e:	f2c0 2002 	movt	r0, #514	@ 0x202
87803862:	f423 4380 	bic.w	r3, r3, #16384	@ 0x4000
87803866:	f8c4 3080 	str.w	r3, [r4, #128]	@ 0x80
8780386a:	f7ff feef 	bl	8780364c <UART_SetBaudrate>
8780386e:	f8d4 3080 	ldr.w	r3, [r4, #128]	@ 0x80
87803872:	f043 0301 	orr.w	r3, r3, #1
87803876:	f8c4 3080 	str.w	r3, [r4, #128]	@ 0x80
8780387a:	bd10      	pop	{r4, pc}

8780387c <UART_Close>:
8780387c:	f8d0 3080 	ldr.w	r3, [r0, #128]	@ 0x80
87803880:	f023 0301 	bic.w	r3, r3, #1
87803884:	f8c0 3080 	str.w	r3, [r0, #128]	@ 0x80
87803888:	4770      	bx	lr
8780388a:	bf00      	nop

8780388c <UART_Open>:
8780388c:	f8d0 3080 	ldr.w	r3, [r0, #128]	@ 0x80
87803890:	f043 0301 	orr.w	r3, r3, #1
87803894:	f8c0 3080 	str.w	r3, [r0, #128]	@ 0x80
87803898:	4770      	bx	lr
8780389a:	bf00      	nop

8780389c <UART_SoftReset>:
8780389c:	f8d0 3084 	ldr.w	r3, [r0, #132]	@ 0x84
878038a0:	f043 0301 	orr.w	r3, r3, #1
878038a4:	f8c0 3084 	str.w	r3, [r0, #132]	@ 0x84
878038a8:	f8d0 3084 	ldr.w	r3, [r0, #132]	@ 0x84
878038ac:	07db      	lsls	r3, r3, #31
878038ae:	d5fb      	bpl.n	878038a8 <UART_SoftReset+0xc>
878038b0:	4770      	bx	lr
878038b2:	bf00      	nop

878038b4 <UART_Read>:
878038b4:	f8d0 3098 	ldr.w	r3, [r0, #152]	@ 0x98
878038b8:	075b      	lsls	r3, r3, #29
878038ba:	d5fb      	bpl.n	878038b4 <UART_Read>
878038bc:	6800      	ldr	r0, [r0, #0]
878038be:	b2c0      	uxtb	r0, r0
878038c0:	4770      	bx	lr
878038c2:	bf00      	nop

878038c4 <UART_Write>:
878038c4:	f8d0 3098 	ldr.w	r3, [r0, #152]	@ 0x98
878038c8:	071b      	lsls	r3, r3, #28
878038ca:	d5fb      	bpl.n	878038c4 <UART_Write>
878038cc:	6401      	str	r1, [r0, #64]	@ 0x40
878038ce:	4770      	bx	lr

878038d0 <UART_WriteString>:
878038d0:	780a      	ldrb	r2, [r1, #0]
878038d2:	b142      	cbz	r2, 878038e6 <UART_WriteString+0x16>
878038d4:	f8d0 3098 	ldr.w	r3, [r0, #152]	@ 0x98
878038d8:	071b      	lsls	r3, r3, #28
878038da:	d5fb      	bpl.n	878038d4 <UART_WriteString+0x4>
878038dc:	6402      	str	r2, [r0, #64]	@ 0x40
878038de:	f811 2f01 	ldrb.w	r2, [r1, #1]!
878038e2:	2a00      	cmp	r2, #0
878038e4:	d1f6      	bne.n	878038d4 <UART_WriteString+0x4>
878038e6:	4770      	bx	lr

878038e8 <raise>:
878038e8:	4770      	bx	lr
878038ea:	bf00      	nop
878038ec:	0000      	movs	r0, r0
	...

878038f0 <__udivsi3>:
878038f0:	1e4a      	subs	r2, r1, #1
878038f2:	bf08      	it	eq
878038f4:	4770      	bxeq	lr
878038f6:	f0c0 8124 	bcc.w	87803b42 <__udivsi3+0x252>
878038fa:	4288      	cmp	r0, r1
878038fc:	f240 8116 	bls.w	87803b2c <__udivsi3+0x23c>
87803900:	4211      	tst	r1, r2
87803902:	f000 8117 	beq.w	87803b34 <__udivsi3+0x244>
87803906:	fab0 f380 	clz	r3, r0
8780390a:	fab1 f281 	clz	r2, r1
8780390e:	eba2 0303 	sub.w	r3, r2, r3
87803912:	f1c3 031f 	rsb	r3, r3, #31
87803916:	a204      	add	r2, pc, #16	@ (adr r2, 87803928 <__udivsi3+0x38>)
87803918:	eb02 1303 	add.w	r3, r2, r3, lsl #4
8780391c:	f04f 0200 	mov.w	r2, #0
87803920:	469f      	mov	pc, r3
87803922:	bf00      	nop
87803924:	f3af 8000 	nop.w
87803928:	ebb0 7fc1 	cmp.w	r0, r1, lsl #31
8780392c:	bf00      	nop
8780392e:	eb42 0202 	adc.w	r2, r2, r2
87803932:	bf28      	it	cs
87803934:	eba0 70c1 	subcs.w	r0, r0, r1, lsl #31
87803938:	ebb0 7f81 	cmp.w	r0, r1, lsl #30
8780393c:	bf00      	nop
8780393e:	eb42 0202 	adc.w	r2, r2, r2
87803942:	bf28      	it	cs
87803944:	eba0 7081 	subcs.w	r0, r0, r1, lsl #30
87803948:	ebb0 7f41 	cmp.w	r0, r1, lsl #29
8780394c:	bf00      	nop
8780394e:	eb42 0202 	adc.w	r2, r2, r2
87803952:	bf28      	it	cs
87803954:	eba0 7041 	subcs.w	r0, r0, r1, lsl #29
87803958:	ebb0 7f01 	cmp.w	r0, r1, lsl #28
8780395c:	bf00      	nop
8780395e:	eb42 0202 	adc.w	r2, r2, r2
87803962:	bf28      	it	cs
87803964:	eba0 7001 	subcs.w	r0, r0, r1, lsl #28
87803968:	ebb0 6fc1 	cmp.w	r0, r1, lsl #27
8780396c:	bf00      	nop
8780396e:	eb42 0202 	adc.w	r2, r2, r2
87803972:	bf28      	it	cs
87803974:	eba0 60c1 	subcs.w	r0, r0, r1, lsl #27
87803978:	ebb0 6f81 	cmp.w	r0, r1, lsl #26
8780397c:	bf00      	nop
8780397e:	eb42 0202 	adc.w	r2, r2, r2
87803982:	bf28      	it	cs
87803984:	eba0 6081 	subcs.w	r0, r0, r1, lsl #26
87803988:	ebb0 6f41 	cmp.w	r0, r1, lsl #25
8780398c:	bf00      	nop
8780398e:	eb42 0202 	adc.w	r2, r2, r2
87803992:	bf28      	it	cs
87803994:	eba0 6041 	subcs.w	r0, r0, r1, lsl #25
87803998:	ebb0 6f01 	cmp.w	r0, r1, lsl #24
8780399c:	bf00      	nop
8780399e:	eb42 0202 	adc.w	r2, r2, r2
878039a2:	bf28      	it	cs
878039a4:	eba0 6001 	subcs.w	r0, r0, r1, lsl #24
878039a8:	ebb0 5fc1 	cmp.w	r0, r1, lsl #23
878039ac:	bf00      	nop
878039ae:	eb42 0202 	adc.w	r2, r2, r2
878039b2:	bf28      	it	cs
878039b4:	eba0 50c1 	subcs.w	r0, r0, r1, lsl #23
878039b8:	ebb0 5f81 	cmp.w	r0, r1, lsl #22
878039bc:	bf00      	nop
878039be:	eb42 0202 	adc.w	r2, r2, r2
878039c2:	bf28      	it	cs
878039c4:	eba0 5081 	subcs.w	r0, r0, r1, lsl #22
878039c8:	ebb0 5f41 	cmp.w	r0, r1, lsl #21
878039cc:	bf00      	nop
878039ce:	eb42 0202 	adc.w	r2, r2, r2
878039d2:	bf28      	it	cs
878039d4:	eba0 5041 	subcs.w	r0, r0, r1, lsl #21
878039d8:	ebb0 5f01 	cmp.w	r0, r1, lsl #20
878039dc:	bf00      	nop
878039de:	eb42 0202 	adc.w	r2, r2, r2
878039e2:	bf28      	it	cs
878039e4:	eba0 5001 	subcs.w	r0, r0, r1, lsl #20
878039e8:	ebb0 4fc1 	cmp.w	r0, r1, lsl #19
878039ec:	bf00      	nop
878039ee:	eb42 0202 	adc.w	r2, r2, r2
878039f2:	bf28      	it	cs
878039f4:	eba0 40c1 	subcs.w	r0, r0, r1, lsl #19
878039f8:	ebb0 4f81 	cmp.w	r0, r1, lsl #18
878039fc:	bf00      	nop
878039fe:	eb42 0202 	adc.w	r2, r2, r2
87803a02:	bf28      	it	cs
87803a04:	eba0 4081 	subcs.w	r0, r0, r1, lsl #18
87803a08:	ebb0 4f41 	cmp.w	r0, r1, lsl #17
87803a0c:	bf00      	nop
87803a0e:	eb42 0202 	adc.w	r2, r2, r2
87803a12:	bf28      	it	cs
87803a14:	eba0 4041 	subcs.w	r0, r0, r1, lsl #17
87803a18:	ebb0 4f01 	cmp.w	r0, r1, lsl #16
87803a1c:	bf00      	nop
87803a1e:	eb42 0202 	adc.w	r2, r2, r2
87803a22:	bf28      	it	cs
87803a24:	eba0 4001 	subcs.w	r0, r0, r1, lsl #16
87803a28:	ebb0 3fc1 	cmp.w	r0, r1, lsl #15
87803a2c:	bf00      	nop
87803a2e:	eb42 0202 	adc.w	r2, r2, r2
87803a32:	bf28      	it	cs
87803a34:	eba0 30c1 	subcs.w	r0, r0, r1, lsl #15
87803a38:	ebb0 3f81 	cmp.w	r0, r1, lsl #14
87803a3c:	bf00      	nop
87803a3e:	eb42 0202 	adc.w	r2, r2, r2
87803a42:	bf28      	it	cs
87803a44:	eba0 3081 	subcs.w	r0, r0, r1, lsl #14
87803a48:	ebb0 3f41 	cmp.w	r0, r1, lsl #13
87803a4c:	bf00      	nop
87803a4e:	eb42 0202 	adc.w	r2, r2, r2
87803a52:	bf28      	it	cs
87803a54:	eba0 3041 	subcs.w	r0, r0, r1, lsl #13
87803a58:	ebb0 3f01 	cmp.w	r0, r1, lsl #12
87803a5c:	bf00      	nop
87803a5e:	eb42 0202 	adc.w	r2, r2, r2
87803a62:	bf28      	it	cs
87803a64:	eba0 3001 	subcs.w	r0, r0, r1, lsl #12
87803a68:	ebb0 2fc1 	cmp.w	r0, r1, lsl #11
87803a6c:	bf00      	nop
87803a6e:	eb42 0202 	adc.w	r2, r2, r2
87803a72:	bf28      	it	cs
87803a74:	eba0 20c1 	subcs.w	r0, r0, r1, lsl #11
87803a78:	ebb0 2f81 	cmp.w	r0, r1, lsl #10
87803a7c:	bf00      	nop
87803a7e:	eb42 0202 	adc.w	r2, r2, r2
87803a82:	bf28      	it	cs
87803a84:	eba0 2081 	subcs.w	r0, r0, r1, lsl #10
87803a88:	ebb0 2f41 	cmp.w	r0, r1, lsl #9
87803a8c:	bf00      	nop
87803a8e:	eb42 0202 	adc.w	r2, r2, r2
87803a92:	bf28      	it	cs
87803a94:	eba0 2041 	subcs.w	r0, r0, r1, lsl #9
87803a98:	ebb0 2f01 	cmp.w	r0, r1, lsl #8
87803a9c:	bf00      	nop
87803a9e:	eb42 0202 	adc.w	r2, r2, r2
87803aa2:	bf28      	it	cs
87803aa4:	eba0 2001 	subcs.w	r0, r0, r1, lsl #8
87803aa8:	ebb0 1fc1 	cmp.w	r0, r1, lsl #7
87803aac:	bf00      	nop
87803aae:	eb42 0202 	adc.w	r2, r2, r2
87803ab2:	bf28      	it	cs
87803ab4:	eba0 10c1 	subcs.w	r0, r0, r1, lsl #7
87803ab8:	ebb0 1f81 	cmp.w	r0, r1, lsl #6
87803abc:	bf00      	nop
87803abe:	eb42 0202 	adc.w	r2, r2, r2
87803ac2:	bf28      	it	cs
87803ac4:	eba0 1081 	subcs.w	r0, r0, r1, lsl #6
87803ac8:	ebb0 1f41 	cmp.w	r0, r1, lsl #5
87803acc:	bf00      	nop
87803ace:	eb42 0202 	adc.w	r2, r2, r2
87803ad2:	bf28      	it	cs
87803ad4:	eba0 1041 	subcs.w	r0, r0, r1, lsl #5
87803ad8:	ebb0 1f01 	cmp.w	r0, r1, lsl #4
87803adc:	bf00      	nop
87803ade:	eb42 0202 	adc.w	r2, r2, r2
87803ae2:	bf28      	it	cs
87803ae4:	eba0 1001 	subcs.w	r0, r0, r1, lsl #4
87803ae8:	ebb0 0fc1 	cmp.w	r0, r1, lsl #3
87803aec:	bf00      	nop
87803aee:	eb42 0202 	adc.w	r2, r2, r2
87803af2:	bf28      	it	cs
87803af4:	eba0 00c1 	subcs.w	r0, r0, r1, lsl #3
87803af8:	ebb0 0f81 	cmp.w	r0, r1, lsl #2
87803afc:	bf00      	nop
87803afe:	eb42 0202 	adc.w	r2, r2, r2
87803b02:	bf28      	it	cs
87803b04:	eba0 0081 	subcs.w	r0, r0, r1, lsl #2
87803b08:	ebb0 0f41 	cmp.w	r0, r1, lsl #1
87803b0c:	bf00      	nop
87803b0e:	eb42 0202 	adc.w	r2, r2, r2
87803b12:	bf28      	it	cs
87803b14:	eba0 0041 	subcs.w	r0, r0, r1, lsl #1
87803b18:	ebb0 0f01 	cmp.w	r0, r1
87803b1c:	bf00      	nop
87803b1e:	eb42 0202 	adc.w	r2, r2, r2
87803b22:	bf28      	it	cs
87803b24:	eba0 0001 	subcs.w	r0, r0, r1
87803b28:	4610      	mov	r0, r2
87803b2a:	4770      	bx	lr
87803b2c:	bf0c      	ite	eq
87803b2e:	2001      	moveq	r0, #1
87803b30:	2000      	movne	r0, #0
87803b32:	4770      	bx	lr
87803b34:	fab1 f281 	clz	r2, r1
87803b38:	f1c2 021f 	rsb	r2, r2, #31
87803b3c:	fa20 f002 	lsr.w	r0, r0, r2
87803b40:	4770      	bx	lr
87803b42:	b108      	cbz	r0, 87803b48 <__udivsi3+0x258>
87803b44:	f04f 30ff 	mov.w	r0, #4294967295	@ 0xffffffff
87803b48:	f000 b824 	b.w	87803b94 <__aeabi_idiv0>

87803b4c <__aeabi_uidivmod>:
87803b4c:	2900      	cmp	r1, #0
87803b4e:	d0f8      	beq.n	87803b42 <__udivsi3+0x252>
87803b50:	b503      	push	{r0, r1, lr}
87803b52:	f7ff fecd 	bl	878038f0 <__udivsi3>
87803b56:	e8bd 4006 	ldmia.w	sp!, {r1, r2, lr}
87803b5a:	fb02 f300 	mul.w	r3, r2, r0
87803b5e:	eba1 0103 	sub.w	r1, r1, r3
87803b62:	4770      	bx	lr

87803b64 <__aeabi_uldivmod>:
87803b64:	b953      	cbnz	r3, 87803b7c <__aeabi_uldivmod+0x18>
87803b66:	b94a      	cbnz	r2, 87803b7c <__aeabi_uldivmod+0x18>
87803b68:	2900      	cmp	r1, #0
87803b6a:	bf08      	it	eq
87803b6c:	2800      	cmpeq	r0, #0
87803b6e:	bf1c      	itt	ne
87803b70:	f04f 31ff 	movne.w	r1, #4294967295	@ 0xffffffff
87803b74:	f04f 30ff 	movne.w	r0, #4294967295	@ 0xffffffff
87803b78:	f000 b80c 	b.w	87803b94 <__aeabi_idiv0>
87803b7c:	f1ad 0c08 	sub.w	ip, sp, #8
87803b80:	e96d ce04 	strd	ip, lr, [sp, #-16]!
87803b84:	f000 f80c 	bl	87803ba0 <__udivmoddi4>
87803b88:	f8dd e004 	ldr.w	lr, [sp, #4]
87803b8c:	e9dd 2302 	ldrd	r2, r3, [sp, #8]
87803b90:	b004      	add	sp, #16
87803b92:	4770      	bx	lr

87803b94 <__aeabi_idiv0>:
87803b94:	b502      	push	{r1, lr}
87803b96:	f04f 0008 	mov.w	r0, #8
87803b9a:	f7ff fea5 	bl	878038e8 <raise>
87803b9e:	bd02      	pop	{r1, pc}

87803ba0 <__udivmoddi4>:
87803ba0:	e92d 41f0 	stmdb	sp!, {r4, r5, r6, r7, r8, lr}
87803ba4:	4290      	cmp	r0, r2
87803ba6:	468e      	mov	lr, r1
87803ba8:	eb7e 0103 	sbcs.w	r1, lr, r3
87803bac:	4684      	mov	ip, r0
87803bae:	bf3c      	itt	cc
87803bb0:	2400      	movcc	r4, #0
87803bb2:	4625      	movcc	r5, r4
87803bb4:	d36a      	bcc.n	87803c8c <__udivmoddi4+0xec>
87803bb6:	fab3 f083 	clz	r0, r3
87803bba:	2b00      	cmp	r3, #0
87803bbc:	d072      	beq.n	87803ca4 <__udivmoddi4+0x104>
87803bbe:	fabe f18e 	clz	r1, lr
87803bc2:	f1be 0f00 	cmp.w	lr, #0
87803bc6:	d069      	beq.n	87803c9c <__udivmoddi4+0xfc>
87803bc8:	1a40      	subs	r0, r0, r1
87803bca:	f1a0 0520 	sub.w	r5, r0, #32
87803bce:	f1c0 0620 	rsb	r6, r0, #32
87803bd2:	4083      	lsls	r3, r0
87803bd4:	46a8      	mov	r8, r5
87803bd6:	fa02 f405 	lsl.w	r4, r2, r5
87803bda:	4637      	mov	r7, r6
87803bdc:	fa02 f100 	lsl.w	r1, r2, r0
87803be0:	4323      	orrs	r3, r4
87803be2:	40f2      	lsrs	r2, r6
87803be4:	458c      	cmp	ip, r1
87803be6:	ea43 0302 	orr.w	r3, r3, r2
87803bea:	eb7e 0203 	sbcs.w	r2, lr, r3
87803bee:	bf3c      	itt	cc
87803bf0:	2400      	movcc	r4, #0
87803bf2:	4625      	movcc	r5, r4
87803bf4:	d30a      	bcc.n	87803c0c <__udivmoddi4+0x6c>
87803bf6:	2401      	movs	r4, #1
87803bf8:	ebbc 0c01 	subs.w	ip, ip, r1
87803bfc:	eb6e 0e03 	sbc.w	lr, lr, r3
87803c00:	fa04 f505 	lsl.w	r5, r4, r5
87803c04:	fa24 f206 	lsr.w	r2, r4, r6
87803c08:	4315      	orrs	r5, r2
87803c0a:	4084      	lsls	r4, r0
87803c0c:	b3f0      	cbz	r0, 87803c8c <__udivmoddi4+0xec>
87803c0e:	0849      	lsrs	r1, r1, #1
87803c10:	4602      	mov	r2, r0
87803c12:	ea41 71c3 	orr.w	r1, r1, r3, lsl #31
87803c16:	085b      	lsrs	r3, r3, #1
87803c18:	e00d      	b.n	87803c36 <__udivmoddi4+0x96>
87803c1a:	ebbc 0c01 	subs.w	ip, ip, r1
87803c1e:	eb6e 0e03 	sbc.w	lr, lr, r3
87803c22:	eb1c 0c0c 	adds.w	ip, ip, ip
87803c26:	eb4e 0e0e 	adc.w	lr, lr, lr
87803c2a:	f11c 0c01 	adds.w	ip, ip, #1
87803c2e:	f14e 0e00 	adc.w	lr, lr, #0
87803c32:	3a01      	subs	r2, #1
87803c34:	d009      	beq.n	87803c4a <__udivmoddi4+0xaa>
87803c36:	458c      	cmp	ip, r1
87803c38:	eb7e 0603 	sbcs.w	r6, lr, r3
87803c3c:	d2ed      	bcs.n	87803c1a <__udivmoddi4+0x7a>
87803c3e:	eb1c 0c0c 	adds.w	ip, ip, ip
87803c42:	eb4e 0e0e 	adc.w	lr, lr, lr
87803c46:	3a01      	subs	r2, #1
87803c48:	d1f5      	bne.n	87803c36 <__udivmoddi4+0x96>
87803c4a:	fa0e f307 	lsl.w	r3, lr, r7
87803c4e:	eb14 040c 	adds.w	r4, r4, ip
87803c52:	fa2c fc00 	lsr.w	ip, ip, r0
87803c56:	eb45 050e 	adc.w	r5, r5, lr
87803c5a:	ea4c 0c03 	orr.w	ip, ip, r3
87803c5e:	fa2e f308 	lsr.w	r3, lr, r8
87803c62:	ea4c 0c03 	orr.w	ip, ip, r3
87803c66:	fa2e fe00 	lsr.w	lr, lr, r0
87803c6a:	f1a0 0120 	sub.w	r1, r0, #32
87803c6e:	f1c0 0220 	rsb	r2, r0, #32
87803c72:	fa0e f300 	lsl.w	r3, lr, r0
87803c76:	fa0c f101 	lsl.w	r1, ip, r1
87803c7a:	fa2c f202 	lsr.w	r2, ip, r2
87803c7e:	430b      	orrs	r3, r1
87803c80:	fa0c f000 	lsl.w	r0, ip, r0
87803c84:	4313      	orrs	r3, r2
87803c86:	1a24      	subs	r4, r4, r0
87803c88:	eb65 0503 	sbc.w	r5, r5, r3
87803c8c:	9b06      	ldr	r3, [sp, #24]
87803c8e:	b10b      	cbz	r3, 87803c94 <__udivmoddi4+0xf4>
87803c90:	e9c3 ce00 	strd	ip, lr, [r3]
87803c94:	4620      	mov	r0, r4
87803c96:	4629      	mov	r1, r5
87803c98:	e8bd 81f0 	ldmia.w	sp!, {r4, r5, r6, r7, r8, pc}
87803c9c:	fabc f18c 	clz	r1, ip
87803ca0:	3120      	adds	r1, #32
87803ca2:	e791      	b.n	87803bc8 <__udivmoddi4+0x28>
87803ca4:	fab2 f082 	clz	r0, r2
87803ca8:	fabe f18e 	clz	r1, lr
87803cac:	3020      	adds	r0, #32
87803cae:	f1be 0f00 	cmp.w	lr, #0
87803cb2:	d189      	bne.n	87803bc8 <__udivmoddi4+0x28>
87803cb4:	e7f2      	b.n	87803c9c <__udivmoddi4+0xfc>
87803cb6:	bf00      	nop

87803cb8 <__main_from_arm>:
87803cb8:	e51ff004 	ldr	pc, [pc, #-4]	@ 87803cbc <__main_from_arm+0x4>
87803cbc:	87803cc1 	strhi	r3, [r0, r1, asr #25]

Disassembly of section .text.startup:

87803cc0 <main>:
87803cc0:	b538      	push	{r3, r4, r5, lr}
87803cc2:	4c3d      	ldr	r4, [pc, #244]	@ (87803db8 <main+0xf8>)
87803cc4:	f7fe ff98 	bl	87802bf8 <INT_Init>
87803cc8:	447c      	add	r4, pc
87803cca:	f7fe fbf7 	bl	878024bc <CLK_Enable>
87803cce:	f7ff fd95 	bl	878037fc <UART_Init>
87803cd2:	f7fe fc9d 	bl	87802610 <LED_Init>
87803cd6:	f7fe fcd9 	bl	8780268c <Beep_Init>
87803cda:	f7fe fd0b 	bl	878026f4 <Key_Init>
87803cde:	ee9f 2f10 	mrc	15, 4, r2, cr15, cr0, {0}
87803ce2:	f36f 020f 	bfc	r2, #0, #16
87803ce6:	2300      	movs	r3, #0
87803ce8:	f502 5c80 	add.w	ip, r2, #4096	@ 0x1000
87803cec:	f04f 35ff 	mov.w	r5, #4294967295	@ 0xffffffff
87803cf0:	f8dc 0004 	ldr.w	r0, [ip, #4]
87803cf4:	f000 001f 	and.w	r0, r0, #31
87803cf8:	3001      	adds	r0, #1
87803cfa:	f503 618c 	add.w	r1, r3, #1120	@ 0x460
87803cfe:	3301      	adds	r3, #1
87803d00:	4298      	cmp	r0, r3
87803d02:	f842 5021 	str.w	r5, [r2, r1, lsl #2]
87803d06:	d1f8      	bne.n	87803cfa <main+0x3a>
87803d08:	f502 5200 	add.w	r2, r2, #8192	@ 0x2000
87803d0c:	2301      	movs	r3, #1
87803d0e:	21f8      	movs	r1, #248	@ 0xf8
87803d10:	f44f 457f 	mov.w	r5, #65280	@ 0xff00
87803d14:	6051      	str	r1, [r2, #4]
87803d16:	2102      	movs	r1, #2
87803d18:	6091      	str	r1, [r2, #8]
87803d1a:	f8cc 3000 	str.w	r3, [ip]
87803d1e:	6013      	str	r3, [r2, #0]
87803d20:	f7fe fe0a 	bl	87802938 <Exit_Init>
87803d24:	2000      	movs	r0, #0
87803d26:	f648 2140 	movw	r1, #35392	@ 0x8a40
87803d2a:	f2c0 11f7 	movt	r1, #503	@ 0x1f7
87803d2e:	f7fe fe4f 	bl	878029d0 <EPIT1_Init>
87803d32:	f7fe fe8f 	bl	87802a54 <KeyFilter_Init>
87803d36:	f7ff f8af 	bl	87802e98 <LCD_Init>
87803d3a:	4b20      	ldr	r3, [pc, #128]	@ (87803dbc <main+0xfc>)
87803d3c:	20ff      	movs	r0, #255	@ 0xff
87803d3e:	f64f 72ff 	movw	r2, #65535	@ 0xffff
87803d42:	58e4      	ldr	r4, [r4, r3]
87803d44:	6961      	ldr	r1, [r4, #20]
87803d46:	8863      	ldrh	r3, [r4, #2]
87803d48:	6008      	str	r0, [r1, #0]
87803d4a:	fb02 f103 	mul.w	r1, r2, r3
87803d4e:	7920      	ldrb	r0, [r4, #4]
87803d50:	440a      	add	r2, r1
87803d52:	fb00 f101 	mul.w	r1, r0, r1
87803d56:	fb03 0300 	mla	r3, r3, r0, r0
87803d5a:	fb02 f000 	mul.w	r0, r2, r0
87803d5e:	6962      	ldr	r2, [r4, #20]
87803d60:	508d      	str	r5, [r1, r2]
87803d62:	2564      	movs	r5, #100	@ 0x64
87803d64:	f44f 027f 	mov.w	r2, #16711680	@ 0xff0000
87803d68:	6961      	ldr	r1, [r4, #20]
87803d6a:	fb05 f303 	mul.w	r3, r5, r3
87803d6e:	5042      	str	r2, [r0, r1]
87803d70:	6961      	ldr	r1, [r4, #20]
87803d72:	50ca      	str	r2, [r1, r3]
87803d74:	462a      	mov	r2, r5
87803d76:	4629      	mov	r1, r5
87803d78:	6960      	ldr	r0, [r4, #20]
87803d7a:	58c3      	ldr	r3, [r0, r3]
87803d7c:	4810      	ldr	r0, [pc, #64]	@ (87803dc0 <main+0x100>)
87803d7e:	4478      	add	r0, pc
87803d80:	f7fc fb5a 	bl	87800438 <printf>
87803d84:	7921      	ldrb	r1, [r4, #4]
87803d86:	8860      	ldrh	r0, [r4, #2]
87803d88:	2365      	movs	r3, #101	@ 0x65
87803d8a:	6964      	ldr	r4, [r4, #20]
87803d8c:	fb00 5303 	mla	r3, r0, r3, r5
87803d90:	fb00 1001 	mla	r0, r0, r1, r1
87803d94:	fb01 f303 	mul.w	r3, r1, r3
87803d98:	fb05 f200 	mul.w	r2, r5, r0
87803d9c:	4809      	ldr	r0, [pc, #36]	@ (87803dc4 <main+0x104>)
87803d9e:	4478      	add	r0, pc
87803da0:	5915      	ldr	r5, [r2, r4]
87803da2:	591c      	ldr	r4, [r3, r4]
87803da4:	f7fc fb48 	bl	87800438 <printf>
87803da8:	4807      	ldr	r0, [pc, #28]	@ (87803dc8 <main+0x108>)
87803daa:	4629      	mov	r1, r5
87803dac:	4622      	mov	r2, r4
87803dae:	4478      	add	r0, pc
87803db0:	f7fc fb42 	bl	87800438 <printf>
87803db4:	e7fe      	b.n	87803db4 <main+0xf4>
87803db6:	bf00      	nop
87803db8:	ffffc334 			@ <UNDEFINED> instruction: 0xffffc334
87803dbc:	00000180 	andeq	r0, r0, r0, lsl #3
87803dc0:	0000004a 	andeq	r0, r0, sl, asr #32
87803dc4:	0000004a 	andeq	r0, r0, sl, asr #32
87803dc8:	0000003e 	andeq	r0, r0, lr, lsr r0

Disassembly of section .rodata:

87803dcc <digits.0-0x54>:
87803dcc:	203d2078 	eorscs	r2, sp, r8, ror r0
87803dd0:	202c6425 	eorcs	r6, ip, r5, lsr #8
87803dd4:	203d2079 	eorscs	r2, sp, r9, ror r0
87803dd8:	202c6425 	eorcs	r6, ip, r5, lsr #8
87803ddc:	6f6c6f63 	svcvs	0x006c6f63
87803de0:	203d2072 	eorscs	r2, sp, r2, ror r0
87803de4:	30257830 	eorcc	r7, r5, r0, lsr r8
87803de8:	000a5838 	andeq	r5, sl, r8, lsr r8
87803dec:	0000000a 	andeq	r0, r0, sl
87803df0:	203d2061 	eorscs	r2, sp, r1, rrx
87803df4:	30257830 	eorcc	r7, r5, r0, lsr r8
87803df8:	202c5838 	eorcs	r5, ip, r8, lsr r8
87803dfc:	203d2062 	eorscs	r2, sp, r2, rrx
87803e00:	30257830 	eorcc	r7, r5, r0, lsr r8
87803e04:	000a5838 	andeq	r5, sl, r8, lsr r8
87803e08:	4c554e3c 	mrrcmi	14, 3, r4, r5, cr12
87803e0c:	00003e4c 	andeq	r3, r0, ip, asr #28
87803e10:	5f44434c 	svcpl	0x0044434c
87803e14:	3d204449 	stccc	4, cr4, [r0, #-292]!	@ 0xfffffedc
87803e18:	58232520 	stmdapl	r3!, {r5, r8, sl, sp}
87803e1c:	00000a0d 	andeq	r0, r0, sp, lsl #20

87803e20 <digits.0>:
87803e20:	33323130 	teqcc	r2, #48, 2
87803e24:	37363534 			@ <UNDEFINED> instruction: 0x37363534
87803e28:	42413938 	submi	r3, r1, #56, 18	@ 0xe0000
87803e2c:	46454443 	strbmi	r4, [r5], -r3, asr #8

87803e30 <CSWTCH.7>:
87803e30:	70844342 	addvc	r4, r4, r2, asr #6
87803e34:	00007016 	andeq	r7, r0, r6, lsl r0
87803e38:	10184384 	andsne	r4, r8, r4, lsl #7

87803e3c <asc2_1206>:
	...
87803e4c:	0000403f 	andeq	r4, r0, pc, lsr r0
87803e50:	00000000 	andeq	r0, r0, r0
87803e54:	00300000 	eorseq	r0, r0, r0
87803e58:	00300040 	eorseq	r0, r0, r0, asr #32
87803e5c:	00000040 	andeq	r0, r0, r0, asr #32
87803e60:	c00b0009 	andgt	r0, fp, r9
87803e64:	c00b003d 	andgt	r0, fp, sp, lsr r0
87803e68:	0009003d 	andeq	r0, r9, sp, lsr r0
87803e6c:	4024c018 	eormi	ip, r4, r8, lsl r0
87803e70:	4022e07f 	eormi	lr, r2, pc, ror r0
87803e74:	00008031 	andeq	r8, r0, r1, lsr r0
87803e78:	c0240018 	eorgt	r0, r4, r8, lsl r0
87803e7c:	800d001b 	andhi	r0, sp, fp, lsl r0
87803e80:	80014032 	andhi	r4, r1, r2, lsr r0
87803e84:	401c8003 	andsmi	r8, ip, r3
87803e88:	801c4027 	andshi	r4, ip, r7, lsr #32
87803e8c:	40004007 	andmi	r4, r0, r7
87803e90:	00600010 	rsbeq	r0, r0, r0, lsl r0
	...
87803ea0:	801f0000 	andshi	r0, pc, r0
87803ea4:	20404020 	subcs	r4, r0, r0, lsr #32
87803ea8:	20400000 	subcs	r0, r0, r0
87803eac:	801f4020 	andshi	r4, pc, r0, lsr #32
87803eb0:	00000000 	andeq	r0, r0, r0
87803eb4:	00060009 	andeq	r0, r6, r9
87803eb8:	0006801f 	andeq	r8, r6, pc, lsl r0
87803ebc:	00000009 	andeq	r0, r0, r9
87803ec0:	00040004 	andeq	r0, r4, r4
87803ec4:	0004803f 	andeq	r8, r4, pc, lsr r0
87803ec8:	00000004 	andeq	r0, r0, r4
87803ecc:	60001000 	andvs	r1, r0, r0
	...
87803ed8:	00040004 	andeq	r0, r4, r4
87803edc:	00040004 	andeq	r0, r4, r4
87803ee0:	00000004 	andeq	r0, r0, r4
87803ee4:	40000000 	andmi	r0, r0, r0
	...
87803ef0:	c0012000 	andgt	r2, r1, r0
87803ef4:	00380006 	eorseq	r0, r8, r6
87803ef8:	00000040 	andeq	r0, r0, r0, asr #32
87803efc:	4020801f 	eormi	r8, r0, pc, lsl r0
87803f00:	40204020 	eormi	r4, r0, r0, lsr #32
87803f04:	0000801f 	andeq	r8, r0, pc, lsl r0
87803f08:	40100000 	andsmi	r0, r0, r0
87803f0c:	4000c03f 	andmi	ip, r0, pc, lsr r0
87803f10:	00000000 	andeq	r0, r0, r0
87803f14:	4021c018 	eormi	ip, r1, r8, lsl r0
87803f18:	40244022 	eormi	r4, r4, r2, lsr #32
87803f1c:	00004018 	andeq	r4, r0, r8, lsl r0
87803f20:	40208010 	eormi	r8, r0, r0, lsl r0
87803f24:	40244024 	eormi	r4, r4, r4, lsr #32
87803f28:	0000801b 	andeq	r8, r0, fp, lsl r0
87803f2c:	000d0002 	andeq	r0, sp, r2
87803f30:	c03f0011 	eorsgt	r0, pc, r1, lsl r0	@ <UNPREDICTABLE>
87803f34:	00004001 	andeq	r4, r0, r1
87803f38:	4024803c 	eormi	r8, r4, ip, lsr r0
87803f3c:	40244024 	eormi	r4, r4, r4, lsr #32
87803f40:	00008023 	andeq	r8, r0, r3, lsr #32
87803f44:	4024801f 	eormi	r8, r4, pc, lsl r0
87803f48:	40344024 	eorsmi	r4, r4, r4, lsr #32
87803f4c:	00008003 	andeq	r8, r0, r3
87803f50:	00200030 	eoreq	r0, r0, r0, lsr r0
87803f54:	0038c027 	eorseq	ip, r8, r7, lsr #32
87803f58:	00000020 	andeq	r0, r0, r0, lsr #32
87803f5c:	4024801b 	eormi	r8, r4, fp, lsl r0
87803f60:	40244024 	eormi	r4, r4, r4, lsr #32
87803f64:	0000801b 	andeq	r8, r0, fp, lsl r0
87803f68:	c022001c 	eorgt	r0, r2, ip, lsl r0
87803f6c:	40224022 	eormi	r4, r2, r2, lsr #32
87803f70:	0000801f 	andeq	r8, r0, pc, lsl r0
87803f74:	00000000 	andeq	r0, r0, r0
87803f78:	00004008 	andeq	r4, r0, r8
	...
87803f84:	00006004 	andeq	r6, r0, r4
87803f88:	00000000 	andeq	r0, r0, r0
87803f8c:	00040000 	andeq	r0, r4, r0
87803f90:	0011000a 	andseq	r0, r1, sl
87803f94:	40408020 	submi	r8, r0, r0, lsr #32
87803f98:	00090009 	andeq	r0, r9, r9
87803f9c:	00090009 	andeq	r0, r9, r9
87803fa0:	00000009 	andeq	r0, r0, r9
87803fa4:	40400000 	submi	r0, r0, r0
87803fa8:	00118020 	andseq	r8, r1, r0, lsr #32
87803fac:	0004000a 	andeq	r0, r4, sl
87803fb0:	00200018 	eoreq	r0, r0, r8, lsl r0
87803fb4:	00244023 	eoreq	r4, r4, r3, lsr #32
87803fb8:	00000018 	andeq	r0, r0, r8, lsl r0
87803fbc:	4020801f 	eormi	r8, r0, pc, lsl r0
87803fc0:	40294027 	eormi	r4, r9, r7, lsr #32
87803fc4:	0000401f 	andeq	r4, r0, pc, lsl r0
87803fc8:	c0074000 	andgt	r4, r7, r0
87803fcc:	000f0039 	andeq	r0, pc, r9, lsr r0	@ <UNPREDICTABLE>
87803fd0:	4000c001 	andmi	ip, r0, r1
87803fd4:	c03f4020 	eorsgt	r4, pc, r0, lsr #32
87803fd8:	40244024 	eormi	r4, r4, r4, lsr #32
87803fdc:	0000801b 	andeq	r8, r0, fp, lsl r0
87803fe0:	4020801f 	eormi	r8, r0, pc, lsl r0
87803fe4:	40204020 	eormi	r4, r0, r0, lsr #32
87803fe8:	00008030 	andeq	r8, r0, r0, lsr r0
87803fec:	c03f4020 	eorsgt	r4, pc, r0, lsr #32
87803ff0:	40204020 	eormi	r4, r0, r0, lsr #32
87803ff4:	0000801f 	andeq	r8, r0, pc, lsl r0
87803ff8:	c03f4020 	eorsgt	r4, pc, r0, lsr #32
87803ffc:	402e4024 	eormi	r4, lr, r4, lsr #32
87804000:	0000c030 	andeq	ip, r0, r0, lsr r0
87804004:	c03f4020 	eorsgt	r4, pc, r0, lsr #32
87804008:	002e4024 	eoreq	r4, lr, r4, lsr #32
8780400c:	00000030 	andeq	r0, r0, r0, lsr r0
87804010:	8010000f 	andshi	r0, r0, pc
87804014:	40224020 	eormi	r4, r2, r0, lsr #32
87804018:	00028033 	andeq	r8, r2, r3, lsr r0
8780401c:	c03f4020 	eorsgt	r4, pc, r0, lsr #32
87804020:	00040004 	andeq	r0, r4, r4
87804024:	4020c03f 	eormi	ip, r0, pc, lsr r0
87804028:	40204020 	eormi	r4, r0, r0, lsr #32
8780402c:	4020c03f 	eormi	ip, r0, pc, lsr r0
87804030:	00004020 	andeq	r4, r0, r0, lsr #32
87804034:	20206000 	eorcs	r6, r0, r0
87804038:	c03f2020 	eorsgt	r2, pc, r0, lsr #32
8780403c:	00200020 	eoreq	r0, r0, r0, lsr #32
87804040:	c03f4020 	eorsgt	r4, pc, r0, lsr #32
87804044:	000b4024 	andeq	r4, fp, r4, lsr #32
87804048:	4020c030 	eormi	ip, r0, r0, lsr r0
8780404c:	c03f4020 	eorsgt	r4, pc, r0, lsr #32
87804050:	40004020 	andmi	r4, r0, r0, lsr #32
87804054:	c0004000 	andgt	r4, r0, r0
87804058:	003cc03f 	eorseq	ip, ip, pc, lsr r0
8780405c:	003cc003 	eorseq	ip, ip, r3
87804060:	0000c03f 	andeq	ip, r0, pc, lsr r0
87804064:	c03f4020 	eorsgt	r4, pc, r0, lsr #32
87804068:	0023400c 	eoreq	r4, r3, ip
8780406c:	0020c03f 	eoreq	ip, r0, pc, lsr r0
87804070:	4020801f 	eormi	r8, r0, pc, lsl r0
87804074:	40204020 	eormi	r4, r0, r0, lsr #32
87804078:	0000801f 	andeq	r8, r0, pc, lsl r0
8780407c:	c03f4020 	eorsgt	r4, pc, r0, lsr #32
87804080:	00244024 	eoreq	r4, r4, r4, lsr #32
87804084:	00000018 	andeq	r0, r0, r8, lsl r0
87804088:	4021801f 	eormi	r8, r1, pc, lsl r0
8780408c:	e0204021 	eor	r4, r0, r1, lsr #32
87804090:	0000a01f 	andeq	sl, r0, pc, lsl r0
87804094:	c03f4020 	eorsgt	r4, pc, r0, lsr #32
87804098:	00264024 	eoreq	r4, r6, r4, lsr #32
8780409c:	4000c019 	andmi	ip, r0, r9, lsl r0
878040a0:	4024c018 	eormi	ip, r4, r8, lsl r0
878040a4:	40224024 	eormi	r4, r2, r4, lsr #32
878040a8:	00008031 	andeq	r8, r0, r1, lsr r0
878040ac:	40200030 	eormi	r0, r0, r0, lsr r0
878040b0:	4020c03f 	eormi	ip, r0, pc, lsr r0
878040b4:	00000030 	andeq	r0, r0, r0, lsr r0
878040b8:	803f0020 	eorshi	r0, pc, r0, lsr #32
878040bc:	40004000 	andmi	r4, r0, r0
878040c0:	0020803f 	eoreq	r8, r0, pc, lsr r0
878040c4:	003e0020 	eorseq	r0, lr, r0, lsr #32
878040c8:	0007c001 	andeq	ip, r7, r1
878040cc:	00200038 	eoreq	r0, r0, r8, lsr r0
878040d0:	c0070038 	andgt	r0, r7, r8, lsr r0
878040d4:	c007003c 	andgt	r0, r7, ip, lsr r0
878040d8:	00000038 	andeq	r0, r0, r8, lsr r0
878040dc:	c0394020 	eorsgt	r4, r9, r0, lsr #32
878040e0:	c0390006 	eorsgt	r0, r9, r6
878040e4:	00004020 	andeq	r4, r0, r0, lsr #32
878040e8:	40380020 	eorsmi	r0, r8, r0, lsr #32
878040ec:	4038c007 	eorsmi	ip, r8, r7
878040f0:	00000020 	andeq	r0, r0, r0, lsr #32
878040f4:	c0214030 	eorgt	r4, r1, r0, lsr r0
878040f8:	40384026 	eorsmi	r4, r8, r6, lsr #32
878040fc:	0000c020 	andeq	ip, r0, r0, lsr #32
87804100:	00000000 	andeq	r0, r0, r0
87804104:	2040e07f 	subcs	lr, r0, pc, ror r0
87804108:	00002040 	andeq	r2, r0, r0, asr #32
8780410c:	00700000 	rsbseq	r0, r0, r0
87804110:	8003000c 	andhi	r0, r3, ip
87804114:	00004000 	andeq	r4, r0, r0
87804118:	20400000 	subcs	r0, r0, r0
8780411c:	e07f2040 	rsbs	r2, pc, r0, asr #32
87804120:	00000000 	andeq	r0, r0, r0
87804124:	00200000 	eoreq	r0, r0, r0
87804128:	00200040 	eoreq	r0, r0, r0, asr #32
8780412c:	00000000 	andeq	r0, r0, r0
87804130:	10001000 	andne	r1, r0, r0
87804134:	10001000 	andne	r1, r0, r0
87804138:	10001000 	andne	r1, r0, r0
8780413c:	00000000 	andeq	r0, r0, r0
87804140:	00000040 	andeq	r0, r0, r0, asr #32
87804144:	00000000 	andeq	r0, r0, r0
87804148:	80020000 	andhi	r0, r2, r0
8780414c:	40054005 	andmi	r4, r5, r5
87804150:	4000c003 	andmi	ip, r0, r3
87804154:	c03f0020 	eorsgt	r0, pc, r0, lsr #32
87804158:	40044004 	andmi	r4, r4, r4
8780415c:	00008003 	andeq	r8, r0, r3
87804160:	80030000 	andhi	r0, r3, r0
87804164:	40044004 	andmi	r4, r4, r4
87804168:	00004006 	andeq	r4, r0, r6
8780416c:	80030000 	andhi	r0, r3, r0
87804170:	40244004 	eormi	r4, r4, r4
87804174:	4000c03f 	andmi	ip, r0, pc, lsr r0
87804178:	80030000 	andhi	r0, r3, r0
8780417c:	40054005 	andmi	r4, r5, r5
87804180:	00004003 	andeq	r4, r0, r3
87804184:	40040000 	andmi	r0, r4, r0
87804188:	4024c01f 	eormi	ip, r4, pc, lsl r0
8780418c:	00204024 	eoreq	r4, r0, r4, lsr #32
87804190:	e0020000 	and	r0, r2, r0
87804194:	50055005 	andpl	r5, r5, r5
87804198:	20045006 	andcs	r5, r4, r6
8780419c:	c03f4020 	eorsgt	r4, pc, r0, lsr #32
878041a0:	00044004 	andeq	r4, r4, r4
878041a4:	4000c003 	andmi	ip, r0, r3
878041a8:	40040000 	andmi	r0, r4, r0
878041ac:	4000c027 	andmi	ip, r0, r7, lsr #32
878041b0:	00000000 	andeq	r0, r0, r0
878041b4:	10001000 	andne	r1, r0, r0
878041b8:	e0271004 	eor	r1, r7, r4
878041bc:	00000000 	andeq	r0, r0, r0
878041c0:	c03f4020 	eorsgt	r4, pc, r0, lsr #32
878041c4:	00074001 	andeq	r4, r7, r1
878041c8:	4004c004 	andmi	ip, r4, r4
878041cc:	40204020 	eormi	r4, r0, r0, lsr #32
878041d0:	4000c03f 	andmi	ip, r0, pc, lsr r0
878041d4:	00004000 	andeq	r4, r0, r0
878041d8:	0004c007 	andeq	ip, r4, r7
878041dc:	0004c007 	andeq	ip, r4, r7
878041e0:	0000c003 	andeq	ip, r0, r3
878041e4:	c0074004 	andgt	r4, r7, r4
878041e8:	00044004 	andeq	r4, r4, r4
878041ec:	4000c003 	andmi	ip, r0, r3
878041f0:	80030000 	andhi	r0, r3, r0
878041f4:	40044004 	andmi	r4, r4, r4
878041f8:	00008003 	andeq	r8, r0, r3
878041fc:	f0071004 			@ <UNDEFINED> instruction: 0xf0071004
87804200:	40045004 	andmi	r5, r4, r4
87804204:	00008003 	andeq	r8, r0, r3
87804208:	80030000 	andhi	r0, r3, r0
8780420c:	50044004 	andpl	r4, r4, r4
87804210:	1000f007 	andne	pc, r0, r7
87804214:	c0074004 	andgt	r4, r7, r4
87804218:	00044002 	andeq	r4, r4, r2
8780421c:	00000004 	andeq	r0, r0, r4
87804220:	40060000 	andmi	r0, r6, r0
87804224:	40054005 	andmi	r4, r5, r5
87804228:	0000c004 	andeq	ip, r0, r4
8780422c:	00040000 	andeq	r0, r4, r0
87804230:	4004801f 	andmi	r8, r4, pc, lsl r0
87804234:	00004000 	andeq	r4, r0, r0
87804238:	80070004 	andhi	r0, r7, r4
8780423c:	40044000 	andmi	r4, r4, r0
87804240:	4000c007 	andmi	ip, r0, r7
87804244:	00070004 	andeq	r0, r7, r4
87804248:	8001c004 	andhi	ip, r1, r4
8780424c:	00040006 	andeq	r0, r4, r6
87804250:	c0010006 	andgt	r0, r1, r6
87804254:	c0010007 	andgt	r0, r1, r7
87804258:	00000006 	andeq	r0, r0, r6
8780425c:	c0064004 	andgt	r4, r6, r4
87804260:	c0060001 	andgt	r0, r6, r1
87804264:	00004004 	andeq	r4, r0, r4
87804268:	10071004 	andne	r1, r7, r4
8780426c:	8001e004 	andhi	lr, r1, r4
87804270:	00040006 	andeq	r0, r4, r6
87804274:	40040000 	andmi	r0, r4, r0
87804278:	4006c005 	andmi	ip, r6, r5
8780427c:	00004004 	andeq	r4, r0, r4
87804280:	00000000 	andeq	r0, r0, r0
87804284:	e07b0004 	rsbs	r0, fp, r4
87804288:	00002040 	andeq	r2, r0, r0, asr #32
8780428c:	00000000 	andeq	r0, r0, r0
87804290:	f0ff0000 			@ <UNDEFINED> instruction: 0xf0ff0000
87804294:	00000000 	andeq	r0, r0, r0
87804298:	20400000 	subcs	r0, r0, r0
8780429c:	0004e07b 	andeq	lr, r4, fp, ror r0
878042a0:	00000000 	andeq	r0, r0, r0
878042a4:	00800040 	addeq	r0, r0, r0, asr #32
878042a8:	00200040 	eoreq	r0, r0, r0, asr #32
878042ac:	00400020 	subeq	r0, r0, r0, lsr #32

878042b0 <asc2_1608>:
	...
878042c4:	cc1f0000 	ldcgt	0, cr0, [pc], {-0}
878042c8:	00000c00 	andeq	r0, r0, r0, lsl #24
878042cc:	00000000 	andeq	r0, r0, r0
878042d0:	00080000 	andeq	r0, r8, r0
878042d4:	00600030 	rsbeq	r0, r0, r0, lsr r0
878042d8:	00300008 	eorseq	r0, r0, r8
878042dc:	00000060 	andeq	r0, r0, r0, rrx
878042e0:	fc032002 	stc2	0, cr2, [r3], {2}
878042e4:	2002201e 	andcs	r2, r2, lr, lsl r0
878042e8:	201efc03 	andscs	pc, lr, r3, lsl #24
878042ec:	00002002 	andeq	r2, r0, r2
878042f0:	180e0000 	stmdane	lr, {}	@ <UNPREDICTABLE>
878042f4:	ff3f0411 			@ <UNDEFINED> instruction: 0xff3f0411
878042f8:	780c8410 	stmdavc	ip, {r4, sl, pc}
878042fc:	00000000 	andeq	r0, r0, r0
87804300:	8410000f 	ldrhi	r0, [r0], #-15
87804304:	c000380f 	andgt	r3, r0, pc, lsl #16
87804308:	84187807 	ldrhi	r7, [r8], #-2055	@ 0xfffff7f9
8780430c:	00007800 	andeq	r7, r0, r0, lsl #16
87804310:	840f7800 	strhi	r7, [pc], #-2048	@ 87804318 <asc2_1608+0x68>
87804314:	2411c410 	ldrcs	ip, [r1], #-1040	@ 0xfffffbf0
87804318:	e400980e 	str	r9, [r0], #-2062	@ 0xfffff7f2
8780431c:	08008400 	stmdaeq	r0, {sl, pc}
87804320:	00680008 	rsbeq	r0, r8, r8
87804324:	00000070 	andeq	r0, r0, r0, ror r0
	...
87804334:	e0070000 	and	r0, r7, r0
87804338:	04201818 	strteq	r1, [r0], #-2072	@ 0xfffff7e8
8780433c:	00000240 	andeq	r0, r0, r0, asr #4
87804340:	02400000 	subeq	r0, r0, #0
87804344:	18180420 	ldmdane	r8, {r5, sl}
87804348:	0000e007 	andeq	lr, r0, r7
8780434c:	00000000 	andeq	r0, r0, r0
87804350:	40024002 	andmi	r4, r2, r2
87804354:	f00f8001 			@ <UNDEFINED> instruction: 0xf00f8001
87804358:	40028001 	andmi	r8, r2, r1
8780435c:	00004002 	andeq	r4, r0, r2
87804360:	80008000 	andhi	r8, r0, r0
87804364:	f80f8000 			@ <UNDEFINED> instruction: 0xf80f8000
87804368:	80008000 	andhi	r8, r0, r0
8780436c:	00008000 	andeq	r8, r0, r0
87804370:	0d000100 	stceq	1, cr0, [r0, #-0]
87804374:	00000e00 	andeq	r0, r0, r0, lsl #28
	...
87804380:	80000000 	andhi	r0, r0, r0
87804384:	80008000 	andhi	r8, r0, r0
87804388:	80008000 	andhi	r8, r0, r0
8780438c:	80008000 	andhi	r8, r0, r0
87804390:	0c000000 	stceq	0, cr0, [r0], {-0}
87804394:	00000c00 	andeq	r0, r0, r0, lsl #24
	...
878043a0:	06000000 	streq	r0, [r0], -r0
878043a4:	60001800 	andvs	r1, r0, r0, lsl #16
878043a8:	00068001 	andeq	r8, r6, r1
878043ac:	00200018 	eoreq	r0, r0, r8, lsl r0
878043b0:	f0070000 			@ <UNDEFINED> instruction: 0xf0070000
878043b4:	04100808 	ldreq	r0, [r0], #-2056	@ 0xfffff7f8
878043b8:	08080410 	stmdaeq	r8, {r4, sl}
878043bc:	0000f007 	andeq	pc, r0, r7
878043c0:	04080000 	streq	r0, [r8], #-0
878043c4:	fc1f0408 	ldc2	4, cr0, [pc], {8}
878043c8:	04000400 	streq	r0, [r0], #-1024	@ 0xfffffc00
878043cc:	00000000 	andeq	r0, r0, r0
878043d0:	0c0e0000 	stceq	0, cr0, [lr], {-0}
878043d4:	24101410 	ldrcs	r1, [r0], #-1040	@ 0xfffffbf0
878043d8:	84114410 	ldrhi	r4, [r1], #-1040	@ 0xfffffbf0
878043dc:	00000c0e 	andeq	r0, r0, lr, lsl #24
878043e0:	180c0000 	stmdane	ip, {}	@ <UNPREDICTABLE>
878043e4:	04110410 	ldreq	r0, [r1], #-1040	@ 0xfffffbf0
878043e8:	88120411 	ldmdahi	r2, {r0, r4, sl}
878043ec:	0000700c 	andeq	r7, r0, ip
878043f0:	e0000000 	and	r0, r0, r0
878043f4:	24042003 	strcs	r2, [r4], #-3
878043f8:	fc1f2408 	ldc2	4, cr2, [pc], {8}
878043fc:	00002400 	andeq	r2, r0, r0, lsl #8
87804400:	981f0000 	ldmdals	pc, {}	@ <UNPREDICTABLE>
87804404:	04118410 	ldreq	r8, [r1], #-1040	@ 0xfffffbf0
87804408:	88100411 	ldmdahi	r0, {r0, r4, sl}
8780440c:	00007010 	andeq	r7, r0, r0, lsl r0
87804410:	f0070000 			@ <UNDEFINED> instruction: 0xf0070000
87804414:	04118808 	ldreq	r8, [r1], #-2056	@ 0xfffff7f8
87804418:	88180411 	ldmdahi	r8, {r0, r4, sl}
8780441c:	00007000 	andeq	r7, r0, r0
87804420:	001c0000 	andseq	r0, ip, r0
87804424:	fc100010 	ldc2	0, cr0, [r0], {16}
87804428:	001c0013 	andseq	r0, ip, r3, lsl r0
8780442c:	00000010 	andeq	r0, r0, r0, lsl r0
87804430:	380e0000 	stmdacc	lr, {}	@ <UNPREDICTABLE>
87804434:	84104411 	ldrhi	r4, [r0], #-1041	@ 0xfffffbef
87804438:	44118410 	ldrmi	r8, [r1], #-1040	@ 0xfffffbf0
8780443c:	0000380e 	andeq	r3, r0, lr, lsl #16
87804440:	00070000 	andeq	r0, r7, r0
87804444:	44108c08 	ldrmi	r8, [r0], #-3080	@ 0xfffff3f8
87804448:	88084410 	stmdahi	r8, {r4, sl, lr}
8780444c:	0000f007 	andeq	pc, r0, r7
87804450:	00000000 	andeq	r0, r0, r0
87804454:	0c030000 	stceq	0, cr0, [r3], {-0}
87804458:	00000c03 	andeq	r0, r0, r3, lsl #24
	...
87804464:	06010100 	streq	r0, [r1], -r0, lsl #2
	...
87804470:	80000000 	andhi	r0, r0, r0
87804474:	20024001 	andcs	r4, r2, r1
87804478:	08081004 	stmdaeq	r8, {r2, ip}
8780447c:	00000410 	andeq	r0, r0, r0, lsl r4
87804480:	20022002 	andcs	r2, r2, r2
87804484:	20022002 	andcs	r2, r2, r2
87804488:	20022002 	andcs	r2, r2, r2
8780448c:	00002002 	andeq	r2, r0, r2
87804490:	04100000 	ldreq	r0, [r0], #-0
87804494:	10040808 	andne	r0, r4, r8, lsl #16
87804498:	40012002 	andmi	r2, r1, r2
8780449c:	00008000 	andeq	r8, r0, r0
878044a0:	000e0000 	andeq	r0, lr, r0
878044a4:	0c100012 	ldceq	0, cr0, [r0], {18}
878044a8:	80106c10 	andshi	r6, r0, r0, lsl ip
878044ac:	0000000f 	andeq	r0, r0, pc
878044b0:	180ce003 	stmdane	ip, {r0, r1, sp, lr, pc}
878044b4:	2414e413 	ldrcs	lr, [r4], #-1043	@ 0xfffffbed
878044b8:	2808c417 	stmdacs	r8, {r0, r1, r2, r4, sl, lr, pc}
878044bc:	0000d007 	andeq	sp, r0, r7
878044c0:	3c000400 	stccc	4, cr0, [r0], {-0}
878044c4:	401cc403 	andsmi	ip, ip, r3, lsl #8
878044c8:	e4004007 	str	r4, [r0], #-7
878044cc:	04001c00 	streq	r1, [r0], #-3072	@ 0xfffff400
878044d0:	fc1f0410 	ldc2	4, cr0, [pc], {16}
878044d4:	04110411 	ldreq	r0, [r1], #-1041	@ 0xfffffbef
878044d8:	880e0411 	stmdahi	lr, {r0, r4, sl}
878044dc:	00007000 	andeq	r7, r0, r0
878044e0:	180ce003 	stmdane	ip, {r0, r1, sp, lr, pc}
878044e4:	04100410 	ldreq	r0, [r0], #-1040	@ 0xfffffbf0
878044e8:	08100410 	ldmdaeq	r0, {r4, sl}
878044ec:	0000101c 	andeq	r1, r0, ip, lsl r0
878044f0:	fc1f0410 	ldc2	4, cr0, [pc], {16}
878044f4:	04100410 	ldreq	r0, [r0], #-1040	@ 0xfffffbf0
878044f8:	08080410 	stmdaeq	r8, {r4, sl}
878044fc:	0000f007 	andeq	pc, r0, r7
87804500:	fc1f0410 	ldc2	4, cr0, [pc], {16}
87804504:	04110411 	ldreq	r0, [r1], #-1041	@ 0xfffffbef
87804508:	0410c417 	ldreq	ip, [r0], #-1047	@ 0xfffffbe9
8780450c:	00001808 	andeq	r1, r0, r8, lsl #16
87804510:	fc1f0410 	ldc2	4, cr0, [pc], {16}
87804514:	00110411 	andseq	r0, r1, r1, lsl r4
87804518:	0010c017 	andseq	ip, r0, r7, lsl r0
8780451c:	00000008 	andeq	r0, r0, r8
87804520:	180ce003 	stmdane	ip, {r0, r1, sp, lr, pc}
87804524:	04100410 	ldreq	r0, [r0], #-1040	@ 0xfffffbf0
87804528:	781c4410 	ldmdavc	ip, {r4, sl, lr}
8780452c:	00004000 	andeq	r4, r0, r0
87804530:	fc1f0410 	ldc2	4, cr0, [pc], {16}
87804534:	80008410 	andhi	r8, r0, r0, lsl r4
87804538:	84108000 	ldrhi	r8, [r0], #-0
8780453c:	0410fc1f 	ldreq	pc, [r0], #-3103	@ 0xfffff3e1
87804540:	04100000 	ldreq	r0, [r0], #-0
87804544:	fc1f0410 	ldc2	4, cr0, [pc], {16}
87804548:	04100410 	ldreq	r0, [r0], #-1040	@ 0xfffffbf0
8780454c:	00000000 	andeq	r0, r0, r0
87804550:	01000300 	mrseq	r0, LR_irq
87804554:	01100110 	tsteq	r0, r0, lsl r1
87804558:	0010fe1f 	andseq	pc, r0, pc, lsl lr	@ <UNPREDICTABLE>
8780455c:	00000010 	andeq	r0, r0, r0, lsl r0
87804560:	fc1f0410 	ldc2	4, cr0, [pc], {16}
87804564:	80030411 	andhi	r0, r3, r1, lsl r4
87804568:	1c186414 	ldcne	4, cr6, [r8], {20}
8780456c:	00000410 	andeq	r0, r0, r0, lsl r4
87804570:	fc1f0410 	ldc2	4, cr0, [pc], {16}
87804574:	04000410 	streq	r0, [r0], #-1040	@ 0xfffffbf0
87804578:	04000400 	streq	r0, [r0], #-1024	@ 0xfffffc00
8780457c:	00000c00 	andeq	r0, r0, r0, lsl #24
87804580:	fc1f0410 	ldc2	4, cr0, [pc], {16}
87804584:	fc00001f 	stc2	0, cr0, [r0], {31}
87804588:	fc1f001f 	ldc2	0, cr0, [pc], {31}
8780458c:	00000410 	andeq	r0, r0, r0, lsl r4
87804590:	fc1f0410 	ldc2	4, cr0, [pc], {16}
87804594:	0003040c 	andeq	r0, r3, ip, lsl #8
87804598:	1810e000 	ldmdane	r0, {sp, lr, pc}
8780459c:	0010fc1f 	andseq	pc, r0, pc, lsl ip	@ <UNPREDICTABLE>
878045a0:	0808f007 	stmdaeq	r8, {r0, r1, r2, ip, sp, lr, pc}
878045a4:	04100410 	ldreq	r0, [r0], #-1040	@ 0xfffffbf0
878045a8:	08080410 	stmdaeq	r8, {r4, sl}
878045ac:	0000f007 	andeq	pc, r0, r7
878045b0:	fc1f0410 	ldc2	4, cr0, [pc], {16}
878045b4:	80108410 	andshi	r8, r0, r0, lsl r4
878045b8:	80108010 	andshi	r8, r0, r0, lsl r0
878045bc:	0000000f 	andeq	r0, r0, pc
878045c0:	1808f007 	stmdane	r8, {r0, r1, r2, ip, sp, lr, pc}
878045c4:	24102410 	ldrcs	r2, [r0], #-1040	@ 0xfffffbf0
878045c8:	0a081c10 	beq	87a0b610 <__bss_end+0x202244>
878045cc:	0000f207 	andeq	pc, r0, r7, lsl #4
878045d0:	fc1f0410 	ldc2	4, cr0, [pc], {16}
878045d4:	00110411 	andseq	r0, r1, r1, lsl r4
878045d8:	3011c011 	andscc	ip, r1, r1, lsl r0
878045dc:	04000c0e 	streq	r0, [r0], #-3086	@ 0xfffff3f2
878045e0:	1c0e0000 	stcne	0, cr0, [lr], {-0}
878045e4:	84100411 	ldrhi	r0, [r0], #-1041	@ 0xfffffbef
878045e8:	44108410 	ldrmi	r8, [r0], #-1040	@ 0xfffffbf0
878045ec:	0000381c 	andeq	r3, r0, ip, lsl r8
878045f0:	00100018 	andseq	r0, r0, r8, lsl r0
878045f4:	fc1f0410 	ldc2	4, cr0, [pc], {16}
878045f8:	00100410 	andseq	r0, r0, r0, lsl r4
878045fc:	00000018 	andeq	r0, r0, r8, lsl r0
87804600:	f81f0010 			@ <UNDEFINED> instruction: 0xf81f0010
87804604:	04000410 	streq	r0, [r0], #-1040	@ 0xfffffbf0
87804608:	04100400 	ldreq	r0, [r0], #-1024	@ 0xfffffc00
8780460c:	0010f81f 	andseq	pc, r0, pc, lsl r8	@ <UNPREDICTABLE>
87804610:	001e0010 	andseq	r0, lr, r0, lsl r0
87804614:	1c00e011 	stcne	0, cr14, [r0], {17}
87804618:	80137000 	andshi	r7, r3, r0
8780461c:	0010001c 	andseq	r0, r0, ip, lsl r0
87804620:	3c10c01f 	ldccc	0, cr12, [r0], {31}
87804624:	001fe000 	andseq	lr, pc, r0
87804628:	3c10e000 	ldccc	0, cr14, [r0], {-0}
8780462c:	0000c01f 	andeq	ip, r0, pc, lsl r0
87804630:	0c180410 	ldceq	4, cr0, [r8], {16}
87804634:	c0013416 	andgt	r3, r1, r6, lsl r4
87804638:	3416c001 	ldrcc	ip, [r6], #-1
8780463c:	04100c18 	ldreq	r0, [r0], #-3096	@ 0xfffff3e8
87804640:	001c0010 	andseq	r0, ip, r0, lsl r0
87804644:	fc000413 	stc2	4, cr0, [r0], {19}
87804648:	001c0413 	andseq	r0, ip, r3, lsl r4
8780464c:	00000010 	andeq	r0, r0, r0, lsl r0
87804650:	1c100408 	ldcne	4, cr0, [r0], {8}
87804654:	84106410 	ldrhi	r6, [r0], #-1040	@ 0xfffffbf0
87804658:	041c0413 	ldreq	r0, [ip], #-1043	@ 0xfffffbed
8780465c:	00001810 	andeq	r1, r0, r0, lsl r8
87804660:	00000000 	andeq	r0, r0, r0
87804664:	fe7f0000 	cdp2	0, 7, cr0, cr15, cr0, {0}
87804668:	02400240 	subeq	r0, r0, #64, 4
8780466c:	00000240 	andeq	r0, r0, r0, asr #4
87804670:	00300000 	eorseq	r0, r0, r0
87804674:	8003000c 	andhi	r0, r3, ip
87804678:	1c006000 	stcne	0, cr6, [r0], {-0}
8780467c:	00000300 	andeq	r0, r0, r0, lsl #6
87804680:	02400000 	subeq	r0, r0, #0
87804684:	02400240 	subeq	r0, r0, #64, 4
87804688:	0000fe7f 	andeq	pc, r0, pc, ror lr	@ <UNPREDICTABLE>
	...
87804694:	00400020 	subeq	r0, r0, r0, lsr #32
87804698:	00400040 	subeq	r0, r0, r0, asr #32
8780469c:	00000020 	andeq	r0, r0, r0, lsr #32
878046a0:	01000100 	mrseq	r0, (UNDEF: 16)
878046a4:	01000100 	mrseq	r0, (UNDEF: 16)
878046a8:	01000100 	mrseq	r0, (UNDEF: 16)
878046ac:	01000100 	mrseq	r0, (UNDEF: 16)
878046b0:	00400000 	subeq	r0, r0, r0
878046b4:	00200040 	eoreq	r0, r0, r0, asr #32
	...
878046c0:	98000000 	stmdals	r0, {}	@ <UNPREDICTABLE>
878046c4:	44012401 	strmi	r2, [r1], #-1025	@ 0xfffffbff
878046c8:	44014401 	strmi	r4, [r1], #-1025	@ 0xfffffbff
878046cc:	0400fc00 	streq	pc, [r0], #-3072	@ 0xfffff400
878046d0:	fc1f0010 	ldc2	0, cr0, [pc], {16}
878046d4:	04018800 	streq	r8, [r1], #-2048	@ 0xfffff800
878046d8:	88000401 	stmdahi	r0, {r0, sl}
878046dc:	00007000 	andeq	r7, r0, r0
878046e0:	70000000 	andvc	r0, r0, r0
878046e4:	04018800 	streq	r8, [r1], #-2048	@ 0xfffff800
878046e8:	04010401 	streq	r0, [r1], #-1025	@ 0xfffffbff
878046ec:	00008800 	andeq	r8, r0, r0, lsl #16
878046f0:	70000000 	andvc	r0, r0, r0
878046f4:	04018800 	streq	r8, [r1], #-2048	@ 0xfffff800
878046f8:	08110401 	ldmdaeq	r1, {r0, sl}
878046fc:	0400fc1f 	streq	pc, [r0], #-3103	@ 0xfffff3e1
87804700:	f8000000 			@ <UNDEFINED> instruction: 0xf8000000
87804704:	44014401 	strmi	r4, [r1], #-1025	@ 0xfffffbff
87804708:	44014401 	strmi	r4, [r1], #-1025	@ 0xfffffbff
8780470c:	0000c800 	andeq	ip, r0, r0, lsl #16
87804710:	04010000 	streq	r0, [r1], #-0
87804714:	fc0f0401 	stc2	4, cr0, [pc], {1}
87804718:	04110411 	ldreq	r0, [r1], #-1041	@ 0xfffffbef
8780471c:	00180011 	andseq	r0, r8, r1, lsl r0
87804720:	d6000000 	strle	r0, [r0], -r0
87804724:	29012901 	stmdbcs	r1, {r0, r8, fp, sp}
87804728:	c9012901 	stmdbgt	r1, {r0, r8, fp, sp}
8780472c:	00000601 	andeq	r0, r0, r1, lsl #12
87804730:	fc1f0410 	ldc2	4, cr0, [pc], {16}
87804734:	00018400 	andeq	r8, r1, r0, lsl #8
87804738:	04010001 	streq	r0, [r1], #-1
8780473c:	0400fc00 	streq	pc, [r0], #-3072	@ 0xfffff400
87804740:	04010000 	streq	r0, [r1], #-0
87804744:	fc190419 	ldc2	4, cr0, [r9], {25}
87804748:	04000400 	streq	r0, [r0], #-1024	@ 0xfffffc00
8780474c:	00000000 	andeq	r0, r0, r0
87804750:	03000000 	movweq	r0, #0
87804754:	01010100 	mrseq	r0, (UNDEF: 17)
87804758:	fe190119 	mrc2	1, 0, r0, cr9, cr9, {0}
8780475c:	00000000 	andeq	r0, r0, r0
87804760:	fc1f0410 	ldc2	4, cr0, [pc], {16}
87804764:	40002400 	andmi	r2, r0, r0, lsl #8
87804768:	0c01b401 	stceq	4, cr11, [r1], {1}
8780476c:	00000401 	andeq	r0, r0, r1, lsl #8
87804770:	04100000 	ldreq	r0, [r0], #-0
87804774:	fc1f0410 	ldc2	4, cr0, [pc], {16}
87804778:	04000400 	streq	r0, [r0], #-1024	@ 0xfffffc00
8780477c:	00000000 	andeq	r0, r0, r0
87804780:	fc010401 	stc2	4, cr0, [r1], {1}
87804784:	00010401 	andeq	r0, r1, r1, lsl #8
87804788:	0401fc01 	streq	pc, [r1], #-3073	@ 0xfffff3ff
8780478c:	fc000001 	stc2	0, cr0, [r0], {1}
87804790:	fc010401 	stc2	4, cr0, [r1], {1}
87804794:	00018400 	andeq	r8, r1, r0, lsl #8
87804798:	04010001 	streq	r0, [r1], #-1
8780479c:	0400fc00 	streq	pc, [r0], #-3072	@ 0xfffff400
878047a0:	f8000000 			@ <UNDEFINED> instruction: 0xf8000000
878047a4:	04010401 	streq	r0, [r1], #-1025	@ 0xfffffbff
878047a8:	04010401 	streq	r0, [r1], #-1025	@ 0xfffffbff
878047ac:	0000f800 	andeq	pc, r0, r0, lsl #16
878047b0:	ff010101 			@ <UNDEFINED> instruction: 0xff010101
878047b4:	04018500 	streq	r8, [r1], #-1280	@ 0xfffffb00
878047b8:	88000401 	stmdahi	r0, {r0, sl}
878047bc:	00007000 	andeq	r7, r0, r0
878047c0:	70000000 	andvc	r0, r0, r0
878047c4:	04018800 	streq	r8, [r1], #-2048	@ 0xfffff800
878047c8:	05010401 	streq	r0, [r1, #-1025]	@ 0xfffffbff
878047cc:	0100ff01 	tstpeq	r0, r1, lsl #30	@ p-variant is OBSOLETE
878047d0:	04010401 	streq	r0, [r1], #-1025	@ 0xfffffbff
878047d4:	8400fc01 	strhi	pc, [r0], #-3073	@ 0xfffff3ff
878047d8:	00010401 	andeq	r0, r1, r1, lsl #8
878047dc:	00008001 	andeq	r8, r0, r1
878047e0:	cc000000 	stcgt	0, cr0, [r0], {-0}
878047e4:	24012401 	strcs	r2, [r1], #-1025	@ 0xfffffbff
878047e8:	24012401 	strcs	r2, [r1], #-1025	@ 0xfffffbff
878047ec:	00009801 	andeq	r9, r0, r1, lsl #16
878047f0:	00010000 	andeq	r0, r1, r0
878047f4:	f8070001 			@ <UNDEFINED> instruction: 0xf8070001
878047f8:	04010401 	streq	r0, [r1], #-1025	@ 0xfffffbff
878047fc:	00000000 	andeq	r0, r0, r0
87804800:	f8010001 			@ <UNDEFINED> instruction: 0xf8010001
87804804:	04000400 	streq	r0, [r0], #-1024	@ 0xfffffc00
87804808:	08010400 	stmdaeq	r1, {sl}
8780480c:	0400fc01 	streq	pc, [r0], #-3073	@ 0xfffff3ff
87804810:	80010001 	andhi	r0, r1, r1
87804814:	0c007001 	stceq	0, cr7, [r0], {1}
87804818:	60011000 	andvs	r1, r1, r0
8780481c:	00018001 	andeq	r8, r1, r1
87804820:	0c01f001 	stceq	0, cr15, [r1], {1}
87804824:	c0013000 	andgt	r3, r1, r0
87804828:	0c013000 	stceq	0, cr3, [r1], {-0}
8780482c:	0001f001 	andeq	pc, r1, r1
87804830:	04010000 	streq	r0, [r1], #-0
87804834:	74008c01 	strvc	r8, [r0], #-3073	@ 0xfffff3ff
87804838:	8c017001 	stchi	0, cr7, [r1], {1}
8780483c:	00000401 	andeq	r0, r0, r1, lsl #8
87804840:	81010101 	tsthi	r1, r1, lsl #2
87804844:	0e007101 	cdpeq	1, 0, cr7, cr0, cr1, {0}
87804848:	60011800 	andvs	r1, r1, r0, lsl #16
8780484c:	00018001 	andeq	r8, r1, r1
87804850:	84010000 	strhi	r0, [r1], #-0
87804854:	34010c01 	strcc	r0, [r1], #-3073	@ 0xfffff3ff
87804858:	84014401 	strhi	r4, [r1], #-1025	@ 0xfffffbff
8780485c:	00000c01 	andeq	r0, r0, r1, lsl #24
	...
87804868:	fc3e0001 	ldc2	0, cr0, [lr], #-4
8780486c:	02400240 	subeq	r0, r0, #64, 4
	...
87804878:	0000ffff 	strdeq	pc, [r0], -pc	@ <UNPREDICTABLE>
8780487c:	00000000 	andeq	r0, r0, r0
87804880:	02400000 	subeq	r0, r0, #0
87804884:	fc3e0240 	ldc2	2, cr0, [lr], #-256	@ 0xffffff00
87804888:	00000001 	andeq	r0, r0, r1
8780488c:	00000000 	andeq	r0, r0, r0
87804890:	00600000 	rsbeq	r0, r0, r0
87804894:	00800080 	addeq	r0, r0, r0, lsl #1
87804898:	00400040 	subeq	r0, r0, r0, asr #32
8780489c:	00200020 	eoreq	r0, r0, r0, lsr #32

878048a0 <asc2_2412>:
	...
878048d0:	0f000000 	svceq	0x00000000
878048d4:	fe0f3880 	vcmla.f16	d3, d31, d0[0], #0
878048d8:	38800f38 	stmcc	r0, {r3, r4, r5, r8, r9, sl, fp}
	...
878048ec:	00010000 	andeq	r0, r1, r0
878048f0:	00000600 	andeq	r0, r0, r0, lsl #12
878048f4:	3800000c 	stmdacc	r0, {r2, r3}
878048f8:	00310000 	eorseq	r0, r1, r0
878048fc:	00000600 	andeq	r0, r0, r0, lsl #12
87804900:	3800000c 	stmdacc	r0, {r2, r3}
87804904:	00300000 	eorseq	r0, r0, r0
	...
87804910:	67008061 	strvs	r8, [r0, -r1, rrx]
87804914:	80f907f8 	ldrshthi	r0, [r9], #120	@ 0x78
87804918:	00806100 	addeq	r6, r0, r0, lsl #2
8780491c:	61008061 	tstvs	r0, r1, rrx
87804920:	80610080 	rsbhi	r0, r1, r0, lsl #1
87804924:	07f86700 	ldrbeq	r6, [r8, r0, lsl #14]!
87804928:	610080f9 	strdvs	r8, [r0, -r9]
8780492c:	00000080 	andeq	r0, r0, r0, lsl #1
87804930:	00000000 	andeq	r0, r0, r0
87804934:	c0010000 	andgt	r0, r1, r0
87804938:	f0e003e0 			@ <UNDEFINED> instruction: 0xf0e003e0
8780493c:	04083006 	streq	r3, [r8], #-6
87804940:	ff1f0818 			@ <UNDEFINED> instruction: 0xff1f0818
87804944:	080e04fe 	stmdaeq	lr, {r1, r2, r3, r4, r5, r6, r7, sl}
87804948:	03f08707 	mvnseq	r8, #1835008	@ 0x1c0000
8780494c:	0000e081 	andeq	lr, r0, r1, lsl #1
87804950:	00000000 	andeq	r0, r0, r0
87804954:	0600f001 	streq	pc, [r0], -r1
87804958:	0404000c 	streq	r0, [r4], #-12
8780495c:	700c0608 	andvc	r0, ip, r8, lsl #12
87804960:	00c0f901 	sbceq	pc, r0, r1, lsl #18
87804964:	3b00000e 	blcc	878049a4 <asc2_2412+0x104>
87804968:	18ec00e0 	stmiane	ip!, {r5, r6, r7}^
8780496c:	04080807 	streq	r0, [r8], #-2055	@ 0xfffff7f9
87804970:	0300180c 	movweq	r1, #2060	@ 0x80c
87804974:	000000e0 	andeq	r0, r0, r0, ror #1
87804978:	00e00100 	rsceq	r0, r0, r0, lsl #2
8780497c:	f803f007 			@ <UNDEFINED> instruction: 0xf803f007
87804980:	081c0418 	ldmdaeq	ip, {r3, r4, sl}
87804984:	07081704 	streq	r1, [r8, -r4, lsl #14]
87804988:	c003d0e1 	andgt	sp, r3, r1, ror #1
8780498c:	b02300e0 	eorlt	r0, r3, r0, ror #1
87804990:	00083c00 	andeq	r3, r8, r0, lsl #24
87804994:	00000820 	andeq	r0, r0, r0, lsr #16
87804998:	00000010 	andeq	r0, r0, r0, lsl r0
8780499c:	01000000 	mrseq	r0, (UNDEF: 0)
878049a0:	00310000 	eorseq	r0, r1, r0
878049a4:	00003200 	andeq	r3, r0, r0, lsl #4
878049a8:	0000001c 	andeq	r0, r0, ip, lsl r0
	...
878049d0:	ff01007f 			@ <UNDEFINED> instruction: 0xff01007f
878049d4:	f08007c0 			@ <UNDEFINED> instruction: 0xf08007c0
878049d8:	1018000c 	andsne	r0, r8, ip
878049dc:	00200400 	eoreq	r0, r0, r0, lsl #8
878049e0:	00000002 	andeq	r0, r0, r2
878049e4:	20000000 	andcs	r0, r0, r0
878049e8:	00100200 	andseq	r0, r0, r0, lsl #4
878049ec:	18000c04 	stmdane	r0, {r2, sl, fp}
878049f0:	01f08007 	mvnseq	r8, r7
878049f4:	7f00c0ff 	svcvc	0x0000c0ff
	...
87804a0c:	66000042 	strvs	r0, [r0], -r2, asr #32
87804a10:	00660000 	rsbeq	r0, r6, r0
87804a14:	00003c00 	andeq	r3, r0, r0, lsl #24
87804a18:	ff030018 			@ <UNDEFINED> instruction: 0xff030018
87804a1c:	001800c0 	andseq	r0, r8, r0, asr #1
87804a20:	00003c00 	andeq	r3, r0, r0, lsl #24
87804a24:	66000066 	strvs	r0, [r0], -r6, rrx
87804a28:	00420000 	subeq	r0, r2, r0
87804a2c:	00000000 	andeq	r0, r0, r0
87804a30:	08000008 	stmdaeq	r0, {r3}
87804a34:	00080000 	andeq	r0, r8, r0
87804a38:	00000800 	andeq	r0, r0, r0, lsl #16
87804a3c:	ff010008 			@ <UNDEFINED> instruction: 0xff010008
87804a40:	000800c0 	andeq	r0, r8, r0, asr #1
87804a44:	00000800 	andeq	r0, r0, r0, lsl #16
87804a48:	08000008 	stmdaeq	r0, {r3}
87804a4c:	00080000 	andeq	r0, r8, r0
87804a50:	00000000 	andeq	r0, r0, r0
87804a54:	00000100 	andeq	r0, r0, r0, lsl #2
87804a58:	32000031 	andcc	r0, r0, #49	@ 0x31
87804a5c:	001c0000 	andseq	r0, ip, r0
	...
87804a78:	08000008 	stmdaeq	r0, {r3}
87804a7c:	00080000 	andeq	r0, r8, r0
87804a80:	00000800 	andeq	r0, r0, r0, lsl #16
87804a84:	08000008 	stmdaeq	r0, {r3}
87804a88:	00080000 	andeq	r0, r8, r0
87804a8c:	00000800 	andeq	r0, r0, r0, lsl #16
87804a90:	08000008 	stmdaeq	r0, {r3}
	...
87804aa0:	38000038 	stmdacc	r0, {r3, r4, r5}
87804aa4:	00380000 	eorseq	r0, r8, r0
	...
87804ac0:	00000600 	andeq	r0, r0, r0, lsl #12
87804ac4:	7000001c 	andvc	r0, r0, ip, lsl r0
87804ac8:	00800100 	addeq	r0, r0, r0, lsl #2
87804acc:	3800000e 	stmdacc	r0, {r1, r2, r3}
87804ad0:	00c00000 	sbceq	r0, r0, r0
87804ad4:	1c000007 	stcne	0, cr0, [r0], {7}
87804ad8:	00300000 	eorseq	r0, r0, r0
	...
87804ae4:	ff01807f 			@ <UNDEFINED> instruction: 0xff01807f
87804ae8:	708003e0 	addvc	r0, r0, r0, ror #7
87804aec:	04180006 	ldreq	r0, [r8], #-6
87804af0:	00040800 	andeq	r0, r4, r0, lsl #16
87804af4:	18000608 	stmdane	r0, {r3, r9, sl}
87804af8:	01708003 	cmneq	r0, r3
87804afc:	7f00e0ff 	svcvc	0x0000e0ff
87804b00:	00000080 	andeq	r0, r0, r0, lsl #1
87804b04:	00000000 	andeq	r0, r0, r0
87804b08:	00010000 	andeq	r0, r1, r0
87804b0c:	08000108 	stmdaeq	r0, {r3, r8}
87804b10:	03080001 	movweq	r0, #32769	@ 0x8001
87804b14:	ff07f8ff 			@ <UNDEFINED> instruction: 0xff07f8ff
87804b18:	080000f8 	stmdaeq	r0, {r3, r4, r5, r6, r7}
87804b1c:	00080000 	andeq	r0, r8, r0
87804b20:	00000800 	andeq	r0, r0, r0, lsl #16
87804b24:	00000000 	andeq	r0, r0, r0
87804b28:	01000000 	mrseq	r0, (UNDEF: 0)
87804b2c:	c00238c0 	andgt	r3, r2, r0, asr #17
87804b30:	98000458 	stmdals	r0, {r3, r4, r6, sl}
87804b34:	04180104 	ldreq	r0, [r8], #-260	@ 0xfffffefc
87804b38:	04041802 	streq	r1, [r4], #-2050	@ 0xfffff7fe
87804b3c:	181c0618 	ldmdane	ip, {r3, r4, r9, sl}
87804b40:	0118f803 	tstpeq	r8, r3, lsl #16	@ p-variant is OBSOLETE
87804b44:	0000f8e0 	andeq	pc, r0, r0, ror #17
87804b48:	00000000 	andeq	r0, r0, r0
87804b4c:	01000000 	mrseq	r0, (UNDEF: 0)
87804b50:	c003e0c0 	andgt	lr, r3, r0, asr #1
87804b54:	080004f0 	stmdaeq	r0, {r4, r5, r6, r7, sl}
87804b58:	04080804 	streq	r0, [r8], #-2052	@ 0xfffff7fc
87804b5c:	18060808 	stmdane	r6, {r3, fp}
87804b60:	18f40308 	ldmne	r4!, {r3, r8, r9}^
87804b64:	00f0e701 	rscseq	lr, r0, r1, lsl #14
87804b68:	0000e001 	andeq	lr, r0, r1
	...
87804b74:	0d000003 	stceq	0, cr0, [r0, #-12]
87804b78:	00110000 	andseq	r0, r1, r0
87804b7c:	00006100 	andeq	r6, r0, r0, lsl #2
87804b80:	01030881 	smlabbeq	r3, r1, r8, r0
87804b84:	f8ff0708 			@ <UNDEFINED> instruction: 0xf8ff0708
87804b88:	00f8ff0f 	rscseq	pc, r8, pc, lsl #30
87804b8c:	01000801 	tsteq	r0, r1, lsl #16
87804b90:	00000008 	andeq	r0, r0, r8
87804b94:	00000000 	andeq	r0, r0, r0
87804b98:	fc07e000 	stc2	0, cr14, [r7], {-0}
87804b9c:	080806d0 	stmdaeq	r8, {r4, r6, r7, r9, sl}
87804ba0:	06081006 	streq	r1, [r8], -r6
87804ba4:	10060810 	andne	r0, r6, r0, lsl r8
87804ba8:	38180608 	ldmdacc	r8, {r3, r9, sl}
87804bac:	06f00f06 	ldrbteq	r0, [r0], r6, lsl #30
87804bb0:	0000c007 	andeq	ip, r0, r7
	...
87804bbc:	ff01803f 			@ <UNDEFINED> instruction: 0xff01803f
87804bc0:	308403e0 	addcc	r0, r4, r0, ror #7
87804bc4:	04180802 	ldreq	r0, [r8], #-2050	@ 0xfffff7fe
87804bc8:	10040810 	andne	r0, r4, r0, lsl r8
87804bcc:	08100408 	ldmdaeq	r0, {r3, sl}
87804bd0:	03101807 	tsteq	r0, #458752	@ 0x70000
87804bd4:	0700f00f 	streq	pc, [r0, -pc]
87804bd8:	000000c0 	andeq	r0, r0, r0, asr #1
87804bdc:	00000000 	andeq	r0, r0, r0
87804be0:	c0030000 	andgt	r0, r3, r0
87804be4:	00000700 	andeq	r0, r0, r0, lsl #14
87804be8:	06000006 	streq	r0, [r0], -r6
87804bec:	0706f800 	streq	pc, [r6, -r0, lsl #16]
87804bf0:	001806f8 			@ <UNDEFINED> instruction: 0x001806f8
87804bf4:	0700e006 	streq	lr, [r0, -r6]
87804bf8:	00060000 	andeq	r0, r6, r0
87804bfc:	00000000 	andeq	r0, r0, r0
87804c00:	01000000 	mrseq	r0, (UNDEF: 0)
87804c04:	f703e0e1 			@ <UNDEFINED> instruction: 0xf703e0e1
87804c08:	103406f0 	ldrshtne	r0, [r4], -r0
87804c0c:	04081804 	streq	r1, [r8], #-2052	@ 0xfffff7fc
87804c10:	0c040818 	stceq	8, cr0, [r4], {24}
87804c14:	080c0408 	stmdaeq	ip, {r3, sl}
87804c18:	03181606 	tsteq	r8, #6291456	@ 0x600000
87804c1c:	c101f0f3 	strdgt	pc, [r1, -r3]
87804c20:	000000e0 	andeq	r0, r0, r0, ror #1
87804c24:	00000000 	andeq	r0, r0, r0
87804c28:	fc0300f8 	stc2	0, cr0, [r3], {248}	@ 0xf8
87804c2c:	38060330 	stmdacc	r6, {r4, r5, r8, r9}
87804c30:	04080204 	streq	r0, [r8], #-516	@ 0xfffffdfc
87804c34:	02040802 	andeq	r0, r4, #131072	@ 0x20000
87804c38:	10040408 	andne	r0, r4, r8, lsl #8
87804c3c:	01f00803 	mvnseq	r0, r3, lsl #16
87804c40:	7f00c0ff 	svcvc	0x0000c0ff
	...
87804c58:	70003870 	andvc	r3, r0, r0, ror r8
87804c5c:	38700038 	ldmdacc	r0!, {r3, r4, r5}^
	...
87804c7c:	30001a30 	andcc	r1, r0, r0, lsr sl
87804c80:	0000001c 	andeq	r0, r0, ip, lsl r0
	...
87804c94:	08000000 	stmdaeq	r0, {}	@ <UNPREDICTABLE>
87804c98:	00140000 	andseq	r0, r4, r0
87804c9c:	00002200 	andeq	r2, r0, r0, lsl #4
87804ca0:	80000041 	andhi	r0, r0, r1, asr #32
87804ca4:	40000180 	andmi	r0, r0, r0, lsl #3
87804ca8:	04200002 	strteq	r0, [r0], #-2
87804cac:	00081000 	andeq	r1, r8, r0
87804cb0:	00000008 	andeq	r0, r0, r8
87804cb4:	00000000 	andeq	r0, r0, r0
87804cb8:	21000021 	tstcs	r0, r1, lsr #32
87804cbc:	00210000 	eoreq	r0, r1, r0
87804cc0:	00002100 	andeq	r2, r0, r0, lsl #2
87804cc4:	21000021 	tstcs	r0, r1, lsr #32
87804cc8:	00210000 	eoreq	r0, r1, r0
87804ccc:	00002100 	andeq	r2, r0, r0, lsl #2
87804cd0:	21000021 	tstcs	r0, r1, lsr #32
	...
87804cdc:	00080000 	andeq	r0, r8, r0
87804ce0:	10000408 	andne	r0, r0, r8, lsl #8
87804ce4:	01200002 			@ <UNDEFINED> instruction: 0x01200002
87804ce8:	80004000 	andhi	r4, r0, r0
87804cec:	00410080 	subeq	r0, r1, r0, lsl #1
87804cf0:	00002200 	andeq	r2, r0, r0, lsl #4
87804cf4:	08000014 	stmdaeq	r0, {r2, r4}
87804cf8:	00000000 	andeq	r0, r0, r0
87804cfc:	03000000 	movweq	r0, #0
87804d00:	c00400c0 	andgt	r0, r4, r0, asr #1
87804d04:	00000400 	andeq	r0, r0, r0, lsl #8
87804d08:	08380008 	ldmdaeq	r8!, {r3}
87804d0c:	0808380f 	stmdaeq	r8, {r0, r1, r2, r3, fp, ip, sp}
87804d10:	00100838 	andseq	r0, r0, r8, lsr r8
87804d14:	0700300c 	streq	r3, [r0, -ip]
87804d18:	c00300e0 	andgt	r0, r3, r0, ror #1
	...
87804d24:	ff00803f 			@ <UNDEFINED> instruction: 0xff00803f
87804d28:	708003e0 	addvc	r0, r0, r0, ror #7
87804d2c:	06100f02 	ldreq	r0, [r0], -r2, lsl #30
87804d30:	c0048870 	andgt	r8, r4, r0, ror r8
87804d34:	08830488 	stmeq	r3, {r3, r7, sl}
87804d38:	02887f04 	addeq	r7, r8, #4, 30
87804d3c:	010390c0 	smlabteq	r3, r0, r0, r9
87804d40:	40fe0020 	rscsmi	r0, lr, r0, lsr #32
87804d44:	00080000 	andeq	r0, r8, r0
87804d48:	01001800 	tsteq	r0, r0, lsl #16
87804d4c:	083e00f8 	ldmdaeq	lr!, {r3, r4, r5, r6, r7}
87804d50:	0700c201 	streq	ip, [r0, -r1, lsl #4]
87804d54:	e2070002 	and	r0, r7, #2
87804d58:	00fe0000 	rscseq	r0, lr, r0
87804d5c:	00c81f00 	sbceq	r1, r8, r0, lsl #30
87804d60:	0000f801 	andeq	pc, r0, r1, lsl #16
87804d64:	08000038 	stmdaeq	r0, {r3, r4, r5}
87804d68:	07080004 	streq	r0, [r8, -r4]
87804d6c:	ff07f8ff 			@ <UNDEFINED> instruction: 0xff07f8ff
87804d70:	080804f8 	stmdaeq	r8, {r3, r4, r5, r6, r7, sl}
87804d74:	04080804 	streq	r0, [r8], #-2052	@ 0xfffff7fc
87804d78:	08040808 	stmdaeq	r4, {r3, fp}
87804d7c:	08180608 	ldmdaeq	r8, {r3, r9, sl}
87804d80:	0118f403 	tstpeq	r8, r3, lsl #8	@ p-variant is OBSOLETE
87804d84:	0100f0e7 	smlatteq	r0, r7, r0, pc	@ <UNPREDICTABLE>
87804d88:	000000e0 	andeq	r0, r0, r0, ror #1
87804d8c:	00000000 	andeq	r0, r0, r0
87804d90:	ff01803f 			@ <UNDEFINED> instruction: 0xff01803f
87804d94:	708003e0 	addvc	r0, r0, r0, ror #7
87804d98:	04180002 	ldreq	r0, [r8], #-2
87804d9c:	00040800 	andeq	r0, r4, r0, lsl #16
87804da0:	08000408 	stmdaeq	r0, {r3, sl}
87804da4:	06100004 	ldreq	r0, [r0], -r4
87804da8:	80072000 	andhi	r2, r7, r0
87804dac:	000000c0 	andeq	r0, r0, r0, asr #1
87804db0:	07080004 	streq	r0, [r8, -r4]
87804db4:	ff07f8ff 			@ <UNDEFINED> instruction: 0xff07f8ff
87804db8:	080004f8 	stmdaeq	r0, {r3, r4, r5, r6, r7, sl}
87804dbc:	04080004 	streq	r0, [r8], #-4
87804dc0:	00040800 	andeq	r0, r4, r0, lsl #16
87804dc4:	10000218 	andne	r0, r0, r8, lsl r2
87804dc8:	01708003 	cmneq	r0, r3
87804dcc:	7f00e0ff 	svcvc	0x0000e0ff
87804dd0:	00000080 	andeq	r0, r0, r0, lsl #1
87804dd4:	07080004 	streq	r0, [r8, -r4]
87804dd8:	ff07f8ff 			@ <UNDEFINED> instruction: 0xff07f8ff
87804ddc:	080804f8 	stmdaeq	r8, {r3, r4, r5, r6, r7, sl}
87804de0:	04080804 	streq	r0, [r8], #-2052	@ 0xfffff7fc
87804de4:	08040808 	stmdaeq	r4, {r3, fp}
87804de8:	083e0408 	ldmdaeq	lr!, {r3, sl}
87804dec:	06080004 	streq	r0, [r8], -r4
87804df0:	00011800 	andeq	r1, r1, r0, lsl #16
87804df4:	00000060 	andeq	r0, r0, r0, rrx
87804df8:	07080004 	streq	r0, [r8, -r4]
87804dfc:	ff07f8ff 			@ <UNDEFINED> instruction: 0xff07f8ff
87804e00:	080804f8 	stmdaeq	r8, {r3, r4, r5, r6, r7, sl}
87804e04:	04000804 	streq	r0, [r0], #-2052	@ 0xfffff7fc
87804e08:	08040008 	stmdaeq	r4, {r3}
87804e0c:	003e0400 	eorseq	r0, lr, r0, lsl #8
87804e10:	06000006 	streq	r0, [r0], -r6
87804e14:	80010000 	andhi	r0, r1, r0
	...
87804e20:	ff01803f 			@ <UNDEFINED> instruction: 0xff01803f
87804e24:	708003e0 	addvc	r0, r0, r0, ror #7
87804e28:	04180006 	ldreq	r0, [r8], #-6
87804e2c:	02040800 	andeq	r0, r4, #0, 16
87804e30:	08020408 	stmdaeq	r2, {r3, sl}
87804e34:	07f00302 	ldrbeq	r0, [r0, r2, lsl #6]!
87804e38:	0200f083 	andeq	pc, r0, #131	@ 0x83
87804e3c:	00020000 	andeq	r0, r2, r0
87804e40:	07080004 	streq	r0, [r8, -r4]
87804e44:	ff07f8ff 			@ <UNDEFINED> instruction: 0xff07f8ff
87804e48:	080804f8 	stmdaeq	r8, {r3, r4, r5, r6, r7, sl}
87804e4c:	00000800 	andeq	r0, r0, r0, lsl #16
87804e50:	08000008 	stmdaeq	r0, {r3}
87804e54:	00080000 	andeq	r0, r8, r0
87804e58:	07080804 	streq	r0, [r8, -r4, lsl #16]
87804e5c:	ff07f8ff 			@ <UNDEFINED> instruction: 0xff07f8ff
87804e60:	080004f8 	stmdaeq	r0, {r3, r4, r5, r6, r7, sl}
87804e64:	00000000 	andeq	r0, r0, r0
87804e68:	00040000 	andeq	r0, r4, r0
87804e6c:	08000408 	stmdaeq	r0, {r3, sl}
87804e70:	07080004 	streq	r0, [r8, -r4]
87804e74:	ff07f8ff 			@ <UNDEFINED> instruction: 0xff07f8ff
87804e78:	080004f8 	stmdaeq	r0, {r3, r4, r5, r6, r7, sl}
87804e7c:	04080004 	streq	r0, [r8], #-4
87804e80:	00000800 	andeq	r0, r0, r0, lsl #16
	...
87804e8c:	00000600 	andeq	r0, r0, r0, lsl #12
87804e90:	01000007 	tsteq	r0, r7
87804e94:	04010004 	streq	r0, [r1], #-4
87804e98:	00040100 	andeq	r0, r4, r0, lsl #2
87804e9c:	feff0703 	cdp2	7, 15, cr0, cr15, cr3, {0}
87804ea0:	04fcff07 	ldrbteq	pc, [ip], #3847	@ 0xf07	@ <UNPREDICTABLE>
87804ea4:	00040000 	andeq	r0, r4, r0
87804ea8:	00000400 	andeq	r0, r0, r0, lsl #8
87804eac:	07080004 	streq	r0, [r8, -r4]
87804eb0:	ff07f8ff 			@ <UNDEFINED> instruction: 0xff07f8ff
87804eb4:	080c04f8 	stmdaeq	ip, {r3, r4, r5, r6, r7, sl}
87804eb8:	00001800 	andeq	r1, r0, r0, lsl #16
87804ebc:	c704003e 	smladxgt	r4, lr, r0, r0
87804ec0:	c8030580 	stmdagt	r3, {r7, r8, sl}
87804ec4:	04f80006 	ldrbteq	r0, [r8], #6
87804ec8:	00043800 	andeq	r3, r4, r0, lsl #16
87804ecc:	08000018 	stmdaeq	r0, {r3, r4}
87804ed0:	07080004 	streq	r0, [r8, -r4]
87804ed4:	ff07f8ff 			@ <UNDEFINED> instruction: 0xff07f8ff
87804ed8:	080004f8 	stmdaeq	r0, {r3, r4, r5, r6, r7, sl}
87804edc:	00080000 	andeq	r0, r8, r0
87804ee0:	00000800 	andeq	r0, r0, r0, lsl #16
87804ee4:	08000008 	stmdaeq	r0, {r3}
87804ee8:	00080000 	andeq	r0, r8, r0
87804eec:	00001800 	andeq	r1, r0, r0, lsl #16
87804ef0:	00000060 	andeq	r0, r0, r0, rrx
87804ef4:	07080004 	streq	r0, [r8, -r4]
87804ef8:	8007f8ff 	strdhi	pc, [r7], -pc	@ <UNPREDICTABLE>
87804efc:	00fc0708 	rscseq	r0, ip, r8, lsl #14
87804f00:	00c07f00 	sbceq	r7, r0, r0, lsl #30
87804f04:	0700f803 	streq	pc, [r0, -r3, lsl #16]
87804f08:	007800c0 	rsbseq	r0, r8, r0, asr #1
87804f0c:	07088007 	streq	r8, [r8, -r7]
87804f10:	ff07f8ff 			@ <UNDEFINED> instruction: 0xff07f8ff
87804f14:	080004f8 	stmdaeq	r0, {r3, r4, r5, r6, r7, sl}
87804f18:	07080004 	streq	r0, [r8, -r4]
87804f1c:	0007f8ff 	strdeq	pc, [r7], -pc	@ <UNPREDICTABLE>
87804f20:	00c00308 	sbceq	r0, r0, r8, lsl #6
87804f24:	0000e000 	andeq	lr, r0, r0
87804f28:	1e000038 	mcrne	0, 0, r0, cr0, cr8, {1}
87804f2c:	00070000 	andeq	r0, r7, r0
87804f30:	04c00100 	strbeq	r0, [r0], #256	@ 0x100
87804f34:	ff07f000 			@ <UNDEFINED> instruction: 0xff07f000
87804f38:	000004f8 	strdeq	r0, [r0], -r8
87804f3c:	00000000 	andeq	r0, r0, r0
87804f40:	ff01807f 			@ <UNDEFINED> instruction: 0xff01807f
87804f44:	708003e0 	addvc	r0, r0, r0, ror #7
87804f48:	04180006 	ldreq	r0, [r8], #-6
87804f4c:	00040800 	andeq	r0, r4, r0, lsl #16
87804f50:	18000608 	stmdane	r0, {r3, r9, sl}
87804f54:	01300003 	teqeq	r0, r3
87804f58:	7f00e0ff 	svcvc	0x0000e0ff
87804f5c:	00000080 	andeq	r0, r0, r0, lsl #1
87804f60:	07080004 	streq	r0, [r8, -r4]
87804f64:	ff07f8ff 			@ <UNDEFINED> instruction: 0xff07f8ff
87804f68:	080404f8 	stmdaeq	r4, {r3, r4, r5, r6, r7, sl}
87804f6c:	04000404 	streq	r0, [r0], #-1028	@ 0xfffffbfc
87804f70:	04040004 	streq	r0, [r4], #-4
87804f74:	00040400 	andeq	r0, r4, r0, lsl #8
87804f78:	03000c06 	movweq	r0, #3078	@ 0xc06
87804f7c:	f00100f8 			@ <UNDEFINED> instruction: 0xf00100f8
	...
87804f88:	ff01807f 			@ <UNDEFINED> instruction: 0xff01807f
87804f8c:	708003e0 	addvc	r0, r0, r0, ror #7
87804f90:	04880006 	streq	r0, [r8], #6
87804f94:	00048800 	andeq	r8, r4, r0, lsl #16
87804f98:	3c0006c8 	stccc	6, cr0, [r0], {200}	@ 0xc8
87804f9c:	013e0003 	teqeq	lr, r3
87804fa0:	7f00e6ff 	svcvc	0x0000e6ff
87804fa4:	00000084 	andeq	r0, r0, r4, lsl #1
87804fa8:	07080004 	streq	r0, [r8, -r4]
87804fac:	ff07f8ff 			@ <UNDEFINED> instruction: 0xff07f8ff
87804fb0:	080804f8 	stmdaeq	r8, {r3, r4, r5, r6, r7, sl}
87804fb4:	04000804 	streq	r0, [r0], #-2052	@ 0xfffff7fc
87804fb8:	0f04000c 	svceq	0x0004000c
87804fbc:	c00b0400 	andgt	r0, fp, r0, lsl #8
87804fc0:	03f01006 	mvnseq	r1, #6
87804fc4:	e00138f0 	strd	r3, [r1], -r0
87804fc8:	08000008 	stmdaeq	r0, {r3}
87804fcc:	01000000 	mrseq	r0, (UNDEF: 0)
87804fd0:	f003f8e0 			@ <UNDEFINED> instruction: 0xf003f8e0
87804fd4:	10300630 	eorsne	r0, r0, r0, lsr r6
87804fd8:	04081804 	streq	r1, [r8], #-2052	@ 0xfffff7fc
87804fdc:	0c040818 	stceq	8, cr0, [r4], {24}
87804fe0:	080c0408 	stmdaeq	ip, {r3, sl}
87804fe4:	02180602 	andseq	r0, r8, #2097152	@ 0x200000
87804fe8:	8107f007 	tstphi	r7, r7	@ p-variant is OBSOLETE
87804fec:	000000e0 	andeq	r0, r0, r0, ror #1
87804ff0:	06008001 	streq	r8, [r0], -r1
87804ff4:	00040000 	andeq	r0, r4, r0
87804ff8:	00000400 	andeq	r0, r0, r0, lsl #8
87804ffc:	07080004 	streq	r0, [r8, -r4]
87805000:	ff07f8ff 			@ <UNDEFINED> instruction: 0xff07f8ff
87805004:	080004f8 	stmdaeq	r0, {r3, r4, r5, r6, r7, sl}
87805008:	04000004 	streq	r0, [r0], #-4
8780500c:	00060000 	andeq	r0, r6, r0
87805010:	00800100 	addeq	r0, r0, r0, lsl #2
87805014:	07000004 	streq	r0, [r0, -r4]
87805018:	ff07e0ff 			@ <UNDEFINED> instruction: 0xff07e0ff
8780501c:	180004f0 	stmdane	r0, {r4, r5, r6, r7, sl}
87805020:	00080000 	andeq	r0, r8, r0
87805024:	00000800 	andeq	r0, r0, r0, lsl #16
87805028:	08000008 	stmdaeq	r0, {r3}
8780502c:	04080000 	streq	r0, [r8], #-0
87805030:	ff071000 			@ <UNDEFINED> instruction: 0xff071000
87805034:	000004e0 	andeq	r0, r0, r0, ror #9
87805038:	06000004 	streq	r0, [r0], -r4
8780503c:	e0070000 	and	r0, r7, r0
87805040:	00fe0700 	rscseq	r0, lr, r0, lsl #14
87805044:	00e01f04 	rsceq	r1, r0, r4, lsl #30
87805048:	0000f801 	andeq	pc, r0, r1, lsl #16
8780504c:	e0010038 	and	r0, r1, r8, lsr r0
87805050:	07003e04 	streq	r3, [r0, -r4, lsl #28]
87805054:	000600c0 	andeq	r0, r6, r0, asr #1
87805058:	00000400 	andeq	r0, r0, r0, lsl #8
8780505c:	07000004 	streq	r0, [r0, -r4]
87805060:	ff0700e0 			@ <UNDEFINED> instruction: 0xff0700e0
87805064:	f81f04c0 			@ <UNDEFINED> instruction: 0xf81f04c0
87805068:	07c00700 	strbeq	r0, [r0, r0, lsl #14]
8780506c:	ff0700f8 			@ <UNDEFINED> instruction: 0xff0700f8
87805070:	f83f0480 			@ <UNDEFINED> instruction: 0xf83f0480
87805074:	04c00700 	strbeq	r0, [r0], #1792	@ 0x700
87805078:	000700f8 	strdeq	r0, [r7], -r8
8780507c:	00000400 	andeq	r0, r0, r0, lsl #8
87805080:	04000000 	streq	r0, [r0], #-0
87805084:	00060800 	andeq	r0, r6, r0, lsl #16
87805088:	78c00718 	stmiavc	r0, {r3, r4, r8, r9, sl}^
8780508c:	00c8f105 	sbceq	pc, r8, r5, lsl #2
87805090:	1f00003e 	svcne	0x0000003e
87805094:	e8630480 	stmda	r3!, {r7, sl}^
87805098:	06f88007 	ldrbteq	r8, [r8], r7
8780509c:	00041800 	andeq	r1, r4, r0, lsl #16
878050a0:	00000008 	andeq	r0, r0, r8
878050a4:	06000004 	streq	r0, [r0], -r4
878050a8:	80070000 	andhi	r0, r7, r0
878050ac:	08e00700 	stmiaeq	r0!, {r8, r9, sl}^
878050b0:	00087c04 	andeq	r7, r8, r4, lsl #24
878050b4:	0700f81f 	smuadeq	r0, pc, r8	@ <UNPREDICTABLE>
878050b8:	081800f8 	ldmdaeq	r8, {r3, r4, r5, r6, r7}
878050bc:	0708e004 	streq	lr, [r8, -r4]
878050c0:	00060000 	andeq	r0, r6, r0
878050c4:	00000400 	andeq	r0, r0, r0, lsl #8
878050c8:	01000000 	mrseq	r0, (UNDEF: 0)
878050cc:	00060800 	andeq	r0, r6, r0, lsl #16
878050d0:	f8000438 			@ <UNDEFINED> instruction: 0xf8000438
878050d4:	04e80304 	strbteq	r0, [r8], #772	@ 0x304
878050d8:	7c04080f 	stcvc	8, cr0, [r4], {15}
878050dc:	08f00508 	ldmeq	r0!, {r3, r8, sl}^
878050e0:	0708c007 	streq	ip, [r8, -r7]
878050e4:	00041800 	andeq	r1, r4, r0, lsl #16
878050e8:	00000060 	andeq	r0, r0, r0, rrx
	...
878050f8:	3f000000 	svccc	0x00000000
878050fc:	0020feff 	strdeq	pc, [r0], -pc	@ <UNPREDICTABLE>
87805100:	02002002 	andeq	r2, r0, #2
87805104:	20020020 	andcs	r0, r2, r0, lsr #32
87805108:	00200200 	eoreq	r0, r0, r0, lsl #4
8780510c:	00000002 	andeq	r0, r0, r2
87805110:	00000000 	andeq	r0, r0, r0
87805114:	00080000 	andeq	r0, r8, r0
87805118:	00000700 	andeq	r0, r0, r0, lsl #14
8780511c:	0000c000 	andeq	ip, r0, r0
87805120:	06000038 			@ <UNDEFINED> instruction: 0x06000038
87805124:	c0010000 	andgt	r0, r1, r0
87805128:	00300000 	eorseq	r0, r0, r0
8780512c:	00000e00 	andeq	r0, r0, r0, lsl #28
87805130:	00000001 	andeq	r0, r0, r1
87805134:	00000000 	andeq	r0, r0, r0
87805138:	00200000 	eoreq	r0, r0, r0
8780513c:	02002002 	andeq	r2, r0, #2
87805140:	20020020 	andcs	r0, r2, r0, lsr #32
87805144:	00200200 	eoreq	r0, r0, r0, lsl #4
87805148:	feff3f02 	cdp2	15, 15, cr3, cr15, cr2, {0}
	...
87805160:	00000800 	andeq	r0, r0, r0, lsl #16
87805164:	30000010 	andcc	r0, r0, r0, lsl r0
87805168:	00200000 	eoreq	r0, r0, r0
8780516c:	00003000 	andeq	r3, r0, r0
87805170:	08000010 	stmdaeq	r0, {r4}
	...
8780517c:	00010000 	andeq	r0, r1, r0
87805180:	00000100 	andeq	r0, r0, r0, lsl #2
87805184:	01000001 	tsteq	r0, r1
87805188:	00010000 	andeq	r0, r1, r0
8780518c:	00000100 	andeq	r0, r0, r0, lsl #2
87805190:	01000001 	tsteq	r0, r1
87805194:	00010000 	andeq	r0, r1, r0
87805198:	00000100 	andeq	r0, r0, r0, lsl #2
8780519c:	01000001 	tsteq	r0, r1
	...
878051a8:	00002000 	andeq	r2, r0, r0
878051ac:	10000020 	andne	r0, r0, r0, lsr #32
878051b0:	00100000 	andseq	r0, r0, r0
	...
878051c8:	1900f000 	stmdbne	r0, {ip, sp, lr, pc}
878051cc:	181b00f8 	ldmdane	fp, {r3, r4, r5, r6, r7}
878051d0:	00082200 	andeq	r2, r8, r0, lsl #4
878051d4:	24000826 	strcs	r0, [r0], #-2086	@ 0xfffff7da
878051d8:	10240008 	eorne	r0, r4, r8
878051dc:	00f83f00 	rscseq	r3, r8, r0, lsl #30
878051e0:	0000f81f 	andeq	pc, r0, pc, lsl r8	@ <UNPREDICTABLE>
878051e4:	18000008 	stmdane	r0, {r3}
878051e8:	04000000 	streq	r0, [r0], #-0
878051ec:	ff070000 			@ <UNDEFINED> instruction: 0xff070000
878051f0:	f0ff0ff8 			@ <UNDEFINED> instruction: 0xf0ff0ff8
878051f4:	00181800 	andseq	r1, r8, r0, lsl #16
878051f8:	20000810 	andcs	r0, r0, r0, lsl r8
878051fc:	08200008 	stmdaeq	r0!, {r3}
87805200:	00183000 	andseq	r3, r8, r0
87805204:	0f00f01f 	svceq	0x0000f01f
87805208:	000000c0 	andeq	r0, r0, r0, asr #1
8780520c:	00000000 	andeq	r0, r0, r0
87805210:	1f00c007 	svcne	0x0000c007
87805214:	301800f0 	ldrshcc	r0, [r8], -r0	@ <UNPREDICTABLE>
87805218:	00082000 	andeq	r2, r8, r0
8780521c:	20000820 	andcs	r0, r0, r0, lsr #16
87805220:	083c0008 	ldmdaeq	ip!, {r3}
87805224:	00101c00 	andseq	r1, r0, r0, lsl #24
87805228:	00006000 	andeq	r6, r0, r0
	...
87805234:	1f00c007 	svcne	0x0000c007
87805238:	183800f0 	ldmdane	r8!, {r4, r5, r6, r7}
8780523c:	00082000 	andeq	r2, r8, r0
87805240:	20000820 	andcs	r0, r0, r0, lsr #16
87805244:	10100408 	andsne	r0, r0, r8, lsl #8
87805248:	0ff8ff07 	svceq	0x00f8ff07
8780524c:	0000f0ff 	strdeq	pc, [r0], -pc	@ <UNPREDICTABLE>
87805250:	00000010 	andeq	r0, r0, r0, lsl r0
87805254:	00000000 	andeq	r0, r0, r0
87805258:	07000000 	streq	r0, [r0, -r0]
8780525c:	f01f00c0 			@ <UNDEFINED> instruction: 0xf01f00c0
87805260:	00301200 	eorseq	r1, r0, r0, lsl #4
87805264:	22001822 	andcs	r1, r0, #2228224	@ 0x220000
87805268:	08220008 	stmdaeq	r2!, {r3}
8780526c:	00083200 	andeq	r3, r8, r0, lsl #4
87805270:	0e00101e 	mcreq	0, 0, r1, cr0, cr14, {0}
87805274:	00000020 	andeq	r0, r0, r0, lsr #32
87805278:	00000000 	andeq	r0, r0, r0
8780527c:	20000020 	andcs	r0, r0, r0, lsr #32
87805280:	08200008 	stmdaeq	r0!, {r3}
87805284:	03f8ff01 	mvnseq	pc, #1, 30
87805288:	2006f8ff 	strdcs	pc, [r6], -pc	@ <UNPREDICTABLE>
8780528c:	08200408 	stmdaeq	r0!, {r3, sl}
87805290:	07082004 	streq	r2, [r8, -r4]
87805294:	00030020 	andeq	r0, r3, r0, lsr #32
	...
878052a0:	0e000e00 	cdpeq	14, 0, cr0, cr0, cr0, {0}
878052a4:	f31f006e 	vhadd.u16	q0, <illegal reg q7.5>, q15
878052a8:	00b13100 	adcseq	r3, r1, r0, lsl #2
878052ac:	2000b120 	andcs	fp, r0, r0, lsr #2
878052b0:	913100b1 	ldrhls	r0, [r1, -r1]!
878052b4:	00131f00 	andseq	r1, r3, r0, lsl #30
878052b8:	20001e2e 	andcs	r1, r0, lr, lsr #28
878052bc:	0030000e 	eorseq	r0, r0, lr
878052c0:	04000000 	streq	r0, [r0], #-0
878052c4:	ff070800 			@ <UNDEFINED> instruction: 0xff070800
878052c8:	f8ff0ff8 			@ <UNDEFINED> instruction: 0xf8ff0ff8
878052cc:	00081000 	andeq	r1, r8, r0
878052d0:	20000020 	andcs	r0, r0, r0, lsr #32
878052d4:	08200000 	stmdaeq	r0!, {}	@ <UNPREDICTABLE>
878052d8:	00f83f00 	rscseq	r3, r8, r0, lsl #30
878052dc:	0000f81f 	andeq	pc, r0, pc, lsl r8	@ <UNPREDICTABLE>
878052e0:	00000008 	andeq	r0, r0, r8
878052e4:	00000000 	andeq	r0, r0, r0
878052e8:	20000000 	andcs	r0, r0, r0
878052ec:	08200008 	stmdaeq	r0!, {r3}
878052f0:	06082000 	streq	r2, [r8], -r0
878052f4:	3f06f83f 	svccc	0x0006f83f
878052f8:	080000f8 	stmdaeq	r0, {r3, r4, r5, r6, r7}
878052fc:	00080000 	andeq	r0, r8, r0
87805300:	00000800 	andeq	r0, r0, r0, lsl #16
	...
87805310:	03000003 	movweq	r0, #3
87805314:	00012000 	andeq	r2, r1, r0
87805318:	20000120 	andcs	r0, r0, r0, lsr #2
8780531c:	fe3f0603 	cdp2	6, 3, cr0, cr15, cr3, {0}
87805320:	00fc3f06 	rscseq	r3, ip, r6, lsl #30
	...
8780532c:	04000000 	streq	r0, [r0], #-0
87805330:	ff070800 			@ <UNDEFINED> instruction: 0xff070800
87805334:	f8ff0ff8 			@ <UNDEFINED> instruction: 0xf8ff0ff8
87805338:	00880100 	addeq	r0, r8, r0, lsl #2
8780533c:	2f000003 	svccs	0x00000003
87805340:	f83800c0 			@ <UNDEFINED> instruction: 0xf83800c0
87805344:	00382000 	eorseq	r2, r8, r0
87805348:	00000820 	andeq	r0, r0, r0, lsr #16
8780534c:	00000008 	andeq	r0, r0, r8
87805350:	00000000 	andeq	r0, r0, r0
87805354:	00040000 	andeq	r0, r4, r0
87805358:	08000408 	stmdaeq	r0, {r3, sl}
8780535c:	07080004 	streq	r0, [r8, -r4]
87805360:	ff0ff8ff 			@ <UNDEFINED> instruction: 0xff0ff8ff
87805364:	080000f8 	stmdaeq	r0, {r3, r4, r5, r6, r7}
87805368:	00080000 	andeq	r0, r8, r0
8780536c:	00000800 	andeq	r0, r0, r0, lsl #16
87805370:	00000000 	andeq	r0, r0, r0
87805374:	00082000 	andeq	r2, r8, r0
87805378:	3f00f83f 	svccc	0x0000f83f
8780537c:	081000f8 	ldmdaeq	r0, {r3, r4, r5, r6, r7}
87805380:	00002000 	andeq	r2, r0, r0
87805384:	3f00f83f 	svccc	0x0000f83f
87805388:	081000f8 	ldmdaeq	r0, {r3, r4, r5, r6, r7}
8780538c:	00002000 	andeq	r2, r0, r0
87805390:	3f00f83f 	svccc	0x0000f83f
87805394:	080000f8 	stmdaeq	r0, {r3, r4, r5, r6, r7}
87805398:	00000000 	andeq	r0, r0, r0
8780539c:	3f000820 	svccc	0x00000820
878053a0:	f83f00f8 			@ <UNDEFINED> instruction: 0xf83f00f8
878053a4:	00081000 	andeq	r1, r8, r0
878053a8:	20000010 	andcs	r0, r0, r0, lsl r0
878053ac:	08200000 	stmdaeq	r0!, {}	@ <UNPREDICTABLE>
878053b0:	00f83f00 	rscseq	r3, r8, r0, lsl #30
878053b4:	0000f81f 	andeq	pc, r0, pc, lsl r8	@ <UNPREDICTABLE>
878053b8:	00000008 	andeq	r0, r0, r8
878053bc:	00000000 	andeq	r0, r0, r0
878053c0:	0f00c007 	svceq	0x0000c007
878053c4:	301800f0 	ldrshcc	r0, [r8], -r0	@ <UNPREDICTABLE>
878053c8:	00083000 	andeq	r3, r8, r0
878053cc:	20000820 	andcs	r0, r0, r0, lsr #16
878053d0:	08300008 	ldmdaeq	r0!, {r3}
878053d4:	00301800 	eorseq	r1, r0, r0, lsl #16
878053d8:	0700f00f 	streq	pc, [r0, -pc]
878053dc:	000000c0 	andeq	r0, r0, r0, asr #1
878053e0:	00000000 	andeq	r0, r0, r0
878053e4:	3f000120 	svccc	0x00000120
878053e8:	ff3f00ff 			@ <UNDEFINED> instruction: 0xff3f00ff
878053ec:	00111000 	andseq	r1, r1, r0
878053f0:	20000920 	andcs	r0, r0, r0, lsr #18
878053f4:	08200008 	stmdaeq	r0!, {r3}
878053f8:	00383000 	eorseq	r3, r8, r0
878053fc:	0f00f01f 	svceq	0x0000f01f
87805400:	000000c0 	andeq	r0, r0, r0, asr #1
87805404:	00000000 	andeq	r0, r0, r0
87805408:	1f00c007 	svcne	0x0000c007
8780540c:	183800f0 	ldmdane	r8!, {r4, r5, r6, r7}
87805410:	00082000 	andeq	r2, r8, r0
87805414:	20000820 	andcs	r0, r0, r0, lsr #16
87805418:	11100009 	tstne	r0, r9
8780541c:	00ff1f00 	rscseq	r1, pc, r0, lsl #30
87805420:	0000ff3f 	andeq	pc, r0, pc, lsr pc	@ <UNPREDICTABLE>
87805424:	00000001 	andeq	r0, r0, r1
87805428:	00082000 	andeq	r2, r8, r0
8780542c:	20000820 	andcs	r0, r0, r0, lsr #16
87805430:	f83f0008 			@ <UNDEFINED> instruction: 0xf83f0008
87805434:	00f83f00 	rscseq	r3, r8, r0, lsl #30
87805438:	10000808 	andne	r0, r0, r8, lsl #16
8780543c:	08200008 	stmdaeq	r0!, {r3}
87805440:	00002000 	andeq	r2, r0, r0
87805444:	30000030 	andcc	r0, r0, r0, lsr r0
	...
87805450:	0c000000 	stceq	0, cr0, [r0], {-0}
87805454:	181e0078 	ldmdane	lr, {r3, r4, r5, r6}
87805458:	00083300 	andeq	r3, r8, r0, lsl #6
8780545c:	21000823 	tstcs	r0, r3, lsr #16
87805460:	88210008 	stmdahi	r1!, {r3}
87805464:	00982100 	addseq	r2, r8, r0, lsl #2
87805468:	3800f030 	stmdacc	r0, {r4, r5, ip, sp, lr, pc}
8780546c:	00000060 	andeq	r0, r0, r0, rrx
87805470:	00000000 	andeq	r0, r0, r0
87805474:	20000020 	andcs	r0, r0, r0, lsr #32
87805478:	00200000 	eoreq	r0, r0, r0
8780547c:	03f0ff00 	mvnseq	pc, #0, 30
87805480:	2000f8ff 	strdcs	pc, [r0], -pc	@ <UNPREDICTABLE>
87805484:	08200008 	stmdaeq	r0!, {r3}
87805488:	00082000 	andeq	r2, r8, r0
8780548c:	00003000 	andeq	r3, r0, r0
	...
87805498:	3f000020 	svccc	0x00000020
8780549c:	f87f00f0 			@ <UNDEFINED> instruction: 0xf87f00f0
878054a0:	00180000 	andseq	r0, r8, r0
878054a4:	00000800 	andeq	r0, r0, r0, lsl #16
878054a8:	10200008 	eorne	r0, r0, r8
878054ac:	00f83f00 	rscseq	r3, r8, r0, lsl #30
878054b0:	0000f07f 	andeq	pc, r0, pc, ror r0	@ <UNPREDICTABLE>
878054b4:	00000010 	andeq	r0, r0, r0, lsl r0
878054b8:	00000000 	andeq	r0, r0, r0
878054bc:	30000020 	andcc	r0, r0, r0, lsr #32
878054c0:	003c0000 	eorseq	r0, ip, r0
878054c4:	00803f00 	addeq	r3, r0, r0, lsl #30
878054c8:	0000f023 	andeq	pc, r0, r3, lsr #32
878054cc:	70000078 	andvc	r0, r0, r8, ror r0
878054d0:	00802300 	addeq	r2, r0, r0, lsl #6
878054d4:	3000003c 	andcc	r0, r0, ip, lsr r0
878054d8:	00200000 	eoreq	r0, r0, r0
878054dc:	00002000 	andeq	r2, r0, r0
878054e0:	3f00003c 	svccc	0x0000003c
878054e4:	f82300e0 			@ <UNDEFINED> instruction: 0xf82300e0
878054e8:	00e00000 	rsceq	r0, r0, r0
878054ec:	3e000027 	cdpcc	0, 0, cr0, cr0, cr7, {1}
878054f0:	e03f0000 	eors	r0, pc, r0
878054f4:	00f82100 	rscseq	r2, r8, r0, lsl #2
878054f8:	3e00e001 	cdpcc	0, 0, cr14, cr0, cr1, {0}
878054fc:	00200000 	eoreq	r0, r0, r0
87805500:	00000000 	andeq	r0, r0, r0
87805504:	20000820 	andcs	r0, r0, r0, lsr #16
87805508:	38380008 	ldmdacc	r8!, {r3}
8780550c:	00683e00 	rsbeq	r3, r8, r0, lsl #28
87805510:	03008027 	movweq	r8, #39	@ 0x27
87805514:	f82c00c8 			@ <UNDEFINED> instruction: 0xf82c00c8
87805518:	00383800 	eorseq	r3, r8, r0, lsl #16
8780551c:	20001820 	andcs	r1, r0, r0, lsr #16
87805520:	00000008 	andeq	r0, r0, r8
87805524:	00000000 	andeq	r0, r0, r0
87805528:	30000020 	andcc	r0, r0, r0, lsr #32
8780552c:	013c0003 	teqeq	ip, r3
87805530:	00833f00 	addeq	r3, r3, r0, lsl #30
87805534:	0000ec23 	andeq	lr, r0, r3, lsr #24
87805538:	80230070 	eorhi	r0, r3, r0, ror r0
8780553c:	00003c00 	andeq	r3, r0, r0, lsl #24
87805540:	20000020 	andcs	r0, r0, r0, lsr #32
	...
8780554c:	38000000 	stmdacc	r0, {}	@ <UNPREDICTABLE>
87805550:	38200008 	stmdacc	r0!, {r3}
87805554:	00f82000 	rscseq	r2, r8, r0
87805558:	2f00e823 	svccs	0x0000e823
8780555c:	083e0088 	ldmdaeq	lr!, {r3, r7}
87805560:	00083800 	andeq	r3, r8, r0, lsl #16
87805564:	00001820 	andeq	r1, r0, r0, lsr #16
87805568:	00000070 	andeq	r0, r0, r0, ror r0
	...
8780557c:	14000008 	strne	r0, [r0], #-8
87805580:	fcf71f00 	ldc2l	15, cr1, [r7]
87805584:	20060030 	andcs	r0, r6, r0, lsr r0
87805588:	00000200 	andeq	r0, r0, r0, lsl #4
	...
878055a0:	ffff0000 			@ <UNDEFINED> instruction: 0xffff0000
878055a4:	000000ff 	strdeq	r0, [r0], -pc	@ <UNPREDICTABLE>
	...
878055b8:	00200000 	eoreq	r0, r0, r0
878055bc:	06003002 	streq	r3, [r0], -r2
878055c0:	00fcf71f 	rscseq	pc, ip, pc, lsl r7	@ <UNPREDICTABLE>
878055c4:	08000014 	stmdaeq	r0, {r2, r4}
	...
878055d8:	18000000 	stmdane	r0, {}	@ <UNPREDICTABLE>
878055dc:	00600000 	rsbeq	r0, r0, r0
878055e0:	00004000 	andeq	r4, r0, r0
878055e4:	20000040 	andcs	r0, r0, r0, asr #32
878055e8:	00100000 	andseq	r0, r0, r0
878055ec:	00000800 	andeq	r0, r0, r0, lsl #16
878055f0:	04000004 	streq	r0, [r0], #-4
878055f4:	000c0000 	andeq	r0, ip, r0
878055f8:	00001000 	andeq	r1, r0, r0

878055fc <asc2_3216>:
	...
87805694:	c000f007 	andgt	pc, r0, r7
87805698:	e0e1ff07 	rsc	pc, r1, r7, lsl #30
8780569c:	e001f007 	and	pc, r1, r7
878056a0:	c0000000 	andgt	r0, r0, r0
	...
87805704:	00002000 	andeq	r2, r0, r0
87805708:	0000c001 	andeq	ip, r0, r1
8780570c:	00008007 	andeq	r8, r0, r7
87805710:	0000001f 	andeq	r0, r0, pc, lsl r0
87805714:	0000001e 	andeq	r0, r0, lr, lsl r0
87805718:	0000201c 	andeq	r2, r0, ip, lsl r0
8780571c:	0000c001 	andeq	ip, r0, r1
87805720:	00008007 	andeq	r8, r0, r7
87805724:	0000001f 	andeq	r0, r0, pc, lsl r0
87805728:	0000001e 	andeq	r0, r0, lr, lsl r0
8780572c:	0000001c 	andeq	r0, r0, ip, lsl r0
	...
87805780:	000c1800 	andeq	r1, ip, r0, lsl #16
87805784:	000c1800 	andeq	r1, ip, r0, lsl #16
87805788:	e00f1800 	and	r1, pc, r0, lsl #16
8780578c:	00fc1f00 	rscseq	r1, ip, r0, lsl #30
87805790:	000cf803 	andeq	pc, ip, r3, lsl #16
87805794:	000c1800 	andeq	r1, ip, r0, lsl #16
87805798:	000c1800 	andeq	r1, ip, r0, lsl #16
8780579c:	000c1800 	andeq	r1, ip, r0, lsl #16
878057a0:	000c1800 	andeq	r1, ip, r0, lsl #16
878057a4:	e00f1800 	and	r1, pc, r0, lsl #16
878057a8:	00fc1f00 	rscseq	r1, ip, r0, lsl #30
878057ac:	000cf803 	andeq	pc, ip, r3, lsl #16
878057b0:	000c1800 	andeq	r1, ip, r0, lsl #16
878057b4:	000c1800 	andeq	r1, ip, r0, lsl #16
	...
87805804:	80070000 	andhi	r0, r7, r0
87805808:	c0077800 	andgt	r7, r7, r0, lsl #16
8780580c:	4006fc00 	andmi	pc, r6, r0, lsl #24
87805810:	20000e01 	andcs	r0, r0, r1, lsl #28
87805814:	20000703 	andcs	r0, r0, r3, lsl #14
87805818:	20800302 	addcs	r0, r0, r2, lsl #6
8780581c:	fcffff0f 	ldc2l	15, cr15, [pc], #60	@ 87805860 <asc2_3216+0x264>
87805820:	20c00102 	sbccs	r0, r0, r2, lsl #2
87805824:	60e00002 	rscvs	r0, r0, r2
87805828:	40703001 	rsbsmi	r3, r0, r1
8780582c:	803ff001 	eorshi	pc, pc, r1
87805830:	001ff000 	andseq	pc, pc, r0
	...
8780587c:	0000fe00 	andeq	pc, r0, r0, lsl #28
87805880:	0000ff01 	andeq	pc, r0, r1, lsl #30
87805884:	00800103 	addeq	r0, r0, r3, lsl #2
87805888:	60800002 	addvs	r0, r0, r2
8780588c:	c0810103 	addgt	r0, r1, r3, lsl #2
87805890:	0007ff01 	andeq	pc, r7, r1, lsl #30
87805894:	0018fe00 	andseq	pc, r8, r0, lsl #28
87805898:	00e00000 	rsceq	r0, r0, r0
8780589c:	00bf0300 	adcseq	r0, pc, r0, lsl #6
878058a0:	c0ff0c00 	rscsgt	r0, pc, r0, lsl #24
878058a4:	60807100 	addvs	r7, r0, r0, lsl #2
878058a8:	2000c101 	andcs	ip, r0, r1, lsl #2
878058ac:	60800103 	addvs	r0, r0, r3, lsl #2
878058b0:	c0ff0000 	rscsgt	r0, pc, r0
878058b4:	003f0000 	eorseq	r0, pc, r0
	...
878058fc:	001f0000 	andseq	r0, pc, r0
87805900:	c07f0000 	rsbsgt	r0, pc, r0
87805904:	c0c0fc00 	sbcgt	pc, r0, r0, lsl #24
87805908:	6080ff01 	addvs	pc, r0, r1, lsl #30
8780590c:	20e00303 	rsccs	r0, r0, r3, lsl #6
87805910:	20780202 	rsbscs	r0, r8, r2, lsl #4
87805914:	201e0602 	andscs	r0, lr, r2, lsl #12
87805918:	4007fc03 	andmi	pc, r7, r3, lsl #24
8780591c:	8003f001 	andhi	pc, r3, r1
87805920:	c0030100 	andgt	r0, r3, r0, lsl #2
87805924:	601c0100 	andsvs	r0, ip, r0, lsl #2
87805928:	20e00100 	rsccs	r0, r0, r0, lsl #2
8780592c:	20000100 	andcs	r0, r0, r0, lsl #2
87805930:	40000100 	andmi	r0, r0, r0, lsl #2
87805934:	80010000 	andhi	r0, r1, r0
	...
87805980:	00002000 	andeq	r2, r0, r0
87805984:	0000601c 	andeq	r6, r0, ip, lsl r0
87805988:	0000401c 	andeq	r4, r0, ip, lsl r0
8780598c:	0000801f 	andeq	r8, r0, pc, lsl r0
87805990:	0000000f 	andeq	r0, r0, pc
	...
87805a18:	00f80700 	rscseq	r0, r8, r0, lsl #14
87805a1c:	00ff3f00 	rscseq	r3, pc, r0, lsl #30
87805a20:	c0077800 	andgt	r7, r7, r0, lsl #16
87805a24:	e000c001 	and	ip, r0, r1
87805a28:	30000003 	andcc	r0, r0, r3
87805a2c:	08000004 	stmdaeq	r0, {r2}
87805a30:	04000008 	streq	r0, [r0], #-8
87805a34:	02000010 	andeq	r0, r0, #16
	...
87805a80:	02000010 	andeq	r0, r0, #16
87805a84:	04000008 	streq	r0, [r0], #-8
87805a88:	08000004 	stmdaeq	r0, {r2}
87805a8c:	30000003 	andcc	r0, r0, r3
87805a90:	e000c001 	and	ip, r0, r1
87805a94:	c0077800 	andgt	r7, r7, r0, lsl #16
87805a98:	00ff3f00 	rscseq	r3, pc, r0, lsl #30
87805a9c:	00f80700 	rscseq	r0, r8, r0, lsl #14
	...
87805b04:	00180c00 	andseq	r0, r8, r0, lsl #24
87805b08:	00380e00 	eorseq	r0, r8, r0, lsl #28
87805b0c:	00380e00 	eorseq	r0, r8, r0, lsl #28
87805b10:	00300600 	eorseq	r0, r0, r0, lsl #12
87805b14:	00600300 	rsbeq	r0, r0, r0, lsl #6
87805b18:	80436100 	subhi	r6, r3, r0, lsl #2
87805b1c:	80ffff00 	rscshi	pc, pc, r0, lsl #30
87805b20:	00436100 	subeq	r6, r3, r0, lsl #2
87805b24:	00600300 	rsbeq	r0, r0, r0, lsl #6
87805b28:	00300600 	eorseq	r0, r0, r0, lsl #12
87805b2c:	00380e00 	eorseq	r0, r8, r0, lsl #28
87805b30:	00380e00 	eorseq	r0, r8, r0, lsl #28
87805b34:	00180c00 	andseq	r0, r8, r0, lsl #24
	...
87805b84:	00800000 	addeq	r0, r0, r0
87805b88:	00800000 	addeq	r0, r0, r0
87805b8c:	00800000 	addeq	r0, r0, r0
87805b90:	00800000 	addeq	r0, r0, r0
87805b94:	00800000 	addeq	r0, r0, r0
87805b98:	00800000 	addeq	r0, r0, r0
87805b9c:	00ff7f00 	rscseq	r7, pc, r0, lsl #30
87805ba0:	00800000 	addeq	r0, r0, r0
87805ba4:	00800000 	addeq	r0, r0, r0
87805ba8:	00800000 	addeq	r0, r0, r0
87805bac:	00800000 	addeq	r0, r0, r0
87805bb0:	00800000 	addeq	r0, r0, r0
87805bb4:	00800000 	addeq	r0, r0, r0
	...
87805c00:	01000000 	mrseq	r0, (UNDEF: 0)
87805c04:	e3000000 	movw	r0, #0
87805c08:	e2000000 	and	r0, r0, #0
87805c0c:	fc000000 	stc2	0, cr0, [r0], {-0}
87805c10:	78000000 	stmdavc	r0, {}	@ <UNPREDICTABLE>
	...
87805c80:	00800000 	addeq	r0, r0, r0
87805c84:	00800000 	addeq	r0, r0, r0
87805c88:	00800000 	addeq	r0, r0, r0
87805c8c:	00800000 	addeq	r0, r0, r0
87805c90:	00800000 	addeq	r0, r0, r0
87805c94:	00800000 	addeq	r0, r0, r0
87805c98:	00800000 	addeq	r0, r0, r0
87805c9c:	00800000 	addeq	r0, r0, r0
87805ca0:	00800000 	addeq	r0, r0, r0
87805ca4:	00800000 	addeq	r0, r0, r0
87805ca8:	00800000 	addeq	r0, r0, r0
87805cac:	00800000 	addeq	r0, r0, r0
87805cb0:	00800000 	addeq	r0, r0, r0
87805cb4:	00800000 	addeq	r0, r0, r0
	...
87805d04:	c0000000 	andgt	r0, r0, r0
87805d08:	e0010000 	and	r0, r1, r0
87805d0c:	e0010000 	and	r0, r1, r0
87805d10:	c0000000 	andgt	r0, r0, r0
	...
87805d80:	0c000000 	stceq	0, cr0, [r0], {-0}
87805d84:	38000000 	stmdacc	r0, {}	@ <UNPREDICTABLE>
87805d88:	e0000000 	and	r0, r0, r0
87805d8c:	80030000 	andhi	r0, r3, r0
87805d90:	000e0000 	andeq	r0, lr, r0
87805d94:	00380000 	eorseq	r0, r8, r0
87805d98:	00e00000 	rsceq	r0, r0, r0
87805d9c:	00800300 	addeq	r0, r0, r0, lsl #6
87805da0:	00000e00 	andeq	r0, r0, r0, lsl #28
87805da4:	00003800 	andeq	r3, r0, r0, lsl #16
87805da8:	0000e000 	andeq	lr, r0, r0
87805dac:	00008003 	andeq	r8, r0, r3
87805db0:	0000000e 	andeq	r0, r0, lr
87805db4:	00000018 	andeq	r0, r0, r8, lsl r0
	...
87805e04:	00f80f00 	rscseq	r0, r8, r0, lsl #30
87805e08:	00ff7f00 	rscseq	r7, pc, r0, lsl #30
87805e0c:	8007f000 	andhi	pc, r7, r0
87805e10:	c0008001 	andgt	r8, r0, r1
87805e14:	60000003 	andvs	r0, r0, r3
87805e18:	20000002 	andcs	r0, r0, r2
87805e1c:	20000002 	andcs	r0, r0, r2
87805e20:	20000002 	andcs	r0, r0, r2
87805e24:	60000003 	andvs	r0, r0, r3
87805e28:	c0008001 	andgt	r8, r0, r1
87805e2c:	8003e000 	andhi	lr, r3, r0
87805e30:	00ff7f00 	rscseq	r7, pc, r0, lsl #30
87805e34:	00f80f00 	rscseq	r0, r8, r0, lsl #30
	...
87805e88:	20008000 	andcs	r8, r0, r0
87805e8c:	20008000 	andcs	r8, r0, r0
87805e90:	20008000 	andcs	r8, r0, r0
87805e94:	60008000 	andvs	r8, r0, r0
87805e98:	e0ffff01 	rscs	pc, pc, r1, lsl #30
87805e9c:	e0ffff03 	rscs	pc, pc, r3, lsl #30
87805ea0:	60000000 	andvs	r0, r0, r0
87805ea4:	20000000 	andcs	r0, r0, r0
87805ea8:	20000000 	andcs	r0, r0, r0
87805eac:	20000000 	andcs	r0, r0, r0
	...
87805f04:	e0007800 	and	r7, r0, r0, lsl #16
87805f08:	60019800 	andvs	r9, r1, r0, lsl #16
87805f0c:	60020001 	andvs	r0, r2, r1
87805f10:	60040002 	andvs	r0, r4, r2
87805f14:	60080002 	andvs	r0, r8, r2
87805f18:	60100002 	andsvs	r0, r0, r2
87805f1c:	60200002 	eorvs	r0, r0, r2
87805f20:	60400002 	subvs	r0, r0, r2
87805f24:	60800003 	addvs	r0, r0, r3
87805f28:	60008301 	andvs	r8, r0, r1, lsl #6
87805f2c:	e000fe01 	and	pc, r0, r1, lsl #28
87805f30:	80077c00 	andhi	r7, r7, r0, lsl #24
	...
87805f84:	8007f000 	andhi	pc, r7, r0
87805f88:	c007f001 	andgt	pc, r7, r1
87805f8c:	40000001 	andmi	r0, r0, r1
87805f90:	20000002 	andcs	r0, r0, r2
87805f94:	20000102 	andcs	r0, r0, r2, lsl #2
87805f98:	20000102 	andcs	r0, r0, r2, lsl #2
87805f9c:	20000102 	andcs	r0, r0, r2, lsl #2
87805fa0:	20800303 	addcs	r0, r0, r3, lsl #6
87805fa4:	40808601 	addmi	r8, r0, r1, lsl #12
87805fa8:	c0c0fc01 	sbcgt	pc, r0, r1, lsl #24
87805fac:	807f7800 	rsbshi	r7, pc, r0, lsl #16
87805fb0:	001e0000 	andseq	r0, lr, r0
	...
87806000:	00080000 	andeq	r0, r8, r0
87806004:	00380000 	eorseq	r0, r8, r0
87806008:	00480000 	subeq	r0, r8, r0
8780600c:	00880100 	addeq	r0, r8, r0, lsl #2
87806010:	00080600 	andeq	r0, r8, r0, lsl #12
87806014:	10080c00 	andne	r0, r8, r0, lsl #24
87806018:	10083000 	andne	r3, r8, r0
8780601c:	10084000 	andne	r4, r8, r0
87806020:	f0ffff01 			@ <UNDEFINED> instruction: 0xf0ffff01
87806024:	f0ffff03 			@ <UNDEFINED> instruction: 0xf0ffff03
87806028:	f0ffff03 			@ <UNDEFINED> instruction: 0xf0ffff03
8780602c:	10080000 	andne	r0, r8, r0
87806030:	10080000 	andne	r0, r8, r0
87806034:	10080000 	andne	r0, r8, r0
	...
87806084:	80070000 	andhi	r0, r7, r0
87806088:	40861f00 	addmi	r1, r6, r0, lsl #30
8780608c:	2000e103 	andcs	lr, r0, r3, lsl #2
87806090:	20000203 	andcs	r0, r0, r3, lsl #4
87806094:	20000403 	andcs	r0, r0, r3, lsl #8
87806098:	20000403 	andcs	r0, r0, r3, lsl #8
8780609c:	20000403 	andcs	r0, r0, r3, lsl #8
878060a0:	20000403 	andcs	r0, r0, r3, lsl #8
878060a4:	40000603 	andmi	r0, r0, r3, lsl #12
878060a8:	c0010303 	andgt	r0, r1, r3, lsl #6
878060ac:	80ff0103 	rscshi	r0, pc, r3, lsl #2
878060b0:	007e0003 	rsbseq	r0, lr, r3
	...
87806104:	00fc0700 	rscseq	r0, ip, r0, lsl #14
87806108:	00ff3f00 	rscseq	r3, pc, r0, lsl #30
8780610c:	80c37000 	sbchi	r7, r3, r0
87806110:	c0808100 	addgt	r8, r0, r0, lsl #2
87806114:	60000101 	andvs	r0, r0, r1, lsl #2
87806118:	20000203 	andcs	r0, r0, r3, lsl #4
8780611c:	20000202 	andcs	r0, r0, r2, lsl #4
87806120:	20000202 	andcs	r0, r0, r2, lsl #4
87806124:	20000202 	andcs	r0, r0, r2, lsl #4
87806128:	40000302 	andmi	r0, r0, r2, lsl #6
8780612c:	c080c101 	addgt	ip, r0, r1, lsl #2
87806130:	80ffc000 	rscshi	ip, pc, r0
87806134:	007e0000 	rsbseq	r0, lr, r0
	...
87806184:	0000f000 	andeq	pc, r0, r0
87806188:	0000c003 	andeq	ip, r0, r3
8780618c:	00008003 	andeq	r8, r0, r3
87806190:	00000003 	andeq	r0, r0, r3
87806194:	e0070003 	and	r0, r7, r3
87806198:	e03f0003 	eors	r0, pc, r3
8780619c:	00c00103 	sbceq	r0, r0, r3, lsl #2
878061a0:	00000603 	andeq	r0, r0, r3, lsl #12
878061a4:	00001803 	andeq	r1, r0, r3, lsl #16
878061a8:	00006003 	andeq	r6, r0, r3
878061ac:	00008003 	andeq	r8, r0, r3
878061b0:	00000003 	andeq	r0, r0, r3
	...
87806200:	001f0000 	andseq	r0, pc, r0
87806204:	803f7800 	eorshi	r7, pc, r0, lsl #16
87806208:	c060fc00 	rsbgt	pc, r0, r0, lsl #24
8780620c:	40c08e01 	sbcmi	r8, r0, r1, lsl #28
87806210:	20800703 	addcs	r0, r0, r3, lsl #14
87806214:	20000302 	andcs	r0, r0, r2, lsl #6
87806218:	20800102 	addcs	r0, r0, r2, lsl #2
8780621c:	20800102 	addcs	r0, r0, r2, lsl #2
87806220:	20c00102 	sbccs	r0, r0, r2, lsl #2
87806224:	40e00103 	rscmi	r0, r0, r3, lsl #2
87806228:	c0708601 	rsbsgt	r8, r0, r1, lsl #12
8780622c:	803ffc00 	eorshi	pc, pc, r0, lsl #24
87806230:	001f7800 	andseq	r7, pc, r0, lsl #16
	...
87806280:	00003f00 	andeq	r3, r0, r0, lsl #30
87806284:	c081ff00 	addgt	pc, r1, r0, lsl #30
87806288:	c0c1c001 	sbcgt	ip, r1, r1
8780628c:	20600001 	rsbcs	r0, r0, r1
87806290:	20200002 	eorcs	r0, r0, r2
87806294:	20200002 	eorcs	r0, r0, r2
87806298:	20200002 	eorcs	r0, r0, r2
8780629c:	60200002 	eorvs	r0, r0, r2
878062a0:	c0400002 	subgt	r0, r0, r2
878062a4:	80c10001 	sbchi	r0, r1, r1
878062a8:	008fc100 	addeq	ip, pc, r0, lsl #2
878062ac:	00fe7f00 	rscseq	r7, lr, r0, lsl #30
878062b0:	00f01f00 	rscseq	r1, r0, r0, lsl #30
	...
87806314:	c0000300 	andgt	r0, r0, r0, lsl #6
87806318:	e0810700 	add	r0, r1, r0, lsl #14
8780631c:	e0810700 	add	r0, r1, r0, lsl #14
87806320:	c0000300 	andgt	r0, r0, r0, lsl #6
	...
87806394:	66000600 	strvs	r0, [r0], -r0, lsl #12
87806398:	78000600 	stmdavc	r0, {r9, sl}
	...
87806404:	00800000 	addeq	r0, r0, r0
87806408:	00c00100 	sbceq	r0, r0, r0, lsl #2
8780640c:	00600300 	rsbeq	r0, r0, r0, lsl #6
87806410:	00300600 	eorseq	r0, r0, r0, lsl #12
87806414:	00180c00 	andseq	r0, r8, r0, lsl #24
87806418:	000c1800 	andeq	r1, ip, r0, lsl #16
8780641c:	00063000 	andeq	r3, r6, r0
87806420:	00036000 	andeq	r6, r3, r0
87806424:	8001c000 	andhi	ip, r1, r0
87806428:	40000001 	andmi	r0, r0, r1
8780642c:	20000002 	andcs	r0, r0, r2
87806430:	10000004 	andne	r0, r0, r4
	...
87806480:	00100400 	andseq	r0, r0, r0, lsl #8
87806484:	00100400 	andseq	r0, r0, r0, lsl #8
87806488:	00100400 	andseq	r0, r0, r0, lsl #8
8780648c:	00100400 	andseq	r0, r0, r0, lsl #8
87806490:	00100400 	andseq	r0, r0, r0, lsl #8
87806494:	00100400 	andseq	r0, r0, r0, lsl #8
87806498:	00100400 	andseq	r0, r0, r0, lsl #8
8780649c:	00100400 	andseq	r0, r0, r0, lsl #8
878064a0:	00100400 	andseq	r0, r0, r0, lsl #8
878064a4:	00100400 	andseq	r0, r0, r0, lsl #8
878064a8:	00100400 	andseq	r0, r0, r0, lsl #8
878064ac:	00100400 	andseq	r0, r0, r0, lsl #8
878064b0:	00100400 	andseq	r0, r0, r0, lsl #8
878064b4:	00100400 	andseq	r0, r0, r0, lsl #8
	...
87806504:	10000004 	andne	r0, r0, r4
87806508:	20000002 	andcs	r0, r0, r2
8780650c:	40000001 	andmi	r0, r0, r1
87806510:	8001c000 	andhi	ip, r1, r0
87806514:	00036000 	andeq	r6, r3, r0
87806518:	00063000 	andeq	r3, r6, r0
8780651c:	000c1800 	andeq	r1, ip, r0, lsl #16
87806520:	00180c00 	andseq	r0, r8, r0, lsl #24
87806524:	00300600 	eorseq	r0, r0, r0, lsl #12
87806528:	00600300 	rsbeq	r0, r0, r0, lsl #6
8780652c:	00c00100 	sbceq	r0, r0, r0, lsl #2
87806530:	00800000 	addeq	r0, r0, r0
	...
87806584:	00007800 	andeq	r7, r0, r0, lsl #16
87806588:	0000f801 	andeq	pc, r0, r1, lsl #16
8780658c:	00003802 	andeq	r3, r0, r2, lsl #16
87806590:	00000002 	andeq	r0, r0, r2
87806594:	c0000004 	andgt	r0, r0, r4
87806598:	e0790004 	rsbs	r0, r9, r4
8780659c:	e0810004 	add	r0, r1, r4
878065a0:	c0000104 	andgt	r0, r0, r4, lsl #2
878065a4:	00000304 	andeq	r0, r0, r4, lsl #6
878065a8:	00000202 	andeq	r0, r0, r2, lsl #4
878065ac:	00000603 	andeq	r0, r0, r3, lsl #12
878065b0:	0000fc01 	andeq	pc, r0, r1, lsl #24
878065b4:	0000f800 	andeq	pc, r0, r0, lsl #16
	...
87806600:	00f80f00 	rscseq	r0, r8, r0, lsl #30
87806604:	00fe3f00 	rscseq	r3, lr, r0, lsl #30
87806608:	80077000 	andhi	r7, r7, r0
8780660c:	c000c000 	andgt	ip, r0, r0
87806610:	40f80101 	rscsmi	r0, r8, r1, lsl #2
87806614:	20fc0703 	rscscs	r0, ip, r3, lsl #14
87806618:	20041e02 	andcs	r1, r4, r2, lsl #28
8780661c:	20083002 	andcs	r3, r8, r2
87806620:	20302002 	eorscs	r2, r0, r2
87806624:	20fc3f02 	rscscs	r3, ip, r2, lsl #30
87806628:	40043f01 	andmi	r3, r4, r1, lsl #30
8780662c:	c00c8001 	andgt	r8, ip, r1
87806630:	8031e000 	eorshi	lr, r1, r0
87806634:	00c21f00 	sbceq	r1, r2, r0, lsl #30
	...
8780667c:	20000000 	andcs	r0, r0, r0
87806680:	60000000 	andvs	r0, r0, r0
87806684:	e0030000 	and	r0, r3, r0
87806688:	203e0000 	eorscs	r0, lr, r0
8780668c:	20e00300 	rsccs	r0, r0, r0, lsl #6
87806690:	00203e00 	eoreq	r3, r0, r0, lsl #28
87806694:	0020e003 	eoreq	lr, r0, r3
87806698:	00208003 	eoreq	r8, r0, r3
8780669c:	0020fc07 	eoreq	pc, r0, r7, lsl #24
878066a0:	00e03f00 	rsceq	r3, r0, r0, lsl #30
878066a4:	20fe0300 	rscscs	r0, lr, r0, lsl #6
878066a8:	e03f0000 	eors	r0, pc, r0
878066ac:	e0010000 	and	r0, r1, r0
878066b0:	20000000 	andcs	r0, r0, r0
878066b4:	20000000 	andcs	r0, r0, r0
	...
87806700:	20000002 	andcs	r0, r0, r2
87806704:	20000002 	andcs	r0, r0, r2
87806708:	e0ffff03 	rscs	pc, pc, r3, lsl #30
8780670c:	e0ffff03 	rscs	pc, pc, r3, lsl #30
87806710:	20000102 	andcs	r0, r0, r2, lsl #2
87806714:	20000102 	andcs	r0, r0, r2, lsl #2
87806718:	20000102 	andcs	r0, r0, r2, lsl #2
8780671c:	20000102 	andcs	r0, r0, r2, lsl #2
87806720:	20000102 	andcs	r0, r0, r2, lsl #2
87806724:	20000303 	andcs	r0, r0, r3, lsl #6
87806728:	60808601 	addvs	r8, r0, r1, lsl #12
8780672c:	c0c0fc01 	sbcgt	pc, r0, r1, lsl #24
87806730:	807ff800 	rsbshi	pc, pc, r0, lsl #16
87806734:	001f0000 	andseq	r0, pc, r0
	...
87806780:	00f80700 	rscseq	r0, r8, r0, lsl #14
87806784:	00ff3f00 	rscseq	r3, pc, r0, lsl #30
87806788:	80077000 	andhi	r7, r7, r0
8780678c:	c000c000 	andgt	ip, r0, r0
87806790:	40000001 	andmi	r0, r0, r1
87806794:	20000003 	andcs	r0, r0, r3
87806798:	20000002 	andcs	r0, r0, r2
8780679c:	20000002 	andcs	r0, r0, r2
878067a0:	20000002 	andcs	r0, r0, r2
878067a4:	20000002 	andcs	r0, r0, r2
878067a8:	40000001 	andmi	r0, r0, r1
878067ac:	c0008001 	andgt	r8, r0, r1
878067b0:	8001c003 	andhi	ip, r1, r3
878067b4:	00063000 	andeq	r3, r6, r0
	...
87806800:	20000002 	andcs	r0, r0, r2
87806804:	20000002 	andcs	r0, r0, r2
87806808:	e0ffff03 	rscs	pc, pc, r3, lsl #30
8780680c:	e0ffff03 	rscs	pc, pc, r3, lsl #30
87806810:	20000002 	andcs	r0, r0, r2
87806814:	20000002 	andcs	r0, r0, r2
87806818:	20000002 	andcs	r0, r0, r2
8780681c:	20000002 	andcs	r0, r0, r2
87806820:	60000003 	andvs	r0, r0, r3
87806824:	40000001 	andmi	r0, r0, r1
87806828:	c0008001 	andgt	r8, r0, r1
8780682c:	8007f000 	andhi	pc, r7, r0
87806830:	00fe7f00 	rscseq	r7, lr, r0, lsl #30
87806834:	00f80f00 	rscseq	r0, r8, r0, lsl #30
	...
87806880:	20000002 	andcs	r0, r0, r2
87806884:	20000002 	andcs	r0, r0, r2
87806888:	e0ffff03 	rscs	pc, pc, r3, lsl #30
8780688c:	e0ffff03 	rscs	pc, pc, r3, lsl #30
87806890:	20000102 	andcs	r0, r0, r2, lsl #2
87806894:	20000102 	andcs	r0, r0, r2, lsl #2
87806898:	20000102 	andcs	r0, r0, r2, lsl #2
8780689c:	20000102 	andcs	r0, r0, r2, lsl #2
878068a0:	20000102 	andcs	r0, r0, r2, lsl #2
878068a4:	20800302 	addcs	r0, r0, r2, lsl #6
878068a8:	20e00f02 	rsccs	r0, r0, r2, lsl #30
878068ac:	60000003 	andvs	r0, r0, r3
878068b0:	e000c003 	and	ip, r0, r3
878068b4:	00036000 	andeq	r6, r3, r0
	...
87806900:	20000002 	andcs	r0, r0, r2
87806904:	20000002 	andcs	r0, r0, r2
87806908:	e0ffff03 	rscs	pc, pc, r3, lsl #30
8780690c:	e0ffff03 	rscs	pc, pc, r3, lsl #30
87806910:	20000102 	andcs	r0, r0, r2, lsl #2
87806914:	20000102 	andcs	r0, r0, r2, lsl #2
87806918:	00000102 	andeq	r0, r0, r2, lsl #2
8780691c:	00000102 	andeq	r0, r0, r2, lsl #2
87806920:	00000102 	andeq	r0, r0, r2, lsl #2
87806924:	00000102 	andeq	r0, r0, r2, lsl #2
87806928:	00800302 	addeq	r0, r0, r2, lsl #6
8780692c:	00e00f03 	rsceq	r0, r0, r3, lsl #30
87806930:	00000003 	andeq	r0, r0, r3
87806934:	0000c003 	andeq	ip, r0, r3
87806938:	00006000 	andeq	r6, r0, r0
	...
87806980:	00f80700 	rscseq	r0, r8, r0, lsl #14
87806984:	00fe3f00 	rscseq	r3, lr, r0, lsl #30
87806988:	80077000 	andhi	r7, r7, r0
8780698c:	c001c001 	andgt	ip, r1, r1
87806990:	40000001 	andmi	r0, r0, r1
87806994:	20000003 	andcs	r0, r0, r3
87806998:	20000002 	andcs	r0, r0, r2
8780699c:	20000002 	andcs	r0, r0, r2
878069a0:	20000002 	andcs	r0, r0, r2
878069a4:	20200001 	eorcs	r0, r0, r1
878069a8:	40200001 	eormi	r0, r0, r1
878069ac:	803fc003 	eorshi	ip, pc, r3
878069b0:	803f3000 	eorshi	r3, pc, r0
878069b4:	00200000 	eoreq	r0, r0, r0
878069b8:	00200000 	eoreq	r0, r0, r0
	...
878069fc:	20000002 	andcs	r0, r0, r2
87806a00:	20000002 	andcs	r0, r0, r2
87806a04:	e0ffff03 	rscs	pc, pc, r3, lsl #30
87806a08:	e0ffff03 	rscs	pc, pc, r3, lsl #30
87806a0c:	20800002 	addcs	r0, r0, r2
87806a10:	20800002 	addcs	r0, r0, r2
87806a14:	00800000 	addeq	r0, r0, r0
87806a18:	00800000 	addeq	r0, r0, r0
87806a1c:	00800000 	addeq	r0, r0, r0
87806a20:	20800002 	addcs	r0, r0, r2
87806a24:	20800002 	addcs	r0, r0, r2
87806a28:	e0ffff03 	rscs	pc, pc, r3, lsl #30
87806a2c:	e0ffff03 	rscs	pc, pc, r3, lsl #30
87806a30:	20000002 	andcs	r0, r0, r2
87806a34:	20000002 	andcs	r0, r0, r2
	...
87806a88:	20000002 	andcs	r0, r0, r2
87806a8c:	20000002 	andcs	r0, r0, r2
87806a90:	20000002 	andcs	r0, r0, r2
87806a94:	20000002 	andcs	r0, r0, r2
87806a98:	e0ffff03 	rscs	pc, pc, r3, lsl #30
87806a9c:	e0ffff03 	rscs	pc, pc, r3, lsl #30
87806aa0:	20000002 	andcs	r0, r0, r2
87806aa4:	20000002 	andcs	r0, r0, r2
87806aa8:	20000002 	andcs	r0, r0, r2
87806aac:	20000002 	andcs	r0, r0, r2
	...
87806b00:	0e000000 	cdpeq	0, 0, cr0, cr0, cr0, {0}
87806b04:	0f000000 	svceq	0x00000000
87806b08:	0f000000 	svceq	0x00000000
87806b0c:	01000000 	mrseq	r0, (UNDEF: 0)
87806b10:	01000002 	tsteq	r0, r2
87806b14:	01000002 	tsteq	r0, r2
87806b18:	03000002 	movweq	r0, #2
87806b1c:	06000002 	streq	r0, [r0], -r2
87806b20:	fcffff03 	ldc2l	15, cr15, [pc], #12	@ 87806b34 <asc2_3216+0x1538>
87806b24:	f8ffff03 			@ <UNDEFINED> instruction: 0xf8ffff03
87806b28:	00000002 	andeq	r0, r0, r2
87806b2c:	00000002 	andeq	r0, r0, r2
87806b30:	00000002 	andeq	r0, r0, r2
87806b34:	00000002 	andeq	r0, r0, r2
	...
87806b80:	20000002 	andcs	r0, r0, r2
87806b84:	20000002 	andcs	r0, r0, r2
87806b88:	e0ffff03 	rscs	pc, pc, r3, lsl #30
87806b8c:	e0ffff03 	rscs	pc, pc, r3, lsl #30
87806b90:	20c00002 	sbccs	r0, r0, r2
87806b94:	20000102 	andcs	r0, r0, r2, lsl #2
87806b98:	00800700 	addeq	r0, r0, r0, lsl #14
87806b9c:	00e00f00 	rsceq	r0, r0, r0, lsl #30
87806ba0:	00f83000 	rscseq	r3, r8, r0
87806ba4:	203e6002 	eorscs	r6, lr, r2
87806ba8:	200f8003 	andcs	r8, pc, r3
87806bac:	e0030003 	and	r0, r3, r3
87806bb0:	e0000002 	and	r0, r0, r2
87806bb4:	20000002 	andcs	r0, r0, r2
87806bb8:	20000000 	andcs	r0, r0, r0
	...
87806c00:	20000002 	andcs	r0, r0, r2
87806c04:	20000002 	andcs	r0, r0, r2
87806c08:	e0ffff03 	rscs	pc, pc, r3, lsl #30
87806c0c:	e0ffff03 	rscs	pc, pc, r3, lsl #30
87806c10:	20000002 	andcs	r0, r0, r2
87806c14:	20000002 	andcs	r0, r0, r2
87806c18:	20000000 	andcs	r0, r0, r0
87806c1c:	20000000 	andcs	r0, r0, r0
87806c20:	20000000 	andcs	r0, r0, r0
87806c24:	20000000 	andcs	r0, r0, r0
87806c28:	20000000 	andcs	r0, r0, r0
87806c2c:	60000000 	andvs	r0, r0, r0
87806c30:	e0000000 	and	r0, r0, r0
87806c34:	00030000 	andeq	r0, r3, r0
	...
87806c7c:	20000002 	andcs	r0, r0, r2
87806c80:	20000002 	andcs	r0, r0, r2
87806c84:	e0ffff03 	rscs	pc, pc, r3, lsl #30
87806c88:	2000e003 	andcs	lr, r0, r3
87806c8c:	2000ff03 	andcs	pc, r0, r3, lsl #30
87806c90:	00f01f00 	rscseq	r1, r0, r0, lsl #30
87806c94:	80ff0100 	rscshi	r0, pc, r0, lsl #2
87806c98:	e00f0000 	and	r0, pc, r0
87806c9c:	001e0000 	andseq	r0, lr, r0
87806ca0:	00e00300 	rsceq	r0, r0, r0, lsl #6
87806ca4:	20003e00 	andcs	r3, r0, r0, lsl #28
87806ca8:	2000e003 	andcs	lr, r0, r3
87806cac:	e0ffff03 	rscs	pc, pc, r3, lsl #30
87806cb0:	e0ffff03 	rscs	pc, pc, r3, lsl #30
87806cb4:	20000002 	andcs	r0, r0, r2
87806cb8:	20000002 	andcs	r0, r0, r2
	...
87806cfc:	20000002 	andcs	r0, r0, r2
87806d00:	20000002 	andcs	r0, r0, r2
87806d04:	e0ffff03 	rscs	pc, pc, r3, lsl #30
87806d08:	20008003 	andcs	r8, r0, r3
87806d0c:	2000f003 	andcs	pc, r0, r3
87806d10:	0000fc00 	andeq	pc, r0, r0, lsl #24
87806d14:	00001f00 	andeq	r1, r0, r0, lsl #30
87806d18:	00c00700 	sbceq	r0, r0, r0, lsl #14
87806d1c:	00f00100 	rscseq	r0, r0, r0, lsl #2
87806d20:	007c0000 	rsbseq	r0, ip, r0
87806d24:	801f0002 	andshi	r0, pc, r2
87806d28:	e0070002 	and	r0, r7, r2
87806d2c:	e0ffff03 	rscs	pc, pc, r3, lsl #30
87806d30:	00000002 	andeq	r0, r0, r2
87806d34:	00000002 	andeq	r0, r0, r2
	...
87806d80:	00f80f00 	rscseq	r0, r8, r0, lsl #30
87806d84:	00fe3f00 	rscseq	r3, lr, r0, lsl #30
87806d88:	8007f000 	andhi	pc, r7, r0
87806d8c:	c0008001 	andgt	r8, r0, r1
87806d90:	40000001 	andmi	r0, r0, r1
87806d94:	20000002 	andcs	r0, r0, r2
87806d98:	20000002 	andcs	r0, r0, r2
87806d9c:	20000002 	andcs	r0, r0, r2
87806da0:	20000002 	andcs	r0, r0, r2
87806da4:	40000001 	andmi	r0, r0, r1
87806da8:	c0008001 	andgt	r8, r0, r1
87806dac:	8003f000 	andhi	pc, r3, r0
87806db0:	00fe3f00 	rscseq	r3, lr, r0, lsl #30
87806db4:	00f80f00 	rscseq	r0, r8, r0, lsl #30
	...
87806e00:	20000002 	andcs	r0, r0, r2
87806e04:	20000002 	andcs	r0, r0, r2
87806e08:	e0ffff03 	rscs	pc, pc, r3, lsl #30
87806e0c:	e0ffff03 	rscs	pc, pc, r3, lsl #30
87806e10:	20800002 	addcs	r0, r0, r2
87806e14:	20800002 	addcs	r0, r0, r2
87806e18:	00800002 	addeq	r0, r0, r2
87806e1c:	00800002 	addeq	r0, r0, r2
87806e20:	00800002 	addeq	r0, r0, r2
87806e24:	00800002 	addeq	r0, r0, r2
87806e28:	00800103 	addeq	r0, r0, r3, lsl #2
87806e2c:	00008301 	andeq	r8, r0, r1, lsl #6
87806e30:	0000fe00 	andeq	pc, r0, r0, lsl #28
87806e34:	00007c00 	andeq	r7, r0, r0, lsl #24
	...
87806e80:	00f80f00 	rscseq	r0, r8, r0, lsl #30
87806e84:	00ff7f00 	rscseq	r7, pc, r0, lsl #30
87806e88:	8003f000 	andhi	pc, r3, r0
87806e8c:	c0018001 	andgt	r8, r1, r1
87806e90:	40060001 	andmi	r0, r6, r1
87806e94:	20040002 	andcs	r0, r4, r2
87806e98:	20040002 	andcs	r0, r4, r2
87806e9c:	20060002 	andcs	r0, r6, r2
87806ea0:	e0030002 	and	r0, r3, r2
87806ea4:	f8000001 			@ <UNDEFINED> instruction: 0xf8000001
87806ea8:	5c008001 	stcpl	0, cr8, [r0], {1}
87806eac:	8c03e000 	stchi	0, cr14, [r3], {-0}
87806eb0:	0cff3f00 	ldcleq	15, cr3, [pc]	@ 87806eb8 <asc2_3216+0x18bc>
87806eb4:	18fc0f00 	ldmne	ip!, {r8, r9, sl, fp}^
	...
87806f00:	20000002 	andcs	r0, r0, r2
87806f04:	20000002 	andcs	r0, r0, r2
87806f08:	e0ffff03 	rscs	pc, pc, r3, lsl #30
87806f0c:	e0ffff03 	rscs	pc, pc, r3, lsl #30
87806f10:	20000102 	andcs	r0, r0, r2, lsl #2
87806f14:	20000102 	andcs	r0, r0, r2, lsl #2
87806f18:	00800102 	addeq	r0, r0, r2, lsl #2
87806f1c:	00e00102 	rsceq	r0, r0, r2, lsl #2
87806f20:	00fc0102 	rscseq	r0, ip, r2, lsl #2
87806f24:	803f0303 	eorshi	r0, pc, r3, lsl #6
87806f28:	e0078601 	and	r8, r7, r1, lsl #12
87806f2c:	e000fc01 	and	pc, r0, r1, lsl #24
87806f30:	2000f800 	andcs	pc, r0, r0, lsl #16
87806f34:	20000000 	andcs	r0, r0, r0
	...
87806f84:	00067800 	andeq	r7, r6, r0, lsl #16
87806f88:	e001fe00 	and	pc, r1, r0, lsl #28
87806f8c:	c0008601 	andgt	r8, r0, r1, lsl #12
87806f90:	40000303 	andmi	r0, r0, r3, lsl #6
87806f94:	20000302 	andcs	r0, r0, r2, lsl #6
87806f98:	20800102 	addcs	r0, r0, r2, lsl #2
87806f9c:	20800102 	addcs	r0, r0, r2, lsl #2
87806fa0:	20c00102 	sbccs	r0, r0, r2, lsl #2
87806fa4:	20c00002 	sbccs	r0, r0, r2
87806fa8:	60e00001 	rscvs	r0, r0, r1
87806fac:	c0708001 	rsbsgt	r8, r0, r1
87806fb0:	803fe003 	eorshi	lr, pc, r3
87806fb4:	001f0000 	andseq	r0, pc, r0
	...
87807000:	00006000 	andeq	r6, r0, r0
87807004:	00008003 	andeq	r8, r0, r3
87807008:	00000003 	andeq	r0, r0, r3
8780700c:	00000002 	andeq	r0, r0, r2
87807010:	20000002 	andcs	r0, r0, r2
87807014:	20000002 	andcs	r0, r0, r2
87807018:	e0ffff03 	rscs	pc, pc, r3, lsl #30
8780701c:	e0ffff03 	rscs	pc, pc, r3, lsl #30
87807020:	20000002 	andcs	r0, r0, r2
87807024:	20000002 	andcs	r0, r0, r2
87807028:	00000002 	andeq	r0, r0, r2
8780702c:	00000002 	andeq	r0, r0, r2
87807030:	00008003 	andeq	r8, r0, r3
87807034:	0000e000 	andeq	lr, r0, r0
	...
8780707c:	00000002 	andeq	r0, r0, r2
87807080:	00000002 	andeq	r0, r0, r2
87807084:	00ffff03 	rscseq	pc, pc, r3, lsl #30
87807088:	c0ffff03 	rscsgt	pc, pc, r3, lsl #30
8780708c:	40000002 	andmi	r0, r0, r2
87807090:	60000002 	andvs	r0, r0, r2
87807094:	20000000 	andcs	r0, r0, r0
87807098:	20000000 	andcs	r0, r0, r0
8780709c:	20000000 	andcs	r0, r0, r0
878070a0:	20000000 	andcs	r0, r0, r0
878070a4:	40000002 	andmi	r0, r0, r2
878070a8:	80000002 	andhi	r0, r0, r2
878070ac:	00ffff03 	rscseq	pc, pc, r3, lsl #30
878070b0:	00000002 	andeq	r0, r0, r2
878070b4:	00000002 	andeq	r0, r0, r2
	...
87807100:	00000002 	andeq	r0, r0, r2
87807104:	00000002 	andeq	r0, r0, r2
87807108:	0000c003 	andeq	ip, r0, r3
8780710c:	0000fc03 	andeq	pc, r0, r3, lsl #24
87807110:	00c03f02 	sbceq	r3, r0, r2, lsl #30
87807114:	00f80300 	rscseq	r0, r8, r0, lsl #6
87807118:	807f0000 	rsbshi	r0, pc, r0
8780711c:	e0070000 	and	r0, r7, r0
87807120:	80070000 	andhi	r0, r7, r0
87807124:	00780000 	rsbseq	r0, r8, r0
87807128:	00c00302 	sbceq	r0, r0, r2, lsl #6
8780712c:	00003c02 	andeq	r3, r0, r2, lsl #24
87807130:	0000c003 	andeq	ip, r0, r3
87807134:	00000002 	andeq	r0, r0, r2
87807138:	00000002 	andeq	r0, r0, r2
	...
8780717c:	00000002 	andeq	r0, r0, r2
87807180:	0000c003 	andeq	ip, r0, r3
87807184:	0080ff03 	addeq	pc, r0, r3, lsl #30
87807188:	00fe3f02 	rscseq	r3, lr, r2, lsl #30
8780718c:	e07f0002 	rsbs	r0, pc, r2
87807190:	000f0000 	andeq	r0, pc, r0
87807194:	00f00002 	rscseq	r0, r0, r2
87807198:	0000ef03 	andeq	lr, r0, r3, lsl #30
8780719c:	0080ff03 	addeq	pc, r0, r3, lsl #30
878071a0:	00fe0f02 	rscseq	r0, lr, r2, lsl #30
878071a4:	e03f0000 	eors	r0, pc, r0
878071a8:	001f0000 	andseq	r0, pc, r0
878071ac:	00e00702 	rsceq	r0, r0, r2, lsl #14
878071b0:	0000f803 	andeq	pc, r0, r3, lsl #16
878071b4:	00000003 	andeq	r0, r0, r3
878071b8:	00000002 	andeq	r0, r0, r2
	...
87807200:	20000002 	andcs	r0, r0, r2
87807204:	20000002 	andcs	r0, r0, r2
87807208:	e0008003 	and	r8, r0, r3
8780720c:	2003f003 	andcs	pc, r3, r3
87807210:	200cfc02 	andcs	pc, ip, r2, lsl #24
87807214:	00301f02 	eorseq	r1, r0, r2, lsl #30
87807218:	00c00700 	sbceq	r0, r0, r0, lsl #14
8780721c:	00f00700 	rscseq	r0, r0, r0, lsl #14
87807220:	007c1802 	rsbseq	r1, ip, r2, lsl #16
87807224:	201f6002 	andscs	r6, pc, r2
87807228:	e0038003 	and	r8, r3, r3
8780722c:	e0000002 	and	r0, r0, r2
87807230:	20000002 	andcs	r0, r0, r2
87807234:	20000000 	andcs	r0, r0, r0
	...
87807280:	00000002 	andeq	r0, r0, r2
87807284:	00000003 	andeq	r0, r0, r3
87807288:	0000c003 	andeq	ip, r0, r3
8780728c:	0000f803 	andeq	pc, r0, r3, lsl #16
87807290:	20003e02 	andcs	r3, r0, r2, lsl #28
87807294:	20c00f02 	sbccs	r0, r0, r2, lsl #30
87807298:	e0ff0100 	rscs	r0, pc, r0, lsl #2
8780729c:	e07f0000 	rsbs	r0, pc, r0
878072a0:	20800300 	addcs	r0, r0, r0, lsl #6
878072a4:	20001c02 	andcs	r1, r0, r2, lsl #24
878072a8:	00007002 	andeq	r7, r0, r2
878072ac:	00008003 	andeq	r8, r0, r3
878072b0:	00000002 	andeq	r0, r0, r2
878072b4:	00000002 	andeq	r0, r0, r2
	...
87807300:	20000000 	andcs	r0, r0, r0
87807304:	e0006000 	and	r6, r0, r0
87807308:	e0038003 	and	r8, r3, r3
8780730c:	a00f0003 	andge	r0, pc, r3
87807310:	203e0002 	eorscs	r0, lr, r2
87807314:	20f80002 	rscscs	r0, r8, r2
87807318:	20e00302 	rsccs	r0, r0, r2, lsl #6
8780731c:	20800f02 	addcs	r0, r0, r2, lsl #30
87807320:	20003e02 	andcs	r3, r0, r2, lsl #28
87807324:	20007802 	andcs	r7, r0, r2, lsl #16
87807328:	6000e003 	andvs	lr, r0, r3
8780732c:	e0008003 	and	r8, r0, r3
87807330:	00030002 	andeq	r0, r3, r2
	...
87807394:	fcffff1f 	ldc2l	15, cr15, [pc], #124	@ 87807418 <asc2_3216+0x1e1c>
87807398:	04000010 	streq	r0, [r0], #-16
8780739c:	04000010 	streq	r0, [r0], #-16
878073a0:	04000010 	streq	r0, [r0], #-16
878073a4:	04000010 	streq	r0, [r0], #-16
878073a8:	04000010 	streq	r0, [r0], #-16
878073ac:	04000010 	streq	r0, [r0], #-16
878073b0:	04000010 	streq	r0, [r0], #-16
	...
87807408:	00000007 	andeq	r0, r0, r7
8780740c:	0000c003 	andeq	ip, r0, r3
87807410:	00007800 	andeq	r7, r0, r0, lsl #16
87807414:	00001e00 	andeq	r1, r0, r0, lsl #28
87807418:	00c00300 	sbceq	r0, r0, r0, lsl #6
8780741c:	00f00000 	rscseq	r0, r0, r0
87807420:	001e0000 	andseq	r0, lr, r0
87807424:	80070000 	andhi	r0, r7, r0
87807428:	f0000000 			@ <UNDEFINED> instruction: 0xf0000000
8780742c:	3c000000 	stccc	0, cr0, [r0], {-0}
87807430:	06000000 	streq	r0, [r0], -r0
	...
87807484:	04000010 	streq	r0, [r0], #-16
87807488:	04000010 	streq	r0, [r0], #-16
8780748c:	04000010 	streq	r0, [r0], #-16
87807490:	04000010 	streq	r0, [r0], #-16
87807494:	04000010 	streq	r0, [r0], #-16
87807498:	04000010 	streq	r0, [r0], #-16
8780749c:	04000010 	streq	r0, [r0], #-16
878074a0:	fcffff1f 	ldc2l	15, cr15, [pc], #124	@ 87807524 <asc2_3216+0x1f28>
	...
8780750c:	00000002 	andeq	r0, r0, r2
87807510:	00000004 	andeq	r0, r0, r4
87807514:	00000008 	andeq	r0, r0, r8
87807518:	00000018 	andeq	r0, r0, r8, lsl r0
8780751c:	00000010 	andeq	r0, r0, r0, lsl r0
87807520:	00000018 	andeq	r0, r0, r8, lsl r0
87807524:	00000018 	andeq	r0, r0, r8, lsl r0
87807528:	00000004 	andeq	r0, r0, r4
8780752c:	00000002 	andeq	r0, r0, r2
	...
8780757c:	01000000 	mrseq	r0, (UNDEF: 0)
87807580:	01000000 	mrseq	r0, (UNDEF: 0)
87807584:	01000000 	mrseq	r0, (UNDEF: 0)
87807588:	01000000 	mrseq	r0, (UNDEF: 0)
8780758c:	01000000 	mrseq	r0, (UNDEF: 0)
87807590:	01000000 	mrseq	r0, (UNDEF: 0)
87807594:	01000000 	mrseq	r0, (UNDEF: 0)
87807598:	01000000 	mrseq	r0, (UNDEF: 0)
8780759c:	01000000 	mrseq	r0, (UNDEF: 0)
878075a0:	01000000 	mrseq	r0, (UNDEF: 0)
878075a4:	01000000 	mrseq	r0, (UNDEF: 0)
878075a8:	01000000 	mrseq	r0, (UNDEF: 0)
878075ac:	01000000 	mrseq	r0, (UNDEF: 0)
878075b0:	01000000 	mrseq	r0, (UNDEF: 0)
878075b4:	01000000 	mrseq	r0, (UNDEF: 0)
878075b8:	01000000 	mrseq	r0, (UNDEF: 0)
	...
87807608:	00000010 	andeq	r0, r0, r0, lsl r0
8780760c:	00000010 	andeq	r0, r0, r0, lsl r0
87807610:	00000010 	andeq	r0, r0, r0, lsl r0
87807614:	00000018 	andeq	r0, r0, r8, lsl r0
87807618:	00000008 	andeq	r0, r0, r8
8780761c:	00000004 	andeq	r0, r0, r4
	...
87807680:	80030000 	andhi	r0, r3, r0
87807684:	c08f0100 	addgt	r0, pc, r0, lsl #2
87807688:	608c0300 	addvs	r0, ip, r0, lsl #6
8780768c:	20180600 	andscs	r0, r8, r0, lsl #12
87807690:	20100400 	andscs	r0, r0, r0, lsl #8
87807694:	20100400 	andscs	r0, r0, r0, lsl #8
87807698:	20200400 	eorcs	r0, r0, r0, lsl #8
8780769c:	40200400 	eormi	r0, r0, r0, lsl #8
878076a0:	40200600 	eormi	r0, r0, r0, lsl #12
878076a4:	c0ff0300 	rscsgt	r0, pc, r0, lsl #6
878076a8:	e0ff0100 	rscs	r0, pc, r0, lsl #2
878076ac:	20000000 	andcs	r0, r0, r0
878076b0:	20000000 	andcs	r0, r0, r0
878076b4:	c0000000 	andgt	r0, r0, r0
	...
87807700:	00000002 	andeq	r0, r0, r2
87807704:	00000002 	andeq	r0, r0, r2
87807708:	e0ffff03 	rscs	pc, pc, r3, lsl #30
8780770c:	c0ffff07 	rscsgt	pc, pc, r7, lsl #30
87807710:	c0800100 	addgt	r0, r0, r0, lsl #2
87807714:	60000200 	andvs	r0, r0, r0, lsl #4
87807718:	20000200 	andcs	r0, r0, r0, lsl #4
8780771c:	20000400 	andcs	r0, r0, r0, lsl #8
87807720:	20000400 	andcs	r0, r0, r0, lsl #8
87807724:	20000400 	andcs	r0, r0, r0, lsl #8
87807728:	40000600 	andmi	r0, r0, r0, lsl #12
8780772c:	c0000300 	andgt	r0, r0, r0, lsl #6
87807730:	80ff0100 	rscshi	r0, pc, r0, lsl #2
87807734:	00fe0000 	rscseq	r0, lr, r0
	...
87807784:	007e0000 	rsbseq	r0, lr, r0
87807788:	80ff0100 	rscshi	r0, pc, r0, lsl #2
8780778c:	c0810300 	addgt	r0, r1, r0, lsl #6
87807790:	40000200 	andmi	r0, r0, r0, lsl #4
87807794:	20000600 	andcs	r0, r0, r0, lsl #12
87807798:	20000400 	andcs	r0, r0, r0, lsl #8
8780779c:	20000400 	andcs	r0, r0, r0, lsl #8
878077a0:	20000400 	andcs	r0, r0, r0, lsl #8
878077a4:	20000600 	andcs	r0, r0, r0, lsl #12
878077a8:	40c00300 	sbcmi	r0, r0, r0, lsl #6
878077ac:	80c00100 	sbchi	r0, r0, r0, lsl #2
878077b0:	00030000 	andeq	r0, r3, r0
	...
87807804:	007e0000 	rsbseq	r0, lr, r0
87807808:	80ff0100 	rscshi	r0, pc, r0, lsl #2
8780780c:	c0800300 	addgt	r0, r0, r0, lsl #6
87807810:	60000600 	andvs	r0, r0, r0, lsl #12
87807814:	20000400 	andcs	r0, r0, r0, lsl #8
87807818:	20000400 	andcs	r0, r0, r0, lsl #8
8780781c:	20000400 	andcs	r0, r0, r0, lsl #8
87807820:	40000402 	andmi	r0, r0, r2, lsl #8
87807824:	80000202 	andhi	r0, r0, r2, lsl #4
87807828:	e0ffff03 	rscs	pc, pc, r3, lsl #30
8780782c:	c0ffff07 	rscsgt	pc, pc, r7, lsl #30
87807830:	40000000 	andmi	r0, r0, r0
87807834:	40000000 	andmi	r0, r0, r0
	...
87807884:	007e0000 	rsbseq	r0, lr, r0
87807888:	80ff0100 	rscshi	r0, pc, r0, lsl #2
8780788c:	c0110300 	andsgt	r0, r1, r0, lsl #6
87807890:	40100200 	andsmi	r0, r0, r0, lsl #4
87807894:	60100400 	andsvs	r0, r0, r0, lsl #8
87807898:	20100400 	andscs	r0, r0, r0, lsl #8
8780789c:	20100400 	andscs	r0, r0, r0, lsl #8
878078a0:	20100400 	andscs	r0, r0, r0, lsl #8
878078a4:	20100600 	andscs	r0, r0, r0, lsl #12
878078a8:	40100300 	andsmi	r0, r0, r0, lsl #6
878078ac:	c0f00100 	rscsgt	r0, r0, r0, lsl #2
878078b0:	00710000 	rsbseq	r0, r1, r0
	...
87807904:	00000400 	andeq	r0, r0, r0, lsl #8
87807908:	20000400 	andcs	r0, r0, r0, lsl #8
8780790c:	20000400 	andcs	r0, r0, r0, lsl #8
87807910:	20000400 	andcs	r0, r0, r0, lsl #8
87807914:	e0ff7f00 	rscs	r7, pc, r0, lsl #30
87807918:	e0ffff01 	rscs	pc, pc, r1, lsl #30
8780791c:	20000401 	andcs	r0, r0, r1, lsl #8
87807920:	20000403 	andcs	r0, r0, r3, lsl #8
87807924:	20000402 	andcs	r0, r0, r2, lsl #8
87807928:	20000402 	andcs	r0, r0, r2, lsl #8
8780792c:	00000402 	andeq	r0, r0, r2, lsl #8
87807930:	00000002 	andeq	r0, r0, r2
87807934:	0000c001 	andeq	ip, r0, r1
87807938:	0000c001 	andeq	ip, r0, r1
	...
87807984:	1c000000 	stcne	0, cr0, [r0], {-0}
87807988:	3ee30000 	cdpcc	0, 14, cr0, cr3, cr0, {0}
8780798c:	c2ff0300 	rscsgt	r0, pc, #0, 6
87807990:	c30c0200 	movwgt	r0, #49664	@ 0xc200
87807994:	c1040400 	tstgt	r4, r0, lsl #8
87807998:	c1040400 	tstgt	r4, r0, lsl #8
8780799c:	c1040400 	tstgt	r4, r0, lsl #8
878079a0:	c1040400 	tstgt	r4, r0, lsl #8
878079a4:	c10c0600 	tstgt	ip, r0, lsl #12
878079a8:	c3f80300 	mvnsgt	r0, #0, 6
878079ac:	62f00500 	rscsvs	r0, r0, #0, 10
878079b0:	7e000600 	cdpvc	6, 0, cr0, cr0, cr0, {0}
878079b4:	3c000600 	stccc	6, cr0, [r0], {-0}
	...
87807a00:	20000002 	andcs	r0, r0, r2
87807a04:	20000002 	andcs	r0, r0, r2
87807a08:	e0ffff03 	rscs	pc, pc, r3, lsl #30
87807a0c:	e0ffff07 	rscs	pc, pc, r7, lsl #30
87807a10:	20000100 	andcs	r0, r0, r0, lsl #2
87807a14:	20000200 	andcs	r0, r0, r0, lsl #4
87807a18:	00000600 	andeq	r0, r0, r0, lsl #12
87807a1c:	00000400 	andeq	r0, r0, r0, lsl #8
87807a20:	00000400 	andeq	r0, r0, r0, lsl #8
87807a24:	20000400 	andcs	r0, r0, r0, lsl #8
87807a28:	20000600 	andcs	r0, r0, r0, lsl #12
87807a2c:	e0ff0300 	rscs	r0, pc, r0, lsl #6
87807a30:	e0ff0100 	rscs	r0, pc, r0, lsl #2
87807a34:	20000000 	andcs	r0, r0, r0
87807a38:	20000000 	andcs	r0, r0, r0
	...
87807a88:	20000400 	andcs	r0, r0, r0, lsl #8
87807a8c:	20000400 	andcs	r0, r0, r0, lsl #8
87807a90:	20000400 	andcs	r0, r0, r0, lsl #8
87807a94:	20000400 	andcs	r0, r0, r0, lsl #8
87807a98:	e0ff8703 	rscs	r8, pc, r3, lsl #14
87807a9c:	e0ff8f03 	rscs	r8, pc, r3, lsl #30
87807aa0:	20008003 	andcs	r8, r0, r3
87807aa4:	20000000 	andcs	r0, r0, r0
87807aa8:	20000000 	andcs	r0, r0, r0
87807aac:	20000000 	andcs	r0, r0, r0
	...
87807b08:	06000000 	streq	r0, [r0], -r0
87807b0c:	07000000 	streq	r0, [r0, -r0]
87807b10:	01000000 	mrseq	r0, (UNDEF: 0)
87807b14:	01000000 	mrseq	r0, (UNDEF: 0)
87807b18:	01000400 	tsteq	r0, r0, lsl #8
87807b1c:	01000400 	tsteq	r0, r0, lsl #8
87807b20:	03000400 	movweq	r0, #1024	@ 0x400
87807b24:	06000400 	streq	r0, [r0], -r0, lsl #8
87807b28:	fcff8703 	ldc2l	7, cr8, [pc], #12	@ 87807b3c <asc2_3216+0x2540>
87807b2c:	f8ff8f03 			@ <UNDEFINED> instruction: 0xf8ff8f03
87807b30:	00008003 	andeq	r8, r0, r3
	...
87807b80:	20000002 	andcs	r0, r0, r2
87807b84:	20000002 	andcs	r0, r0, r2
87807b88:	e0ffff03 	rscs	pc, pc, r3, lsl #30
87807b8c:	e0ffff07 	rscs	pc, pc, r7, lsl #30
87807b90:	20080000 	andcs	r0, r8, r0
87807b94:	20100000 	andscs	r0, r0, r0
87807b98:	00300000 	eorseq	r0, r0, r0
87807b9c:	00fc0000 	rscseq	r0, ip, r0
87807ba0:	008e0500 	addeq	r0, lr, r0, lsl #10
87807ba4:	a0070700 	andge	r0, r7, r0, lsl #14
87807ba8:	e0010600 	and	r0, r1, r0, lsl #12
87807bac:	e0000400 	and	r0, r0, r0, lsl #8
87807bb0:	20000400 	andcs	r0, r0, r0, lsl #8
87807bb4:	20000000 	andcs	r0, r0, r0
	...
87807c08:	20000002 	andcs	r0, r0, r2
87807c0c:	20000002 	andcs	r0, r0, r2
87807c10:	20000002 	andcs	r0, r0, r2
87807c14:	20000002 	andcs	r0, r0, r2
87807c18:	e0ffff03 	rscs	pc, pc, r3, lsl #30
87807c1c:	e0ffff07 	rscs	pc, pc, r7, lsl #30
87807c20:	20000000 	andcs	r0, r0, r0
87807c24:	20000000 	andcs	r0, r0, r0
87807c28:	20000000 	andcs	r0, r0, r0
87807c2c:	20000000 	andcs	r0, r0, r0
	...
87807c80:	20000400 	andcs	r0, r0, r0, lsl #8
87807c84:	e0ff0700 	rscs	r0, pc, r0, lsl #14
87807c88:	e0ff0f00 	rscs	r0, pc, r0, lsl #30
87807c8c:	20000200 	andcs	r0, r0, r0, lsl #4
87807c90:	00000400 	andeq	r0, r0, r0, lsl #8
87807c94:	20000400 	andcs	r0, r0, r0, lsl #8
87807c98:	e0ff0700 	rscs	r0, pc, r0, lsl #14
87807c9c:	e0ff0300 	rscs	r0, pc, r0, lsl #6
87807ca0:	20000200 	andcs	r0, r0, r0, lsl #4
87807ca4:	00000400 	andeq	r0, r0, r0, lsl #8
87807ca8:	20000400 	andcs	r0, r0, r0, lsl #8
87807cac:	e0ff0700 	rscs	r0, pc, r0, lsl #14
87807cb0:	e0ff0300 	rscs	r0, pc, r0, lsl #6
87807cb4:	20000000 	andcs	r0, r0, r0
	...
87807d00:	20000400 	andcs	r0, r0, r0, lsl #8
87807d04:	20000400 	andcs	r0, r0, r0, lsl #8
87807d08:	e0ff0700 	rscs	r0, pc, r0, lsl #14
87807d0c:	e0ff0f00 	rscs	r0, pc, r0, lsl #30
87807d10:	20000100 	andcs	r0, r0, r0, lsl #2
87807d14:	20000200 	andcs	r0, r0, r0, lsl #4
87807d18:	00000200 	andeq	r0, r0, r0, lsl #4
87807d1c:	00000400 	andeq	r0, r0, r0, lsl #8
87807d20:	00000400 	andeq	r0, r0, r0, lsl #8
87807d24:	20000400 	andcs	r0, r0, r0, lsl #8
87807d28:	20000600 	andcs	r0, r0, r0, lsl #12
87807d2c:	e0ff0300 	rscs	r0, pc, r0, lsl #6
87807d30:	e0ff0100 	rscs	r0, pc, r0, lsl #2
87807d34:	20000000 	andcs	r0, r0, r0
87807d38:	20000000 	andcs	r0, r0, r0
	...
87807d84:	007e0000 	rsbseq	r0, lr, r0
87807d88:	80ff0000 	rscshi	r0, pc, r0
87807d8c:	c0810300 	addgt	r0, r1, r0, lsl #6
87807d90:	40000200 	andmi	r0, r0, r0, lsl #4
87807d94:	20000600 	andcs	r0, r0, r0, lsl #12
87807d98:	20000400 	andcs	r0, r0, r0, lsl #8
87807d9c:	20000400 	andcs	r0, r0, r0, lsl #8
87807da0:	20000400 	andcs	r0, r0, r0, lsl #8
87807da4:	20000600 	andcs	r0, r0, r0, lsl #12
87807da8:	40000200 	andmi	r0, r0, r0, lsl #4
87807dac:	c0810300 	addgt	r0, r1, r0, lsl #6
87807db0:	80ff0100 	rscshi	r0, pc, r0, lsl #2
87807db4:	007e0000 	rsbseq	r0, lr, r0
	...
87807e00:	01000400 	tsteq	r0, r0, lsl #8
87807e04:	01000400 	tsteq	r0, r0, lsl #8
87807e08:	ffff0700 			@ <UNDEFINED> instruction: 0xffff0700
87807e0c:	ffff0f00 			@ <UNDEFINED> instruction: 0xffff0f00
87807e10:	c1000100 	mrsgt	r0, (UNDEF: 16)
87807e14:	41000200 	mrsmi	r0, R8_usr
87807e18:	20000400 	andcs	r0, r0, r0, lsl #8
87807e1c:	20000400 	andcs	r0, r0, r0, lsl #8
87807e20:	20000400 	andcs	r0, r0, r0, lsl #8
87807e24:	20000400 	andcs	r0, r0, r0, lsl #8
87807e28:	40000600 	andmi	r0, r0, r0, lsl #12
87807e2c:	c0010300 	andgt	r0, r1, r0, lsl #6
87807e30:	80ff0100 	rscshi	r0, pc, r0, lsl #2
87807e34:	007e0000 	rsbseq	r0, lr, r0
	...
87807e84:	007e0000 	rsbseq	r0, lr, r0
87807e88:	80ff0100 	rscshi	r0, pc, r0, lsl #2
87807e8c:	c0800300 	addgt	r0, r0, r0, lsl #6
87807e90:	60000200 	andvs	r0, r0, r0, lsl #4
87807e94:	20000400 	andcs	r0, r0, r0, lsl #8
87807e98:	20000400 	andcs	r0, r0, r0, lsl #8
87807e9c:	20000400 	andcs	r0, r0, r0, lsl #8
87807ea0:	20000400 	andcs	r0, r0, r0, lsl #8
87807ea4:	41000200 	mrsmi	r0, R8_usr
87807ea8:	c1000300 	mrsgt	r0, LR_irq
87807eac:	ffff0300 			@ <UNDEFINED> instruction: 0xffff0300
87807eb0:	ffff0700 			@ <UNDEFINED> instruction: 0xffff0700
87807eb4:	01000000 	mrseq	r0, (UNDEF: 0)
87807eb8:	01000000 	mrseq	r0, (UNDEF: 0)
	...
87807f00:	20000400 	andcs	r0, r0, r0, lsl #8
87807f04:	20000400 	andcs	r0, r0, r0, lsl #8
87807f08:	20000400 	andcs	r0, r0, r0, lsl #8
87807f0c:	20000400 	andcs	r0, r0, r0, lsl #8
87807f10:	e0ff0f00 	rscs	r0, pc, r0, lsl #30
87807f14:	e0ff0f00 	rscs	r0, pc, r0, lsl #30
87807f18:	20c00000 	sbccs	r0, r0, r0
87807f1c:	20000100 	andcs	r0, r0, r0, lsl #2
87807f20:	20000200 	andcs	r0, r0, r0, lsl #4
87807f24:	20000600 	andcs	r0, r0, r0, lsl #12
87807f28:	00000400 	andeq	r0, r0, r0, lsl #8
87807f2c:	00000400 	andeq	r0, r0, r0, lsl #8
87807f30:	00000700 	andeq	r0, r0, r0, lsl #14
87807f34:	00000300 	andeq	r0, r0, r0, lsl #6
	...
87807f84:	e0030000 	and	r0, r3, r0
87807f88:	e0c00100 	sbc	r0, r0, r0, lsl #2
87807f8c:	40e00300 	rscmi	r0, r0, r0, lsl #6
87807f90:	20300600 	eorscs	r0, r0, r0, lsl #12
87807f94:	20300400 	eorscs	r0, r0, r0, lsl #8
87807f98:	20180400 	andscs	r0, r8, r0, lsl #8
87807f9c:	20180400 	andscs	r0, r8, r0, lsl #8
87807fa0:	20180400 	andscs	r0, r8, r0, lsl #8
87807fa4:	200c0400 	andcs	r0, ip, r0, lsl #8
87807fa8:	600c0200 	andvs	r0, ip, r0, lsl #4
87807fac:	c0070300 	andgt	r0, r7, r0, lsl #6
87807fb0:	80830700 	addhi	r0, r3, r0, lsl #14
	...
87808004:	00000400 	andeq	r0, r0, r0, lsl #8
87808008:	00000400 	andeq	r0, r0, r0, lsl #8
8780800c:	00000400 	andeq	r0, r0, r0, lsl #8
87808010:	00000c00 	andeq	r0, r0, r0, lsl #24
87808014:	80ff1f00 	rscshi	r1, pc, r0, lsl #30
87808018:	c0ffff00 	rscsgt	pc, pc, r0, lsl #30
8780801c:	60000400 	andvs	r0, r0, r0, lsl #8
87808020:	20000400 	andcs	r0, r0, r0, lsl #8
87808024:	20000400 	andcs	r0, r0, r0, lsl #8
87808028:	20000400 	andcs	r0, r0, r0, lsl #8
8780802c:	40000400 	andmi	r0, r0, r0, lsl #8
87808030:	80010000 	andhi	r0, r1, r0
	...
87808080:	00000400 	andeq	r0, r0, r0, lsl #8
87808084:	00000400 	andeq	r0, r0, r0, lsl #8
87808088:	80ff0700 	rscshi	r0, pc, r0, lsl #14
8780808c:	c0ff0f00 	rscsgt	r0, pc, r0, lsl #30
87808090:	60000000 	andvs	r0, r0, r0
87808094:	20000000 	andcs	r0, r0, r0
87808098:	20000000 	andcs	r0, r0, r0
8780809c:	20000000 	andcs	r0, r0, r0
878080a0:	20000000 	andcs	r0, r0, r0
878080a4:	40000400 	andmi	r0, r0, r0, lsl #8
878080a8:	80000400 	andhi	r0, r0, r0, lsl #8
878080ac:	e0ff0700 	rscs	r0, pc, r0, lsl #14
878080b0:	c0ff0f00 	rscsgt	r0, pc, r0, lsl #30
878080b4:	40000000 	andmi	r0, r0, r0
878080b8:	40000000 	andmi	r0, r0, r0
	...
87808100:	00000400 	andeq	r0, r0, r0, lsl #8
87808104:	00000400 	andeq	r0, r0, r0, lsl #8
87808108:	00800700 	addeq	r0, r0, r0, lsl #14
8780810c:	00f00700 	rscseq	r0, r0, r0, lsl #14
87808110:	00fe0400 	rscseq	r0, lr, r0, lsl #8
87808114:	c01f0400 	andsgt	r0, pc, r0, lsl #8
87808118:	e0030000 	and	r0, r3, r0
8780811c:	80030000 	andhi	r0, r3, r0
87808120:	001c0000 	andseq	r0, ip, r0
87808124:	00600400 	rsbeq	r0, r0, r0, lsl #8
87808128:	00800700 	addeq	r0, r0, r0, lsl #14
8780812c:	00000600 	andeq	r0, r0, r0, lsl #12
87808130:	00000400 	andeq	r0, r0, r0, lsl #8
	...
8780817c:	00000400 	andeq	r0, r0, r0, lsl #8
87808180:	00000600 	andeq	r0, r0, r0, lsl #12
87808184:	00c00700 	sbceq	r0, r0, r0, lsl #14
87808188:	00fc0700 	rscseq	r0, ip, r0, lsl #14
8780818c:	803f0400 	eorshi	r0, pc, r0, lsl #8
87808190:	e0030000 	and	r0, r3, r0
87808194:	800f0400 	andhi	r0, pc, r0, lsl #8
87808198:	00f00600 	rscseq	r0, r0, r0, lsl #12
8780819c:	00f00700 	rscseq	r0, r0, r0, lsl #14
878081a0:	80ff0700 	rscshi	r0, pc, r0, lsl #14
878081a4:	e00f0400 	and	r0, pc, r0, lsl #8
878081a8:	80030000 	andhi	r0, r3, r0
878081ac:	003c0400 	eorseq	r0, ip, r0, lsl #8
878081b0:	00c00700 	sbceq	r0, r0, r0, lsl #14
878081b4:	00000600 	andeq	r0, r0, r0, lsl #12
878081b8:	00000400 	andeq	r0, r0, r0, lsl #8
	...
87808200:	20000000 	andcs	r0, r0, r0
87808204:	20000400 	andcs	r0, r0, r0, lsl #8
87808208:	60000400 	andvs	r0, r0, r0, lsl #8
8780820c:	e0000700 	and	r0, r0, r0, lsl #14
87808210:	20830700 	addcs	r0, r3, r0, lsl #14
87808214:	00e60700 	rsceq	r0, r6, r0, lsl #14
87808218:	00f80400 	rscseq	r0, r8, r0, lsl #8
8780821c:	003c0000 	eorseq	r0, ip, r0
87808220:	205e0400 	subscs	r0, lr, r0, lsl #8
87808224:	a0870500 	addge	r0, r7, r0, lsl #10
87808228:	e0010600 	and	r0, r1, r0, lsl #12
8780822c:	60000400 	andvs	r0, r0, r0, lsl #8
87808230:	20000400 	andcs	r0, r0, r0, lsl #8
87808234:	20000000 	andcs	r0, r0, r0
	...
87808280:	00000400 	andeq	r0, r0, r0, lsl #8
87808284:	03000400 	movweq	r0, #1024	@ 0x400
87808288:	03000700 	movweq	r0, #1792	@ 0x700
8780828c:	01e00700 	mvneq	r0, r0, lsl #14
87808290:	01f80400 	mvnseq	r0, r0, lsl #8
87808294:	021f0400 	andseq	r0, pc, #0, 8
87808298:	fc070000 	stc2	0, cr0, [r7], {-0}
8780829c:	e0000000 	and	r0, r0, r0
878082a0:	00070000 	andeq	r0, r7, r0
878082a4:	00380400 	eorseq	r0, r8, r0, lsl #8
878082a8:	00c00700 	sbceq	r0, r0, r0, lsl #14
878082ac:	00000600 	andeq	r0, r0, r0, lsl #12
878082b0:	00000400 	andeq	r0, r0, r0, lsl #8
878082b4:	00000400 	andeq	r0, r0, r0, lsl #8
	...
87808304:	60800700 	addvs	r0, r0, r0, lsl #14
87808308:	e0000600 	and	r0, r0, r0, lsl #12
8780830c:	e0030400 	and	r0, r3, r0, lsl #8
87808310:	a0070400 	andge	r0, r7, r0, lsl #8
87808314:	200e0400 	andcs	r0, lr, r0, lsl #8
87808318:	203c0400 	eorscs	r0, ip, r0, lsl #8
8780831c:	20700400 	rsbscs	r0, r0, r0, lsl #8
87808320:	20e00500 	rsccs	r0, r0, r0, lsl #10
87808324:	20800700 	addcs	r0, r0, r0, lsl #14
87808328:	60000700 	andvs	r0, r0, r0, lsl #14
8780832c:	e0000400 	and	r0, r0, r0, lsl #8
87808330:	80030000 	andhi	r0, r3, r0
	...
87808398:	00800000 	addeq	r0, r0, r0
8780839c:	00800000 	addeq	r0, r0, r0
878083a0:	00400100 	subeq	r0, r0, r0, lsl #2
878083a4:	f83ffe07 			@ <UNDEFINED> instruction: 0xf83ffe07
878083a8:	04000008 	streq	r0, [r0], #-8
878083ac:	02000010 	andeq	r0, r0, #16
878083b0:	02000010 	andeq	r0, r0, #16
	...
8780841c:	ffffffff 			@ <UNDEFINED> instruction: 0xffffffff
	...
87808484:	02000010 	andeq	r0, r0, #16
87808488:	02000010 	andeq	r0, r0, #16
8780848c:	04000008 	streq	r0, [r0], #-8
87808490:	f83ffe07 			@ <UNDEFINED> instruction: 0xf83ffe07
87808494:	00400100 	subeq	r0, r0, r0, lsl #2
87808498:	00800000 	addeq	r0, r0, r0
8780849c:	00800000 	addeq	r0, r0, r0
	...
87808500:	00000018 	andeq	r0, r0, r8, lsl r0
87808504:	00000030 	andeq	r0, r0, r0, lsr r0
87808508:	00000040 	andeq	r0, r0, r0, asr #32
8780850c:	00000040 	andeq	r0, r0, r0, asr #32
87808510:	00000040 	andeq	r0, r0, r0, asr #32
87808514:	00000020 	andeq	r0, r0, r0, lsr #32
87808518:	00000030 	andeq	r0, r0, r0, lsr r0
8780851c:	00000008 	andeq	r0, r0, r8
87808520:	00000004 	andeq	r0, r0, r4
87808524:	00000002 	andeq	r0, r0, r2
87808528:	00000002 	andeq	r0, r0, r2
8780852c:	00000002 	andeq	r0, r0, r2
87808530:	0000000c 	andeq	r0, r0, ip
87808534:	00000018 	andeq	r0, r0, r8, lsl r0
	...

8780857c <CSWTCH.7>:
8780857c:	00000004 	andeq	r0, r0, r4
87808580:	00000003 	andeq	r0, r0, r3
87808584:	00000002 	andeq	r0, r0, r2
87808588:	00000001 	andeq	r0, r0, r1
8780858c:	00000000 	andeq	r0, r0, r0
87808590:	00000006 	andeq	r0, r0, r6

Disassembly of section .ARM.exidx:

87808594 <.ARM.exidx>:
87808594:	7fffb60c 	svcvc	0x00ffb60c
87808598:	00000001 	andeq	r0, r0, r1

Disassembly of section .data:

8780859c <_ctype>:
8780859c:	08080808 	stmdaeq	r8, {r3, fp}
878085a0:	08080808 	stmdaeq	r8, {r3, fp}
878085a4:	28282808 	stmdacs	r8!, {r3, fp, sp}
878085a8:	08082828 	stmdaeq	r8, {r3, r5, fp, sp}
878085ac:	08080808 	stmdaeq	r8, {r3, fp}
878085b0:	08080808 	stmdaeq	r8, {r3, fp}
878085b4:	08080808 	stmdaeq	r8, {r3, fp}
878085b8:	08080808 	stmdaeq	r8, {r3, fp}
878085bc:	101010a0 	andsne	r1, r0, r0, lsr #1
878085c0:	10101010 	andsne	r1, r0, r0, lsl r0
878085c4:	10101010 	andsne	r1, r0, r0, lsl r0
878085c8:	10101010 	andsne	r1, r0, r0, lsl r0
878085cc:	04040404 	streq	r0, [r4], #-1028	@ 0xfffffbfc
878085d0:	04040404 	streq	r0, [r4], #-1028	@ 0xfffffbfc
878085d4:	10100404 	andsne	r0, r0, r4, lsl #8
878085d8:	10101010 	andsne	r1, r0, r0, lsl r0
878085dc:	41414110 	cmpmi	r1, r0, lsl r1
878085e0:	01414141 	cmpeq	r1, r1, asr #2
878085e4:	01010101 	tsteq	r1, r1, lsl #2
878085e8:	01010101 	tsteq	r1, r1, lsl #2
878085ec:	01010101 	tsteq	r1, r1, lsl #2
878085f0:	01010101 	tsteq	r1, r1, lsl #2
878085f4:	10010101 	andne	r0, r1, r1, lsl #2
878085f8:	10101010 	andsne	r1, r0, r0, lsl r0
878085fc:	42424210 	submi	r4, r2, #16, 4
87808600:	02424242 	subeq	r4, r2, #536870916	@ 0x20000004
87808604:	02020202 	andeq	r0, r2, #536870912	@ 0x20000000
87808608:	02020202 	andeq	r0, r2, #536870912	@ 0x20000000
8780860c:	02020202 	andeq	r0, r2, #536870912	@ 0x20000000
87808610:	02020202 	andeq	r0, r2, #536870912	@ 0x20000000
87808614:	10020202 	andne	r0, r2, r2, lsl #4
87808618:	08101010 	ldmdaeq	r0, {r4, ip}
	...
8780863c:	101010a0 	andsne	r1, r0, r0, lsr #1
87808640:	10101010 	andsne	r1, r0, r0, lsl r0
87808644:	10101010 	andsne	r1, r0, r0, lsl r0
87808648:	10101010 	andsne	r1, r0, r0, lsl r0
8780864c:	10101010 	andsne	r1, r0, r0, lsl r0
87808650:	10101010 	andsne	r1, r0, r0, lsl r0
87808654:	10101010 	andsne	r1, r0, r0, lsl r0
87808658:	10101010 	andsne	r1, r0, r0, lsl r0
8780865c:	01010101 	tsteq	r1, r1, lsl #2
87808660:	01010101 	tsteq	r1, r1, lsl #2
87808664:	01010101 	tsteq	r1, r1, lsl #2
87808668:	01010101 	tsteq	r1, r1, lsl #2
8780866c:	01010101 	tsteq	r1, r1, lsl #2
87808670:	10010101 	andne	r0, r1, r1, lsl #2
87808674:	01010101 	tsteq	r1, r1, lsl #2
87808678:	02010101 	andeq	r0, r1, #1073741824	@ 0x40000000
8780867c:	02020202 	andeq	r0, r2, #536870912	@ 0x20000000
87808680:	02020202 	andeq	r0, r2, #536870912	@ 0x20000000
87808684:	02020202 	andeq	r0, r2, #536870912	@ 0x20000000
87808688:	02020202 	andeq	r0, r2, #536870912	@ 0x20000000
8780868c:	02020202 	andeq	r0, r2, #536870912	@ 0x20000000
87808690:	10020202 	andne	r0, r2, r2, lsl #4
87808694:	02020202 	andeq	r0, r2, #536870912	@ 0x20000000
87808698:	02020202 	andeq	r0, r2, #536870912	@ 0x20000000

8780869c <release.0>:
8780869c:	Address 0x8780869c is out of bounds.


Disassembly of section .ARM.attributes:

00000000 <.ARM.attributes>:
   0:	00002e41 	andeq	r2, r0, r1, asr #28
   4:	61656100 	cmnvs	r5, r0, lsl #2
   8:	01006962 	tsteq	r0, r2, ror #18
   c:	00000024 	andeq	r0, r0, r4, lsr #32
  10:	412d3705 			@ <UNDEFINED> instruction: 0x412d3705
  14:	070a0600 	streq	r0, [sl, -r0, lsl #12]
  18:	09010841 	stmdbeq	r1, {r0, r6, fp}
  1c:	12040a02 	andne	r0, r4, #8192	@ 0x2000
  20:	15011404 	strne	r1, [r1, #-1028]	@ 0xfffffbfc
  24:	18031701 	stmdane	r3, {r0, r8, r9, sl, ip}
  28:	1c021a01 			@ <UNDEFINED> instruction: 0x1c021a01
  2c:	Address 0x2c is out of bounds.


Disassembly of section .comment:

00000000 <.comment>:
   0:	3a434347 	bcc	10d0d24 <shift+0x10d0d24>
   4:	62552820 	subsvs	r2, r5, #32, 16	@ 0x200000
   8:	75746e75 	ldrbvc	r6, [r4, #-3701]!	@ 0xfffff18b
   c:	2e353120 	cdpcs	1, 3, cr3, cr5, cr0, {1}
  10:	2d302e32 	ldccs	14, cr2, [r0, #-200]!	@ 0xffffff38
  14:	75627534 	strbvc	r7, [r2, #-1332]!	@ 0xfffffacc
  18:	3475746e 	ldrbtcc	r7, [r5], #-1134	@ 0xfffffb92
  1c:	35312029 	ldrcc	r2, [r1, #-41]!	@ 0xffffffd7
  20:	302e322e 	eorcc	r3, lr, lr, lsr #4
	...
