
ICM2068.elf:     file format elf32-littlearm


Disassembly of section .text:

87800000 <_start>:
87800000:	e59ff118 	ldr	pc, [pc, #280]	@ 87800120 <FIQ_Handler+0x8>
87800004:	e59ff118 	ldr	pc, [pc, #280]	@ 87800124 <FIQ_Handler+0xc>
87800008:	e59ff118 	ldr	pc, [pc, #280]	@ 87800128 <FIQ_Handler+0x10>
8780000c:	e59ff118 	ldr	pc, [pc, #280]	@ 8780012c <FIQ_Handler+0x14>
87800010:	e59ff118 	ldr	pc, [pc, #280]	@ 87800130 <FIQ_Handler+0x18>
87800014:	e59ff118 	ldr	pc, [pc, #280]	@ 87800134 <FIQ_Handler+0x1c>
87800018:	e59ff118 	ldr	pc, [pc, #280]	@ 87800138 <FIQ_Handler+0x20>
8780001c:	e59ff118 	ldr	pc, [pc, #280]	@ 8780013c <FIQ_Handler+0x24>

87800020 <Reset_Handler>:
87800020:	f10c0080 	cpsid	i
87800024:	ee110f10 	mrc	15, 0, r0, cr1, cr0, {0}
87800028:	e3c00a01 	bic	r0, r0, #4096	@ 0x1000
8780002c:	e3c00b02 	bic	r0, r0, #2048	@ 0x800
87800030:	e3c00004 	bic	r0, r0, #4
87800034:	e3c00002 	bic	r0, r0, #2
87800038:	e3c00001 	bic	r0, r0, #1
8780003c:	ee010f10 	mcr	15, 0, r0, cr1, cr0, {0}
87800040:	e59f00f8 	ldr	r0, [pc, #248]	@ 87800140 <FIQ_Handler+0x28>
87800044:	e59f10f8 	ldr	r1, [pc, #248]	@ 87800144 <FIQ_Handler+0x2c>
87800048:	e3a02000 	mov	r2, #0

8780004c <bss_loop>:
8780004c:	e4802004 	str	r2, [r0], #4
87800050:	e1500001 	cmp	r0, r1
87800054:	3afffffc 	bcc	8780004c <bss_loop>
87800058:	e10f0000 	mrs	r0, CPSR
8780005c:	e3c0001f 	bic	r0, r0, #31
87800060:	e3800012 	orr	r0, r0, #18
87800064:	e129f000 	msr	CPSR_fc, r0
87800068:	e59fd0d8 	ldr	sp, [pc, #216]	@ 87800148 <FIQ_Handler+0x30>
8780006c:	e10f0000 	mrs	r0, CPSR
87800070:	e3c0001f 	bic	r0, r0, #31
87800074:	e380001f 	orr	r0, r0, #31
87800078:	e129f000 	msr	CPSR_fc, r0
8780007c:	e59fd0c8 	ldr	sp, [pc, #200]	@ 8780014c <FIQ_Handler+0x34>
87800080:	e10f0000 	mrs	r0, CPSR
87800084:	e3c0001f 	bic	r0, r0, #31
87800088:	e3800013 	orr	r0, r0, #19
8780008c:	e129f000 	msr	CPSR_fc, r0
87800090:	e59fd0b8 	ldr	sp, [pc, #184]	@ 87800150 <FIQ_Handler+0x38>
87800094:	f1080080 	cpsie	i
87800098:	ea00127c 	b	87804a90 <__main_from_arm>

8780009c <Undefine_Handler>:
8780009c:	e59f0080 	ldr	r0, [pc, #128]	@ 87800124 <FIQ_Handler+0xc>
878000a0:	e12fff10 	bx	r0

878000a4 <SVC_Handler>:
878000a4:	e59f007c 	ldr	r0, [pc, #124]	@ 87800128 <FIQ_Handler+0x10>
878000a8:	e12fff10 	bx	r0

878000ac <PreAbort_Handler>:
878000ac:	e59f0078 	ldr	r0, [pc, #120]	@ 8780012c <FIQ_Handler+0x14>
878000b0:	e12fff10 	bx	r0

878000b4 <DataAbort_Handler>:
878000b4:	e59f0074 	ldr	r0, [pc, #116]	@ 87800130 <FIQ_Handler+0x18>
878000b8:	e12fff10 	bx	r0

878000bc <NotUsed_Handler>:
878000bc:	e59f0070 	ldr	r0, [pc, #112]	@ 87800134 <FIQ_Handler+0x1c>
878000c0:	e12fff10 	bx	r0

878000c4 <IRQ_Handler>:
878000c4:	e52de004 	push	{lr}		@ (str lr, [sp, #-4]!)
878000c8:	e92d100f 	push	{r0, r1, r2, r3, ip}
878000cc:	e14f0000 	mrs	r0, SPSR
878000d0:	e52d0004 	push	{r0}		@ (str r0, [sp, #-4]!)
878000d4:	ee9f1f10 	mrc	15, 4, r1, cr15, cr0, {0}
878000d8:	e2811a02 	add	r1, r1, #8192	@ 0x2000
878000dc:	e591000c 	ldr	r0, [r1, #12]
878000e0:	e92d0003 	push	{r0, r1}
878000e4:	f1020013 	cps	#19
878000e8:	e52de004 	push	{lr}		@ (str lr, [sp, #-4]!)
878000ec:	e59f2060 	ldr	r2, [pc, #96]	@ 87800154 <FIQ_Handler+0x3c>
878000f0:	e12fff32 	blx	r2
878000f4:	e49de004 	pop	{lr}		@ (ldr lr, [sp], #4)
878000f8:	f1020012 	cps	#18
878000fc:	e8bd0003 	pop	{r0, r1}
87800100:	e5810010 	str	r0, [r1, #16]
87800104:	e49d0004 	pop	{r0}		@ (ldr r0, [sp], #4)
87800108:	e16ff000 	msr	SPSR_fsxc, r0
8780010c:	e49d0004 	pop	{r0}		@ (ldr r0, [sp], #4)
87800110:	e49de004 	pop	{lr}		@ (ldr lr, [sp], #4)
87800114:	e25ef004 	subs	pc, lr, #4

87800118 <FIQ_Handler>:
87800118:	e59f001c 	ldr	r0, [pc, #28]	@ 8780013c <FIQ_Handler+0x24>
8780011c:	e12fff10 	bx	r0
87800120:	87800020 	strhi	r0, [r0, r0, lsr #32]
87800124:	8780009c 			@ <UNDEFINED> instruction: 0x8780009c
87800128:	878000a4 	strhi	r0, [r0, r4, lsr #1]
8780012c:	878000ac 	strhi	r0, [r0, ip, lsr #1]
87800130:	878000b4 			@ <UNDEFINED> instruction: 0x878000b4
87800134:	878000bc 			@ <UNDEFINED> instruction: 0x878000bc
87800138:	878000c4 	strhi	r0, [r0, r4, asr #1]
8780013c:	87800118 	usada8hi	r0, r8, r1, r0
87800140:	87809564 	strhi	r9, [r0, r4, ror #10]
87800144:	8780a2c8 	strhi	sl, [r0, r8, asr #5]
87800148:	80600000 	rsbhi	r0, r0, r0
8780014c:	80400000 	subhi	r0, r0, r0
87800150:	80200000 	eorhi	r0, r0, r0
87800154:	87802c91 			@ <UNDEFINED> instruction: 0x87802c91
87800158:	00001e41 	andeq	r1, r0, r1, asr #28
8780015c:	61656100 	cmnvs	r5, r0, lsl #2
87800160:	01006962 	tsteq	r0, r2, ror #18
87800164:	00000014 	andeq	r0, r0, r4, lsl r0
87800168:	412d3705 			@ <UNDEFINED> instruction: 0x412d3705
8780016c:	070a0600 	streq	r0, [sl, -r0, lsl #12]
87800170:	09010841 	stmdbeq	r1, {r0, r6, fp}
87800174:	00040a02 	andeq	r0, r4, r2, lsl #20
87800178:	8780a290 			@ <UNDEFINED> instruction: 0x8780a290
8780017c:	87809460 	strhi	r9, [r0, r0, ror #8]
87800180:	878029b9 			@ <UNDEFINED> instruction: 0x878029b9
87800184:	8780a270 			@ <UNDEFINED> instruction: 0x8780a270

87800188 <_GLOBAL_OFFSET_TABLE_>:
	...

878001a0 <__umodsi3>:
878001a0:	e2512001 	subs	r2, r1, #1
878001a4:	3a000062 	bcc	87800334 <Ldiv0>
878001a8:	11500001 	cmpne	r0, r1
878001ac:	03a00000 	moveq	r0, #0
878001b0:	81110002 	tsthi	r1, r2
878001b4:	00000002 	andeq	r0, r0, r2
878001b8:	91a0f00e 	movls	pc, lr
878001bc:	e3a02000 	mov	r2, #0
878001c0:	e3510201 	cmp	r1, #268435456	@ 0x10000000
878001c4:	31510000 	cmpcc	r1, r0
878001c8:	31a01201 	lslcc	r1, r1, #4
878001cc:	32822004 	addcc	r2, r2, #4
878001d0:	3afffffa 	bcc	878001c0 <__umodsi3+0x20>
878001d4:	e3510102 	cmp	r1, #-2147483648	@ 0x80000000
878001d8:	31510000 	cmpcc	r1, r0
878001dc:	31a01081 	lslcc	r1, r1, #1
878001e0:	32822001 	addcc	r2, r2, #1
878001e4:	3afffffa 	bcc	878001d4 <__umodsi3+0x34>
878001e8:	e2522003 	subs	r2, r2, #3
878001ec:	ba00000e 	blt	8780022c <__umodsi3+0x8c>
878001f0:	e1500001 	cmp	r0, r1
878001f4:	20400001 	subcs	r0, r0, r1
878001f8:	e15000a1 	cmp	r0, r1, lsr #1
878001fc:	204000a1 	subcs	r0, r0, r1, lsr #1
87800200:	e1500121 	cmp	r0, r1, lsr #2
87800204:	20400121 	subcs	r0, r0, r1, lsr #2
87800208:	e15001a1 	cmp	r0, r1, lsr #3
8780020c:	204001a1 	subcs	r0, r0, r1, lsr #3
87800210:	e3500001 	cmp	r0, #1
87800214:	e1a01221 	lsr	r1, r1, #4
87800218:	a2522004 	subsge	r2, r2, #4
8780021c:	aafffff3 	bge	878001f0 <__umodsi3+0x50>
87800220:	e3120003 	tst	r2, #3
87800224:	13300000 	teqne	r0, #0
87800228:	0a00000a 	beq	87800258 <__umodsi3+0xb8>
8780022c:	e3720002 	cmn	r2, #2
87800230:	ba000006 	blt	87800250 <__umodsi3+0xb0>
87800234:	0a000002 	beq	87800244 <__umodsi3+0xa4>
87800238:	e1500001 	cmp	r0, r1
8780023c:	20400001 	subcs	r0, r0, r1
87800240:	e1a010a1 	lsr	r1, r1, #1
87800244:	e1500001 	cmp	r0, r1
87800248:	20400001 	subcs	r0, r0, r1
8780024c:	e1a010a1 	lsr	r1, r1, #1
87800250:	e1500001 	cmp	r0, r1
87800254:	20400001 	subcs	r0, r0, r1
87800258:	e1a0f00e 	mov	pc, lr
8780025c:	90909090 	umullsls	r9, r0, r0, r0

87800260 <__modsi3>:
87800260:	e3510000 	cmp	r1, #0
87800264:	0a000032 	beq	87800334 <Ldiv0>
87800268:	42611000 	rsbmi	r1, r1, #0
8780026c:	e1b0c000 	movs	ip, r0
87800270:	42600000 	rsbmi	r0, r0, #0
87800274:	e2512001 	subs	r2, r1, #1
87800278:	11500001 	cmpne	r0, r1
8780027c:	03a00000 	moveq	r0, #0
87800280:	81110002 	tsthi	r1, r2
87800284:	00000002 	andeq	r0, r0, r2
87800288:	9a000026 	bls	87800328 <__modsi3+0xc8>
8780028c:	e3a02000 	mov	r2, #0
87800290:	e3510201 	cmp	r1, #268435456	@ 0x10000000
87800294:	31510000 	cmpcc	r1, r0
87800298:	31a01201 	lslcc	r1, r1, #4
8780029c:	32822004 	addcc	r2, r2, #4
878002a0:	3afffffa 	bcc	87800290 <__modsi3+0x30>
878002a4:	e3510102 	cmp	r1, #-2147483648	@ 0x80000000
878002a8:	31510000 	cmpcc	r1, r0
878002ac:	31a01081 	lslcc	r1, r1, #1
878002b0:	32822001 	addcc	r2, r2, #1
878002b4:	3afffffa 	bcc	878002a4 <__modsi3+0x44>
878002b8:	e2522003 	subs	r2, r2, #3
878002bc:	ba00000e 	blt	878002fc <__modsi3+0x9c>
878002c0:	e1500001 	cmp	r0, r1
878002c4:	20400001 	subcs	r0, r0, r1
878002c8:	e15000a1 	cmp	r0, r1, lsr #1
878002cc:	204000a1 	subcs	r0, r0, r1, lsr #1
878002d0:	e1500121 	cmp	r0, r1, lsr #2
878002d4:	20400121 	subcs	r0, r0, r1, lsr #2
878002d8:	e15001a1 	cmp	r0, r1, lsr #3
878002dc:	204001a1 	subcs	r0, r0, r1, lsr #3
878002e0:	e3500001 	cmp	r0, #1
878002e4:	e1a01221 	lsr	r1, r1, #4
878002e8:	a2522004 	subsge	r2, r2, #4
878002ec:	aafffff3 	bge	878002c0 <__modsi3+0x60>
878002f0:	e3120003 	tst	r2, #3
878002f4:	13300000 	teqne	r0, #0
878002f8:	0a00000a 	beq	87800328 <__modsi3+0xc8>
878002fc:	e3720002 	cmn	r2, #2
87800300:	ba000006 	blt	87800320 <__modsi3+0xc0>
87800304:	0a000002 	beq	87800314 <__modsi3+0xb4>
87800308:	e1500001 	cmp	r0, r1
8780030c:	20400001 	subcs	r0, r0, r1
87800310:	e1a010a1 	lsr	r1, r1, #1
87800314:	e1500001 	cmp	r0, r1
87800318:	20400001 	subcs	r0, r0, r1
8780031c:	e1a010a1 	lsr	r1, r1, #1
87800320:	e1500001 	cmp	r0, r1
87800324:	20400001 	subcs	r0, r0, r1
87800328:	e35c0000 	cmp	ip, #0
8780032c:	42600000 	rsbmi	r0, r0, #0
87800330:	e1a0f00e 	mov	pc, lr

87800334 <Ldiv0>:
87800334:	e52de004 	push	{lr}		@ (str lr, [sp, #-4]!)
87800338:	e3a00000 	mov	r0, #0
8780033c:	e49df004 	pop	{pc}		@ (ldr pc, [sp], #4)

87800340 <__div64_32>:
87800340:	e92d 43f0 	stmdb	sp!, {r4, r5, r6, r7, r8, r9, lr}
87800344:	f04f 0800 	mov.w	r8, #0
87800348:	6846      	ldr	r6, [r0, #4]
8780034a:	6805      	ldr	r5, [r0, #0]
8780034c:	4607      	mov	r7, r0
8780034e:	42b1      	cmp	r1, r6
87800350:	b083      	sub	sp, #12
87800352:	4689      	mov	r9, r1
87800354:	460b      	mov	r3, r1
87800356:	4644      	mov	r4, r8
87800358:	bf84      	itt	hi
8780035a:	4640      	movhi	r0, r8
8780035c:	46c6      	movhi	lr, r8
8780035e:	d808      	bhi.n	87800372 <__div64_32+0x32>
87800360:	4630      	mov	r0, r6
87800362:	9101      	str	r1, [sp, #4]
87800364:	f004 f9b0 	bl	878046c8 <__udivsi3>
87800368:	464b      	mov	r3, r9
8780036a:	fb00 6619 	mls	r6, r0, r9, r6
8780036e:	4686      	mov	lr, r0
87800370:	4640      	mov	r0, r8
87800372:	45a9      	cmp	r9, r5
87800374:	f04f 0201 	mov.w	r2, #1
87800378:	eb78 0806 	sbcs.w	r8, r8, r6
8780037c:	bf34      	ite	cc
8780037e:	f04f 0801 	movcc.w	r8, #1
87800382:	f04f 0800 	movcs.w	r8, #0
87800386:	f1b9 0f00 	cmp.w	r9, #0
8780038a:	bf0c      	ite	eq
8780038c:	f04f 0800 	moveq.w	r8, #0
87800390:	f008 0801 	andne.w	r8, r8, #1
87800394:	f1b8 0f00 	cmp.w	r8, #0
87800398:	d016      	beq.n	878003c8 <__div64_32+0x88>
8780039a:	f04f 0800 	mov.w	r8, #0
8780039e:	18db      	adds	r3, r3, r3
878003a0:	4164      	adcs	r4, r4
878003a2:	1892      	adds	r2, r2, r2
878003a4:	eb48 0c08 	adc.w	ip, r8, r8
878003a8:	2b01      	cmp	r3, #1
878003aa:	f174 0100 	sbcs.w	r1, r4, #0
878003ae:	bfac      	ite	ge
878003b0:	2101      	movge	r1, #1
878003b2:	2100      	movlt	r1, #0
878003b4:	42ab      	cmp	r3, r5
878003b6:	f001 0101 	and.w	r1, r1, #1
878003ba:	eb74 0806 	sbcs.w	r8, r4, r6
878003be:	46e0      	mov	r8, ip
878003c0:	bf28      	it	cs
878003c2:	2100      	movcs	r1, #0
878003c4:	2900      	cmp	r1, #0
878003c6:	d1ea      	bne.n	8780039e <__div64_32+0x5e>
878003c8:	429d      	cmp	r5, r3
878003ca:	ea4f 0c52 	mov.w	ip, r2, lsr #1
878003ce:	ea4f 0153 	mov.w	r1, r3, lsr #1
878003d2:	eb76 0904 	sbcs.w	r9, r6, r4
878003d6:	d306      	bcc.n	878003e6 <__div64_32+0xa6>
878003d8:	1aed      	subs	r5, r5, r3
878003da:	eb66 0604 	sbc.w	r6, r6, r4
878003de:	1812      	adds	r2, r2, r0
878003e0:	eb48 0e0e 	adc.w	lr, r8, lr
878003e4:	4610      	mov	r0, r2
878003e6:	ea4c 72c8 	orr.w	r2, ip, r8, lsl #31
878003ea:	ea4f 0858 	mov.w	r8, r8, lsr #1
878003ee:	ea41 73c4 	orr.w	r3, r1, r4, lsl #31
878003f2:	0864      	lsrs	r4, r4, #1
878003f4:	ea52 0108 	orrs.w	r1, r2, r8
878003f8:	d1e6      	bne.n	878003c8 <__div64_32+0x88>
878003fa:	e9c7 0e00 	strd	r0, lr, [r7]
878003fe:	4628      	mov	r0, r5
87800400:	b003      	add	sp, #12
87800402:	e8bd 83f0 	ldmia.w	sp!, {r4, r5, r6, r7, r8, r9, pc}
87800406:	bf00      	nop

87800408 <__muldi3>:
87800408:	b570      	push	{r4, r5, r6, lr}
8780040a:	ea4f 4410 	mov.w	r4, r0, lsr #16
8780040e:	ea4f 4c12 	mov.w	ip, r2, lsr #16
87800412:	ea20 4504 	bic.w	r5, r0, r4, lsl #16
87800416:	ea22 460c 	bic.w	r6, r2, ip, lsl #16
8780041a:	fb05 fe06 	mul.w	lr, r5, r6
8780041e:	fb04 f606 	mul.w	r6, r4, r6
87800422:	fb0c f505 	mul.w	r5, ip, r5
87800426:	fb04 fc0c 	mul.w	ip, r4, ip
8780042a:	1975      	adds	r5, r6, r5
8780042c:	bf28      	it	cs
8780042e:	f50c 3c80 	addcs.w	ip, ip, #65536	@ 0x10000
87800432:	eb1e 4e05 	adds.w	lr, lr, r5, lsl #16
87800436:	eb4c 4c15 	adc.w	ip, ip, r5, lsr #16
8780043a:	fb03 c300 	mla	r3, r3, r0, ip
8780043e:	4670      	mov	r0, lr
87800440:	fb02 3101 	mla	r1, r2, r1, r3
87800444:	bd70      	pop	{r4, r5, r6, pc}
87800446:	bf00      	nop

87800448 <printf>:
87800448:	b40f      	push	{r0, r1, r2, r3}
8780044a:	e92d 41f0 	stmdb	sp!, {r4, r5, r6, r7, r8, lr}
8780044e:	2700      	movs	r7, #0
87800450:	f2c0 2702 	movt	r7, #514	@ 0x202
87800454:	aa06      	add	r2, sp, #24
87800456:	4e0d      	ldr	r6, [pc, #52]	@ (8780048c <printf+0x44>)
87800458:	2400      	movs	r4, #0
8780045a:	447e      	add	r6, pc
8780045c:	f852 1b04 	ldr.w	r1, [r2], #4
87800460:	4630      	mov	r0, r6
87800462:	f001 fd3f 	bl	87801ee4 <vsprintf>
87800466:	1e75      	subs	r5, r6, #1
87800468:	4680      	mov	r8, r0
8780046a:	e004      	b.n	87800476 <printf+0x2e>
8780046c:	3401      	adds	r4, #1
8780046e:	f815 1f01 	ldrb.w	r1, [r5, #1]!
87800472:	f003 fa3d 	bl	878038f0 <UART_Write>
87800476:	4630      	mov	r0, r6
87800478:	f000 f8f8 	bl	8780066c <strlen>
8780047c:	42a0      	cmp	r0, r4
8780047e:	4638      	mov	r0, r7
87800480:	d8f4      	bhi.n	8780046c <printf+0x24>
87800482:	4640      	mov	r0, r8
87800484:	e8bd 41f0 	ldmia.w	sp!, {r4, r5, r6, r7, r8, lr}
87800488:	b004      	add	sp, #16
8780048a:	4770      	bx	lr
8780048c:	00009106 	andeq	r9, r0, r6, lsl #2

87800490 <scanf>:
87800490:	b40f      	push	{r0, r1, r2, r3}
87800492:	b5f8      	push	{r3, r4, r5, r6, r7, lr}
87800494:	2700      	movs	r7, #0
87800496:	f2c0 2702 	movt	r7, #514	@ 0x202
8780049a:	4d13      	ldr	r5, [pc, #76]	@ (878004e8 <scanf+0x58>)
8780049c:	2600      	movs	r6, #0
8780049e:	447d      	add	r5, pc
878004a0:	f205 35ff 	addw	r5, r5, #1023	@ 0x3ff
878004a4:	e002      	b.n	878004ac <scanf+0x1c>
878004a6:	3601      	adds	r6, #1
878004a8:	f805 4f01 	strb.w	r4, [r5, #1]!
878004ac:	4638      	mov	r0, r7
878004ae:	f003 fa17 	bl	878038e0 <UART_Read>
878004b2:	4604      	mov	r4, r0
878004b4:	4601      	mov	r1, r0
878004b6:	4638      	mov	r0, r7
878004b8:	f003 fa1a 	bl	878038f0 <UART_Write>
878004bc:	2c0a      	cmp	r4, #10
878004be:	bf18      	it	ne
878004c0:	2c0d      	cmpne	r4, #13
878004c2:	d1f0      	bne.n	878004a6 <scanf+0x16>
878004c4:	4809      	ldr	r0, [pc, #36]	@ (878004ec <scanf+0x5c>)
878004c6:	aa06      	add	r2, sp, #24
878004c8:	2300      	movs	r3, #0
878004ca:	4478      	add	r0, pc
878004cc:	4406      	add	r6, r0
878004ce:	f852 1b04 	ldr.w	r1, [r2], #4
878004d2:	f500 6080 	add.w	r0, r0, #1024	@ 0x400
878004d6:	f886 3400 	strb.w	r3, [r6, #1024]	@ 0x400
878004da:	f001 fd17 	bl	87801f0c <vsscanf>
878004de:	e8bd 40f8 	ldmia.w	sp!, {r3, r4, r5, r6, r7, lr}
878004e2:	b004      	add	sp, #16
878004e4:	4770      	bx	lr
878004e6:	bf00      	nop
878004e8:	000090c2 	andeq	r9, r0, r2, asr #1
878004ec:	00009096 	muleq	r0, r6, r0

878004f0 <strnicmp>:
878004f0:	b530      	push	{r4, r5, lr}
878004f2:	460c      	mov	r4, r1
878004f4:	4916      	ldr	r1, [pc, #88]	@ (87800550 <strnicmp+0x60>)
878004f6:	4479      	add	r1, pc
878004f8:	b31a      	cbz	r2, 87800542 <strnicmp+0x52>
878004fa:	4402      	add	r2, r0
878004fc:	f100 3cff 	add.w	ip, r0, #4294967295	@ 0xffffffff
87800500:	3c01      	subs	r4, #1
87800502:	1e55      	subs	r5, r2, #1
87800504:	e014      	b.n	87800530 <strnicmp+0x40>
87800506:	b1db      	cbz	r3, 87800540 <strnicmp+0x50>
87800508:	4298      	cmp	r0, r3
8780050a:	d00f      	beq.n	8780052c <strnicmp+0x3c>
8780050c:	588a      	ldr	r2, [r1, r2]
8780050e:	f812 e000 	ldrb.w	lr, [r2, r0]
87800512:	5cd2      	ldrb	r2, [r2, r3]
87800514:	f00e 0e01 	and.w	lr, lr, #1
87800518:	f002 0201 	and.w	r2, r2, #1
8780051c:	eb00 104e 	add.w	r0, r0, lr, lsl #5
87800520:	eb03 1342 	add.w	r3, r3, r2, lsl #5
87800524:	b2c0      	uxtb	r0, r0
87800526:	b2db      	uxtb	r3, r3
87800528:	4283      	cmp	r3, r0
8780052a:	d10e      	bne.n	8780054a <strnicmp+0x5a>
8780052c:	4565      	cmp	r5, ip
8780052e:	d00a      	beq.n	87800546 <strnicmp+0x56>
87800530:	f81c 0f01 	ldrb.w	r0, [ip, #1]!
87800534:	4a07      	ldr	r2, [pc, #28]	@ (87800554 <strnicmp+0x64>)
87800536:	f814 3f01 	ldrb.w	r3, [r4, #1]!
8780053a:	2800      	cmp	r0, #0
8780053c:	d1e3      	bne.n	87800506 <strnicmp+0x16>
8780053e:	4258      	negs	r0, r3
87800540:	bd30      	pop	{r4, r5, pc}
87800542:	4610      	mov	r0, r2
87800544:	bd30      	pop	{r4, r5, pc}
87800546:	2000      	movs	r0, #0
87800548:	bd30      	pop	{r4, r5, pc}
8780054a:	1ac0      	subs	r0, r0, r3
8780054c:	bd30      	pop	{r4, r5, pc}
8780054e:	bf00      	nop
87800550:	fffffb06 			@ <UNDEFINED> instruction: 0xfffffb06
87800554:	0000017c 	andeq	r0, r0, ip, ror r1

87800558 <strcpy>:
87800558:	1e42      	subs	r2, r0, #1
8780055a:	f811 3b01 	ldrb.w	r3, [r1], #1
8780055e:	f802 3f01 	strb.w	r3, [r2, #1]!
87800562:	2b00      	cmp	r3, #0
87800564:	d1f9      	bne.n	8780055a <strcpy+0x2>
87800566:	4770      	bx	lr

87800568 <strncpy>:
87800568:	f100 3cff 	add.w	ip, r0, #4294967295	@ 0xffffffff
8780056c:	440a      	add	r2, r1
8780056e:	e004      	b.n	8780057a <strncpy+0x12>
87800570:	f811 3b01 	ldrb.w	r3, [r1], #1
87800574:	f80c 3f01 	strb.w	r3, [ip, #1]!
87800578:	b10b      	cbz	r3, 8780057e <strncpy+0x16>
8780057a:	4291      	cmp	r1, r2
8780057c:	d1f8      	bne.n	87800570 <strncpy+0x8>
8780057e:	4770      	bx	lr

87800580 <strcat>:
87800580:	7803      	ldrb	r3, [r0, #0]
87800582:	b163      	cbz	r3, 8780059e <strcat+0x1e>
87800584:	4603      	mov	r3, r0
87800586:	f813 2f01 	ldrb.w	r2, [r3, #1]!
8780058a:	2a00      	cmp	r2, #0
8780058c:	d1fb      	bne.n	87800586 <strcat+0x6>
8780058e:	3b01      	subs	r3, #1
87800590:	f811 2b01 	ldrb.w	r2, [r1], #1
87800594:	f803 2f01 	strb.w	r2, [r3, #1]!
87800598:	2a00      	cmp	r2, #0
8780059a:	d1f9      	bne.n	87800590 <strcat+0x10>
8780059c:	4770      	bx	lr
8780059e:	4603      	mov	r3, r0
878005a0:	e7f5      	b.n	8780058e <strcat+0xe>
878005a2:	bf00      	nop

878005a4 <strncat>:
878005a4:	4694      	mov	ip, r2
878005a6:	b192      	cbz	r2, 878005ce <strncat+0x2a>
878005a8:	7803      	ldrb	r3, [r0, #0]
878005aa:	b1a3      	cbz	r3, 878005d6 <strncat+0x32>
878005ac:	4603      	mov	r3, r0
878005ae:	f813 2f01 	ldrb.w	r2, [r3, #1]!
878005b2:	2a00      	cmp	r2, #0
878005b4:	d1fb      	bne.n	878005ae <strncat+0xa>
878005b6:	3901      	subs	r1, #1
878005b8:	449c      	add	ip, r3
878005ba:	e001      	b.n	878005c0 <strncat+0x1c>
878005bc:	4563      	cmp	r3, ip
878005be:	d007      	beq.n	878005d0 <strncat+0x2c>
878005c0:	f811 2f01 	ldrb.w	r2, [r1, #1]!
878005c4:	3301      	adds	r3, #1
878005c6:	f803 2c01 	strb.w	r2, [r3, #-1]
878005ca:	2a00      	cmp	r2, #0
878005cc:	d1f6      	bne.n	878005bc <strncat+0x18>
878005ce:	4770      	bx	lr
878005d0:	2200      	movs	r2, #0
878005d2:	701a      	strb	r2, [r3, #0]
878005d4:	4770      	bx	lr
878005d6:	4603      	mov	r3, r0
878005d8:	e7ed      	b.n	878005b6 <strncat+0x12>
878005da:	bf00      	nop

878005dc <strcmp>:
878005dc:	1e42      	subs	r2, r0, #1
878005de:	3901      	subs	r1, #1
878005e0:	e000      	b.n	878005e4 <strcmp+0x8>
878005e2:	b13b      	cbz	r3, 878005f4 <strcmp+0x18>
878005e4:	f812 3f01 	ldrb.w	r3, [r2, #1]!
878005e8:	f811 0f01 	ldrb.w	r0, [r1, #1]!
878005ec:	1a18      	subs	r0, r3, r0
878005ee:	b240      	sxtb	r0, r0
878005f0:	2800      	cmp	r0, #0
878005f2:	d0f6      	beq.n	878005e2 <strcmp+0x6>
878005f4:	4770      	bx	lr
878005f6:	bf00      	nop

878005f8 <strncmp>:
878005f8:	b18a      	cbz	r2, 8780061e <strncmp+0x26>
878005fa:	3a01      	subs	r2, #1
878005fc:	1e43      	subs	r3, r0, #1
878005fe:	3901      	subs	r1, #1
87800600:	eb00 0c02 	add.w	ip, r0, r2
87800604:	e002      	b.n	8780060c <strncmp+0x14>
87800606:	b152      	cbz	r2, 8780061e <strncmp+0x26>
87800608:	4563      	cmp	r3, ip
8780060a:	d00a      	beq.n	87800622 <strncmp+0x2a>
8780060c:	f813 2f01 	ldrb.w	r2, [r3, #1]!
87800610:	f811 0f01 	ldrb.w	r0, [r1, #1]!
87800614:	1a10      	subs	r0, r2, r0
87800616:	b240      	sxtb	r0, r0
87800618:	2800      	cmp	r0, #0
8780061a:	d0f4      	beq.n	87800606 <strncmp+0xe>
8780061c:	4770      	bx	lr
8780061e:	4610      	mov	r0, r2
87800620:	4770      	bx	lr
87800622:	4770      	bx	lr

87800624 <strchr>:
87800624:	7803      	ldrb	r3, [r0, #0]
87800626:	b2c9      	uxtb	r1, r1
87800628:	428b      	cmp	r3, r1
8780062a:	d006      	beq.n	8780063a <strchr+0x16>
8780062c:	b123      	cbz	r3, 87800638 <strchr+0x14>
8780062e:	f810 3f01 	ldrb.w	r3, [r0, #1]!
87800632:	428b      	cmp	r3, r1
87800634:	d1fa      	bne.n	8780062c <strchr+0x8>
87800636:	4770      	bx	lr
87800638:	4618      	mov	r0, r3
8780063a:	4770      	bx	lr

8780063c <strrchr>:
8780063c:	7803      	ldrb	r3, [r0, #0]
8780063e:	b19b      	cbz	r3, 87800668 <strrchr+0x2c>
87800640:	4603      	mov	r3, r0
87800642:	f813 2f01 	ldrb.w	r2, [r3, #1]!
87800646:	2a00      	cmp	r2, #0
87800648:	d1fb      	bne.n	87800642 <strrchr+0x6>
8780064a:	b2c9      	uxtb	r1, r1
8780064c:	e001      	b.n	87800652 <strrchr+0x16>
8780064e:	4298      	cmp	r0, r3
87800650:	d807      	bhi.n	87800662 <strrchr+0x26>
87800652:	f893 c000 	ldrb.w	ip, [r3]
87800656:	461a      	mov	r2, r3
87800658:	3b01      	subs	r3, #1
8780065a:	458c      	cmp	ip, r1
8780065c:	d1f7      	bne.n	8780064e <strrchr+0x12>
8780065e:	4610      	mov	r0, r2
87800660:	4770      	bx	lr
87800662:	2200      	movs	r2, #0
87800664:	4610      	mov	r0, r2
87800666:	4770      	bx	lr
87800668:	4603      	mov	r3, r0
8780066a:	e7ee      	b.n	8780064a <strrchr+0xe>

8780066c <strlen>:
8780066c:	7803      	ldrb	r3, [r0, #0]
8780066e:	b133      	cbz	r3, 8780067e <strlen+0x12>
87800670:	4603      	mov	r3, r0
87800672:	f813 2f01 	ldrb.w	r2, [r3, #1]!
87800676:	2a00      	cmp	r2, #0
87800678:	d1fb      	bne.n	87800672 <strlen+0x6>
8780067a:	1a18      	subs	r0, r3, r0
8780067c:	4770      	bx	lr
8780067e:	4618      	mov	r0, r3
87800680:	4770      	bx	lr
87800682:	bf00      	nop

87800684 <strnlen>:
87800684:	4603      	mov	r3, r0
87800686:	eb00 0c01 	add.w	ip, r0, r1
8780068a:	b919      	cbnz	r1, 87800694 <strnlen+0x10>
8780068c:	e007      	b.n	8780069e <strnlen+0x1a>
8780068e:	3301      	adds	r3, #1
87800690:	459c      	cmp	ip, r3
87800692:	d004      	beq.n	8780069e <strnlen+0x1a>
87800694:	781a      	ldrb	r2, [r3, #0]
87800696:	2a00      	cmp	r2, #0
87800698:	d1f9      	bne.n	8780068e <strnlen+0xa>
8780069a:	1a18      	subs	r0, r3, r0
8780069c:	4770      	bx	lr
8780069e:	4608      	mov	r0, r1
878006a0:	4770      	bx	lr
878006a2:	bf00      	nop

878006a4 <strspn>:
878006a4:	b510      	push	{r4, lr}
878006a6:	460c      	mov	r4, r1
878006a8:	7801      	ldrb	r1, [r0, #0]
878006aa:	b1b9      	cbz	r1, 878006dc <strspn+0x38>
878006ac:	f894 e000 	ldrb.w	lr, [r4]
878006b0:	f1be 0f00 	cmp.w	lr, #0
878006b4:	d101      	bne.n	878006ba <strspn+0x16>
878006b6:	4670      	mov	r0, lr
878006b8:	bd10      	pop	{r4, pc}
878006ba:	4684      	mov	ip, r0
878006bc:	2000      	movs	r0, #0
878006be:	4622      	mov	r2, r4
878006c0:	4673      	mov	r3, lr
878006c2:	e003      	b.n	878006cc <strspn+0x28>
878006c4:	f812 3f01 	ldrb.w	r3, [r2, #1]!
878006c8:	2b00      	cmp	r3, #0
878006ca:	d0f5      	beq.n	878006b8 <strspn+0x14>
878006cc:	4299      	cmp	r1, r3
878006ce:	d1f9      	bne.n	878006c4 <strspn+0x20>
878006d0:	f81c 1f01 	ldrb.w	r1, [ip, #1]!
878006d4:	3001      	adds	r0, #1
878006d6:	2900      	cmp	r1, #0
878006d8:	d1f1      	bne.n	878006be <strspn+0x1a>
878006da:	bd10      	pop	{r4, pc}
878006dc:	4608      	mov	r0, r1
878006de:	bd10      	pop	{r4, pc}

878006e0 <strpbrk>:
878006e0:	f890 c000 	ldrb.w	ip, [r0]
878006e4:	f1bc 0f00 	cmp.w	ip, #0
878006e8:	d01d      	beq.n	87800726 <strpbrk+0x46>
878006ea:	b500      	push	{lr}
878006ec:	f891 e000 	ldrb.w	lr, [r1]
878006f0:	f1be 0f00 	cmp.w	lr, #0
878006f4:	d012      	beq.n	8780071c <strpbrk+0x3c>
878006f6:	460a      	mov	r2, r1
878006f8:	4673      	mov	r3, lr
878006fa:	e002      	b.n	87800702 <strpbrk+0x22>
878006fc:	f812 3f01 	ldrb.w	r3, [r2, #1]!
87800700:	b113      	cbz	r3, 87800708 <strpbrk+0x28>
87800702:	4563      	cmp	r3, ip
87800704:	d1fa      	bne.n	878006fc <strpbrk+0x1c>
87800706:	bd00      	pop	{pc}
87800708:	f810 cf01 	ldrb.w	ip, [r0, #1]!
8780070c:	f1bc 0f00 	cmp.w	ip, #0
87800710:	d1f1      	bne.n	878006f6 <strpbrk+0x16>
87800712:	4660      	mov	r0, ip
87800714:	bd00      	pop	{pc}
87800716:	f810 3f02 	ldrb.w	r3, [r0, #2]!
8780071a:	b113      	cbz	r3, 87800722 <strpbrk+0x42>
8780071c:	7843      	ldrb	r3, [r0, #1]
8780071e:	2b00      	cmp	r3, #0
87800720:	d1f9      	bne.n	87800716 <strpbrk+0x36>
87800722:	4618      	mov	r0, r3
87800724:	bd00      	pop	{pc}
87800726:	4660      	mov	r0, ip
87800728:	4770      	bx	lr
8780072a:	bf00      	nop

8780072c <strtok>:
8780072c:	b530      	push	{r4, r5, lr}
8780072e:	460c      	mov	r4, r1
87800730:	4605      	mov	r5, r0
87800732:	2800      	cmp	r0, #0
87800734:	d047      	beq.n	878007c6 <strtok+0x9a>
87800736:	7828      	ldrb	r0, [r5, #0]
87800738:	2800      	cmp	r0, #0
8780073a:	d03e      	beq.n	878007ba <strtok+0x8e>
8780073c:	7821      	ldrb	r1, [r4, #0]
8780073e:	468c      	mov	ip, r1
87800740:	bb11      	cbnz	r1, 87800788 <strtok+0x5c>
87800742:	eb05 000c 	add.w	r0, r5, ip
87800746:	f815 c00c 	ldrb.w	ip, [r5, ip]
8780074a:	f1bc 0f00 	cmp.w	ip, #0
8780074e:	d034      	beq.n	878007ba <strtok+0x8e>
87800750:	4603      	mov	r3, r0
87800752:	2900      	cmp	r1, #0
87800754:	d041      	beq.n	878007da <strtok+0xae>
87800756:	4605      	mov	r5, r0
87800758:	4622      	mov	r2, r4
8780075a:	460b      	mov	r3, r1
8780075c:	e002      	b.n	87800764 <strtok+0x38>
8780075e:	f812 3f01 	ldrb.w	r3, [r2, #1]!
87800762:	b153      	cbz	r3, 8780077a <strtok+0x4e>
87800764:	4563      	cmp	r3, ip
87800766:	d1fa      	bne.n	8780075e <strtok+0x32>
87800768:	782b      	ldrb	r3, [r5, #0]
8780076a:	b113      	cbz	r3, 87800772 <strtok+0x46>
8780076c:	2300      	movs	r3, #0
8780076e:	f805 3b01 	strb.w	r3, [r5], #1
87800772:	4b1c      	ldr	r3, [pc, #112]	@ (878007e4 <strtok+0xb8>)
87800774:	447b      	add	r3, pc
87800776:	601d      	str	r5, [r3, #0]
87800778:	bd30      	pop	{r4, r5, pc}
8780077a:	f815 cf01 	ldrb.w	ip, [r5, #1]!
8780077e:	f1bc 0f00 	cmp.w	ip, #0
87800782:	d1e9      	bne.n	87800758 <strtok+0x2c>
87800784:	4665      	mov	r5, ip
87800786:	e7f4      	b.n	87800772 <strtok+0x46>
87800788:	46ae      	mov	lr, r5
8780078a:	f04f 0c00 	mov.w	ip, #0
8780078e:	4622      	mov	r2, r4
87800790:	460b      	mov	r3, r1
87800792:	e003      	b.n	8780079c <strtok+0x70>
87800794:	f812 3f01 	ldrb.w	r3, [r2, #1]!
87800798:	2b00      	cmp	r3, #0
8780079a:	d0d2      	beq.n	87800742 <strtok+0x16>
8780079c:	4283      	cmp	r3, r0
8780079e:	d1f9      	bne.n	87800794 <strtok+0x68>
878007a0:	f81e 0f01 	ldrb.w	r0, [lr, #1]!
878007a4:	f10c 0c01 	add.w	ip, ip, #1
878007a8:	2800      	cmp	r0, #0
878007aa:	d1f0      	bne.n	8780078e <strtok+0x62>
878007ac:	eb05 000c 	add.w	r0, r5, ip
878007b0:	f815 c00c 	ldrb.w	ip, [r5, ip]
878007b4:	f1bc 0f00 	cmp.w	ip, #0
878007b8:	d1ca      	bne.n	87800750 <strtok+0x24>
878007ba:	4b0b      	ldr	r3, [pc, #44]	@ (878007e8 <strtok+0xbc>)
878007bc:	2200      	movs	r2, #0
878007be:	447b      	add	r3, pc
878007c0:	601a      	str	r2, [r3, #0]
878007c2:	2000      	movs	r0, #0
878007c4:	bd30      	pop	{r4, r5, pc}
878007c6:	4b09      	ldr	r3, [pc, #36]	@ (878007ec <strtok+0xc0>)
878007c8:	447b      	add	r3, pc
878007ca:	681d      	ldr	r5, [r3, #0]
878007cc:	2d00      	cmp	r5, #0
878007ce:	d1b2      	bne.n	87800736 <strtok+0xa>
878007d0:	e7f7      	b.n	878007c2 <strtok+0x96>
878007d2:	f813 5f02 	ldrb.w	r5, [r3, #2]!
878007d6:	2d00      	cmp	r5, #0
878007d8:	d0cb      	beq.n	87800772 <strtok+0x46>
878007da:	785d      	ldrb	r5, [r3, #1]
878007dc:	2d00      	cmp	r5, #0
878007de:	d1f8      	bne.n	878007d2 <strtok+0xa6>
878007e0:	e7c7      	b.n	87800772 <strtok+0x46>
878007e2:	bf00      	nop
878007e4:	000095ec 	andeq	r9, r0, ip, ror #11
878007e8:	000095a2 	andeq	r9, r0, r2, lsr #11
878007ec:	00009598 	muleq	r0, r8, r5

878007f0 <strsep>:
878007f0:	b530      	push	{r4, r5, lr}
878007f2:	4605      	mov	r5, r0
878007f4:	6800      	ldr	r0, [r0, #0]
878007f6:	b1a0      	cbz	r0, 87800822 <strsep+0x32>
878007f8:	f890 c000 	ldrb.w	ip, [r0]
878007fc:	f1bc 0f00 	cmp.w	ip, #0
87800800:	d015      	beq.n	8780082e <strsep+0x3e>
87800802:	780c      	ldrb	r4, [r1, #0]
87800804:	b1ac      	cbz	r4, 87800832 <strsep+0x42>
87800806:	4686      	mov	lr, r0
87800808:	460a      	mov	r2, r1
8780080a:	4623      	mov	r3, r4
8780080c:	e002      	b.n	87800814 <strsep+0x24>
8780080e:	f812 3f01 	ldrb.w	r3, [r2, #1]!
87800812:	b13b      	cbz	r3, 87800824 <strsep+0x34>
87800814:	4563      	cmp	r3, ip
87800816:	d1fa      	bne.n	8780080e <strsep+0x1e>
87800818:	4673      	mov	r3, lr
8780081a:	2200      	movs	r2, #0
8780081c:	f803 2b01 	strb.w	r2, [r3], #1
87800820:	602b      	str	r3, [r5, #0]
87800822:	bd30      	pop	{r4, r5, pc}
87800824:	f81e cf01 	ldrb.w	ip, [lr, #1]!
87800828:	f1bc 0f00 	cmp.w	ip, #0
8780082c:	d1ec      	bne.n	87800808 <strsep+0x18>
8780082e:	4663      	mov	r3, ip
87800830:	e7f6      	b.n	87800820 <strsep+0x30>
87800832:	4602      	mov	r2, r0
87800834:	e003      	b.n	8780083e <strsep+0x4e>
87800836:	f812 3f02 	ldrb.w	r3, [r2, #2]!
8780083a:	2b00      	cmp	r3, #0
8780083c:	d0f0      	beq.n	87800820 <strsep+0x30>
8780083e:	7853      	ldrb	r3, [r2, #1]
87800840:	2b00      	cmp	r3, #0
87800842:	d1f8      	bne.n	87800836 <strsep+0x46>
87800844:	e7ec      	b.n	87800820 <strsep+0x30>
87800846:	bf00      	nop

87800848 <memset>:
87800848:	b12a      	cbz	r2, 87800856 <memset+0xe>
8780084a:	4402      	add	r2, r0
8780084c:	4603      	mov	r3, r0
8780084e:	f803 1b01 	strb.w	r1, [r3], #1
87800852:	429a      	cmp	r2, r3
87800854:	d1fb      	bne.n	8780084e <memset+0x6>
87800856:	4770      	bx	lr

87800858 <bcopy>:
87800858:	b13a      	cbz	r2, 8780086a <bcopy+0x12>
8780085a:	3901      	subs	r1, #1
8780085c:	4402      	add	r2, r0
8780085e:	f810 3b01 	ldrb.w	r3, [r0], #1
87800862:	f801 3f01 	strb.w	r3, [r1, #1]!
87800866:	4290      	cmp	r0, r2
87800868:	d1f9      	bne.n	8780085e <bcopy+0x6>
8780086a:	4770      	bx	lr

8780086c <memcpy>:
8780086c:	b13a      	cbz	r2, 8780087e <memcpy+0x12>
8780086e:	1e43      	subs	r3, r0, #1
87800870:	440a      	add	r2, r1
87800872:	f811 cb01 	ldrb.w	ip, [r1], #1
87800876:	f803 cf01 	strb.w	ip, [r3, #1]!
8780087a:	4291      	cmp	r1, r2
8780087c:	d1f9      	bne.n	87800872 <memcpy+0x6>
8780087e:	4770      	bx	lr

87800880 <memmove>:
87800880:	4288      	cmp	r0, r1
87800882:	d809      	bhi.n	87800898 <memmove+0x18>
87800884:	b18a      	cbz	r2, 878008aa <memmove+0x2a>
87800886:	1e43      	subs	r3, r0, #1
87800888:	440a      	add	r2, r1
8780088a:	f811 cb01 	ldrb.w	ip, [r1], #1
8780088e:	f803 cf01 	strb.w	ip, [r3, #1]!
87800892:	428a      	cmp	r2, r1
87800894:	d1f9      	bne.n	8780088a <memmove+0xa>
87800896:	4770      	bx	lr
87800898:	b13a      	cbz	r2, 878008aa <memmove+0x2a>
8780089a:	188b      	adds	r3, r1, r2
8780089c:	4402      	add	r2, r0
8780089e:	f813 cd01 	ldrb.w	ip, [r3, #-1]!
878008a2:	f802 cd01 	strb.w	ip, [r2, #-1]!
878008a6:	4299      	cmp	r1, r3
878008a8:	d1f9      	bne.n	8780089e <memmove+0x1e>
878008aa:	4770      	bx	lr

878008ac <memcmp>:
878008ac:	b17a      	cbz	r2, 878008ce <memcmp+0x22>
878008ae:	3a01      	subs	r2, #1
878008b0:	1e43      	subs	r3, r0, #1
878008b2:	3901      	subs	r1, #1
878008b4:	eb00 0c02 	add.w	ip, r0, r2
878008b8:	e001      	b.n	878008be <memcmp+0x12>
878008ba:	459c      	cmp	ip, r3
878008bc:	d006      	beq.n	878008cc <memcmp+0x20>
878008be:	f813 0f01 	ldrb.w	r0, [r3, #1]!
878008c2:	f811 2f01 	ldrb.w	r2, [r1, #1]!
878008c6:	1a80      	subs	r0, r0, r2
878008c8:	d0f7      	beq.n	878008ba <memcmp+0xe>
878008ca:	4770      	bx	lr
878008cc:	4770      	bx	lr
878008ce:	4610      	mov	r0, r2
878008d0:	e7fb      	b.n	878008ca <memcmp+0x1e>
878008d2:	bf00      	nop

878008d4 <memscan>:
878008d4:	b152      	cbz	r2, 878008ec <memscan+0x18>
878008d6:	4603      	mov	r3, r0
878008d8:	4402      	add	r2, r0
878008da:	e001      	b.n	878008e0 <memscan+0xc>
878008dc:	429a      	cmp	r2, r3
878008de:	d006      	beq.n	878008ee <memscan+0x1a>
878008e0:	f893 c000 	ldrb.w	ip, [r3]
878008e4:	4618      	mov	r0, r3
878008e6:	3301      	adds	r3, #1
878008e8:	458c      	cmp	ip, r1
878008ea:	d1f7      	bne.n	878008dc <memscan+0x8>
878008ec:	4770      	bx	lr
878008ee:	4610      	mov	r0, r2
878008f0:	4770      	bx	lr
878008f2:	bf00      	nop

878008f4 <strstr>:
878008f4:	b5f0      	push	{r4, r5, r6, r7, lr}
878008f6:	4604      	mov	r4, r0
878008f8:	780b      	ldrb	r3, [r1, #0]
878008fa:	b303      	cbz	r3, 8780093e <strstr+0x4a>
878008fc:	460b      	mov	r3, r1
878008fe:	f813 2f01 	ldrb.w	r2, [r3, #1]!
87800902:	2a00      	cmp	r2, #0
87800904:	d1fb      	bne.n	878008fe <strstr+0xa>
87800906:	1a5e      	subs	r6, r3, r1
87800908:	d019      	beq.n	8780093e <strstr+0x4a>
8780090a:	7823      	ldrb	r3, [r4, #0]
8780090c:	b12b      	cbz	r3, 8780091a <strstr+0x26>
8780090e:	4623      	mov	r3, r4
87800910:	f813 2f01 	ldrb.w	r2, [r3, #1]!
87800914:	2a00      	cmp	r2, #0
87800916:	d1fb      	bne.n	87800910 <strstr+0x1c>
87800918:	1b1b      	subs	r3, r3, r4
8780091a:	429e      	cmp	r6, r3
8780091c:	dc16      	bgt.n	8780094c <strstr+0x58>
8780091e:	19a0      	adds	r0, r4, r6
87800920:	1e4f      	subs	r7, r1, #1
87800922:	18e5      	adds	r5, r4, r3
87800924:	1e63      	subs	r3, r4, #1
87800926:	463a      	mov	r2, r7
87800928:	f813 cf01 	ldrb.w	ip, [r3, #1]!
8780092c:	f812 1f01 	ldrb.w	r1, [r2, #1]!
87800930:	eba0 0e03 	sub.w	lr, r0, r3
87800934:	458c      	cmp	ip, r1
87800936:	d104      	bne.n	87800942 <strstr+0x4e>
87800938:	f1be 0f01 	cmp.w	lr, #1
8780093c:	d1f4      	bne.n	87800928 <strstr+0x34>
8780093e:	4620      	mov	r0, r4
87800940:	bdf0      	pop	{r4, r5, r6, r7, pc}
87800942:	3401      	adds	r4, #1
87800944:	3001      	adds	r0, #1
87800946:	1b2b      	subs	r3, r5, r4
87800948:	429e      	cmp	r6, r3
8780094a:	ddeb      	ble.n	87800924 <strstr+0x30>
8780094c:	2400      	movs	r4, #0
8780094e:	4620      	mov	r0, r4
87800950:	bdf0      	pop	{r4, r5, r6, r7, pc}
87800952:	bf00      	nop

87800954 <memchr>:
87800954:	4402      	add	r2, r0
87800956:	b2c9      	uxtb	r1, r1
87800958:	e004      	b.n	87800964 <memchr+0x10>
8780095a:	f813 cb01 	ldrb.w	ip, [r3], #1
8780095e:	458c      	cmp	ip, r1
87800960:	d004      	beq.n	8780096c <memchr+0x18>
87800962:	4618      	mov	r0, r3
87800964:	4603      	mov	r3, r0
87800966:	4290      	cmp	r0, r2
87800968:	d1f7      	bne.n	8780095a <memchr+0x6>
8780096a:	2000      	movs	r0, #0
8780096c:	4770      	bx	lr
8780096e:	bf00      	nop

87800970 <number>:
87800970:	e92d 4ff0 	stmdb	sp!, {r4, r5, r6, r7, r8, r9, sl, fp, lr}
87800974:	4684      	mov	ip, r0
87800976:	b0a5      	sub	sp, #148	@ 0x94
87800978:	9c31      	ldr	r4, [sp, #196]	@ 0xc4
8780097a:	9d2e      	ldr	r5, [sp, #184]	@ 0xb8
8780097c:	f004 0920 	and.w	r9, r4, #32
87800980:	f004 0b10 	and.w	fp, r4, #16
87800984:	f3c4 1040 	ubfx	r0, r4, #5, #1
87800988:	2d0a      	cmp	r5, #10
8780098a:	bf0c      	ite	eq
8780098c:	2000      	moveq	r0, #0
8780098e:	f000 0001 	andne.w	r0, r0, #1
87800992:	f004 0502 	and.w	r5, r4, #2
87800996:	2800      	cmp	r0, #0
87800998:	f040 8100 	bne.w	87800b9c <number+0x22c>
8780099c:	f1bb 0f00 	cmp.w	fp, #0
878009a0:	f000 80cf 	beq.w	87800b42 <number+0x1d2>
878009a4:	f024 0001 	bic.w	r0, r4, #1
878009a8:	9002      	str	r0, [sp, #8]
878009aa:	2d00      	cmp	r5, #0
878009ac:	f040 812e 	bne.w	87800c0c <number+0x29c>
878009b0:	ea52 0003 	orrs.w	r0, r2, r3
878009b4:	f000 8257 	beq.w	87800e66 <number+0x4f6>
878009b8:	2010      	movs	r0, #16
878009ba:	9501      	str	r5, [sp, #4]
878009bc:	9003      	str	r0, [sp, #12]
878009be:	982e      	ldr	r0, [sp, #184]	@ 0xb8
878009c0:	280a      	cmp	r0, #10
878009c2:	f000 81c9 	beq.w	87800d58 <number+0x3e8>
878009c6:	2810      	cmp	r0, #16
878009c8:	f04f 0a00 	mov.w	sl, #0
878009cc:	bf0b      	itete	eq
878009ce:	260f      	moveq	r6, #15
878009d0:	2607      	movne	r6, #7
878009d2:	2404      	moveq	r4, #4
878009d4:	2403      	movne	r4, #3
878009d6:	f8df 87ac 	ldr.w	r8, [pc, #1964]	@ 87801184 <number+0x814>
878009da:	f10d 052b 	add.w	r5, sp, #43	@ 0x2b
878009de:	f04f 0e00 	mov.w	lr, #0
878009e2:	f1c4 0720 	rsb	r7, r4, #32
878009e6:	44f8      	add	r8, pc
878009e8:	e9cd ab04 	strd	sl, fp, [sp, #16]
878009ec:	ea02 0a06 	and.w	sl, r2, r6
878009f0:	f1b4 0b20 	subs.w	fp, r4, #32
878009f4:	fa22 f204 	lsr.w	r2, r2, r4
878009f8:	4670      	mov	r0, lr
878009fa:	fa43 fb0b 	asr.w	fp, r3, fp
878009fe:	f10e 0e01 	add.w	lr, lr, #1
87800a02:	f818 a00a 	ldrb.w	sl, [r8, sl]
87800a06:	ea49 0a0a 	orr.w	sl, r9, sl
87800a0a:	f805 af01 	strb.w	sl, [r5, #1]!
87800a0e:	fa03 fa07 	lsl.w	sl, r3, r7
87800a12:	ea42 020a 	orr.w	r2, r2, sl
87800a16:	fa43 f304 	asr.w	r3, r3, r4
87800a1a:	bf58      	it	pl
87800a1c:	ea42 020b 	orrpl.w	r2, r2, fp
87800a20:	ea52 0a03 	orrs.w	sl, r2, r3
87800a24:	d1e2      	bne.n	878009ec <number+0x7c>
87800a26:	9b30      	ldr	r3, [sp, #192]	@ 0xc0
87800a28:	9c03      	ldr	r4, [sp, #12]
87800a2a:	9a2f      	ldr	r2, [sp, #188]	@ 0xbc
87800a2c:	4573      	cmp	r3, lr
87800a2e:	bfb8      	it	lt
87800a30:	4673      	movlt	r3, lr
87800a32:	e9dd ab04 	ldrd	sl, fp, [sp, #16]
87800a36:	1ad2      	subs	r2, r2, r3
87800a38:	b984      	cbnz	r4, 87800a5c <number+0xec>
87800a3a:	2a00      	cmp	r2, #0
87800a3c:	bfd8      	it	le
87800a3e:	f102 32ff 	addle.w	r2, r2, #4294967295	@ 0xffffffff
87800a42:	dd0b      	ble.n	87800a5c <number+0xec>
87800a44:	4462      	add	r2, ip
87800a46:	2420      	movs	r4, #32
87800a48:	4561      	cmp	r1, ip
87800a4a:	f10c 0c01 	add.w	ip, ip, #1
87800a4e:	bf88      	it	hi
87800a50:	f80c 4c01 	strbhi.w	r4, [ip, #-1]
87800a54:	4594      	cmp	ip, r2
87800a56:	d1f7      	bne.n	87800a48 <number+0xd8>
87800a58:	f04f 32ff 	mov.w	r2, #4294967295	@ 0xffffffff
87800a5c:	9c01      	ldr	r4, [sp, #4]
87800a5e:	b134      	cbz	r4, 87800a6e <number+0xfe>
87800a60:	4561      	cmp	r1, ip
87800a62:	f10c 0c01 	add.w	ip, ip, #1
87800a66:	bf84      	itt	hi
87800a68:	9c01      	ldrhi	r4, [sp, #4]
87800a6a:	f80c 4c01 	strbhi.w	r4, [ip, #-1]
87800a6e:	f1ba 0f00 	cmp.w	sl, #0
87800a72:	d00c      	beq.n	87800a8e <number+0x11e>
87800a74:	9d2e      	ldr	r5, [sp, #184]	@ 0xb8
87800a76:	4561      	cmp	r1, ip
87800a78:	bf84      	itt	hi
87800a7a:	2430      	movhi	r4, #48	@ 0x30
87800a7c:	f88c 4000 	strbhi.w	r4, [ip]
87800a80:	f10c 0401 	add.w	r4, ip, #1
87800a84:	2d10      	cmp	r5, #16
87800a86:	bf18      	it	ne
87800a88:	46a4      	movne	ip, r4
87800a8a:	f000 8128 	beq.w	87800cde <number+0x36e>
87800a8e:	f1bb 0f00 	cmp.w	fp, #0
87800a92:	f040 80b6 	bne.w	87800c02 <number+0x292>
87800a96:	9c02      	ldr	r4, [sp, #8]
87800a98:	f014 0f01 	tst.w	r4, #1
87800a9c:	bf14      	ite	ne
87800a9e:	2430      	movne	r4, #48	@ 0x30
87800aa0:	2420      	moveq	r4, #32
87800aa2:	1e55      	subs	r5, r2, #1
87800aa4:	f100 8271 	bmi.w	87800f8a <number+0x61a>
87800aa8:	4462      	add	r2, ip
87800aaa:	4561      	cmp	r1, ip
87800aac:	f10c 0c01 	add.w	ip, ip, #1
87800ab0:	bf88      	it	hi
87800ab2:	f80c 4c01 	strbhi.w	r4, [ip, #-1]
87800ab6:	4562      	cmp	r2, ip
87800ab8:	d1f7      	bne.n	87800aaa <number+0x13a>
87800aba:	3b01      	subs	r3, #1
87800abc:	4694      	mov	ip, r2
87800abe:	4573      	cmp	r3, lr
87800ac0:	bfa8      	it	ge
87800ac2:	f04f 32ff 	movge.w	r2, #4294967295	@ 0xffffffff
87800ac6:	f2c0 82d8 	blt.w	8780107a <number+0x70a>
87800aca:	4664      	mov	r4, ip
87800acc:	eb0c 0603 	add.w	r6, ip, r3
87800ad0:	2730      	movs	r7, #48	@ 0x30
87800ad2:	42a1      	cmp	r1, r4
87800ad4:	f104 0401 	add.w	r4, r4, #1
87800ad8:	bf88      	it	hi
87800ada:	f804 7c01 	strbhi.w	r7, [r4, #-1]
87800ade:	1b35      	subs	r5, r6, r4
87800ae0:	4575      	cmp	r5, lr
87800ae2:	daf6      	bge.n	87800ad2 <number+0x162>
87800ae4:	f10c 0401 	add.w	r4, ip, #1
87800ae8:	eba3 0c0e 	sub.w	ip, r3, lr
87800aec:	4573      	cmp	r3, lr
87800aee:	bfb8      	it	lt
87800af0:	f04f 0c00 	movlt.w	ip, #0
87800af4:	44a4      	add	ip, r4
87800af6:	2800      	cmp	r0, #0
87800af8:	db11      	blt.n	87800b1e <number+0x1ae>
87800afa:	ab0b      	add	r3, sp, #44	@ 0x2c
87800afc:	4403      	add	r3, r0
87800afe:	3001      	adds	r0, #1
87800b00:	eb0c 0400 	add.w	r4, ip, r0
87800b04:	4660      	mov	r0, ip
87800b06:	4281      	cmp	r1, r0
87800b08:	f100 0001 	add.w	r0, r0, #1
87800b0c:	f103 33ff 	add.w	r3, r3, #4294967295	@ 0xffffffff
87800b10:	bf84      	itt	hi
87800b12:	785d      	ldrbhi	r5, [r3, #1]
87800b14:	f800 5c01 	strbhi.w	r5, [r0, #-1]
87800b18:	4284      	cmp	r4, r0
87800b1a:	d1f4      	bne.n	87800b06 <number+0x196>
87800b1c:	46a4      	mov	ip, r4
87800b1e:	2a00      	cmp	r2, #0
87800b20:	dd0b      	ble.n	87800b3a <number+0x1ca>
87800b22:	4462      	add	r2, ip
87800b24:	4660      	mov	r0, ip
87800b26:	2320      	movs	r3, #32
87800b28:	4281      	cmp	r1, r0
87800b2a:	f100 0001 	add.w	r0, r0, #1
87800b2e:	bf88      	it	hi
87800b30:	f800 3c01 	strbhi.w	r3, [r0, #-1]
87800b34:	4282      	cmp	r2, r0
87800b36:	d1f7      	bne.n	87800b28 <number+0x1b8>
87800b38:	4694      	mov	ip, r2
87800b3a:	4660      	mov	r0, ip
87800b3c:	b025      	add	sp, #148	@ 0x94
87800b3e:	e8bd 8ff0 	ldmia.w	sp!, {r4, r5, r6, r7, r8, r9, sl, fp, pc}
87800b42:	f004 0011 	and.w	r0, r4, #17
87800b46:	9003      	str	r0, [sp, #12]
87800b48:	2d00      	cmp	r5, #0
87800b4a:	d171      	bne.n	87800c30 <number+0x2c0>
87800b4c:	ea52 0003 	orrs.w	r0, r2, r3
87800b50:	f040 8314 	bne.w	8780117c <number+0x80c>
87800b54:	9b30      	ldr	r3, [sp, #192]	@ 0xc0
87800b56:	2030      	movs	r0, #48	@ 0x30
87800b58:	9a2f      	ldr	r2, [sp, #188]	@ 0xbc
87800b5a:	2b01      	cmp	r3, #1
87800b5c:	f88d 002c 	strb.w	r0, [sp, #44]	@ 0x2c
87800b60:	bfb8      	it	lt
87800b62:	2301      	movlt	r3, #1
87800b64:	f004 0011 	and.w	r0, r4, #17
87800b68:	1ad2      	subs	r2, r2, r3
87800b6a:	2800      	cmp	r0, #0
87800b6c:	f040 8243 	bne.w	87800ff6 <number+0x686>
87800b70:	f8cd b004 	str.w	fp, [sp, #4]
87800b74:	2a00      	cmp	r2, #0
87800b76:	bfc1      	itttt	gt
87800b78:	9402      	strgt	r4, [sp, #8]
87800b7a:	2000      	movgt	r0, #0
87800b7c:	f04f 0e01 	movgt.w	lr, #1
87800b80:	4682      	movgt	sl, r0
87800b82:	f73f af5f 	bgt.w	87800a44 <number+0xd4>
87800b86:	9801      	ldr	r0, [sp, #4]
87800b88:	3a01      	subs	r2, #1
87800b8a:	9402      	str	r4, [sp, #8]
87800b8c:	2800      	cmp	r0, #0
87800b8e:	f000 82aa 	beq.w	878010e6 <number+0x776>
87800b92:	2000      	movs	r0, #0
87800b94:	f04f 0e01 	mov.w	lr, #1
87800b98:	4682      	mov	sl, r0
87800b9a:	e761      	b.n	87800a60 <number+0xf0>
87800b9c:	f1bb 0f00 	cmp.w	fp, #0
87800ba0:	d06b      	beq.n	87800c7a <number+0x30a>
87800ba2:	f024 0001 	bic.w	r0, r4, #1
87800ba6:	9002      	str	r0, [sp, #8]
87800ba8:	2d00      	cmp	r5, #0
87800baa:	f040 80ac 	bne.w	87800d06 <number+0x396>
87800bae:	4604      	mov	r4, r0
87800bb0:	2010      	movs	r0, #16
87800bb2:	9501      	str	r5, [sp, #4]
87800bb4:	9d2e      	ldr	r5, [sp, #184]	@ 0xb8
87800bb6:	2d10      	cmp	r5, #16
87800bb8:	9d2f      	ldr	r5, [sp, #188]	@ 0xbc
87800bba:	d06f      	beq.n	87800c9c <number+0x32c>
87800bbc:	3d01      	subs	r5, #1
87800bbe:	952f      	str	r5, [sp, #188]	@ 0xbc
87800bc0:	ea52 0503 	orrs.w	r5, r2, r3
87800bc4:	f040 80b0 	bne.w	87800d28 <number+0x3b8>
87800bc8:	9b30      	ldr	r3, [sp, #192]	@ 0xc0
87800bca:	2530      	movs	r5, #48	@ 0x30
87800bcc:	9a2f      	ldr	r2, [sp, #188]	@ 0xbc
87800bce:	2b01      	cmp	r3, #1
87800bd0:	f88d 502c 	strb.w	r5, [sp, #44]	@ 0x2c
87800bd4:	bfb8      	it	lt
87800bd6:	2301      	movlt	r3, #1
87800bd8:	1ad2      	subs	r2, r2, r3
87800bda:	2800      	cmp	r0, #0
87800bdc:	f000 80ab 	beq.w	87800d36 <number+0x3c6>
87800be0:	9801      	ldr	r0, [sp, #4]
87800be2:	2800      	cmp	r0, #0
87800be4:	f040 8084 	bne.w	87800cf0 <number+0x380>
87800be8:	458c      	cmp	ip, r1
87800bea:	f080 826d 	bcs.w	878010c8 <number+0x758>
87800bee:	9801      	ldr	r0, [sp, #4]
87800bf0:	f04f 0e01 	mov.w	lr, #1
87800bf4:	f80c 5b01 	strb.w	r5, [ip], #1
87800bf8:	9402      	str	r4, [sp, #8]
87800bfa:	f1bb 0f00 	cmp.w	fp, #0
87800bfe:	f43f af4a 	beq.w	87800a96 <number+0x126>
87800c02:	3b01      	subs	r3, #1
87800c04:	4573      	cmp	r3, lr
87800c06:	f6bf af60 	bge.w	87800aca <number+0x15a>
87800c0a:	e774      	b.n	87800af6 <number+0x186>
87800c0c:	2b00      	cmp	r3, #0
87800c0e:	f2c0 823c 	blt.w	8780108a <number+0x71a>
87800c12:	0760      	lsls	r0, r4, #29
87800c14:	f140 81ae 	bpl.w	87800f74 <number+0x604>
87800c18:	982f      	ldr	r0, [sp, #188]	@ 0xbc
87800c1a:	3801      	subs	r0, #1
87800c1c:	902f      	str	r0, [sp, #188]	@ 0xbc
87800c1e:	ea52 0003 	orrs.w	r0, r2, r3
87800c22:	f000 8200 	beq.w	87801026 <number+0x6b6>
87800c26:	2010      	movs	r0, #16
87800c28:	9003      	str	r0, [sp, #12]
87800c2a:	202b      	movs	r0, #43	@ 0x2b
87800c2c:	9001      	str	r0, [sp, #4]
87800c2e:	e6c6      	b.n	878009be <number+0x4e>
87800c30:	455b      	cmp	r3, fp
87800c32:	f2c0 8194 	blt.w	87800f5e <number+0x5ee>
87800c36:	0767      	lsls	r7, r4, #29
87800c38:	f100 81c1 	bmi.w	87800fbe <number+0x64e>
87800c3c:	0727      	lsls	r7, r4, #28
87800c3e:	f140 8276 	bpl.w	8780112e <number+0x7be>
87800c42:	982f      	ldr	r0, [sp, #188]	@ 0xbc
87800c44:	3801      	subs	r0, #1
87800c46:	902f      	str	r0, [sp, #188]	@ 0xbc
87800c48:	ea52 0003 	orrs.w	r0, r2, r3
87800c4c:	bf1e      	ittt	ne
87800c4e:	9402      	strne	r4, [sp, #8]
87800c50:	2020      	movne	r0, #32
87800c52:	9001      	strne	r0, [sp, #4]
87800c54:	f47f aeb3 	bne.w	878009be <number+0x4e>
87800c58:	9b30      	ldr	r3, [sp, #192]	@ 0xc0
87800c5a:	2030      	movs	r0, #48	@ 0x30
87800c5c:	9a2f      	ldr	r2, [sp, #188]	@ 0xbc
87800c5e:	2b01      	cmp	r3, #1
87800c60:	f88d 002c 	strb.w	r0, [sp, #44]	@ 0x2c
87800c64:	bfb8      	it	lt
87800c66:	2301      	movlt	r3, #1
87800c68:	f004 0011 	and.w	r0, r4, #17
87800c6c:	1ad2      	subs	r2, r2, r3
87800c6e:	2800      	cmp	r0, #0
87800c70:	f040 827e 	bne.w	87801170 <number+0x800>
87800c74:	2020      	movs	r0, #32
87800c76:	9001      	str	r0, [sp, #4]
87800c78:	e77c      	b.n	87800b74 <number+0x204>
87800c7a:	f004 0011 	and.w	r0, r4, #17
87800c7e:	2d00      	cmp	r5, #0
87800c80:	f000 80ee 	beq.w	87800e60 <number+0x4f0>
87800c84:	455b      	cmp	r3, fp
87800c86:	f2c0 81bb 	blt.w	87801000 <number+0x690>
87800c8a:	0765      	lsls	r5, r4, #29
87800c8c:	f140 8209 	bpl.w	878010a2 <number+0x732>
87800c90:	9d2f      	ldr	r5, [sp, #188]	@ 0xbc
87800c92:	3d01      	subs	r5, #1
87800c94:	952f      	str	r5, [sp, #188]	@ 0xbc
87800c96:	252b      	movs	r5, #43	@ 0x2b
87800c98:	9501      	str	r5, [sp, #4]
87800c9a:	e78b      	b.n	87800bb4 <number+0x244>
87800c9c:	3d02      	subs	r5, #2
87800c9e:	952f      	str	r5, [sp, #188]	@ 0xbc
87800ca0:	ea52 0503 	orrs.w	r5, r2, r3
87800ca4:	f040 817d 	bne.w	87800fa2 <number+0x632>
87800ca8:	9b30      	ldr	r3, [sp, #192]	@ 0xc0
87800caa:	2530      	movs	r5, #48	@ 0x30
87800cac:	9a2f      	ldr	r2, [sp, #188]	@ 0xbc
87800cae:	2b01      	cmp	r3, #1
87800cb0:	f88d 502c 	strb.w	r5, [sp, #44]	@ 0x2c
87800cb4:	bfb8      	it	lt
87800cb6:	2301      	movlt	r3, #1
87800cb8:	1ad2      	subs	r2, r2, r3
87800cba:	2800      	cmp	r0, #0
87800cbc:	d03b      	beq.n	87800d36 <number+0x3c6>
87800cbe:	9801      	ldr	r0, [sp, #4]
87800cc0:	b9b0      	cbnz	r0, 87800cf0 <number+0x380>
87800cc2:	458c      	cmp	ip, r1
87800cc4:	9402      	str	r4, [sp, #8]
87800cc6:	9801      	ldr	r0, [sp, #4]
87800cc8:	bf24      	itt	cs
87800cca:	f10c 0401 	addcs.w	r4, ip, #1
87800cce:	f04f 0e01 	movcs.w	lr, #1
87800cd2:	d204      	bcs.n	87800cde <number+0x36e>
87800cd4:	4664      	mov	r4, ip
87800cd6:	f04f 0e01 	mov.w	lr, #1
87800cda:	f804 5b01 	strb.w	r5, [r4], #1
87800cde:	42a1      	cmp	r1, r4
87800ce0:	f10c 0c02 	add.w	ip, ip, #2
87800ce4:	bf84      	itt	hi
87800ce6:	f049 0458 	orrhi.w	r4, r9, #88	@ 0x58
87800cea:	f80c 4c01 	strbhi.w	r4, [ip, #-1]
87800cee:	e6ce      	b.n	87800a8e <number+0x11e>
87800cf0:	458c      	cmp	ip, r1
87800cf2:	f080 8191 	bcs.w	87801018 <number+0x6a8>
87800cf6:	9801      	ldr	r0, [sp, #4]
87800cf8:	f80c 0b01 	strb.w	r0, [ip], #1
87800cfc:	2000      	movs	r0, #0
87800cfe:	9402      	str	r4, [sp, #8]
87800d00:	f04f 0e01 	mov.w	lr, #1
87800d04:	e6b6      	b.n	87800a74 <number+0x104>
87800d06:	2b00      	cmp	r3, #0
87800d08:	f280 81d4 	bge.w	878010b4 <number+0x744>
87800d0c:	982e      	ldr	r0, [sp, #184]	@ 0xb8
87800d0e:	4252      	negs	r2, r2
87800d10:	eb63 0343 	sbc.w	r3, r3, r3, lsl #1
87800d14:	2810      	cmp	r0, #16
87800d16:	982f      	ldr	r0, [sp, #188]	@ 0xbc
87800d18:	f000 8199 	beq.w	8780104e <number+0x6de>
87800d1c:	9c02      	ldr	r4, [sp, #8]
87800d1e:	3802      	subs	r0, #2
87800d20:	902f      	str	r0, [sp, #188]	@ 0xbc
87800d22:	2010      	movs	r0, #16
87800d24:	252d      	movs	r5, #45	@ 0x2d
87800d26:	9501      	str	r5, [sp, #4]
87800d28:	e9cd 4002 	strd	r4, r0, [sp, #8]
87800d2c:	2607      	movs	r6, #7
87800d2e:	f04f 0a01 	mov.w	sl, #1
87800d32:	2403      	movs	r4, #3
87800d34:	e64f      	b.n	878009d6 <number+0x66>
87800d36:	4282      	cmp	r2, r0
87800d38:	bfc2      	ittt	gt
87800d3a:	9402      	strgt	r4, [sp, #8]
87800d3c:	f04f 0a01 	movgt.w	sl, #1
87800d40:	46d6      	movgt	lr, sl
87800d42:	f73f ae7f 	bgt.w	87800a44 <number+0xd4>
87800d46:	9d01      	ldr	r5, [sp, #4]
87800d48:	3a01      	subs	r2, #1
87800d4a:	9402      	str	r4, [sp, #8]
87800d4c:	2d00      	cmp	r5, #0
87800d4e:	d0d7      	beq.n	87800d00 <number+0x390>
87800d50:	f04f 0a01 	mov.w	sl, #1
87800d54:	46d6      	mov	lr, sl
87800d56:	e683      	b.n	87800a60 <number+0xf0>
87800d58:	f248 649f 	movw	r4, #34463	@ 0x869f
87800d5c:	f2c0 0401 	movt	r4, #1
87800d60:	2000      	movs	r0, #0
87800d62:	4294      	cmp	r4, r2
87800d64:	4198      	sbcs	r0, r3
87800d66:	e9cd 2308 	strd	r2, r3, [sp, #32]
87800d6a:	f080 81cb 	bcs.w	87801104 <number+0x794>
87800d6e:	469e      	mov	lr, r3
87800d70:	f645 20c5 	movw	r0, #23237	@ 0x5ac5
87800d74:	f6c0 207c 	movt	r0, #2684	@ 0xa7c
87800d78:	f248 63a0 	movw	r3, #34464	@ 0x86a0
87800d7c:	f2c0 0301 	movt	r3, #1
87800d80:	e9cd 9b04 	strd	r9, fp, [sp, #16]
87800d84:	f10d 0831 	add.w	r8, sp, #49	@ 0x31
87800d88:	46a3      	mov	fp, r4
87800d8a:	469a      	mov	sl, r3
87800d8c:	4681      	mov	r9, r0
87800d8e:	f8cd c018 	str.w	ip, [sp, #24]
87800d92:	9107      	str	r1, [sp, #28]
87800d94:	e058      	b.n	87800e48 <number+0x4d8>
87800d96:	fba9 3101 	umull	r3, r1, r9, r1
87800d9a:	f8cd e024 	str.w	lr, [sp, #36]	@ 0x24
87800d9e:	09cb      	lsrs	r3, r1, #7
87800da0:	fb0a 2313 	mls	r3, sl, r3, r2
87800da4:	09ca      	lsrs	r2, r1, #7
87800da6:	9208      	str	r2, [sp, #32]
87800da8:	f3c3 2703 	ubfx	r7, r3, #8, #4
87800dac:	f3c3 1103 	ubfx	r1, r3, #4, #4
87800db0:	0b1c      	lsrs	r4, r3, #12
87800db2:	19c8      	adds	r0, r1, r7
87800db4:	4420      	add	r0, r4
87800db6:	2506      	movs	r5, #6
87800db8:	f003 030f 	and.w	r3, r3, #15
87800dbc:	eb04 06c4 	add.w	r6, r4, r4, lsl #3
87800dc0:	440e      	add	r6, r1
87800dc2:	eb07 0187 	add.w	r1, r7, r7, lsl #2
87800dc6:	440e      	add	r6, r1
87800dc8:	f04f 0c0a 	mov.w	ip, #10
87800dcc:	fb05 3300 	mla	r3, r5, r0, r3
87800dd0:	20cd      	movs	r0, #205	@ 0xcd
87800dd2:	250d      	movs	r5, #13
87800dd4:	4593      	cmp	fp, r2
87800dd6:	fb00 f103 	mul.w	r1, r0, r3
87800dda:	ea4f 21d1 	mov.w	r1, r1, lsr #11
87800dde:	440e      	add	r6, r1
87800de0:	fb0c 3311 	mls	r3, ip, r1, r3
87800de4:	4641      	mov	r1, r8
87800de6:	f108 0805 	add.w	r8, r8, #5
87800dea:	f103 0330 	add.w	r3, r3, #48	@ 0x30
87800dee:	f808 3c0a 	strb.w	r3, [r8, #-10]
87800df2:	fb00 f306 	mul.w	r3, r0, r6
87800df6:	ea4f 23d3 	mov.w	r3, r3, lsr #11
87800dfa:	eb03 0747 	add.w	r7, r3, r7, lsl #1
87800dfe:	fb0c 6313 	mls	r3, ip, r3, r6
87800e02:	fb07 f505 	mul.w	r5, r7, r5
87800e06:	f103 0330 	add.w	r3, r3, #48	@ 0x30
87800e0a:	f808 3c09 	strb.w	r3, [r8, #-9]
87800e0e:	f04f 0300 	mov.w	r3, #0
87800e12:	ea4f 15d5 	mov.w	r5, r5, lsr #7
87800e16:	eb73 030e 	sbcs.w	r3, r3, lr
87800e1a:	eb05 0484 	add.w	r4, r5, r4, lsl #2
87800e1e:	fb0c 7515 	mls	r5, ip, r5, r7
87800e22:	fb04 f000 	mul.w	r0, r4, r0
87800e26:	f105 0530 	add.w	r5, r5, #48	@ 0x30
87800e2a:	f808 5c08 	strb.w	r5, [r8, #-8]
87800e2e:	ea4f 20d0 	mov.w	r0, r0, lsr #11
87800e32:	fb0c 4410 	mls	r4, ip, r0, r4
87800e36:	f100 0030 	add.w	r0, r0, #48	@ 0x30
87800e3a:	f808 0c06 	strb.w	r0, [r8, #-6]
87800e3e:	f104 0430 	add.w	r4, r4, #48	@ 0x30
87800e42:	f808 4c07 	strb.w	r4, [r8, #-7]
87800e46:	d224      	bcs.n	87800e92 <number+0x522>
87800e48:	0951      	lsrs	r1, r2, #5
87800e4a:	f1be 0f00 	cmp.w	lr, #0
87800e4e:	d0a2      	beq.n	87800d96 <number+0x426>
87800e50:	4651      	mov	r1, sl
87800e52:	a808      	add	r0, sp, #32
87800e54:	f7ff fa74 	bl	87800340 <__div64_32>
87800e58:	4603      	mov	r3, r0
87800e5a:	e9dd 2e08 	ldrd	r2, lr, [sp, #32]
87800e5e:	e7a3      	b.n	87800da8 <number+0x438>
87800e60:	f8cd b004 	str.w	fp, [sp, #4]
87800e64:	e6a6      	b.n	87800bb4 <number+0x244>
87800e66:	9b30      	ldr	r3, [sp, #192]	@ 0xc0
87800e68:	2030      	movs	r0, #48	@ 0x30
87800e6a:	9a2f      	ldr	r2, [sp, #188]	@ 0xbc
87800e6c:	2b01      	cmp	r3, #1
87800e6e:	f88d 002c 	strb.w	r0, [sp, #44]	@ 0x2c
87800e72:	bfb8      	it	lt
87800e74:	2301      	movlt	r3, #1
87800e76:	1ad2      	subs	r2, r2, r3
87800e78:	f1bb 0f00 	cmp.w	fp, #0
87800e7c:	f000 80bc 	beq.w	87800ff8 <number+0x688>
87800e80:	3b01      	subs	r3, #1
87800e82:	bf08      	it	eq
87800e84:	4618      	moveq	r0, r3
87800e86:	f43f ae38 	beq.w	87800afa <number+0x18a>
87800e8a:	2000      	movs	r0, #0
87800e8c:	f04f 0e01 	mov.w	lr, #1
87800e90:	e61b      	b.n	87800aca <number+0x15a>
87800e92:	468e      	mov	lr, r1
87800e94:	f10d 082c 	add.w	r8, sp, #44	@ 0x2c
87800e98:	e9dd 9b04 	ldrd	r9, fp, [sp, #16]
87800e9c:	e9dd c106 	ldrd	ip, r1, [sp, #24]
87800ea0:	f3c2 1503 	ubfx	r5, r2, #4, #4
87800ea4:	f3c2 2003 	ubfx	r0, r2, #8, #4
87800ea8:	0b14      	lsrs	r4, r2, #12
87800eaa:	182b      	adds	r3, r5, r0
87800eac:	f002 020f 	and.w	r2, r2, #15
87800eb0:	2606      	movs	r6, #6
87800eb2:	4423      	add	r3, r4
87800eb4:	27cd      	movs	r7, #205	@ 0xcd
87800eb6:	fb06 2303 	mla	r3, r6, r3, r2
87800eba:	eb04 02c4 	add.w	r2, r4, r4, lsl #3
87800ebe:	4415      	add	r5, r2
87800ec0:	eb00 0280 	add.w	r2, r0, r0, lsl #2
87800ec4:	4415      	add	r5, r2
87800ec6:	260a      	movs	r6, #10
87800ec8:	fb07 f203 	mul.w	r2, r7, r3
87800ecc:	0ad2      	lsrs	r2, r2, #11
87800ece:	fb06 3312 	mls	r3, r6, r2, r3
87800ed2:	1952      	adds	r2, r2, r5
87800ed4:	f103 0330 	add.w	r3, r3, #48	@ 0x30
87800ed8:	f88e 3000 	strb.w	r3, [lr]
87800edc:	bf08      	it	eq
87800ede:	f10e 0e01 	addeq.w	lr, lr, #1
87800ee2:	d02d      	beq.n	87800f40 <number+0x5d0>
87800ee4:	fb07 f302 	mul.w	r3, r7, r2
87800ee8:	0adb      	lsrs	r3, r3, #11
87800eea:	eb03 0040 	add.w	r0, r3, r0, lsl #1
87800eee:	fb06 2213 	mls	r2, r6, r3, r2
87800ef2:	f102 0330 	add.w	r3, r2, #48	@ 0x30
87800ef6:	f88e 3001 	strb.w	r3, [lr, #1]
87800efa:	ea54 0300 	orrs.w	r3, r4, r0
87800efe:	bf08      	it	eq
87800f00:	f10e 0e02 	addeq.w	lr, lr, #2
87800f04:	d01c      	beq.n	87800f40 <number+0x5d0>
87800f06:	230d      	movs	r3, #13
87800f08:	fb00 f303 	mul.w	r3, r0, r3
87800f0c:	09db      	lsrs	r3, r3, #7
87800f0e:	fb06 0013 	mls	r0, r6, r3, r0
87800f12:	eb13 0384 	adds.w	r3, r3, r4, lsl #2
87800f16:	f100 0230 	add.w	r2, r0, #48	@ 0x30
87800f1a:	f88e 2002 	strb.w	r2, [lr, #2]
87800f1e:	bf08      	it	eq
87800f20:	f10e 0e03 	addeq.w	lr, lr, #3
87800f24:	d00c      	beq.n	87800f40 <number+0x5d0>
87800f26:	fb07 f203 	mul.w	r2, r7, r3
87800f2a:	0ad2      	lsrs	r2, r2, #11
87800f2c:	fb06 3312 	mls	r3, r6, r2, r3
87800f30:	3330      	adds	r3, #48	@ 0x30
87800f32:	f88e 3003 	strb.w	r3, [lr, #3]
87800f36:	2a00      	cmp	r2, #0
87800f38:	f040 80e8 	bne.w	8780110c <number+0x79c>
87800f3c:	f10e 0e04 	add.w	lr, lr, #4
87800f40:	9b30      	ldr	r3, [sp, #192]	@ 0xc0
87800f42:	ebae 0e08 	sub.w	lr, lr, r8
87800f46:	9c03      	ldr	r4, [sp, #12]
87800f48:	f10e 30ff 	add.w	r0, lr, #4294967295	@ 0xffffffff
87800f4c:	9a2f      	ldr	r2, [sp, #188]	@ 0xbc
87800f4e:	4573      	cmp	r3, lr
87800f50:	bfb8      	it	lt
87800f52:	4673      	movlt	r3, lr
87800f54:	1ad2      	subs	r2, r2, r3
87800f56:	bb5c      	cbnz	r4, 87800fb0 <number+0x640>
87800f58:	f8dd a00c 	ldr.w	sl, [sp, #12]
87800f5c:	e56d      	b.n	87800a3a <number+0xca>
87800f5e:	982f      	ldr	r0, [sp, #188]	@ 0xbc
87800f60:	4252      	negs	r2, r2
87800f62:	9402      	str	r4, [sp, #8]
87800f64:	f100 30ff 	add.w	r0, r0, #4294967295	@ 0xffffffff
87800f68:	eb63 0343 	sbc.w	r3, r3, r3, lsl #1
87800f6c:	902f      	str	r0, [sp, #188]	@ 0xbc
87800f6e:	202d      	movs	r0, #45	@ 0x2d
87800f70:	9001      	str	r0, [sp, #4]
87800f72:	e524      	b.n	878009be <number+0x4e>
87800f74:	f014 0408 	ands.w	r4, r4, #8
87800f78:	d174      	bne.n	87801064 <number+0x6f4>
87800f7a:	ea52 0003 	orrs.w	r0, r2, r3
87800f7e:	f43f af72 	beq.w	87800e66 <number+0x4f6>
87800f82:	2010      	movs	r0, #16
87800f84:	9401      	str	r4, [sp, #4]
87800f86:	9003      	str	r0, [sp, #12]
87800f88:	e519      	b.n	878009be <number+0x4e>
87800f8a:	3b01      	subs	r3, #1
87800f8c:	4573      	cmp	r3, lr
87800f8e:	bfa8      	it	ge
87800f90:	462a      	movge	r2, r5
87800f92:	f6bf ad9a 	bge.w	87800aca <number+0x15a>
87800f96:	2800      	cmp	r0, #0
87800f98:	bfa8      	it	ge
87800f9a:	462a      	movge	r2, r5
87800f9c:	f6bf adad 	bge.w	87800afa <number+0x18a>
87800fa0:	e5cb      	b.n	87800b3a <number+0x1ca>
87800fa2:	e9cd 4002 	strd	r4, r0, [sp, #8]
87800fa6:	260f      	movs	r6, #15
87800fa8:	f04f 0a01 	mov.w	sl, #1
87800fac:	2404      	movs	r4, #4
87800fae:	e512      	b.n	878009d6 <number+0x66>
87800fb0:	9c01      	ldr	r4, [sp, #4]
87800fb2:	2c00      	cmp	r4, #0
87800fb4:	f43f ad6b 	beq.w	87800a8e <number+0x11e>
87800fb8:	f04f 0a00 	mov.w	sl, #0
87800fbc:	e550      	b.n	87800a60 <number+0xf0>
87800fbe:	982f      	ldr	r0, [sp, #188]	@ 0xbc
87800fc0:	3801      	subs	r0, #1
87800fc2:	902f      	str	r0, [sp, #188]	@ 0xbc
87800fc4:	ea52 0003 	orrs.w	r0, r2, r3
87800fc8:	bf1e      	ittt	ne
87800fca:	9402      	strne	r4, [sp, #8]
87800fcc:	202b      	movne	r0, #43	@ 0x2b
87800fce:	9001      	strne	r0, [sp, #4]
87800fd0:	f47f acf5 	bne.w	878009be <number+0x4e>
87800fd4:	9b30      	ldr	r3, [sp, #192]	@ 0xc0
87800fd6:	2030      	movs	r0, #48	@ 0x30
87800fd8:	9a2f      	ldr	r2, [sp, #188]	@ 0xbc
87800fda:	2b01      	cmp	r3, #1
87800fdc:	f88d 002c 	strb.w	r0, [sp, #44]	@ 0x2c
87800fe0:	bfb8      	it	lt
87800fe2:	2301      	movlt	r3, #1
87800fe4:	f004 0011 	and.w	r0, r4, #17
87800fe8:	1ad2      	subs	r2, r2, r3
87800fea:	2800      	cmp	r0, #0
87800fec:	f040 80c3 	bne.w	87801176 <number+0x806>
87800ff0:	202b      	movs	r0, #43	@ 0x2b
87800ff2:	9001      	str	r0, [sp, #4]
87800ff4:	e5be      	b.n	87800b74 <number+0x204>
87800ff6:	9402      	str	r4, [sp, #8]
87800ff8:	2000      	movs	r0, #0
87800ffa:	f04f 0e01 	mov.w	lr, #1
87800ffe:	e54a      	b.n	87800a96 <number+0x126>
87801000:	9d2e      	ldr	r5, [sp, #184]	@ 0xb8
87801002:	4252      	negs	r2, r2
87801004:	eb6b 0303 	sbc.w	r3, fp, r3
87801008:	2d10      	cmp	r5, #16
8780100a:	9d2f      	ldr	r5, [sp, #188]	@ 0xbc
8780100c:	d075      	beq.n	878010fa <number+0x78a>
8780100e:	3d02      	subs	r5, #2
87801010:	952f      	str	r5, [sp, #188]	@ 0xbc
87801012:	252d      	movs	r5, #45	@ 0x2d
87801014:	9501      	str	r5, [sp, #4]
87801016:	e687      	b.n	87800d28 <number+0x3b8>
87801018:	f10c 0c01 	add.w	ip, ip, #1
8780101c:	2000      	movs	r0, #0
8780101e:	f04f 0e01 	mov.w	lr, #1
87801022:	9402      	str	r4, [sp, #8]
87801024:	e526      	b.n	87800a74 <number+0x104>
87801026:	9b30      	ldr	r3, [sp, #192]	@ 0xc0
87801028:	2030      	movs	r0, #48	@ 0x30
8780102a:	9a2f      	ldr	r2, [sp, #188]	@ 0xbc
8780102c:	2b01      	cmp	r3, #1
8780102e:	f88d 002c 	strb.w	r0, [sp, #44]	@ 0x2c
87801032:	bfb8      	it	lt
87801034:	2301      	movlt	r3, #1
87801036:	202b      	movs	r0, #43	@ 0x2b
87801038:	1ad2      	subs	r2, r2, r3
8780103a:	458c      	cmp	ip, r1
8780103c:	f04f 0e01 	mov.w	lr, #1
87801040:	bf34      	ite	cc
87801042:	f80c 0b01 	strbcc.w	r0, [ip], #1
87801046:	f10c 0c01 	addcs.w	ip, ip, #1
8780104a:	2000      	movs	r0, #0
8780104c:	e51f      	b.n	87800a8e <number+0x11e>
8780104e:	3803      	subs	r0, #3
87801050:	902f      	str	r0, [sp, #188]	@ 0xbc
87801052:	982e      	ldr	r0, [sp, #184]	@ 0xb8
87801054:	9003      	str	r0, [sp, #12]
87801056:	202d      	movs	r0, #45	@ 0x2d
87801058:	260f      	movs	r6, #15
8780105a:	f04f 0a01 	mov.w	sl, #1
8780105e:	2404      	movs	r4, #4
87801060:	9001      	str	r0, [sp, #4]
87801062:	e4b8      	b.n	878009d6 <number+0x66>
87801064:	982f      	ldr	r0, [sp, #188]	@ 0xbc
87801066:	3801      	subs	r0, #1
87801068:	902f      	str	r0, [sp, #188]	@ 0xbc
8780106a:	ea52 0003 	orrs.w	r0, r2, r3
8780106e:	d053      	beq.n	87801118 <number+0x7a8>
87801070:	2010      	movs	r0, #16
87801072:	9003      	str	r0, [sp, #12]
87801074:	2020      	movs	r0, #32
87801076:	9001      	str	r0, [sp, #4]
87801078:	e4a1      	b.n	878009be <number+0x4e>
8780107a:	2800      	cmp	r0, #0
8780107c:	4694      	mov	ip, r2
8780107e:	bfa8      	it	ge
87801080:	f04f 32ff 	movge.w	r2, #4294967295	@ 0xffffffff
87801084:	f6bf ad39 	bge.w	87800afa <number+0x18a>
87801088:	e557      	b.n	87800b3a <number+0x1ca>
8780108a:	982f      	ldr	r0, [sp, #188]	@ 0xbc
8780108c:	4252      	negs	r2, r2
8780108e:	f100 30ff 	add.w	r0, r0, #4294967295	@ 0xffffffff
87801092:	eb63 0343 	sbc.w	r3, r3, r3, lsl #1
87801096:	902f      	str	r0, [sp, #188]	@ 0xbc
87801098:	2010      	movs	r0, #16
8780109a:	9003      	str	r0, [sp, #12]
8780109c:	202d      	movs	r0, #45	@ 0x2d
8780109e:	9001      	str	r0, [sp, #4]
878010a0:	e48d      	b.n	878009be <number+0x4e>
878010a2:	0726      	lsls	r6, r4, #28
878010a4:	f57f aedc 	bpl.w	87800e60 <number+0x4f0>
878010a8:	9d2f      	ldr	r5, [sp, #188]	@ 0xbc
878010aa:	3d01      	subs	r5, #1
878010ac:	952f      	str	r5, [sp, #188]	@ 0xbc
878010ae:	2520      	movs	r5, #32
878010b0:	9501      	str	r5, [sp, #4]
878010b2:	e57f      	b.n	87800bb4 <number+0x244>
878010b4:	0760      	lsls	r0, r4, #29
878010b6:	d519      	bpl.n	878010ec <number+0x77c>
878010b8:	982f      	ldr	r0, [sp, #188]	@ 0xbc
878010ba:	252b      	movs	r5, #43	@ 0x2b
878010bc:	9c02      	ldr	r4, [sp, #8]
878010be:	3801      	subs	r0, #1
878010c0:	9501      	str	r5, [sp, #4]
878010c2:	902f      	str	r0, [sp, #188]	@ 0xbc
878010c4:	2010      	movs	r0, #16
878010c6:	e575      	b.n	87800bb4 <number+0x244>
878010c8:	f10c 0c01 	add.w	ip, ip, #1
878010cc:	f1bb 0f00 	cmp.w	fp, #0
878010d0:	d007      	beq.n	878010e2 <number+0x772>
878010d2:	3b01      	subs	r3, #1
878010d4:	9801      	ldr	r0, [sp, #4]
878010d6:	bf18      	it	ne
878010d8:	f04f 0e01 	movne.w	lr, #1
878010dc:	f47f acf5 	bne.w	87800aca <number+0x15a>
878010e0:	e50b      	b.n	87800afa <number+0x18a>
878010e2:	4658      	mov	r0, fp
878010e4:	9402      	str	r4, [sp, #8]
878010e6:	f04f 0e01 	mov.w	lr, #1
878010ea:	e4d4      	b.n	87800a96 <number+0x126>
878010ec:	f014 0008 	ands.w	r0, r4, #8
878010f0:	d136      	bne.n	87801160 <number+0x7f0>
878010f2:	9001      	str	r0, [sp, #4]
878010f4:	2010      	movs	r0, #16
878010f6:	9c02      	ldr	r4, [sp, #8]
878010f8:	e55c      	b.n	87800bb4 <number+0x244>
878010fa:	3d03      	subs	r5, #3
878010fc:	e9cd 4002 	strd	r4, r0, [sp, #8]
87801100:	952f      	str	r5, [sp, #188]	@ 0xbc
87801102:	e7a8      	b.n	87801056 <number+0x6e6>
87801104:	f10d 082c 	add.w	r8, sp, #44	@ 0x2c
87801108:	46c6      	mov	lr, r8
8780110a:	e6c9      	b.n	87800ea0 <number+0x530>
8780110c:	3230      	adds	r2, #48	@ 0x30
8780110e:	f10e 0e05 	add.w	lr, lr, #5
87801112:	f80e 2c01 	strb.w	r2, [lr, #-1]
87801116:	e713      	b.n	87800f40 <number+0x5d0>
87801118:	9b30      	ldr	r3, [sp, #192]	@ 0xc0
8780111a:	2030      	movs	r0, #48	@ 0x30
8780111c:	9a2f      	ldr	r2, [sp, #188]	@ 0xbc
8780111e:	2b01      	cmp	r3, #1
87801120:	f88d 002c 	strb.w	r0, [sp, #44]	@ 0x2c
87801124:	bfb8      	it	lt
87801126:	2301      	movlt	r3, #1
87801128:	2020      	movs	r0, #32
8780112a:	1ad2      	subs	r2, r2, r3
8780112c:	e785      	b.n	8780103a <number+0x6ca>
8780112e:	ea52 0003 	orrs.w	r0, r2, r3
87801132:	d123      	bne.n	8780117c <number+0x80c>
87801134:	9b30      	ldr	r3, [sp, #192]	@ 0xc0
87801136:	2030      	movs	r0, #48	@ 0x30
87801138:	9a2f      	ldr	r2, [sp, #188]	@ 0xbc
8780113a:	2b01      	cmp	r3, #1
8780113c:	f88d 002c 	strb.w	r0, [sp, #44]	@ 0x2c
87801140:	bfb8      	it	lt
87801142:	2301      	movlt	r3, #1
87801144:	f004 0011 	and.w	r0, r4, #17
87801148:	1ad2      	subs	r2, r2, r3
8780114a:	9402      	str	r4, [sp, #8]
8780114c:	2800      	cmp	r0, #0
8780114e:	f47f af53 	bne.w	87800ff8 <number+0x688>
87801152:	4658      	mov	r0, fp
87801154:	46da      	mov	sl, fp
87801156:	f04f 0e01 	mov.w	lr, #1
8780115a:	f8cd b004 	str.w	fp, [sp, #4]
8780115e:	e46c      	b.n	87800a3a <number+0xca>
87801160:	982f      	ldr	r0, [sp, #188]	@ 0xbc
87801162:	2520      	movs	r5, #32
87801164:	9c02      	ldr	r4, [sp, #8]
87801166:	3801      	subs	r0, #1
87801168:	9501      	str	r5, [sp, #4]
8780116a:	902f      	str	r0, [sp, #188]	@ 0xbc
8780116c:	2010      	movs	r0, #16
8780116e:	e521      	b.n	87800bb4 <number+0x244>
87801170:	2020      	movs	r0, #32
87801172:	9402      	str	r4, [sp, #8]
87801174:	e761      	b.n	8780103a <number+0x6ca>
87801176:	202b      	movs	r0, #43	@ 0x2b
87801178:	9402      	str	r4, [sp, #8]
8780117a:	e75e      	b.n	8780103a <number+0x6ca>
8780117c:	e9cd b401 	strd	fp, r4, [sp, #4]
87801180:	e41d      	b.n	878009be <number+0x4e>
87801182:	bf00      	nop
87801184:	000042de 	ldrdeq	r4, [r0], -lr

87801188 <simple_strtoul>:
87801188:	b570      	push	{r4, r5, r6, lr}
8780118a:	4604      	mov	r4, r0
8780118c:	f8df c0e8 	ldr.w	ip, [pc, #232]	@ 87801278 <simple_strtoul+0xf0>
87801190:	7803      	ldrb	r3, [r0, #0]
87801192:	460e      	mov	r6, r1
87801194:	44fc      	add	ip, pc
87801196:	bb62      	cbnz	r2, 878011f2 <simple_strtoul+0x6a>
87801198:	2b30      	cmp	r3, #48	@ 0x30
8780119a:	d049      	beq.n	87801230 <simple_strtoul+0xa8>
8780119c:	4a37      	ldr	r2, [pc, #220]	@ (8780127c <simple_strtoul+0xf4>)
8780119e:	469e      	mov	lr, r3
878011a0:	f85c 5002 	ldr.w	r5, [ip, r2]
878011a4:	220a      	movs	r2, #10
878011a6:	f815 c003 	ldrb.w	ip, [r5, r3]
878011aa:	f00c 0044 	and.w	r0, ip, #68	@ 0x44
878011ae:	b1e8      	cbz	r0, 878011ec <simple_strtoul+0x64>
878011b0:	2000      	movs	r0, #0
878011b2:	e009      	b.n	878011c8 <simple_strtoul+0x40>
878011b4:	f814 3f01 	ldrb.w	r3, [r4, #1]!
878011b8:	fb02 c000 	mla	r0, r2, r0, ip
878011bc:	469e      	mov	lr, r3
878011be:	f815 c003 	ldrb.w	ip, [r5, r3]
878011c2:	f01c 0f44 	tst.w	ip, #68	@ 0x44
878011c6:	d011      	beq.n	878011ec <simple_strtoul+0x64>
878011c8:	f01c 0f04 	tst.w	ip, #4
878011cc:	f1a3 0120 	sub.w	r1, r3, #32
878011d0:	bf18      	it	ne
878011d2:	f1ae 0c30 	subne.w	ip, lr, #48	@ 0x30
878011d6:	d107      	bne.n	878011e8 <simple_strtoul+0x60>
878011d8:	f01c 0f02 	tst.w	ip, #2
878011dc:	fa5f fc81 	uxtb.w	ip, r1
878011e0:	bf18      	it	ne
878011e2:	4663      	movne	r3, ip
878011e4:	f1a3 0c37 	sub.w	ip, r3, #55	@ 0x37
878011e8:	4594      	cmp	ip, r2
878011ea:	d3e3      	bcc.n	878011b4 <simple_strtoul+0x2c>
878011ec:	b106      	cbz	r6, 878011f0 <simple_strtoul+0x68>
878011ee:	6034      	str	r4, [r6, #0]
878011f0:	bd70      	pop	{r4, r5, r6, pc}
878011f2:	4922      	ldr	r1, [pc, #136]	@ (8780127c <simple_strtoul+0xf4>)
878011f4:	2a10      	cmp	r2, #16
878011f6:	f85c 5001 	ldr.w	r5, [ip, r1]
878011fa:	d005      	beq.n	87801208 <simple_strtoul+0x80>
878011fc:	f815 c003 	ldrb.w	ip, [r5, r3]
87801200:	469e      	mov	lr, r3
87801202:	f00c 0044 	and.w	r0, ip, #68	@ 0x44
87801206:	e7d2      	b.n	878011ae <simple_strtoul+0x26>
87801208:	2b30      	cmp	r3, #48	@ 0x30
8780120a:	d1f7      	bne.n	878011fc <simple_strtoul+0x74>
8780120c:	7841      	ldrb	r1, [r0, #1]
8780120e:	f1a1 0020 	sub.w	r0, r1, #32
87801212:	f815 c001 	ldrb.w	ip, [r5, r1]
87801216:	b2c0      	uxtb	r0, r0
87801218:	f01c 0f02 	tst.w	ip, #2
8780121c:	bf18      	it	ne
8780121e:	4601      	movne	r1, r0
87801220:	2958      	cmp	r1, #88	@ 0x58
87801222:	d026      	beq.n	87801272 <simple_strtoul+0xea>
87801224:	f895 c030 	ldrb.w	ip, [r5, #48]	@ 0x30
87801228:	469e      	mov	lr, r3
8780122a:	f00c 0044 	and.w	r0, ip, #68	@ 0x44
8780122e:	e7be      	b.n	878011ae <simple_strtoul+0x26>
87801230:	4a12      	ldr	r2, [pc, #72]	@ (8780127c <simple_strtoul+0xf4>)
87801232:	1c41      	adds	r1, r0, #1
87801234:	7843      	ldrb	r3, [r0, #1]
87801236:	469e      	mov	lr, r3
87801238:	f85c 5002 	ldr.w	r5, [ip, r2]
8780123c:	f815 c003 	ldrb.w	ip, [r5, r3]
87801240:	f01c 0f02 	tst.w	ip, #2
87801244:	bf16      	itet	ne
87801246:	f1a3 0220 	subne.w	r2, r3, #32
8780124a:	461a      	moveq	r2, r3
8780124c:	b2d2      	uxtbne	r2, r2
8780124e:	2a58      	cmp	r2, #88	@ 0x58
87801250:	d004      	beq.n	8780125c <simple_strtoul+0xd4>
87801252:	460c      	mov	r4, r1
87801254:	f00c 0044 	and.w	r0, ip, #68	@ 0x44
87801258:	2208      	movs	r2, #8
8780125a:	e7a8      	b.n	878011ae <simple_strtoul+0x26>
8780125c:	7880      	ldrb	r0, [r0, #2]
8780125e:	5c2a      	ldrb	r2, [r5, r0]
87801260:	f012 0f44 	tst.w	r2, #68	@ 0x44
87801264:	d0f5      	beq.n	87801252 <simple_strtoul+0xca>
87801266:	4694      	mov	ip, r2
87801268:	4686      	mov	lr, r0
8780126a:	3402      	adds	r4, #2
8780126c:	4603      	mov	r3, r0
8780126e:	2210      	movs	r2, #16
87801270:	e79e      	b.n	878011b0 <simple_strtoul+0x28>
87801272:	78a3      	ldrb	r3, [r4, #2]
87801274:	3402      	adds	r4, #2
87801276:	e7c1      	b.n	878011fc <simple_strtoul+0x74>
87801278:	ffffee68 			@ <UNDEFINED> instruction: 0xffffee68
8780127c:	0000017c 	andeq	r0, r0, ip, ror r1

87801280 <simple_strtol>:
87801280:	b508      	push	{r3, lr}
87801282:	7803      	ldrb	r3, [r0, #0]
87801284:	2b2d      	cmp	r3, #45	@ 0x2d
87801286:	d003      	beq.n	87801290 <simple_strtol+0x10>
87801288:	e8bd 4008 	ldmia.w	sp!, {r3, lr}
8780128c:	f7ff bf7c 	b.w	87801188 <simple_strtoul>
87801290:	3001      	adds	r0, #1
87801292:	f7ff ff79 	bl	87801188 <simple_strtoul>
87801296:	4240      	negs	r0, r0
87801298:	bd08      	pop	{r3, pc}
8780129a:	bf00      	nop

8780129c <simple_strtoull>:
8780129c:	e92d 41f0 	stmdb	sp!, {r4, r5, r6, r7, r8, lr}
878012a0:	4604      	mov	r4, r0
878012a2:	4842      	ldr	r0, [pc, #264]	@ (878013ac <simple_strtoull+0x110>)
878012a4:	460e      	mov	r6, r1
878012a6:	4478      	add	r0, pc
878012a8:	f894 e000 	ldrb.w	lr, [r4]
878012ac:	bbc2      	cbnz	r2, 87801320 <simple_strtoull+0x84>
878012ae:	f1be 0f30 	cmp.w	lr, #48	@ 0x30
878012b2:	d053      	beq.n	8780135c <simple_strtoull+0xc0>
878012b4:	4a3e      	ldr	r2, [pc, #248]	@ (878013b0 <simple_strtoull+0x114>)
878012b6:	4673      	mov	r3, lr
878012b8:	5885      	ldr	r5, [r0, r2]
878012ba:	220a      	movs	r2, #10
878012bc:	f815 c00e 	ldrb.w	ip, [r5, lr]
878012c0:	f00c 0044 	and.w	r0, ip, #68	@ 0x44
878012c4:	2800      	cmp	r0, #0
878012c6:	d06a      	beq.n	8780139e <simple_strtoull+0x102>
878012c8:	2000      	movs	r0, #0
878012ca:	4601      	mov	r1, r0
878012cc:	e00a      	b.n	878012e4 <simple_strtoull+0x48>
878012ce:	f814 ef01 	ldrb.w	lr, [r4, #1]!
878012d2:	18f8      	adds	r0, r7, r3
878012d4:	eb4c 0108 	adc.w	r1, ip, r8
878012d8:	4673      	mov	r3, lr
878012da:	f815 c00e 	ldrb.w	ip, [r5, lr]
878012de:	f01c 0f44 	tst.w	ip, #68	@ 0x44
878012e2:	d019      	beq.n	87801318 <simple_strtoull+0x7c>
878012e4:	f01c 0f04 	tst.w	ip, #4
878012e8:	bf18      	it	ne
878012ea:	3b30      	subne	r3, #48	@ 0x30
878012ec:	d10a      	bne.n	87801304 <simple_strtoull+0x68>
878012ee:	f1ae 0e20 	sub.w	lr, lr, #32
878012f2:	f01c 0f02 	tst.w	ip, #2
878012f6:	f1a3 0337 	sub.w	r3, r3, #55	@ 0x37
878012fa:	bf1c      	itt	ne
878012fc:	fa5f fe8e 	uxtbne.w	lr, lr
87801300:	f1ae 0337 	subne.w	r3, lr, #55	@ 0x37
87801304:	fba0 7e02 	umull	r7, lr, r0, r2
87801308:	ea4f 78e3 	mov.w	r8, r3, asr #31
8780130c:	4293      	cmp	r3, r2
8780130e:	fb02 ec01 	mla	ip, r2, r1, lr
87801312:	f178 0e00 	sbcs.w	lr, r8, #0
87801316:	d3da      	bcc.n	878012ce <simple_strtoull+0x32>
87801318:	b106      	cbz	r6, 8780131c <simple_strtoull+0x80>
8780131a:	6034      	str	r4, [r6, #0]
8780131c:	e8bd 81f0 	ldmia.w	sp!, {r4, r5, r6, r7, r8, pc}
87801320:	4b23      	ldr	r3, [pc, #140]	@ (878013b0 <simple_strtoull+0x114>)
87801322:	2a10      	cmp	r2, #16
87801324:	58c5      	ldr	r5, [r0, r3]
87801326:	d005      	beq.n	87801334 <simple_strtoull+0x98>
87801328:	f815 c00e 	ldrb.w	ip, [r5, lr]
8780132c:	4673      	mov	r3, lr
8780132e:	f00c 0044 	and.w	r0, ip, #68	@ 0x44
87801332:	e7c7      	b.n	878012c4 <simple_strtoull+0x28>
87801334:	f1be 0f30 	cmp.w	lr, #48	@ 0x30
87801338:	d1f6      	bne.n	87801328 <simple_strtoull+0x8c>
8780133a:	7863      	ldrb	r3, [r4, #1]
8780133c:	f1a3 0120 	sub.w	r1, r3, #32
87801340:	5ce8      	ldrb	r0, [r5, r3]
87801342:	b2c9      	uxtb	r1, r1
87801344:	f010 0f02 	tst.w	r0, #2
87801348:	bf18      	it	ne
8780134a:	460b      	movne	r3, r1
8780134c:	2b58      	cmp	r3, #88	@ 0x58
8780134e:	d028      	beq.n	878013a2 <simple_strtoull+0x106>
87801350:	f895 c030 	ldrb.w	ip, [r5, #48]	@ 0x30
87801354:	4673      	mov	r3, lr
87801356:	f00c 0044 	and.w	r0, ip, #68	@ 0x44
8780135a:	e7b3      	b.n	878012c4 <simple_strtoull+0x28>
8780135c:	4b14      	ldr	r3, [pc, #80]	@ (878013b0 <simple_strtoull+0x114>)
8780135e:	1c61      	adds	r1, r4, #1
87801360:	f894 e001 	ldrb.w	lr, [r4, #1]
87801364:	58c5      	ldr	r5, [r0, r3]
87801366:	4673      	mov	r3, lr
87801368:	f815 c00e 	ldrb.w	ip, [r5, lr]
8780136c:	f01c 0f02 	tst.w	ip, #2
87801370:	bf16      	itet	ne
87801372:	f1ae 0220 	subne.w	r2, lr, #32
87801376:	4672      	moveq	r2, lr
87801378:	b2d2      	uxtbne	r2, r2
8780137a:	2a58      	cmp	r2, #88	@ 0x58
8780137c:	d004      	beq.n	87801388 <simple_strtoull+0xec>
8780137e:	460c      	mov	r4, r1
87801380:	f00c 0044 	and.w	r0, ip, #68	@ 0x44
87801384:	2208      	movs	r2, #8
87801386:	e79d      	b.n	878012c4 <simple_strtoull+0x28>
87801388:	78a0      	ldrb	r0, [r4, #2]
8780138a:	5c2a      	ldrb	r2, [r5, r0]
8780138c:	f012 0f44 	tst.w	r2, #68	@ 0x44
87801390:	d0f5      	beq.n	8780137e <simple_strtoull+0xe2>
87801392:	4694      	mov	ip, r2
87801394:	4603      	mov	r3, r0
87801396:	3402      	adds	r4, #2
87801398:	4686      	mov	lr, r0
8780139a:	2210      	movs	r2, #16
8780139c:	e794      	b.n	878012c8 <simple_strtoull+0x2c>
8780139e:	4601      	mov	r1, r0
878013a0:	e7ba      	b.n	87801318 <simple_strtoull+0x7c>
878013a2:	f894 e002 	ldrb.w	lr, [r4, #2]
878013a6:	3402      	adds	r4, #2
878013a8:	e7be      	b.n	87801328 <simple_strtoull+0x8c>
878013aa:	bf00      	nop
878013ac:	ffffed56 			@ <UNDEFINED> instruction: 0xffffed56
878013b0:	0000017c 	andeq	r0, r0, ip, ror r1

878013b4 <simple_strtoll>:
878013b4:	b508      	push	{r3, lr}
878013b6:	7803      	ldrb	r3, [r0, #0]
878013b8:	2b2d      	cmp	r3, #45	@ 0x2d
878013ba:	d003      	beq.n	878013c4 <simple_strtoll+0x10>
878013bc:	e8bd 4008 	ldmia.w	sp!, {r3, lr}
878013c0:	f7ff bf6c 	b.w	8780129c <simple_strtoull>
878013c4:	3001      	adds	r0, #1
878013c6:	f7ff ff69 	bl	8780129c <simple_strtoull>
878013ca:	4240      	negs	r0, r0
878013cc:	eb61 0141 	sbc.w	r1, r1, r1, lsl #1
878013d0:	bd08      	pop	{r3, pc}
878013d2:	bf00      	nop

878013d4 <vsnprintf>:
878013d4:	e92d 4ff0 	stmdb	sp!, {r4, r5, r6, r7, r8, r9, sl, fp, lr}
878013d8:	1e0d      	subs	r5, r1, #0
878013da:	f8df 8aa4 	ldr.w	r8, [pc, #2724]	@ 87801e80 <vsnprintf+0xaac>
878013de:	b089      	sub	sp, #36	@ 0x24
878013e0:	44f8      	add	r8, pc
878013e2:	f2c0 84a3 	blt.w	87801d2c <vsnprintf+0x958>
878013e6:	4696      	mov	lr, r2
878013e8:	1e6e      	subs	r6, r5, #1
878013ea:	4406      	add	r6, r0
878013ec:	1e42      	subs	r2, r0, #1
878013ee:	461f      	mov	r7, r3
878013f0:	4296      	cmp	r6, r2
878013f2:	f89e 3000 	ldrb.w	r3, [lr]
878013f6:	d31d      	bcc.n	87801434 <vsnprintf+0x60>
878013f8:	2b00      	cmp	r3, #0
878013fa:	f000 8514 	beq.w	87801e26 <vsnprintf+0xa52>
878013fe:	4683      	mov	fp, r0
87801400:	4604      	mov	r4, r0
87801402:	9505      	str	r5, [sp, #20]
87801404:	2b25      	cmp	r3, #37	@ 0x25
87801406:	d01c      	beq.n	87801442 <vsnprintf+0x6e>
87801408:	42a6      	cmp	r6, r4
8780140a:	bf28      	it	cs
8780140c:	7023      	strbcs	r3, [r4, #0]
8780140e:	f10e 0e01 	add.w	lr, lr, #1
87801412:	3401      	adds	r4, #1
87801414:	f89e 3000 	ldrb.w	r3, [lr]
87801418:	2b00      	cmp	r3, #0
8780141a:	d1f3      	bne.n	87801404 <vsnprintf+0x30>
8780141c:	9d05      	ldr	r5, [sp, #20]
8780141e:	eba4 000b 	sub.w	r0, r4, fp
87801422:	42a6      	cmp	r6, r4
87801424:	f080 8170 	bcs.w	87801708 <vsnprintf+0x334>
87801428:	b10d      	cbz	r5, 8780142e <vsnprintf+0x5a>
8780142a:	2300      	movs	r3, #0
8780142c:	7033      	strb	r3, [r6, #0]
8780142e:	b009      	add	sp, #36	@ 0x24
87801430:	e8bd 8ff0 	ldmia.w	sp!, {r4, r5, r6, r7, r8, r9, sl, fp, pc}
87801434:	2b00      	cmp	r3, #0
87801436:	f000 8165 	beq.w	87801704 <vsnprintf+0x330>
8780143a:	4245      	negs	r5, r0
8780143c:	f04f 36ff 	mov.w	r6, #4294967295	@ 0xffffffff
87801440:	e7dd      	b.n	878013fe <vsnprintf+0x2a>
87801442:	2200      	movs	r2, #0
87801444:	f89e 0001 	ldrb.w	r0, [lr, #1]
87801448:	f10e 0901 	add.w	r9, lr, #1
8780144c:	f1a0 0320 	sub.w	r3, r0, #32
87801450:	2b10      	cmp	r3, #16
87801452:	d80a      	bhi.n	8780146a <vsnprintf+0x96>
87801454:	e8df f003 	tbb	[pc, r3]
87801458:	9d0909a1 	vstrls.16	s0, [r9, #-322]	@ 0xfffffebe	@ <UNPREDICTABLE>
8780145c:	09090909 	stmdbeq	r9, {r0, r3, r8, fp}
87801460:	99090909 	stmdbls	r9, {r0, r3, r8, fp}
87801464:	09099509 	stmdbeq	r9, {r0, r3, r8, sl, ip, pc}
87801468:	f8df0091 			@ <UNDEFINED> instruction: 0xf8df0091
8780146c:	3a18      	subs	r2, #24
8780146e:	4601      	mov	r1, r0
87801470:	f858 c003 	ldr.w	ip, [r8, r3]
87801474:	f81c 3000 	ldrb.w	r3, [ip, r0]
87801478:	075b      	lsls	r3, r3, #29
8780147a:	f100 8135 	bmi.w	878016e8 <vsnprintf+0x314>
8780147e:	282a      	cmp	r0, #42	@ 0x2a
87801480:	bf18      	it	ne
87801482:	f04f 33ff 	movne.w	r3, #4294967295	@ 0xffffffff
87801486:	d10a      	bne.n	8780149e <vsnprintf+0xca>
87801488:	f857 3b04 	ldr.w	r3, [r7], #4
8780148c:	f10e 0902 	add.w	r9, lr, #2
87801490:	f89e 0002 	ldrb.w	r0, [lr, #2]
87801494:	2b00      	cmp	r3, #0
87801496:	bfbc      	itt	lt
87801498:	425b      	neglt	r3, r3
8780149a:	f042 0210 	orrlt.w	r2, r2, #16
8780149e:	282e      	cmp	r0, #46	@ 0x2e
878014a0:	bf18      	it	ne
878014a2:	f04f 31ff 	movne.w	r1, #4294967295	@ 0xffffffff
878014a6:	f000 8107 	beq.w	878016b8 <vsnprintf+0x2e4>
878014aa:	287a      	cmp	r0, #122	@ 0x7a
878014ac:	f200 80ed 	bhi.w	8780168a <vsnprintf+0x2b6>
878014b0:	2867      	cmp	r0, #103	@ 0x67
878014b2:	d876      	bhi.n	878015a2 <vsnprintf+0x1ce>
878014b4:	284c      	cmp	r0, #76	@ 0x4c
878014b6:	bf08      	it	eq
878014b8:	f109 0901 	addeq.w	r9, r9, #1
878014bc:	f000 8129 	beq.w	87801712 <vsnprintf+0x33e>
878014c0:	285a      	cmp	r0, #90	@ 0x5a
878014c2:	f000 81d9 	beq.w	87801878 <vsnprintf+0x4a4>
878014c6:	3825      	subs	r0, #37	@ 0x25
878014c8:	2853      	cmp	r0, #83	@ 0x53
878014ca:	f200 80de 	bhi.w	8780168a <vsnprintf+0x2b6>
878014ce:	e8df f010 	tbh	[pc, r0, lsl #1]
878014d2:	00dc02de 	ldrsbeq	r0, [ip], #46	@ 0x2e
878014d6:	00dc00dc 	ldrsbeq	r0, [ip], #12
878014da:	00dc00dc 	ldrsbeq	r0, [ip], #12
878014de:	00dc00dc 	ldrsbeq	r0, [ip], #12
878014e2:	00dc00dc 	ldrsbeq	r0, [ip], #12
878014e6:	00dc00dc 	ldrsbeq	r0, [ip], #12
878014ea:	00dc00dc 	ldrsbeq	r0, [ip], #12
878014ee:	00dc00dc 	ldrsbeq	r0, [ip], #12
878014f2:	00dc00dc 	ldrsbeq	r0, [ip], #12
878014f6:	00dc00dc 	ldrsbeq	r0, [ip], #12
878014fa:	00dc00dc 	ldrsbeq	r0, [ip], #12
878014fe:	00dc00dc 	ldrsbeq	r0, [ip], #12
87801502:	00dc00dc 	ldrsbeq	r0, [ip], #12
87801506:	00dc00dc 	ldrsbeq	r0, [ip], #12
8780150a:	00dc00dc 	ldrsbeq	r0, [ip], #12
8780150e:	00dc00dc 	ldrsbeq	r0, [ip], #12
87801512:	00dc00dc 	ldrsbeq	r0, [ip], #12
87801516:	00dc00dc 	ldrsbeq	r0, [ip], #12
8780151a:	00dc00dc 	ldrsbeq	r0, [ip], #12
8780151e:	00dc00dc 	ldrsbeq	r0, [ip], #12
87801522:	00dc00dc 	ldrsbeq	r0, [ip], #12
87801526:	00dc00dc 	ldrsbeq	r0, [ip], #12
8780152a:	00dc00dc 	ldrsbeq	r0, [ip], #12
8780152e:	00dc00dc 	ldrsbeq	r0, [ip], #12
87801532:	00dc00dc 	ldrsbeq	r0, [ip], #12
87801536:	034200dc 	movteq	r0, #8412	@ 0x20dc
8780153a:	00dc00dc 	ldrsbeq	r0, [ip], #12
8780153e:	00dc00dc 	ldrsbeq	r0, [ip], #12
87801542:	00dc00dc 	ldrsbeq	r0, [ip], #12
87801546:	00dc00dc 	ldrsbeq	r0, [ip], #12
8780154a:	00dc00dc 	ldrsbeq	r0, [ip], #12
8780154e:	029d02ba 	addseq	r0, sp, #-1610612725	@ 0xa000000b
87801552:	00dc00dc 	ldrsbeq	r0, [ip], #12
87801556:	00dc00dc 	ldrsbeq	r0, [ip], #12
8780155a:	00dc029d 	smullseq	r0, ip, sp, r2
8780155e:	00dc00dc 	ldrsbeq	r0, [ip], #12
87801562:	043900dc 	ldrteq	r0, [r9], #-220	@ 0xffffff24
87801566:	03250441 			@ <UNDEFINED> instruction: 0x03250441
8780156a:	00dc00dc 	ldrsbeq	r0, [ip], #12
8780156e:	00dc02ec 	sbcseq	r0, ip, ip, ror #5
87801572:	00dc0431 	sbcseq	r0, ip, r1, lsr r4
87801576:	043600dc 	ldrteq	r0, [r6], #-220	@ 0xffffff24
8780157a:	f042 0201 	orr.w	r2, r2, #1
8780157e:	46ce      	mov	lr, r9
87801580:	e760      	b.n	87801444 <vsnprintf+0x70>
87801582:	f042 0210 	orr.w	r2, r2, #16
87801586:	46ce      	mov	lr, r9
87801588:	e75c      	b.n	87801444 <vsnprintf+0x70>
8780158a:	f042 0204 	orr.w	r2, r2, #4
8780158e:	46ce      	mov	lr, r9
87801590:	e758      	b.n	87801444 <vsnprintf+0x70>
87801592:	f042 0220 	orr.w	r2, r2, #32
87801596:	46ce      	mov	lr, r9
87801598:	e754      	b.n	87801444 <vsnprintf+0x70>
8780159a:	f042 0208 	orr.w	r2, r2, #8
8780159e:	46ce      	mov	lr, r9
878015a0:	e750      	b.n	87801444 <vsnprintf+0x70>
878015a2:	f1a0 0e68 	sub.w	lr, r0, #104	@ 0x68
878015a6:	f04f 0c11 	mov.w	ip, #17
878015aa:	f2c0 0c04 	movt	ip, #4
878015ae:	fa5f fe8e 	uxtb.w	lr, lr
878015b2:	fa2c fc0e 	lsr.w	ip, ip, lr
878015b6:	f01c 0f01 	tst.w	ip, #1
878015ba:	d084      	beq.n	878014c6 <vsnprintf+0xf2>
878015bc:	f109 0a01 	add.w	sl, r9, #1
878015c0:	286c      	cmp	r0, #108	@ 0x6c
878015c2:	f040 82fc 	bne.w	87801bbe <vsnprintf+0x7ea>
878015c6:	f899 0001 	ldrb.w	r0, [r9, #1]
878015ca:	286c      	cmp	r0, #108	@ 0x6c
878015cc:	bf08      	it	eq
878015ce:	f109 0902 	addeq.w	r9, r9, #2
878015d2:	f000 809e 	beq.w	87801712 <vsnprintf+0x33e>
878015d6:	3825      	subs	r0, #37	@ 0x25
878015d8:	2853      	cmp	r0, #83	@ 0x53
878015da:	d855      	bhi.n	87801688 <vsnprintf+0x2b4>
878015dc:	e8df f010 	tbh	[pc, r0, lsl #1]
878015e0:	00540256 	subseq	r0, r4, r6, asr r2
878015e4:	00540054 	subseq	r0, r4, r4, asr r0
878015e8:	00540054 	subseq	r0, r4, r4, asr r0
878015ec:	00540054 	subseq	r0, r4, r4, asr r0
878015f0:	00540054 	subseq	r0, r4, r4, asr r0
878015f4:	00540054 	subseq	r0, r4, r4, asr r0
878015f8:	00540054 	subseq	r0, r4, r4, asr r0
878015fc:	00540054 	subseq	r0, r4, r4, asr r0
87801600:	00540054 	subseq	r0, r4, r4, asr r0
87801604:	00540054 	subseq	r0, r4, r4, asr r0
87801608:	00540054 	subseq	r0, r4, r4, asr r0
8780160c:	00540054 	subseq	r0, r4, r4, asr r0
87801610:	00540054 	subseq	r0, r4, r4, asr r0
87801614:	00540054 	subseq	r0, r4, r4, asr r0
87801618:	00540054 	subseq	r0, r4, r4, asr r0
8780161c:	00540054 	subseq	r0, r4, r4, asr r0
87801620:	00540054 	subseq	r0, r4, r4, asr r0
87801624:	00540054 	subseq	r0, r4, r4, asr r0
87801628:	00540054 	subseq	r0, r4, r4, asr r0
8780162c:	00540054 	subseq	r0, r4, r4, asr r0
87801630:	00540054 	subseq	r0, r4, r4, asr r0
87801634:	00540054 	subseq	r0, r4, r4, asr r0
87801638:	00540054 	subseq	r0, r4, r4, asr r0
8780163c:	00540054 	subseq	r0, r4, r4, asr r0
87801640:	00540054 	subseq	r0, r4, r4, asr r0
87801644:	03fd0054 	mvnseq	r0, #84	@ 0x54
87801648:	00540054 	subseq	r0, r4, r4, asr r0
8780164c:	00540054 	subseq	r0, r4, r4, asr r0
87801650:	00540054 	subseq	r0, r4, r4, asr r0
87801654:	00540054 	subseq	r0, r4, r4, asr r0
87801658:	00540054 	subseq	r0, r4, r4, asr r0
8780165c:	02c50232 	sbceq	r0, r5, #536870915	@ 0x20000003
87801660:	00540054 	subseq	r0, r4, r4, asr r0
87801664:	00540054 	subseq	r0, r4, r4, asr r0
87801668:	005402c5 	subseq	r0, r4, r5, asr #5
8780166c:	00540054 	subseq	r0, r4, r4, asr r0
87801670:	02e20054 	rsceq	r0, r2, #84	@ 0x54
87801674:	029d03f7 	addseq	r0, sp, #-603979773	@ 0xdc000003
87801678:	00540054 	subseq	r0, r4, r4, asr r0
8780167c:	00540264 	subseq	r0, r4, r4, ror #4
87801680:	005402db 	ldrsbeq	r0, [r4], #-43	@ 0xffffffd5
87801684:	03f40054 	mvnseq	r0, #84	@ 0x54
87801688:	46d1      	mov	r9, sl
8780168a:	42a6      	cmp	r6, r4
8780168c:	f104 0201 	add.w	r2, r4, #1
87801690:	bf24      	itt	cs
87801692:	2325      	movcs	r3, #37	@ 0x25
87801694:	7023      	strbcs	r3, [r4, #0]
87801696:	f899 3000 	ldrb.w	r3, [r9]
8780169a:	2b00      	cmp	r3, #0
8780169c:	f000 81b3 	beq.w	87801a06 <vsnprintf+0x632>
878016a0:	4296      	cmp	r6, r2
878016a2:	bf28      	it	cs
878016a4:	7063      	strbcs	r3, [r4, #1]
878016a6:	f109 0e01 	add.w	lr, r9, #1
878016aa:	3402      	adds	r4, #2
878016ac:	f899 3001 	ldrb.w	r3, [r9, #1]
878016b0:	2b00      	cmp	r3, #0
878016b2:	f47f aea7 	bne.w	87801404 <vsnprintf+0x30>
878016b6:	e6b1      	b.n	8780141c <vsnprintf+0x48>
878016b8:	f899 e001 	ldrb.w	lr, [r9, #1]
878016bc:	f109 0a01 	add.w	sl, r9, #1
878016c0:	4670      	mov	r0, lr
878016c2:	f81c 100e 	ldrb.w	r1, [ip, lr]
878016c6:	f011 0104 	ands.w	r1, r1, #4
878016ca:	f040 818b 	bne.w	878019e4 <vsnprintf+0x610>
878016ce:	282a      	cmp	r0, #42	@ 0x2a
878016d0:	bf11      	iteee	ne
878016d2:	46d1      	movne	r9, sl
878016d4:	f857 1b04 	ldreq.w	r1, [r7], #4
878016d8:	f899 0002 	ldrbeq.w	r0, [r9, #2]
878016dc:	f109 0902 	addeq.w	r9, r9, #2
878016e0:	bf08      	it	eq
878016e2:	ea21 71e1 	biceq.w	r1, r1, r1, asr #31
878016e6:	e6e0      	b.n	878014aa <vsnprintf+0xd6>
878016e8:	2300      	movs	r3, #0
878016ea:	f04f 0a0a 	mov.w	sl, #10
878016ee:	fb0a 1303 	mla	r3, sl, r3, r1
878016f2:	f819 1f01 	ldrb.w	r1, [r9, #1]!
878016f6:	3b30      	subs	r3, #48	@ 0x30
878016f8:	4608      	mov	r0, r1
878016fa:	f81c 5001 	ldrb.w	r5, [ip, r1]
878016fe:	076d      	lsls	r5, r5, #29
87801700:	d4f5      	bmi.n	878016ee <vsnprintf+0x31a>
87801702:	e6cc      	b.n	8780149e <vsnprintf+0xca>
87801704:	4604      	mov	r4, r0
87801706:	4618      	mov	r0, r3
87801708:	2300      	movs	r3, #0
8780170a:	7023      	strb	r3, [r4, #0]
8780170c:	b009      	add	sp, #36	@ 0x24
8780170e:	e8bd 8ff0 	ldmia.w	sp!, {r4, r5, r6, r7, r8, r9, sl, fp, pc}
87801712:	f899 0000 	ldrb.w	r0, [r9]
87801716:	3825      	subs	r0, #37	@ 0x25
87801718:	2853      	cmp	r0, #83	@ 0x53
8780171a:	d8b6      	bhi.n	8780168a <vsnprintf+0x2b6>
8780171c:	f20f 0c08 	addw	ip, pc, #8
87801720:	f85c 0020 	ldr.w	r0, [ip, r0, lsl #2]
87801724:	4484      	add	ip, r0
87801726:	4760      	bx	ip
87801728:	00000367 	andeq	r0, r0, r7, ror #6
8780172c:	ffffff63 			@ <UNDEFINED> instruction: 0xffffff63
87801730:	ffffff63 			@ <UNDEFINED> instruction: 0xffffff63
87801734:	ffffff63 			@ <UNDEFINED> instruction: 0xffffff63
87801738:	ffffff63 			@ <UNDEFINED> instruction: 0xffffff63
8780173c:	ffffff63 			@ <UNDEFINED> instruction: 0xffffff63
87801740:	ffffff63 			@ <UNDEFINED> instruction: 0xffffff63
87801744:	ffffff63 			@ <UNDEFINED> instruction: 0xffffff63
87801748:	ffffff63 			@ <UNDEFINED> instruction: 0xffffff63
8780174c:	ffffff63 			@ <UNDEFINED> instruction: 0xffffff63
87801750:	ffffff63 			@ <UNDEFINED> instruction: 0xffffff63
87801754:	ffffff63 			@ <UNDEFINED> instruction: 0xffffff63
87801758:	ffffff63 			@ <UNDEFINED> instruction: 0xffffff63
8780175c:	ffffff63 			@ <UNDEFINED> instruction: 0xffffff63
87801760:	ffffff63 			@ <UNDEFINED> instruction: 0xffffff63
87801764:	ffffff63 			@ <UNDEFINED> instruction: 0xffffff63
87801768:	ffffff63 			@ <UNDEFINED> instruction: 0xffffff63
8780176c:	ffffff63 			@ <UNDEFINED> instruction: 0xffffff63
87801770:	ffffff63 			@ <UNDEFINED> instruction: 0xffffff63
87801774:	ffffff63 			@ <UNDEFINED> instruction: 0xffffff63
87801778:	ffffff63 			@ <UNDEFINED> instruction: 0xffffff63
8780177c:	ffffff63 			@ <UNDEFINED> instruction: 0xffffff63
87801780:	ffffff63 			@ <UNDEFINED> instruction: 0xffffff63
87801784:	ffffff63 			@ <UNDEFINED> instruction: 0xffffff63
87801788:	ffffff63 			@ <UNDEFINED> instruction: 0xffffff63
8780178c:	ffffff63 			@ <UNDEFINED> instruction: 0xffffff63
87801790:	ffffff63 			@ <UNDEFINED> instruction: 0xffffff63
87801794:	ffffff63 			@ <UNDEFINED> instruction: 0xffffff63
87801798:	ffffff63 			@ <UNDEFINED> instruction: 0xffffff63
8780179c:	ffffff63 			@ <UNDEFINED> instruction: 0xffffff63
878017a0:	ffffff63 			@ <UNDEFINED> instruction: 0xffffff63
878017a4:	ffffff63 			@ <UNDEFINED> instruction: 0xffffff63
878017a8:	ffffff63 			@ <UNDEFINED> instruction: 0xffffff63
878017ac:	ffffff63 			@ <UNDEFINED> instruction: 0xffffff63
878017b0:	ffffff63 			@ <UNDEFINED> instruction: 0xffffff63
878017b4:	ffffff63 			@ <UNDEFINED> instruction: 0xffffff63
878017b8:	ffffff63 			@ <UNDEFINED> instruction: 0xffffff63
878017bc:	ffffff63 			@ <UNDEFINED> instruction: 0xffffff63
878017c0:	ffffff63 			@ <UNDEFINED> instruction: 0xffffff63
878017c4:	ffffff63 			@ <UNDEFINED> instruction: 0xffffff63
878017c8:	ffffff63 			@ <UNDEFINED> instruction: 0xffffff63
878017cc:	ffffff63 			@ <UNDEFINED> instruction: 0xffffff63
878017d0:	ffffff63 			@ <UNDEFINED> instruction: 0xffffff63
878017d4:	ffffff63 			@ <UNDEFINED> instruction: 0xffffff63
878017d8:	ffffff63 			@ <UNDEFINED> instruction: 0xffffff63
878017dc:	ffffff63 			@ <UNDEFINED> instruction: 0xffffff63
878017e0:	ffffff63 			@ <UNDEFINED> instruction: 0xffffff63
878017e4:	ffffff63 			@ <UNDEFINED> instruction: 0xffffff63
878017e8:	ffffff63 			@ <UNDEFINED> instruction: 0xffffff63
878017ec:	ffffff63 			@ <UNDEFINED> instruction: 0xffffff63
878017f0:	ffffff63 			@ <UNDEFINED> instruction: 0xffffff63
878017f4:	00000677 	andeq	r0, r0, r7, ror r6
878017f8:	ffffff63 			@ <UNDEFINED> instruction: 0xffffff63
878017fc:	ffffff63 			@ <UNDEFINED> instruction: 0xffffff63
87801800:	ffffff63 			@ <UNDEFINED> instruction: 0xffffff63
87801804:	ffffff63 			@ <UNDEFINED> instruction: 0xffffff63
87801808:	ffffff63 			@ <UNDEFINED> instruction: 0xffffff63
8780180c:	ffffff63 			@ <UNDEFINED> instruction: 0xffffff63
87801810:	ffffff63 			@ <UNDEFINED> instruction: 0xffffff63
87801814:	ffffff63 			@ <UNDEFINED> instruction: 0xffffff63
87801818:	ffffff63 			@ <UNDEFINED> instruction: 0xffffff63
8780181c:	ffffff63 			@ <UNDEFINED> instruction: 0xffffff63
87801820:	0000031f 	andeq	r0, r0, pc, lsl r3
87801824:	00000633 	andeq	r0, r0, r3, lsr r6
87801828:	ffffff63 			@ <UNDEFINED> instruction: 0xffffff63
8780182c:	ffffff63 			@ <UNDEFINED> instruction: 0xffffff63
87801830:	ffffff63 			@ <UNDEFINED> instruction: 0xffffff63
87801834:	ffffff63 			@ <UNDEFINED> instruction: 0xffffff63
87801838:	00000633 	andeq	r0, r0, r3, lsr r6
8780183c:	ffffff63 			@ <UNDEFINED> instruction: 0xffffff63
87801840:	ffffff63 			@ <UNDEFINED> instruction: 0xffffff63
87801844:	ffffff63 			@ <UNDEFINED> instruction: 0xffffff63
87801848:	ffffff63 			@ <UNDEFINED> instruction: 0xffffff63
8780184c:	0000061d 	andeq	r0, r0, sp, lsl r6
87801850:	00000681 	andeq	r0, r0, r1, lsl #13
87801854:	000003f5 	strdeq	r0, [r0], -r5
87801858:	ffffff63 			@ <UNDEFINED> instruction: 0xffffff63
8780185c:	ffffff63 			@ <UNDEFINED> instruction: 0xffffff63
87801860:	00000383 	andeq	r0, r0, r3, lsl #7
87801864:	ffffff63 			@ <UNDEFINED> instruction: 0xffffff63
87801868:	00000671 	andeq	r0, r0, r1, ror r6
8780186c:	ffffff63 			@ <UNDEFINED> instruction: 0xffffff63
87801870:	ffffff63 			@ <UNDEFINED> instruction: 0xffffff63
87801874:	0000067b 	andeq	r0, r0, fp, ror r6
87801878:	f899 0001 	ldrb.w	r0, [r9, #1]
8780187c:	f109 0a01 	add.w	sl, r9, #1
87801880:	3825      	subs	r0, #37	@ 0x25
87801882:	2853      	cmp	r0, #83	@ 0x53
87801884:	f63f af00 	bhi.w	87801688 <vsnprintf+0x2b4>
87801888:	f20f 0c08 	addw	ip, pc, #8
8780188c:	f85c 0020 	ldr.w	r0, [ip, r0, lsl #2]
87801890:	4484      	add	ip, r0
87801892:	4760      	bx	ip
87801894:	000001f9 	strdeq	r0, [r0], -r9
87801898:	fffffdf5 			@ <UNDEFINED> instruction: 0xfffffdf5
8780189c:	fffffdf5 			@ <UNDEFINED> instruction: 0xfffffdf5
878018a0:	fffffdf5 			@ <UNDEFINED> instruction: 0xfffffdf5
878018a4:	fffffdf5 			@ <UNDEFINED> instruction: 0xfffffdf5
878018a8:	fffffdf5 			@ <UNDEFINED> instruction: 0xfffffdf5
878018ac:	fffffdf5 			@ <UNDEFINED> instruction: 0xfffffdf5
878018b0:	fffffdf5 			@ <UNDEFINED> instruction: 0xfffffdf5
878018b4:	fffffdf5 			@ <UNDEFINED> instruction: 0xfffffdf5
878018b8:	fffffdf5 			@ <UNDEFINED> instruction: 0xfffffdf5
878018bc:	fffffdf5 			@ <UNDEFINED> instruction: 0xfffffdf5
878018c0:	fffffdf5 			@ <UNDEFINED> instruction: 0xfffffdf5
878018c4:	fffffdf5 			@ <UNDEFINED> instruction: 0xfffffdf5
878018c8:	fffffdf5 			@ <UNDEFINED> instruction: 0xfffffdf5
878018cc:	fffffdf5 			@ <UNDEFINED> instruction: 0xfffffdf5
878018d0:	fffffdf5 			@ <UNDEFINED> instruction: 0xfffffdf5
878018d4:	fffffdf5 			@ <UNDEFINED> instruction: 0xfffffdf5
878018d8:	fffffdf5 			@ <UNDEFINED> instruction: 0xfffffdf5
878018dc:	fffffdf5 			@ <UNDEFINED> instruction: 0xfffffdf5
878018e0:	fffffdf5 			@ <UNDEFINED> instruction: 0xfffffdf5
878018e4:	fffffdf5 			@ <UNDEFINED> instruction: 0xfffffdf5
878018e8:	fffffdf5 			@ <UNDEFINED> instruction: 0xfffffdf5
878018ec:	fffffdf5 			@ <UNDEFINED> instruction: 0xfffffdf5
878018f0:	fffffdf5 			@ <UNDEFINED> instruction: 0xfffffdf5
878018f4:	fffffdf5 			@ <UNDEFINED> instruction: 0xfffffdf5
878018f8:	fffffdf5 			@ <UNDEFINED> instruction: 0xfffffdf5
878018fc:	fffffdf5 			@ <UNDEFINED> instruction: 0xfffffdf5
87801900:	fffffdf5 			@ <UNDEFINED> instruction: 0xfffffdf5
87801904:	fffffdf5 			@ <UNDEFINED> instruction: 0xfffffdf5
87801908:	fffffdf5 			@ <UNDEFINED> instruction: 0xfffffdf5
8780190c:	fffffdf5 			@ <UNDEFINED> instruction: 0xfffffdf5
87801910:	fffffdf5 			@ <UNDEFINED> instruction: 0xfffffdf5
87801914:	fffffdf5 			@ <UNDEFINED> instruction: 0xfffffdf5
87801918:	fffffdf5 			@ <UNDEFINED> instruction: 0xfffffdf5
8780191c:	fffffdf5 			@ <UNDEFINED> instruction: 0xfffffdf5
87801920:	fffffdf5 			@ <UNDEFINED> instruction: 0xfffffdf5
87801924:	fffffdf5 			@ <UNDEFINED> instruction: 0xfffffdf5
87801928:	fffffdf5 			@ <UNDEFINED> instruction: 0xfffffdf5
8780192c:	fffffdf5 			@ <UNDEFINED> instruction: 0xfffffdf5
87801930:	fffffdf5 			@ <UNDEFINED> instruction: 0xfffffdf5
87801934:	fffffdf5 			@ <UNDEFINED> instruction: 0xfffffdf5
87801938:	fffffdf5 			@ <UNDEFINED> instruction: 0xfffffdf5
8780193c:	fffffdf5 			@ <UNDEFINED> instruction: 0xfffffdf5
87801940:	fffffdf5 			@ <UNDEFINED> instruction: 0xfffffdf5
87801944:	fffffdf5 			@ <UNDEFINED> instruction: 0xfffffdf5
87801948:	fffffdf5 			@ <UNDEFINED> instruction: 0xfffffdf5
8780194c:	fffffdf5 			@ <UNDEFINED> instruction: 0xfffffdf5
87801950:	fffffdf5 			@ <UNDEFINED> instruction: 0xfffffdf5
87801954:	fffffdf5 			@ <UNDEFINED> instruction: 0xfffffdf5
87801958:	fffffdf5 			@ <UNDEFINED> instruction: 0xfffffdf5
8780195c:	fffffdf5 			@ <UNDEFINED> instruction: 0xfffffdf5
87801960:	00000531 	andeq	r0, r0, r1, lsr r5
87801964:	fffffdf5 			@ <UNDEFINED> instruction: 0xfffffdf5
87801968:	fffffdf5 			@ <UNDEFINED> instruction: 0xfffffdf5
8780196c:	fffffdf5 			@ <UNDEFINED> instruction: 0xfffffdf5
87801970:	fffffdf5 			@ <UNDEFINED> instruction: 0xfffffdf5
87801974:	fffffdf5 			@ <UNDEFINED> instruction: 0xfffffdf5
87801978:	fffffdf5 			@ <UNDEFINED> instruction: 0xfffffdf5
8780197c:	fffffdf5 			@ <UNDEFINED> instruction: 0xfffffdf5
87801980:	fffffdf5 			@ <UNDEFINED> instruction: 0xfffffdf5
87801984:	fffffdf5 			@ <UNDEFINED> instruction: 0xfffffdf5
87801988:	fffffdf5 			@ <UNDEFINED> instruction: 0xfffffdf5
8780198c:	000001b1 			@ <UNDEFINED> instruction: 0x000001b1
87801990:	000004db 	ldrdeq	r0, [r0], -fp
87801994:	fffffdf5 			@ <UNDEFINED> instruction: 0xfffffdf5
87801998:	fffffdf5 			@ <UNDEFINED> instruction: 0xfffffdf5
8780199c:	fffffdf5 			@ <UNDEFINED> instruction: 0xfffffdf5
878019a0:	fffffdf5 			@ <UNDEFINED> instruction: 0xfffffdf5
878019a4:	000004db 	ldrdeq	r0, [r0], -fp
878019a8:	fffffdf5 			@ <UNDEFINED> instruction: 0xfffffdf5
878019ac:	fffffdf5 			@ <UNDEFINED> instruction: 0xfffffdf5
878019b0:	fffffdf5 			@ <UNDEFINED> instruction: 0xfffffdf5
878019b4:	fffffdf5 			@ <UNDEFINED> instruction: 0xfffffdf5
878019b8:	000002e9 	andeq	r0, r0, r9, ror #5
878019bc:	0000053b 	andeq	r0, r0, fp, lsr r5
878019c0:	00000287 	andeq	r0, r0, r7, lsl #5
878019c4:	fffffdf5 			@ <UNDEFINED> instruction: 0xfffffdf5
878019c8:	fffffdf5 			@ <UNDEFINED> instruction: 0xfffffdf5
878019cc:	00000215 	andeq	r0, r0, r5, lsl r2
878019d0:	fffffdf5 			@ <UNDEFINED> instruction: 0xfffffdf5
878019d4:	00000541 	andeq	r0, r0, r1, asr #10
878019d8:	fffffdf5 			@ <UNDEFINED> instruction: 0xfffffdf5
878019dc:	fffffdf5 			@ <UNDEFINED> instruction: 0xfffffdf5
878019e0:	00000535 	andeq	r0, r0, r5, lsr r5
878019e4:	2100      	movs	r1, #0
878019e6:	250a      	movs	r5, #10
878019e8:	f81a 0f01 	ldrb.w	r0, [sl, #1]!
878019ec:	fb05 e101 	mla	r1, r5, r1, lr
878019f0:	4686      	mov	lr, r0
878019f2:	3930      	subs	r1, #48	@ 0x30
878019f4:	f81c 9000 	ldrb.w	r9, [ip, r0]
878019f8:	f019 0f04 	tst.w	r9, #4
878019fc:	d1f4      	bne.n	878019e8 <vsnprintf+0x614>
878019fe:	ea21 71e1 	bic.w	r1, r1, r1, asr #31
87801a02:	46d1      	mov	r9, sl
87801a04:	e551      	b.n	878014aa <vsnprintf+0xd6>
87801a06:	9d05      	ldr	r5, [sp, #20]
87801a08:	4614      	mov	r4, r2
87801a0a:	e508      	b.n	8780141e <vsnprintf+0x4a>
87801a0c:	f857 0b04 	ldr.w	r0, [r7], #4
87801a10:	f042 0202 	orr.w	r2, r2, #2
87801a14:	46ca      	mov	sl, r9
87801a16:	f04f 0c0a 	mov.w	ip, #10
87801a1a:	ea4f 7ee0 	mov.w	lr, r0, asr #31
87801a1e:	e9cd 1202 	strd	r1, r2, [sp, #8]
87801a22:	4602      	mov	r2, r0
87801a24:	e9cd c300 	strd	ip, r3, [sp]
87801a28:	4620      	mov	r0, r4
87801a2a:	4673      	mov	r3, lr
87801a2c:	4631      	mov	r1, r6
87801a2e:	f7fe ff9f 	bl	87800970 <number>
87801a32:	f89a 3001 	ldrb.w	r3, [sl, #1]
87801a36:	4604      	mov	r4, r0
87801a38:	f10a 0e01 	add.w	lr, sl, #1
87801a3c:	2b00      	cmp	r3, #0
87801a3e:	f47f ace1 	bne.w	87801404 <vsnprintf+0x30>
87801a42:	e4eb      	b.n	8780141c <vsnprintf+0x48>
87801a44:	46d1      	mov	r9, sl
87801a46:	1c60      	adds	r0, r4, #1
87801a48:	1d39      	adds	r1, r7, #4
87801a4a:	f109 0e01 	add.w	lr, r9, #1
87801a4e:	06d5      	lsls	r5, r2, #27
87801a50:	f140 81ed 	bpl.w	87801e2e <vsnprintf+0xa5a>
87801a54:	42a6      	cmp	r6, r4
87801a56:	bf24      	itt	cs
87801a58:	683a      	ldrcs	r2, [r7, #0]
87801a5a:	7022      	strbcs	r2, [r4, #0]
87801a5c:	2b01      	cmp	r3, #1
87801a5e:	bfd8      	it	le
87801a60:	4604      	movle	r4, r0
87801a62:	dd0c      	ble.n	87801a7e <vsnprintf+0x6aa>
87801a64:	441c      	add	r4, r3
87801a66:	4602      	mov	r2, r0
87801a68:	2720      	movs	r7, #32
87801a6a:	4296      	cmp	r6, r2
87801a6c:	f102 0201 	add.w	r2, r2, #1
87801a70:	bf28      	it	cs
87801a72:	f802 7c01 	strbcs.w	r7, [r2, #-1]
87801a76:	42a2      	cmp	r2, r4
87801a78:	d1f7      	bne.n	87801a6a <vsnprintf+0x696>
87801a7a:	3b01      	subs	r3, #1
87801a7c:	18c4      	adds	r4, r0, r3
87801a7e:	f899 3001 	ldrb.w	r3, [r9, #1]
87801a82:	460f      	mov	r7, r1
87801a84:	2b00      	cmp	r3, #0
87801a86:	f47f acbd 	bne.w	87801404 <vsnprintf+0x30>
87801a8a:	e4c7      	b.n	8780141c <vsnprintf+0x48>
87801a8c:	46d1      	mov	r9, sl
87801a8e:	42a6      	cmp	r6, r4
87801a90:	f109 0e01 	add.w	lr, r9, #1
87801a94:	bf24      	itt	cs
87801a96:	2325      	movcs	r3, #37	@ 0x25
87801a98:	7023      	strbcs	r3, [r4, #0]
87801a9a:	3401      	adds	r4, #1
87801a9c:	f899 3001 	ldrb.w	r3, [r9, #1]
87801aa0:	2b00      	cmp	r3, #0
87801aa2:	f47f acaf 	bne.w	87801404 <vsnprintf+0x30>
87801aa6:	e4b9      	b.n	8780141c <vsnprintf+0x48>
87801aa8:	46d1      	mov	r9, sl
87801aaa:	f857 ab04 	ldr.w	sl, [r7], #4
87801aae:	f5ba 6f80 	cmp.w	sl, #1024	@ 0x400
87801ab2:	d202      	bcs.n	87801aba <vsnprintf+0x6e6>
87801ab4:	f8df a3d0 	ldr.w	sl, [pc, #976]	@ 87801e88 <vsnprintf+0xab4>
87801ab8:	44fa      	add	sl, pc
87801aba:	4650      	mov	r0, sl
87801abc:	e9cd 3206 	strd	r3, r2, [sp, #24]
87801ac0:	f7fe fde0 	bl	87800684 <strnlen>
87801ac4:	9a07      	ldr	r2, [sp, #28]
87801ac6:	9b06      	ldr	r3, [sp, #24]
87801ac8:	f012 0f10 	tst.w	r2, #16
87801acc:	f000 8194 	beq.w	87801df8 <vsnprintf+0xa24>
87801ad0:	2800      	cmp	r0, #0
87801ad2:	dd0c      	ble.n	87801aee <vsnprintf+0x71a>
87801ad4:	1822      	adds	r2, r4, r0
87801ad6:	42a6      	cmp	r6, r4
87801ad8:	f104 0401 	add.w	r4, r4, #1
87801adc:	f10a 0a01 	add.w	sl, sl, #1
87801ae0:	bf24      	itt	cs
87801ae2:	f81a 1c01 	ldrbcs.w	r1, [sl, #-1]
87801ae6:	f804 1c01 	strbcs.w	r1, [r4, #-1]
87801aea:	4294      	cmp	r4, r2
87801aec:	d1f3      	bne.n	87801ad6 <vsnprintf+0x702>
87801aee:	4283      	cmp	r3, r0
87801af0:	f109 0e01 	add.w	lr, r9, #1
87801af4:	bfc2      	ittt	gt
87801af6:	1a1b      	subgt	r3, r3, r0
87801af8:	2220      	movgt	r2, #32
87801afa:	191b      	addgt	r3, r3, r4
87801afc:	dd07      	ble.n	87801b0e <vsnprintf+0x73a>
87801afe:	42a6      	cmp	r6, r4
87801b00:	f104 0401 	add.w	r4, r4, #1
87801b04:	bf28      	it	cs
87801b06:	f804 2c01 	strbcs.w	r2, [r4, #-1]
87801b0a:	429c      	cmp	r4, r3
87801b0c:	d1f7      	bne.n	87801afe <vsnprintf+0x72a>
87801b0e:	f899 3001 	ldrb.w	r3, [r9, #1]
87801b12:	2b00      	cmp	r3, #0
87801b14:	f47f ac76 	bne.w	87801404 <vsnprintf+0x30>
87801b18:	e480      	b.n	8780141c <vsnprintf+0x48>
87801b1a:	46d1      	mov	r9, sl
87801b1c:	1c58      	adds	r0, r3, #1
87801b1e:	4620      	mov	r0, r4
87801b20:	f857 4b04 	ldr.w	r4, [r7], #4
87801b24:	bf08      	it	eq
87801b26:	f042 0201 	orreq.w	r2, r2, #1
87801b2a:	bf08      	it	eq
87801b2c:	2308      	moveq	r3, #8
87801b2e:	e9cd 1202 	strd	r1, r2, [sp, #8]
87801b32:	f04f 0c10 	mov.w	ip, #16
87801b36:	4622      	mov	r2, r4
87801b38:	e9cd c300 	strd	ip, r3, [sp]
87801b3c:	4631      	mov	r1, r6
87801b3e:	2300      	movs	r3, #0
87801b40:	f7fe ff16 	bl	87800970 <number>
87801b44:	f899 3001 	ldrb.w	r3, [r9, #1]
87801b48:	4604      	mov	r4, r0
87801b4a:	f109 0e01 	add.w	lr, r9, #1
87801b4e:	2b00      	cmp	r3, #0
87801b50:	f47f ac58 	bne.w	87801404 <vsnprintf+0x30>
87801b54:	e462      	b.n	8780141c <vsnprintf+0x48>
87801b56:	f042 0240 	orr.w	r2, r2, #64	@ 0x40
87801b5a:	f04f 0c10 	mov.w	ip, #16
87801b5e:	f857 0b04 	ldr.w	r0, [r7], #4
87801b62:	46ca      	mov	sl, r9
87801b64:	f04f 0e00 	mov.w	lr, #0
87801b68:	e759      	b.n	87801a1e <vsnprintf+0x64a>
87801b6a:	f857 0b04 	ldr.w	r0, [r7], #4
87801b6e:	f042 0202 	orr.w	r2, r2, #2
87801b72:	f04f 0c0a 	mov.w	ip, #10
87801b76:	ea4f 7ee0 	mov.w	lr, r0, asr #31
87801b7a:	e750      	b.n	87801a1e <vsnprintf+0x64a>
87801b7c:	f857 3b04 	ldr.w	r3, [r7], #4
87801b80:	f109 0e02 	add.w	lr, r9, #2
87801b84:	eba4 020b 	sub.w	r2, r4, fp
87801b88:	601a      	str	r2, [r3, #0]
87801b8a:	f89a 3001 	ldrb.w	r3, [sl, #1]
87801b8e:	2b00      	cmp	r3, #0
87801b90:	f47f ac38 	bne.w	87801404 <vsnprintf+0x30>
87801b94:	e442      	b.n	8780141c <vsnprintf+0x48>
87801b96:	f857 0b04 	ldr.w	r0, [r7], #4
87801b9a:	f04f 0e00 	mov.w	lr, #0
87801b9e:	f04f 0c0a 	mov.w	ip, #10
87801ba2:	e73c      	b.n	87801a1e <vsnprintf+0x64a>
87801ba4:	f857 2b04 	ldr.w	r2, [r7], #4
87801ba8:	eba4 030b 	sub.w	r3, r4, fp
87801bac:	f109 0e02 	add.w	lr, r9, #2
87801bb0:	6013      	str	r3, [r2, #0]
87801bb2:	f899 3002 	ldrb.w	r3, [r9, #2]
87801bb6:	2b00      	cmp	r3, #0
87801bb8:	f47f ac24 	bne.w	87801404 <vsnprintf+0x30>
87801bbc:	e42e      	b.n	8780141c <vsnprintf+0x48>
87801bbe:	f899 c001 	ldrb.w	ip, [r9, #1]
87801bc2:	f1ac 0c25 	sub.w	ip, ip, #37	@ 0x25
87801bc6:	f1bc 0f53 	cmp.w	ip, #83	@ 0x53
87801bca:	f63f ad5d 	bhi.w	87801688 <vsnprintf+0x2b4>
87801bce:	f20f 0e0c 	addw	lr, pc, #12
87801bd2:	f85e c02c 	ldr.w	ip, [lr, ip, lsl #2]
87801bd6:	44e6      	add	lr, ip
87801bd8:	4770      	bx	lr
87801bda:	bf00      	nop
87801bdc:	fffffeb1 			@ <UNDEFINED> instruction: 0xfffffeb1
87801be0:	fffffaad 			@ <UNDEFINED> instruction: 0xfffffaad
87801be4:	fffffaad 			@ <UNDEFINED> instruction: 0xfffffaad
87801be8:	fffffaad 			@ <UNDEFINED> instruction: 0xfffffaad
87801bec:	fffffaad 			@ <UNDEFINED> instruction: 0xfffffaad
87801bf0:	fffffaad 			@ <UNDEFINED> instruction: 0xfffffaad
87801bf4:	fffffaad 			@ <UNDEFINED> instruction: 0xfffffaad
87801bf8:	fffffaad 			@ <UNDEFINED> instruction: 0xfffffaad
87801bfc:	fffffaad 			@ <UNDEFINED> instruction: 0xfffffaad
87801c00:	fffffaad 			@ <UNDEFINED> instruction: 0xfffffaad
87801c04:	fffffaad 			@ <UNDEFINED> instruction: 0xfffffaad
87801c08:	fffffaad 			@ <UNDEFINED> instruction: 0xfffffaad
87801c0c:	fffffaad 			@ <UNDEFINED> instruction: 0xfffffaad
87801c10:	fffffaad 			@ <UNDEFINED> instruction: 0xfffffaad
87801c14:	fffffaad 			@ <UNDEFINED> instruction: 0xfffffaad
87801c18:	fffffaad 			@ <UNDEFINED> instruction: 0xfffffaad
87801c1c:	fffffaad 			@ <UNDEFINED> instruction: 0xfffffaad
87801c20:	fffffaad 			@ <UNDEFINED> instruction: 0xfffffaad
87801c24:	fffffaad 			@ <UNDEFINED> instruction: 0xfffffaad
87801c28:	fffffaad 			@ <UNDEFINED> instruction: 0xfffffaad
87801c2c:	fffffaad 			@ <UNDEFINED> instruction: 0xfffffaad
87801c30:	fffffaad 			@ <UNDEFINED> instruction: 0xfffffaad
87801c34:	fffffaad 			@ <UNDEFINED> instruction: 0xfffffaad
87801c38:	fffffaad 			@ <UNDEFINED> instruction: 0xfffffaad
87801c3c:	fffffaad 			@ <UNDEFINED> instruction: 0xfffffaad
87801c40:	fffffaad 			@ <UNDEFINED> instruction: 0xfffffaad
87801c44:	fffffaad 			@ <UNDEFINED> instruction: 0xfffffaad
87801c48:	fffffaad 			@ <UNDEFINED> instruction: 0xfffffaad
87801c4c:	fffffaad 			@ <UNDEFINED> instruction: 0xfffffaad
87801c50:	fffffaad 			@ <UNDEFINED> instruction: 0xfffffaad
87801c54:	fffffaad 			@ <UNDEFINED> instruction: 0xfffffaad
87801c58:	fffffaad 			@ <UNDEFINED> instruction: 0xfffffaad
87801c5c:	fffffaad 			@ <UNDEFINED> instruction: 0xfffffaad
87801c60:	fffffaad 			@ <UNDEFINED> instruction: 0xfffffaad
87801c64:	fffffaad 			@ <UNDEFINED> instruction: 0xfffffaad
87801c68:	fffffaad 			@ <UNDEFINED> instruction: 0xfffffaad
87801c6c:	fffffaad 			@ <UNDEFINED> instruction: 0xfffffaad
87801c70:	fffffaad 			@ <UNDEFINED> instruction: 0xfffffaad
87801c74:	fffffaad 			@ <UNDEFINED> instruction: 0xfffffaad
87801c78:	fffffaad 			@ <UNDEFINED> instruction: 0xfffffaad
87801c7c:	fffffaad 			@ <UNDEFINED> instruction: 0xfffffaad
87801c80:	fffffaad 			@ <UNDEFINED> instruction: 0xfffffaad
87801c84:	fffffaad 			@ <UNDEFINED> instruction: 0xfffffaad
87801c88:	fffffaad 			@ <UNDEFINED> instruction: 0xfffffaad
87801c8c:	fffffaad 			@ <UNDEFINED> instruction: 0xfffffaad
87801c90:	fffffaad 			@ <UNDEFINED> instruction: 0xfffffaad
87801c94:	fffffaad 			@ <UNDEFINED> instruction: 0xfffffaad
87801c98:	fffffaad 			@ <UNDEFINED> instruction: 0xfffffaad
87801c9c:	fffffaad 			@ <UNDEFINED> instruction: 0xfffffaad
87801ca0:	fffffaad 			@ <UNDEFINED> instruction: 0xfffffaad
87801ca4:	fffffaad 			@ <UNDEFINED> instruction: 0xfffffaad
87801ca8:	000001a5 	andeq	r0, r0, r5, lsr #3
87801cac:	fffffaad 			@ <UNDEFINED> instruction: 0xfffffaad
87801cb0:	fffffaad 			@ <UNDEFINED> instruction: 0xfffffaad
87801cb4:	fffffaad 			@ <UNDEFINED> instruction: 0xfffffaad
87801cb8:	fffffaad 			@ <UNDEFINED> instruction: 0xfffffaad
87801cbc:	fffffaad 			@ <UNDEFINED> instruction: 0xfffffaad
87801cc0:	fffffaad 			@ <UNDEFINED> instruction: 0xfffffaad
87801cc4:	fffffaad 			@ <UNDEFINED> instruction: 0xfffffaad
87801cc8:	fffffaad 			@ <UNDEFINED> instruction: 0xfffffaad
87801ccc:	fffffaad 			@ <UNDEFINED> instruction: 0xfffffaad
87801cd0:	fffffaad 			@ <UNDEFINED> instruction: 0xfffffaad
87801cd4:	fffffe69 			@ <UNDEFINED> instruction: 0xfffffe69
87801cd8:	000001d3 	ldrdeq	r0, [r0], -r3
87801cdc:	fffffaad 			@ <UNDEFINED> instruction: 0xfffffaad
87801ce0:	fffffaad 			@ <UNDEFINED> instruction: 0xfffffaad
87801ce4:	fffffaad 			@ <UNDEFINED> instruction: 0xfffffaad
87801ce8:	fffffaad 			@ <UNDEFINED> instruction: 0xfffffaad
87801cec:	000001d3 	ldrdeq	r0, [r0], -r3
87801cf0:	fffffaad 			@ <UNDEFINED> instruction: 0xfffffaad
87801cf4:	fffffaad 			@ <UNDEFINED> instruction: 0xfffffaad
87801cf8:	fffffaad 			@ <UNDEFINED> instruction: 0xfffffaad
87801cfc:	fffffaad 			@ <UNDEFINED> instruction: 0xfffffaad
87801d00:	ffffffa1 			@ <UNDEFINED> instruction: 0xffffffa1
87801d04:	00000213 	andeq	r0, r0, r3, lsl r2
87801d08:	ffffff3f 			@ <UNDEFINED> instruction: 0xffffff3f
87801d0c:	fffffaad 			@ <UNDEFINED> instruction: 0xfffffaad
87801d10:	fffffaad 			@ <UNDEFINED> instruction: 0xfffffaad
87801d14:	fffffecd 			@ <UNDEFINED> instruction: 0xfffffecd
87801d18:	fffffaad 			@ <UNDEFINED> instruction: 0xfffffaad
87801d1c:	00000209 	andeq	r0, r0, r9, lsl #4
87801d20:	fffffaad 			@ <UNDEFINED> instruction: 0xfffffaad
87801d24:	fffffaad 			@ <UNDEFINED> instruction: 0xfffffaad
87801d28:	000001a9 	andeq	r0, r0, r9, lsr #3
87801d2c:	2000      	movs	r0, #0
87801d2e:	b009      	add	sp, #36	@ 0x24
87801d30:	e8bd 8ff0 	ldmia.w	sp!, {r4, r5, r6, r7, r8, r9, sl, fp, pc}
87801d34:	f857 0b04 	ldr.w	r0, [r7], #4
87801d38:	f04f 0c0a 	mov.w	ip, #10
87801d3c:	e711      	b.n	87801b62 <vsnprintf+0x78e>
87801d3e:	f04f 0c10 	mov.w	ip, #16
87801d42:	e70c      	b.n	87801b5e <vsnprintf+0x78a>
87801d44:	f857 3b04 	ldr.w	r3, [r7], #4
87801d48:	eba4 020b 	sub.w	r2, r4, fp
87801d4c:	f109 0e01 	add.w	lr, r9, #1
87801d50:	46ca      	mov	sl, r9
87801d52:	e719      	b.n	87801b88 <vsnprintf+0x7b4>
87801d54:	f04f 0c08 	mov.w	ip, #8
87801d58:	e701      	b.n	87801b5e <vsnprintf+0x78a>
87801d5a:	f042 0202 	orr.w	r2, r2, #2
87801d5e:	f04f 0c0a 	mov.w	ip, #10
87801d62:	f8d7 e004 	ldr.w	lr, [r7, #4]
87801d66:	46ca      	mov	sl, r9
87801d68:	f857 0b08 	ldr.w	r0, [r7], #8
87801d6c:	e657      	b.n	87801a1e <vsnprintf+0x64a>
87801d6e:	f042 0202 	orr.w	r2, r2, #2
87801d72:	f04f 0c0a 	mov.w	ip, #10
87801d76:	f857 0b04 	ldr.w	r0, [r7], #4
87801d7a:	f04f 0e00 	mov.w	lr, #0
87801d7e:	e64e      	b.n	87801a1e <vsnprintf+0x64a>
87801d80:	f042 0240 	orr.w	r2, r2, #64	@ 0x40
87801d84:	f04f 0c10 	mov.w	ip, #16
87801d88:	2868      	cmp	r0, #104	@ 0x68
87801d8a:	d1f4      	bne.n	87801d76 <vsnprintf+0x9a2>
87801d8c:	f857 0b04 	ldr.w	r0, [r7], #4
87801d90:	f04f 0e00 	mov.w	lr, #0
87801d94:	b280      	uxth	r0, r0
87801d96:	e642      	b.n	87801a1e <vsnprintf+0x64a>
87801d98:	f04f 0c0a 	mov.w	ip, #10
87801d9c:	e7e1      	b.n	87801d62 <vsnprintf+0x98e>
87801d9e:	f042 0240 	orr.w	r2, r2, #64	@ 0x40
87801da2:	f04f 0c10 	mov.w	ip, #16
87801da6:	e7dc      	b.n	87801d62 <vsnprintf+0x98e>
87801da8:	f04f 0c08 	mov.w	ip, #8
87801dac:	e7d9      	b.n	87801d62 <vsnprintf+0x98e>
87801dae:	f042 0202 	orr.w	r2, r2, #2
87801db2:	f04f 0c0a 	mov.w	ip, #10
87801db6:	2868      	cmp	r0, #104	@ 0x68
87801db8:	d1dd      	bne.n	87801d76 <vsnprintf+0x9a2>
87801dba:	f937 0b04 	ldrsh.w	r0, [r7], #4
87801dbe:	ea4f 7ee0 	mov.w	lr, r0, asr #31
87801dc2:	e62c      	b.n	87801a1e <vsnprintf+0x64a>
87801dc4:	f042 0240 	orr.w	r2, r2, #64	@ 0x40
87801dc8:	f04f 0c10 	mov.w	ip, #16
87801dcc:	e7d3      	b.n	87801d76 <vsnprintf+0x9a2>
87801dce:	f04f 0c08 	mov.w	ip, #8
87801dd2:	e7d0      	b.n	87801d76 <vsnprintf+0x9a2>
87801dd4:	f04f 0c0a 	mov.w	ip, #10
87801dd8:	e7cd      	b.n	87801d76 <vsnprintf+0x9a2>
87801dda:	f042 0240 	orr.w	r2, r2, #64	@ 0x40
87801dde:	f04f 0c10 	mov.w	ip, #16
87801de2:	e7c8      	b.n	87801d76 <vsnprintf+0x9a2>
87801de4:	f04f 0c0a 	mov.w	ip, #10
87801de8:	2868      	cmp	r0, #104	@ 0x68
87801dea:	d1c4      	bne.n	87801d76 <vsnprintf+0x9a2>
87801dec:	e7ce      	b.n	87801d8c <vsnprintf+0x9b8>
87801dee:	f04f 0c08 	mov.w	ip, #8
87801df2:	2868      	cmp	r0, #104	@ 0x68
87801df4:	d1bf      	bne.n	87801d76 <vsnprintf+0x9a2>
87801df6:	e7c9      	b.n	87801d8c <vsnprintf+0x9b8>
87801df8:	4283      	cmp	r3, r0
87801dfa:	bfd8      	it	le
87801dfc:	f103 33ff 	addle.w	r3, r3, #4294967295	@ 0xffffffff
87801e00:	f77f ae66 	ble.w	87801ad0 <vsnprintf+0x6fc>
87801e04:	1a19      	subs	r1, r3, r0
87801e06:	4622      	mov	r2, r4
87801e08:	4421      	add	r1, r4
87801e0a:	f04f 0c20 	mov.w	ip, #32
87801e0e:	4296      	cmp	r6, r2
87801e10:	f102 0201 	add.w	r2, r2, #1
87801e14:	bf28      	it	cs
87801e16:	f802 cc01 	strbcs.w	ip, [r2, #-1]
87801e1a:	428a      	cmp	r2, r1
87801e1c:	d1f7      	bne.n	87801e0e <vsnprintf+0xa3a>
87801e1e:	4423      	add	r3, r4
87801e20:	1a1c      	subs	r4, r3, r0
87801e22:	1e43      	subs	r3, r0, #1
87801e24:	e654      	b.n	87801ad0 <vsnprintf+0x6fc>
87801e26:	4604      	mov	r4, r0
87801e28:	4618      	mov	r0, r3
87801e2a:	f7ff bafa 	b.w	87801422 <vsnprintf+0x4e>
87801e2e:	2b01      	cmp	r3, #1
87801e30:	dd14      	ble.n	87801e5c <vsnprintf+0xa88>
87801e32:	1e58      	subs	r0, r3, #1
87801e34:	4622      	mov	r2, r4
87801e36:	4420      	add	r0, r4
87801e38:	f04f 0c20 	mov.w	ip, #32
87801e3c:	4296      	cmp	r6, r2
87801e3e:	f102 0201 	add.w	r2, r2, #1
87801e42:	bf28      	it	cs
87801e44:	f802 cc01 	strbcs.w	ip, [r2, #-1]
87801e48:	4282      	cmp	r2, r0
87801e4a:	d1f7      	bne.n	87801e3c <vsnprintf+0xa68>
87801e4c:	1e62      	subs	r2, r4, #1
87801e4e:	18d4      	adds	r4, r2, r3
87801e50:	42a6      	cmp	r6, r4
87801e52:	d301      	bcc.n	87801e58 <vsnprintf+0xa84>
87801e54:	6838      	ldr	r0, [r7, #0]
87801e56:	54d0      	strb	r0, [r2, r3]
87801e58:	3401      	adds	r4, #1
87801e5a:	e610      	b.n	87801a7e <vsnprintf+0x6aa>
87801e5c:	42a6      	cmp	r6, r4
87801e5e:	bf39      	ittee	cc
87801e60:	4604      	movcc	r4, r0
87801e62:	460f      	movcc	r7, r1
87801e64:	683b      	ldrcs	r3, [r7, #0]
87801e66:	460f      	movcs	r7, r1
87801e68:	bf25      	ittet	cs
87801e6a:	7023      	strbcs	r3, [r4, #0]
87801e6c:	4604      	movcs	r4, r0
87801e6e:	f899 3001 	ldrbcc.w	r3, [r9, #1]
87801e72:	f899 3001 	ldrbcs.w	r3, [r9, #1]
87801e76:	2b00      	cmp	r3, #0
87801e78:	f47f aac4 	bne.w	87801404 <vsnprintf+0x30>
87801e7c:	f7ff bace 	b.w	8780141c <vsnprintf+0x48>
87801e80:	ffffec1c 			@ <UNDEFINED> instruction: 0xffffec1c
87801e84:	0000017c 	andeq	r0, r0, ip, ror r1
87801e88:	000031cc 	andeq	r3, r0, ip, asr #3

87801e8c <vscnprintf>:
87801e8c:	b500      	push	{lr}
87801e8e:	b083      	sub	sp, #12
87801e90:	9101      	str	r1, [sp, #4]
87801e92:	f7ff fa9f 	bl	878013d4 <vsnprintf>
87801e96:	9901      	ldr	r1, [sp, #4]
87801e98:	4288      	cmp	r0, r1
87801e9a:	bf28      	it	cs
87801e9c:	f101 30ff 	addcs.w	r0, r1, #4294967295	@ 0xffffffff
87801ea0:	b003      	add	sp, #12
87801ea2:	bd00      	pop	{pc}

87801ea4 <snprintf>:
87801ea4:	b40c      	push	{r2, r3}
87801ea6:	b508      	push	{r3, lr}
87801ea8:	ab02      	add	r3, sp, #8
87801eaa:	f853 2b04 	ldr.w	r2, [r3], #4
87801eae:	f7ff fa91 	bl	878013d4 <vsnprintf>
87801eb2:	e8bd 4008 	ldmia.w	sp!, {r3, lr}
87801eb6:	b002      	add	sp, #8
87801eb8:	4770      	bx	lr
87801eba:	bf00      	nop

87801ebc <scnprintf>:
87801ebc:	b40c      	push	{r2, r3}
87801ebe:	b500      	push	{lr}
87801ec0:	b083      	sub	sp, #12
87801ec2:	ab04      	add	r3, sp, #16
87801ec4:	9101      	str	r1, [sp, #4]
87801ec6:	f853 2b04 	ldr.w	r2, [r3], #4
87801eca:	f7ff fa83 	bl	878013d4 <vsnprintf>
87801ece:	9901      	ldr	r1, [sp, #4]
87801ed0:	4288      	cmp	r0, r1
87801ed2:	bf28      	it	cs
87801ed4:	f101 30ff 	addcs.w	r0, r1, #4294967295	@ 0xffffffff
87801ed8:	b003      	add	sp, #12
87801eda:	f85d eb04 	ldr.w	lr, [sp], #4
87801ede:	b002      	add	sp, #8
87801ee0:	4770      	bx	lr
87801ee2:	bf00      	nop

87801ee4 <vsprintf>:
87801ee4:	4613      	mov	r3, r2
87801ee6:	460a      	mov	r2, r1
87801ee8:	f06f 4100 	mvn.w	r1, #2147483648	@ 0x80000000
87801eec:	f7ff ba72 	b.w	878013d4 <vsnprintf>

87801ef0 <sprintf>:
87801ef0:	b40e      	push	{r1, r2, r3}
87801ef2:	f06f 4100 	mvn.w	r1, #2147483648	@ 0x80000000
87801ef6:	b500      	push	{lr}
87801ef8:	ab01      	add	r3, sp, #4
87801efa:	f853 2b04 	ldr.w	r2, [r3], #4
87801efe:	f7ff fa69 	bl	878013d4 <vsnprintf>
87801f02:	f85d eb04 	ldr.w	lr, [sp], #4
87801f06:	b003      	add	sp, #12
87801f08:	4770      	bx	lr
87801f0a:	bf00      	nop

87801f0c <vsscanf>:
87801f0c:	e92d 47f0 	stmdb	sp!, {r4, r5, r6, r7, r8, r9, sl, lr}
87801f10:	460b      	mov	r3, r1
87801f12:	f8df 6598 	ldr.w	r6, [pc, #1432]	@ 878024ac <vsscanf+0x5a0>
87801f16:	7809      	ldrb	r1, [r1, #0]
87801f18:	b084      	sub	sp, #16
87801f1a:	447e      	add	r6, pc
87801f1c:	460f      	mov	r7, r1
87801f1e:	b1e1      	cbz	r1, 87801f5a <vsscanf+0x4e>
87801f20:	4614      	mov	r4, r2
87801f22:	4605      	mov	r5, r0
87801f24:	2700      	movs	r7, #0
87801f26:	f890 c000 	ldrb.w	ip, [r0]
87801f2a:	f1bc 0f00 	cmp.w	ip, #0
87801f2e:	d014      	beq.n	87801f5a <vsscanf+0x4e>
87801f30:	f8df 257c 	ldr.w	r2, [pc, #1404]	@ 878024b0 <vsscanf+0x5a4>
87801f34:	58b2      	ldr	r2, [r6, r2]
87801f36:	5c51      	ldrb	r1, [r2, r1]
87801f38:	0689      	lsls	r1, r1, #26
87801f3a:	f100 80ae 	bmi.w	8780209a <vsscanf+0x18e>
87801f3e:	7819      	ldrb	r1, [r3, #0]
87801f40:	2925      	cmp	r1, #37	@ 0x25
87801f42:	bf18      	it	ne
87801f44:	2900      	cmpne	r1, #0
87801f46:	bf14      	ite	ne
87801f48:	f04f 0e01 	movne.w	lr, #1
87801f4c:	f04f 0e00 	moveq.w	lr, #0
87801f50:	d007      	beq.n	87801f62 <vsscanf+0x56>
87801f52:	7802      	ldrb	r2, [r0, #0]
87801f54:	428a      	cmp	r2, r1
87801f56:	f000 81e8 	beq.w	8780232a <vsscanf+0x41e>
87801f5a:	4638      	mov	r0, r7
87801f5c:	b004      	add	sp, #16
87801f5e:	e8bd 87f0 	ldmia.w	sp!, {r4, r5, r6, r7, r8, r9, sl, pc}
87801f62:	2900      	cmp	r1, #0
87801f64:	d0f9      	beq.n	87801f5a <vsscanf+0x4e>
87801f66:	7859      	ldrb	r1, [r3, #1]
87801f68:	3301      	adds	r3, #1
87801f6a:	4688      	mov	r8, r1
87801f6c:	292a      	cmp	r1, #42	@ 0x2a
87801f6e:	f812 c001 	ldrb.w	ip, [r2, r1]
87801f72:	f000 8201 	beq.w	87802378 <vsscanf+0x46c>
87801f76:	f01c 0f04 	tst.w	ip, #4
87801f7a:	bf08      	it	eq
87801f7c:	f04f 39ff 	moveq.w	r9, #4294967295	@ 0xffffffff
87801f80:	f040 809f 	bne.w	878020c2 <vsscanf+0x1b6>
87801f84:	297a      	cmp	r1, #122	@ 0x7a
87801f86:	d8e8      	bhi.n	87801f5a <vsscanf+0x4e>
87801f88:	2967      	cmp	r1, #103	@ 0x67
87801f8a:	d867      	bhi.n	8780205c <vsscanf+0x150>
87801f8c:	294c      	cmp	r1, #76	@ 0x4c
87801f8e:	f000 81e6 	beq.w	8780235e <vsscanf+0x452>
87801f92:	295a      	cmp	r1, #90	@ 0x5a
87801f94:	bf18      	it	ne
87801f96:	f04f 31ff 	movne.w	r1, #4294967295	@ 0xffffffff
87801f9a:	f000 80a2 	beq.w	878020e2 <vsscanf+0x1d6>
87801f9e:	f1b8 0f00 	cmp.w	r8, #0
87801fa2:	d0da      	beq.n	87801f5a <vsscanf+0x4e>
87801fa4:	f890 a000 	ldrb.w	sl, [r0]
87801fa8:	f1ba 0f00 	cmp.w	sl, #0
87801fac:	d0d5      	beq.n	87801f5a <vsscanf+0x4e>
87801fae:	3301      	adds	r3, #1
87801fb0:	f1b8 0f25 	cmp.w	r8, #37	@ 0x25
87801fb4:	f000 81da 	beq.w	8780236c <vsscanf+0x460>
87801fb8:	f1a8 0858 	sub.w	r8, r8, #88	@ 0x58
87801fbc:	fa5f fc88 	uxtb.w	ip, r8
87801fc0:	f1bc 0f20 	cmp.w	ip, #32
87801fc4:	d8c9      	bhi.n	87801f5a <vsscanf+0x4e>
87801fc6:	f1b8 0f20 	cmp.w	r8, #32
87801fca:	d8c6      	bhi.n	87801f5a <vsscanf+0x4e>
87801fcc:	f20f 0c08 	addw	ip, pc, #8
87801fd0:	f85c 8028 	ldr.w	r8, [ip, r8, lsl #2]
87801fd4:	44c4      	add	ip, r8
87801fd6:	4760      	bx	ip
87801fd8:	0000011d 	andeq	r0, r0, sp, lsl r1
87801fdc:	ffffff83 			@ <UNDEFINED> instruction: 0xffffff83
87801fe0:	ffffff83 			@ <UNDEFINED> instruction: 0xffffff83
87801fe4:	ffffff83 			@ <UNDEFINED> instruction: 0xffffff83
87801fe8:	ffffff83 			@ <UNDEFINED> instruction: 0xffffff83
87801fec:	ffffff83 			@ <UNDEFINED> instruction: 0xffffff83
87801ff0:	ffffff83 			@ <UNDEFINED> instruction: 0xffffff83
87801ff4:	ffffff83 			@ <UNDEFINED> instruction: 0xffffff83
87801ff8:	ffffff83 			@ <UNDEFINED> instruction: 0xffffff83
87801ffc:	ffffff83 			@ <UNDEFINED> instruction: 0xffffff83
87802000:	ffffff83 			@ <UNDEFINED> instruction: 0xffffff83
87802004:	000001e5 	andeq	r0, r0, r5, ror #3
87802008:	000002af 	andeq	r0, r0, pc, lsr #5
8780200c:	ffffff83 			@ <UNDEFINED> instruction: 0xffffff83
87802010:	ffffff83 			@ <UNDEFINED> instruction: 0xffffff83
87802014:	ffffff83 			@ <UNDEFINED> instruction: 0xffffff83
87802018:	ffffff83 			@ <UNDEFINED> instruction: 0xffffff83
8780201c:	00000419 	andeq	r0, r0, r9, lsl r4
87802020:	ffffff83 			@ <UNDEFINED> instruction: 0xffffff83
87802024:	ffffff83 			@ <UNDEFINED> instruction: 0xffffff83
87802028:	ffffff83 			@ <UNDEFINED> instruction: 0xffffff83
8780202c:	ffffff83 			@ <UNDEFINED> instruction: 0xffffff83
87802030:	000002a5 	andeq	r0, r0, r5, lsr #5
87802034:	0000028d 	andeq	r0, r0, sp, lsl #5
87802038:	ffffff83 			@ <UNDEFINED> instruction: 0xffffff83
8780203c:	ffffff83 			@ <UNDEFINED> instruction: 0xffffff83
87802040:	ffffff83 			@ <UNDEFINED> instruction: 0xffffff83
87802044:	0000023d 	andeq	r0, r0, sp, lsr r2
87802048:	ffffff83 			@ <UNDEFINED> instruction: 0xffffff83
8780204c:	0000021d 	andeq	r0, r0, sp, lsl r2
87802050:	ffffff83 			@ <UNDEFINED> instruction: 0xffffff83
87802054:	ffffff83 			@ <UNDEFINED> instruction: 0xffffff83
87802058:	0000011d 	andeq	r0, r0, sp, lsl r1
8780205c:	f1a1 0a68 	sub.w	sl, r1, #104	@ 0x68
87802060:	f04f 0c11 	mov.w	ip, #17
87802064:	f2c0 0c04 	movt	ip, #4
87802068:	fa5f fa8a 	uxtb.w	sl, sl
8780206c:	fa2c fc0a 	lsr.w	ip, ip, sl
87802070:	f01c 0f01 	tst.w	ip, #1
87802074:	d109      	bne.n	8780208a <vsscanf+0x17e>
87802076:	f890 a000 	ldrb.w	sl, [r0]
8780207a:	f1ba 0f00 	cmp.w	sl, #0
8780207e:	f43f af6c 	beq.w	87801f5a <vsscanf+0x4e>
87802082:	3301      	adds	r3, #1
87802084:	f04f 31ff 	mov.w	r1, #4294967295	@ 0xffffffff
87802088:	e796      	b.n	87801fb8 <vsscanf+0xac>
8780208a:	f893 c001 	ldrb.w	ip, [r3, #1]
8780208e:	458c      	cmp	ip, r1
87802090:	f000 81ce 	beq.w	87802430 <vsscanf+0x524>
87802094:	3301      	adds	r3, #1
87802096:	46e0      	mov	r8, ip
87802098:	e781      	b.n	87801f9e <vsscanf+0x92>
8780209a:	7819      	ldrb	r1, [r3, #0]
8780209c:	5c51      	ldrb	r1, [r2, r1]
8780209e:	0689      	lsls	r1, r1, #26
878020a0:	d504      	bpl.n	878020ac <vsscanf+0x1a0>
878020a2:	f813 1f01 	ldrb.w	r1, [r3, #1]!
878020a6:	5c51      	ldrb	r1, [r2, r1]
878020a8:	0689      	lsls	r1, r1, #26
878020aa:	d4fa      	bmi.n	878020a2 <vsscanf+0x196>
878020ac:	f812 100c 	ldrb.w	r1, [r2, ip]
878020b0:	0689      	lsls	r1, r1, #26
878020b2:	f57f af44 	bpl.w	87801f3e <vsscanf+0x32>
878020b6:	f810 1f01 	ldrb.w	r1, [r0, #1]!
878020ba:	5c51      	ldrb	r1, [r2, r1]
878020bc:	0689      	lsls	r1, r1, #26
878020be:	d4fa      	bmi.n	878020b6 <vsscanf+0x1aa>
878020c0:	e73d      	b.n	87801f3e <vsscanf+0x32>
878020c2:	46f1      	mov	r9, lr
878020c4:	f04f 0a0a 	mov.w	sl, #10
878020c8:	fb0a 1109 	mla	r1, sl, r9, r1
878020cc:	f1a1 0930 	sub.w	r9, r1, #48	@ 0x30
878020d0:	f813 1f01 	ldrb.w	r1, [r3, #1]!
878020d4:	4688      	mov	r8, r1
878020d6:	f812 c001 	ldrb.w	ip, [r2, r1]
878020da:	f01c 0f04 	tst.w	ip, #4
878020de:	d1f3      	bne.n	878020c8 <vsscanf+0x1bc>
878020e0:	e750      	b.n	87801f84 <vsscanf+0x78>
878020e2:	f893 8001 	ldrb.w	r8, [r3, #1]
878020e6:	3301      	adds	r3, #1
878020e8:	f1b8 0f5a 	cmp.w	r8, #90	@ 0x5a
878020ec:	f47f af57 	bne.w	87801f9e <vsscanf+0x92>
878020f0:	4641      	mov	r1, r8
878020f2:	e757      	b.n	87801fa4 <vsscanf+0x98>
878020f4:	f812 c00a 	ldrb.w	ip, [r2, sl]
878020f8:	f01c 0920 	ands.w	r9, ip, #32
878020fc:	bf1c      	itt	ne
878020fe:	f04f 0900 	movne.w	r9, #0
87802102:	f04f 0810 	movne.w	r8, #16
87802106:	f000 8115 	beq.w	87802334 <vsscanf+0x428>
8780210a:	f810 af01 	ldrb.w	sl, [r0, #1]!
8780210e:	f812 c00a 	ldrb.w	ip, [r2, sl]
87802112:	f01c 0f20 	tst.w	ip, #32
87802116:	d1f8      	bne.n	8780210a <vsscanf+0x1fe>
87802118:	f1ba 0f2d 	cmp.w	sl, #45	@ 0x2d
8780211c:	bf14      	ite	ne
8780211e:	f04f 0e00 	movne.w	lr, #0
87802122:	f00e 0e01 	andeq.w	lr, lr, #1
87802126:	f1be 0f00 	cmp.w	lr, #0
8780212a:	f000 8101 	beq.w	87802330 <vsscanf+0x424>
8780212e:	f890 e001 	ldrb.w	lr, [r0, #1]
87802132:	f1be 0f00 	cmp.w	lr, #0
87802136:	f43f af10 	beq.w	87801f5a <vsscanf+0x4e>
8780213a:	f812 c00e 	ldrb.w	ip, [r2, lr]
8780213e:	f1b8 0f10 	cmp.w	r8, #16
87802142:	f000 80f7 	beq.w	87802334 <vsscanf+0x428>
87802146:	f1b8 0f0a 	cmp.w	r8, #10
8780214a:	d05d      	beq.n	87802208 <vsscanf+0x2fc>
8780214c:	f1b8 0f08 	cmp.w	r8, #8
87802150:	f000 80f6 	beq.w	87802340 <vsscanf+0x434>
87802154:	f01c 0f04 	tst.w	ip, #4
87802158:	f43f aeff 	beq.w	87801f5a <vsscanf+0x4e>
8780215c:	2200      	movs	r2, #0
8780215e:	f8d4 8000 	ldr.w	r8, [r4]
87802162:	296c      	cmp	r1, #108	@ 0x6c
87802164:	f300 80a5 	bgt.w	878022b2 <vsscanf+0x3a6>
87802168:	2947      	cmp	r1, #71	@ 0x47
8780216a:	dd17      	ble.n	8780219c <vsscanf+0x290>
8780216c:	3948      	subs	r1, #72	@ 0x48
8780216e:	2924      	cmp	r1, #36	@ 0x24
87802170:	d814      	bhi.n	8780219c <vsscanf+0x290>
87802172:	e8df f001 	tbb	[pc, r1]
87802176:	131313cb 	tstne	r3, #738197507	@ 0x2c000003
8780217a:	131313bc 	tstne	r3, #188, 6	@ 0xf0000002
8780217e:	13131313 	tstne	r3, #1275068416	@ 0x4c000000
87802182:	13131313 	tstne	r3, #1275068416	@ 0x4c000000
87802186:	139e1313 	orrsne	r1, lr, #1275068416	@ 0x4c000000
8780218a:	13131313 	tstne	r3, #1275068416	@ 0x4c000000
8780218e:	13131313 	tstne	r3, #1275068416	@ 0x4c000000
87802192:	13131313 	tstne	r3, #1275068416	@ 0x4c000000
87802196:	131313ac 	tstne	r3, #172, 6	@ 0xb0000002
8780219a:	f1b90013 			@ <UNDEFINED> instruction: 0xf1b90013
8780219e:	0f00      	lsrs	r0, r0, #28
878021a0:	f000 8087 	beq.w	878022b2 <vsscanf+0x3a6>
878021a4:	f1ba 0f2d 	cmp.w	sl, #45	@ 0x2d
878021a8:	9301      	str	r3, [sp, #4]
878021aa:	f000 814a 	beq.w	87802442 <vsscanf+0x536>
878021ae:	a903      	add	r1, sp, #12
878021b0:	f7fe ffea 	bl	87801188 <simple_strtoul>
878021b4:	9b01      	ldr	r3, [sp, #4]
878021b6:	f8c8 0000 	str.w	r0, [r8]
878021ba:	e081      	b.n	878022c0 <vsscanf+0x3b4>
878021bc:	f854 1b04 	ldr.w	r1, [r4], #4
878021c0:	f1b9 3fff 	cmp.w	r9, #4294967295	@ 0xffffffff
878021c4:	bf08      	it	eq
878021c6:	f04f 0901 	moveq.w	r9, #1
878021ca:	4602      	mov	r2, r0
878021cc:	f101 3cff 	add.w	ip, r1, #4294967295	@ 0xffffffff
878021d0:	e001      	b.n	878021d6 <vsscanf+0x2ca>
878021d2:	7811      	ldrb	r1, [r2, #0]
878021d4:	b139      	cbz	r1, 878021e6 <vsscanf+0x2da>
878021d6:	f812 1b01 	ldrb.w	r1, [r2], #1
878021da:	f80c 1f01 	strb.w	r1, [ip, #1]!
878021de:	1a81      	subs	r1, r0, r2
878021e0:	4449      	add	r1, r9
878021e2:	2900      	cmp	r1, #0
878021e4:	dcf5      	bgt.n	878021d2 <vsscanf+0x2c6>
878021e6:	3701      	adds	r7, #1
878021e8:	4610      	mov	r0, r2
878021ea:	7819      	ldrb	r1, [r3, #0]
878021ec:	2900      	cmp	r1, #0
878021ee:	f47f ae9a 	bne.w	87801f26 <vsscanf+0x1a>
878021f2:	e6b2      	b.n	87801f5a <vsscanf+0x4e>
878021f4:	f812 c00a 	ldrb.w	ip, [r2, sl]
878021f8:	f01c 0920 	ands.w	r9, ip, #32
878021fc:	bf1c      	itt	ne
878021fe:	f04f 0900 	movne.w	r9, #0
87802202:	f04f 080a 	movne.w	r8, #10
87802206:	d180      	bne.n	8780210a <vsscanf+0x1fe>
87802208:	f01c 0f04 	tst.w	ip, #4
8780220c:	f43f aea5 	beq.w	87801f5a <vsscanf+0x4e>
87802210:	220a      	movs	r2, #10
87802212:	e7a4      	b.n	8780215e <vsscanf+0x252>
87802214:	f812 100a 	ldrb.w	r1, [r2, sl]
87802218:	f1b9 3fff 	cmp.w	r9, #4294967295	@ 0xffffffff
8780221c:	bf08      	it	eq
8780221e:	f06f 4900 	mvneq.w	r9, #2147483648	@ 0x80000000
87802222:	f854 cb04 	ldr.w	ip, [r4], #4
87802226:	0689      	lsls	r1, r1, #26
87802228:	d508      	bpl.n	8780223c <vsscanf+0x330>
8780222a:	f810 af01 	ldrb.w	sl, [r0, #1]!
8780222e:	f812 100a 	ldrb.w	r1, [r2, sl]
87802232:	0689      	lsls	r1, r1, #26
87802234:	d4f9      	bmi.n	8780222a <vsscanf+0x31e>
87802236:	f1ba 0f00 	cmp.w	sl, #0
8780223a:	d00e      	beq.n	8780225a <vsscanf+0x34e>
8780223c:	4481      	add	r9, r0
8780223e:	e008      	b.n	87802252 <vsscanf+0x346>
87802240:	4581      	cmp	r9, r0
87802242:	d00a      	beq.n	8780225a <vsscanf+0x34e>
87802244:	f80c ab01 	strb.w	sl, [ip], #1
87802248:	f810 af01 	ldrb.w	sl, [r0, #1]!
8780224c:	f1ba 0f00 	cmp.w	sl, #0
87802250:	d003      	beq.n	8780225a <vsscanf+0x34e>
87802252:	f812 100a 	ldrb.w	r1, [r2, sl]
87802256:	0689      	lsls	r1, r1, #26
87802258:	d5f2      	bpl.n	87802240 <vsscanf+0x334>
8780225a:	2200      	movs	r2, #0
8780225c:	3701      	adds	r7, #1
8780225e:	f88c 2000 	strb.w	r2, [ip]
87802262:	e7c2      	b.n	878021ea <vsscanf+0x2de>
87802264:	f812 c00a 	ldrb.w	ip, [r2, sl]
87802268:	f01c 0920 	ands.w	r9, ip, #32
8780226c:	bf08      	it	eq
8780226e:	46d6      	moveq	lr, sl
87802270:	d066      	beq.n	87802340 <vsscanf+0x434>
87802272:	f04f 0900 	mov.w	r9, #0
87802276:	f04f 0808 	mov.w	r8, #8
8780227a:	e746      	b.n	8780210a <vsscanf+0x1fe>
8780227c:	f854 1b04 	ldr.w	r1, [r4], #4
87802280:	1b42      	subs	r2, r0, r5
87802282:	600a      	str	r2, [r1, #0]
87802284:	e7b1      	b.n	878021ea <vsscanf+0x2de>
87802286:	f812 c00a 	ldrb.w	ip, [r2, sl]
8780228a:	f01c 0f20 	tst.w	ip, #32
8780228e:	bf1e      	ittt	ne
87802290:	f04f 0e01 	movne.w	lr, #1
87802294:	f04f 080a 	movne.w	r8, #10
87802298:	46f1      	movne	r9, lr
8780229a:	f47f af36 	bne.w	8780210a <vsscanf+0x1fe>
8780229e:	f1ba 0f2d 	cmp.w	sl, #45	@ 0x2d
878022a2:	bf08      	it	eq
878022a4:	f04f 0e0a 	moveq.w	lr, #10
878022a8:	f000 80b1 	beq.w	8780240e <vsscanf+0x502>
878022ac:	f04f 0901 	mov.w	r9, #1
878022b0:	e7aa      	b.n	87802208 <vsscanf+0x2fc>
878022b2:	a903      	add	r1, sp, #12
878022b4:	9301      	str	r3, [sp, #4]
878022b6:	f7fe ff67 	bl	87801188 <simple_strtoul>
878022ba:	f8c8 0000 	str.w	r0, [r8]
878022be:	9b01      	ldr	r3, [sp, #4]
878022c0:	9803      	ldr	r0, [sp, #12]
878022c2:	3701      	adds	r7, #1
878022c4:	2800      	cmp	r0, #0
878022c6:	f43f ae48 	beq.w	87801f5a <vsscanf+0x4e>
878022ca:	3404      	adds	r4, #4
878022cc:	e78d      	b.n	878021ea <vsscanf+0x2de>
878022ce:	9301      	str	r3, [sp, #4]
878022d0:	f1b9 0f00 	cmp.w	r9, #0
878022d4:	f000 8085 	beq.w	878023e2 <vsscanf+0x4d6>
878022d8:	f1ba 0f2d 	cmp.w	sl, #45	@ 0x2d
878022dc:	f000 80c6 	beq.w	8780246c <vsscanf+0x560>
878022e0:	a903      	add	r1, sp, #12
878022e2:	f7fe ff51 	bl	87801188 <simple_strtoul>
878022e6:	9b01      	ldr	r3, [sp, #4]
878022e8:	f8a8 0000 	strh.w	r0, [r8]
878022ec:	e7e8      	b.n	878022c0 <vsscanf+0x3b4>
878022ee:	9301      	str	r3, [sp, #4]
878022f0:	f1b9 0f00 	cmp.w	r9, #0
878022f4:	d06e      	beq.n	878023d4 <vsscanf+0x4c8>
878022f6:	f1ba 0f2d 	cmp.w	sl, #45	@ 0x2d
878022fa:	f000 80c5 	beq.w	87802488 <vsscanf+0x57c>
878022fe:	a903      	add	r1, sp, #12
87802300:	f7fe ffcc 	bl	8780129c <simple_strtoull>
87802304:	9b01      	ldr	r3, [sp, #4]
87802306:	e9c8 0100 	strd	r0, r1, [r8]
8780230a:	e7d9      	b.n	878022c0 <vsscanf+0x3b4>
8780230c:	9301      	str	r3, [sp, #4]
8780230e:	f1b9 0f00 	cmp.w	r9, #0
87802312:	d058      	beq.n	878023c6 <vsscanf+0x4ba>
87802314:	f1ba 0f2d 	cmp.w	sl, #45	@ 0x2d
87802318:	f000 80af 	beq.w	8780247a <vsscanf+0x56e>
8780231c:	a903      	add	r1, sp, #12
8780231e:	f7fe ff33 	bl	87801188 <simple_strtoul>
87802322:	9b01      	ldr	r3, [sp, #4]
87802324:	f888 0000 	strb.w	r0, [r8]
87802328:	e7ca      	b.n	878022c0 <vsscanf+0x3b4>
8780232a:	3301      	adds	r3, #1
8780232c:	3001      	adds	r0, #1
8780232e:	e75c      	b.n	878021ea <vsscanf+0x2de>
87802330:	46d6      	mov	lr, sl
87802332:	e6fe      	b.n	87802132 <vsscanf+0x226>
87802334:	f01c 0f44 	tst.w	ip, #68	@ 0x44
87802338:	f43f ae0f 	beq.w	87801f5a <vsscanf+0x4e>
8780233c:	2210      	movs	r2, #16
8780233e:	e70e      	b.n	8780215e <vsscanf+0x252>
87802340:	f3cc 0c80 	ubfx	ip, ip, #2, #1
87802344:	f08c 0c01 	eor.w	ip, ip, #1
87802348:	f1be 0f37 	cmp.w	lr, #55	@ 0x37
8780234c:	bf88      	it	hi
8780234e:	f04c 0c01 	orrhi.w	ip, ip, #1
87802352:	f01c 0f01 	tst.w	ip, #1
87802356:	f47f ae00 	bne.w	87801f5a <vsscanf+0x4e>
8780235a:	2208      	movs	r2, #8
8780235c:	e6ff      	b.n	8780215e <vsscanf+0x252>
8780235e:	f893 8001 	ldrb.w	r8, [r3, #1]
87802362:	f1b8 0f4c 	cmp.w	r8, #76	@ 0x4c
87802366:	d078      	beq.n	8780245a <vsscanf+0x54e>
87802368:	3301      	adds	r3, #1
8780236a:	e618      	b.n	87801f9e <vsscanf+0x92>
8780236c:	f1ba 0f25 	cmp.w	sl, #37	@ 0x25
87802370:	f47f adf3 	bne.w	87801f5a <vsscanf+0x4e>
87802374:	3001      	adds	r0, #1
87802376:	e738      	b.n	878021ea <vsscanf+0x2de>
87802378:	f01c 0f20 	tst.w	ip, #32
8780237c:	d10f      	bne.n	8780239e <vsscanf+0x492>
8780237e:	f813 cf01 	ldrb.w	ip, [r3, #1]!
87802382:	f812 100c 	ldrb.w	r1, [r2, ip]
87802386:	f3c1 1140 	ubfx	r1, r1, #5, #1
8780238a:	f081 0101 	eor.w	r1, r1, #1
8780238e:	f1bc 0f00 	cmp.w	ip, #0
87802392:	bf0c      	ite	eq
87802394:	2100      	moveq	r1, #0
87802396:	f001 0101 	andne.w	r1, r1, #1
8780239a:	2900      	cmp	r1, #0
8780239c:	d1ef      	bne.n	8780237e <vsscanf+0x472>
8780239e:	f890 c000 	ldrb.w	ip, [r0]
878023a2:	e001      	b.n	878023a8 <vsscanf+0x49c>
878023a4:	f810 cf01 	ldrb.w	ip, [r0, #1]!
878023a8:	f812 100c 	ldrb.w	r1, [r2, ip]
878023ac:	f3c1 1140 	ubfx	r1, r1, #5, #1
878023b0:	f081 0101 	eor.w	r1, r1, #1
878023b4:	f1bc 0f00 	cmp.w	ip, #0
878023b8:	bf0c      	ite	eq
878023ba:	2100      	moveq	r1, #0
878023bc:	f001 0101 	andne.w	r1, r1, #1
878023c0:	2900      	cmp	r1, #0
878023c2:	d1ef      	bne.n	878023a4 <vsscanf+0x498>
878023c4:	e711      	b.n	878021ea <vsscanf+0x2de>
878023c6:	a903      	add	r1, sp, #12
878023c8:	f7fe fede 	bl	87801188 <simple_strtoul>
878023cc:	9b01      	ldr	r3, [sp, #4]
878023ce:	f888 0000 	strb.w	r0, [r8]
878023d2:	e775      	b.n	878022c0 <vsscanf+0x3b4>
878023d4:	a903      	add	r1, sp, #12
878023d6:	f7fe ff61 	bl	8780129c <simple_strtoull>
878023da:	9b01      	ldr	r3, [sp, #4]
878023dc:	e9c8 0100 	strd	r0, r1, [r8]
878023e0:	e76e      	b.n	878022c0 <vsscanf+0x3b4>
878023e2:	a903      	add	r1, sp, #12
878023e4:	f7fe fed0 	bl	87801188 <simple_strtoul>
878023e8:	9b01      	ldr	r3, [sp, #4]
878023ea:	f8a8 0000 	strh.w	r0, [r8]
878023ee:	e767      	b.n	878022c0 <vsscanf+0x3b4>
878023f0:	f812 c00a 	ldrb.w	ip, [r2, sl]
878023f4:	f01c 0e20 	ands.w	lr, ip, #32
878023f8:	bf1e      	ittt	ne
878023fa:	f04f 0e01 	movne.w	lr, #1
878023fe:	f04f 0800 	movne.w	r8, #0
87802402:	46f1      	movne	r9, lr
87802404:	f47f ae81 	bne.w	8780210a <vsscanf+0x1fe>
87802408:	f1ba 0f2d 	cmp.w	sl, #45	@ 0x2d
8780240c:	d10d      	bne.n	8780242a <vsscanf+0x51e>
8780240e:	f890 c001 	ldrb.w	ip, [r0, #1]
87802412:	f1bc 0f00 	cmp.w	ip, #0
87802416:	f43f ada0 	beq.w	87801f5a <vsscanf+0x4e>
8780241a:	f812 c00c 	ldrb.w	ip, [r2, ip]
8780241e:	f04f 0a2d 	mov.w	sl, #45	@ 0x2d
87802422:	f1be 0f0a 	cmp.w	lr, #10
87802426:	f43f af41 	beq.w	878022ac <vsscanf+0x3a0>
8780242a:	f04f 0901 	mov.w	r9, #1
8780242e:	e691      	b.n	87802154 <vsscanf+0x248>
87802430:	2968      	cmp	r1, #104	@ 0x68
87802432:	d00d      	beq.n	87802450 <vsscanf+0x544>
87802434:	296c      	cmp	r1, #108	@ 0x6c
87802436:	d130      	bne.n	8780249a <vsscanf+0x58e>
87802438:	f893 8002 	ldrb.w	r8, [r3, #2]
8780243c:	214c      	movs	r1, #76	@ 0x4c
8780243e:	3302      	adds	r3, #2
87802440:	e5ad      	b.n	87801f9e <vsscanf+0x92>
87802442:	3001      	adds	r0, #1
87802444:	a903      	add	r1, sp, #12
87802446:	f7fe fe9f 	bl	87801188 <simple_strtoul>
8780244a:	9b01      	ldr	r3, [sp, #4]
8780244c:	4240      	negs	r0, r0
8780244e:	e6b2      	b.n	878021b6 <vsscanf+0x2aa>
87802450:	f893 8002 	ldrb.w	r8, [r3, #2]
87802454:	2148      	movs	r1, #72	@ 0x48
87802456:	3302      	adds	r3, #2
87802458:	e5a1      	b.n	87801f9e <vsscanf+0x92>
8780245a:	f890 a000 	ldrb.w	sl, [r0]
8780245e:	f1ba 0f00 	cmp.w	sl, #0
87802462:	f43f ad7a 	beq.w	87801f5a <vsscanf+0x4e>
87802466:	3302      	adds	r3, #2
87802468:	4641      	mov	r1, r8
8780246a:	e5a5      	b.n	87801fb8 <vsscanf+0xac>
8780246c:	3001      	adds	r0, #1
8780246e:	a903      	add	r1, sp, #12
87802470:	f7fe fe8a 	bl	87801188 <simple_strtoul>
87802474:	9b01      	ldr	r3, [sp, #4]
87802476:	4240      	negs	r0, r0
87802478:	e736      	b.n	878022e8 <vsscanf+0x3dc>
8780247a:	3001      	adds	r0, #1
8780247c:	a903      	add	r1, sp, #12
8780247e:	f7fe fe83 	bl	87801188 <simple_strtoul>
87802482:	9b01      	ldr	r3, [sp, #4]
87802484:	4240      	negs	r0, r0
87802486:	e74d      	b.n	87802324 <vsscanf+0x418>
87802488:	3001      	adds	r0, #1
8780248a:	a903      	add	r1, sp, #12
8780248c:	f7fe ff06 	bl	8780129c <simple_strtoull>
87802490:	4240      	negs	r0, r0
87802492:	9b01      	ldr	r3, [sp, #4]
87802494:	eb61 0141 	sbc.w	r1, r1, r1, lsl #1
87802498:	e735      	b.n	87802306 <vsscanf+0x3fa>
8780249a:	f890 a000 	ldrb.w	sl, [r0]
8780249e:	f1ba 0f00 	cmp.w	sl, #0
878024a2:	f43f ad5a 	beq.w	87801f5a <vsscanf+0x4e>
878024a6:	3302      	adds	r3, #2
878024a8:	217a      	movs	r1, #122	@ 0x7a
878024aa:	e585      	b.n	87801fb8 <vsscanf+0xac>
878024ac:	ffffe0e2 			@ <UNDEFINED> instruction: 0xffffe0e2
878024b0:	0000017c 	andeq	r0, r0, ip, ror r1

878024b4 <sscanf>:
878024b4:	b40e      	push	{r1, r2, r3}
878024b6:	b500      	push	{lr}
878024b8:	aa01      	add	r2, sp, #4
878024ba:	f852 1b04 	ldr.w	r1, [r2], #4
878024be:	f7ff fd25 	bl	87801f0c <vsscanf>
878024c2:	f85d eb04 	ldr.w	lr, [sp], #4
878024c6:	b003      	add	sp, #12
878024c8:	4770      	bx	lr
878024ca:	bf00      	nop

878024cc <CLK_Enable>:
878024cc:	f44f 4380 	mov.w	r3, #16384	@ 0x4000
878024d0:	f2c0 230c 	movt	r3, #524	@ 0x20c
878024d4:	f04f 32ff 	mov.w	r2, #4294967295	@ 0xffffffff
878024d8:	669a      	str	r2, [r3, #104]	@ 0x68
878024da:	66da      	str	r2, [r3, #108]	@ 0x6c
878024dc:	671a      	str	r2, [r3, #112]	@ 0x70
878024de:	675a      	str	r2, [r3, #116]	@ 0x74
878024e0:	679a      	str	r2, [r3, #120]	@ 0x78
878024e2:	67da      	str	r2, [r3, #124]	@ 0x7c
878024e4:	f8c3 2080 	str.w	r2, [r3, #128]	@ 0x80
878024e8:	4770      	bx	lr
878024ea:	bf00      	nop

878024ec <imx6ull_clk_init>:
878024ec:	f44f 4380 	mov.w	r3, #16384	@ 0x4000
878024f0:	f2c0 230c 	movt	r3, #524	@ 0x20c
878024f4:	b500      	push	{lr}
878024f6:	68da      	ldr	r2, [r3, #12]
878024f8:	0750      	lsls	r0, r2, #29
878024fa:	d407      	bmi.n	8780250c <imx6ull_clk_init+0x20>
878024fc:	68da      	ldr	r2, [r3, #12]
878024fe:	f422 7280 	bic.w	r2, r2, #256	@ 0x100
87802502:	60da      	str	r2, [r3, #12]
87802504:	68da      	ldr	r2, [r3, #12]
87802506:	f042 0204 	orr.w	r2, r2, #4
8780250a:	60da      	str	r2, [r3, #12]
8780250c:	f44f 4300 	mov.w	r3, #32768	@ 0x8000
87802510:	f2c0 230c 	movt	r3, #524	@ 0x20c
87802514:	2158      	movs	r1, #88	@ 0x58
87802516:	f44f 4280 	mov.w	r2, #16384	@ 0x4000
8780251a:	f2c0 220c 	movt	r2, #524	@ 0x20c
8780251e:	f04f 0e01 	mov.w	lr, #1
87802522:	6019      	str	r1, [r3, #0]
87802524:	f241 001b 	movw	r0, #4123	@ 0x101b
87802528:	f2c2 0018 	movt	r0, #8216	@ 0x2018
8780252c:	f241 010c 	movw	r1, #4108	@ 0x100c
87802530:	f2c1 3111 	movt	r1, #4881	@ 0x1311
87802534:	f8d3 c000 	ldr.w	ip, [r3]
87802538:	f44c 5c00 	orr.w	ip, ip, #8192	@ 0x2000
8780253c:	f8c3 c000 	str.w	ip, [r3]
87802540:	f8c2 e010 	str.w	lr, [r2, #16]
87802544:	f8d2 c00c 	ldr.w	ip, [r2, #12]
87802548:	f02c 0c04 	bic.w	ip, ip, #4
8780254c:	f8c2 c00c 	str.w	ip, [r2, #12]
87802550:	f8d3 c100 	ldr.w	ip, [r3, #256]	@ 0x100
87802554:	f00c 3cc0 	and.w	ip, ip, #3233857728	@ 0xc0c0c0c0
87802558:	ea4c 0000 	orr.w	r0, ip, r0
8780255c:	f8c3 0100 	str.w	r0, [r3, #256]	@ 0x100
87802560:	f8d3 00f0 	ldr.w	r0, [r3, #240]	@ 0xf0
87802564:	f000 30c0 	and.w	r0, r0, #3233857728	@ 0xc0c0c0c0
87802568:	4301      	orrs	r1, r0
8780256a:	f8c3 10f0 	str.w	r1, [r3, #240]	@ 0xf0
8780256e:	6993      	ldr	r3, [r2, #24]
87802570:	f423 2340 	bic.w	r3, r3, #786432	@ 0xc0000
87802574:	6193      	str	r3, [r2, #24]
87802576:	6993      	ldr	r3, [r2, #24]
87802578:	f443 2380 	orr.w	r3, r3, #262144	@ 0x40000
8780257c:	6193      	str	r3, [r2, #24]
8780257e:	6993      	ldr	r3, [r2, #24]
87802580:	f023 7300 	bic.w	r3, r3, #33554432	@ 0x2000000
87802584:	6193      	str	r3, [r2, #24]
87802586:	6993      	ldr	r3, [r2, #24]
87802588:	f043 7300 	orr.w	r3, r3, #33554432	@ 0x2000000
8780258c:	6193      	str	r3, [r2, #24]
8780258e:	6c93      	ldr	r3, [r2, #72]	@ 0x48
87802590:	0699      	lsls	r1, r3, #26
87802592:	d4fc      	bmi.n	8780258e <imx6ull_clk_init+0xa2>
87802594:	6951      	ldr	r1, [r2, #20]
87802596:	f44f 4380 	mov.w	r3, #16384	@ 0x4000
8780259a:	f2c0 230c 	movt	r3, #524	@ 0x20c
8780259e:	f421 51e0 	bic.w	r1, r1, #7168	@ 0x1c00
878025a2:	6151      	str	r1, [r2, #20]
878025a4:	6951      	ldr	r1, [r2, #20]
878025a6:	f441 6100 	orr.w	r1, r1, #2048	@ 0x800
878025aa:	6151      	str	r1, [r2, #20]
878025ac:	6c9a      	ldr	r2, [r3, #72]	@ 0x48
878025ae:	0792      	lsls	r2, r2, #30
878025b0:	d4fc      	bmi.n	878025ac <imx6ull_clk_init+0xc0>
878025b2:	695a      	ldr	r2, [r3, #20]
878025b4:	f422 7240 	bic.w	r2, r2, #768	@ 0x300
878025b8:	615a      	str	r2, [r3, #20]
878025ba:	695a      	ldr	r2, [r3, #20]
878025bc:	f442 7280 	orr.w	r2, r2, #256	@ 0x100
878025c0:	615a      	str	r2, [r3, #20]
878025c2:	695a      	ldr	r2, [r3, #20]
878025c4:	f022 0240 	bic.w	r2, r2, #64	@ 0x40
878025c8:	615a      	str	r2, [r3, #20]
878025ca:	695a      	ldr	r2, [r3, #20]
878025cc:	f422 627c 	bic.w	r2, r2, #4032	@ 0xfc0
878025d0:	615a      	str	r2, [r3, #20]
878025d2:	69da      	ldr	r2, [r3, #28]
878025d4:	f022 0240 	bic.w	r2, r2, #64	@ 0x40
878025d8:	61da      	str	r2, [r3, #28]
878025da:	69da      	ldr	r2, [r3, #28]
878025dc:	f022 023f 	bic.w	r2, r2, #63	@ 0x3f
878025e0:	61da      	str	r2, [r3, #28]
878025e2:	6b9a      	ldr	r2, [r3, #56]	@ 0x38
878025e4:	f422 2280 	bic.w	r2, r2, #262144	@ 0x40000
878025e8:	639a      	str	r2, [r3, #56]	@ 0x38
878025ea:	6b9a      	ldr	r2, [r3, #56]	@ 0x38
878025ec:	f022 72fc 	bic.w	r2, r2, #33030144	@ 0x1f80000
878025f0:	639a      	str	r2, [r3, #56]	@ 0x38
878025f2:	bd00      	pop	{pc}

878025f4 <Delay_Short>:
878025f4:	b082      	sub	sp, #8
878025f6:	9001      	str	r0, [sp, #4]
878025f8:	9b01      	ldr	r3, [sp, #4]
878025fa:	1e5a      	subs	r2, r3, #1
878025fc:	9201      	str	r2, [sp, #4]
878025fe:	2b00      	cmp	r3, #0
87802600:	d1fa      	bne.n	878025f8 <Delay_Short+0x4>
87802602:	b002      	add	sp, #8
87802604:	4770      	bx	lr
87802606:	bf00      	nop

87802608 <Delay_ms>:
87802608:	b082      	sub	sp, #8
8780260a:	9001      	str	r0, [sp, #4]
8780260c:	9b01      	ldr	r3, [sp, #4]
8780260e:	1e5a      	subs	r2, r3, #1
87802610:	9201      	str	r2, [sp, #4]
87802612:	b153      	cbz	r3, 8780262a <Delay_ms+0x22>
87802614:	f240 73ff 	movw	r3, #2047	@ 0x7ff
87802618:	461a      	mov	r2, r3
8780261a:	3b01      	subs	r3, #1
8780261c:	2a00      	cmp	r2, #0
8780261e:	d1fb      	bne.n	87802618 <Delay_ms+0x10>
87802620:	9b01      	ldr	r3, [sp, #4]
87802622:	1e5a      	subs	r2, r3, #1
87802624:	9201      	str	r2, [sp, #4]
87802626:	2b00      	cmp	r3, #0
87802628:	d1f4      	bne.n	87802614 <Delay_ms+0xc>
8780262a:	b002      	add	sp, #8
8780262c:	4770      	bx	lr
8780262e:	bf00      	nop

87802630 <LED_Init>:
87802630:	2200      	movs	r2, #0
87802632:	f2c0 220e 	movt	r2, #526	@ 0x20e
87802636:	f44f 4340 	mov.w	r3, #49152	@ 0xc000
8780263a:	f2c0 2309 	movt	r3, #521	@ 0x209
8780263e:	2005      	movs	r0, #5
87802640:	2108      	movs	r1, #8
87802642:	6690      	str	r0, [r2, #104]	@ 0x68
87802644:	f241 00b0 	movw	r0, #4272	@ 0x10b0
87802648:	f8c2 02f4 	str.w	r0, [r2, #756]	@ 0x2f4
8780264c:	6059      	str	r1, [r3, #4]
8780264e:	681a      	ldr	r2, [r3, #0]
87802650:	430a      	orrs	r2, r1
87802652:	601a      	str	r2, [r3, #0]
87802654:	4770      	bx	lr
87802656:	bf00      	nop

87802658 <LED_ON>:
87802658:	f44f 4340 	mov.w	r3, #49152	@ 0xc000
8780265c:	f2c0 2309 	movt	r3, #521	@ 0x209
87802660:	681a      	ldr	r2, [r3, #0]
87802662:	f022 0208 	bic.w	r2, r2, #8
87802666:	601a      	str	r2, [r3, #0]
87802668:	4770      	bx	lr
8780266a:	bf00      	nop

8780266c <LED_OFF>:
8780266c:	f44f 4340 	mov.w	r3, #49152	@ 0xc000
87802670:	f2c0 2309 	movt	r3, #521	@ 0x209
87802674:	681a      	ldr	r2, [r3, #0]
87802676:	f042 0208 	orr.w	r2, r2, #8
8780267a:	601a      	str	r2, [r3, #0]
8780267c:	4770      	bx	lr
8780267e:	bf00      	nop

87802680 <LED_Switch>:
87802680:	b950      	cbnz	r0, 87802698 <LED_Switch+0x18>
87802682:	2901      	cmp	r1, #1
87802684:	d009      	beq.n	8780269a <LED_Switch+0x1a>
87802686:	b939      	cbnz	r1, 87802698 <LED_Switch+0x18>
87802688:	f44f 4340 	mov.w	r3, #49152	@ 0xc000
8780268c:	f2c0 2309 	movt	r3, #521	@ 0x209
87802690:	681a      	ldr	r2, [r3, #0]
87802692:	f042 0208 	orr.w	r2, r2, #8
87802696:	601a      	str	r2, [r3, #0]
87802698:	4770      	bx	lr
8780269a:	f44f 4340 	mov.w	r3, #49152	@ 0xc000
8780269e:	f2c0 2309 	movt	r3, #521	@ 0x209
878026a2:	681a      	ldr	r2, [r3, #0]
878026a4:	f022 0208 	bic.w	r2, r2, #8
878026a8:	601a      	str	r2, [r3, #0]
878026aa:	4770      	bx	lr

878026ac <Beep_Init>:
878026ac:	b500      	push	{lr}
878026ae:	2300      	movs	r3, #0
878026b0:	f2c0 230e 	movt	r3, #526	@ 0x20e
878026b4:	b087      	sub	sp, #28
878026b6:	2101      	movs	r1, #1
878026b8:	f04f 0c05 	mov.w	ip, #5
878026bc:	f241 02b0 	movw	r2, #4272	@ 0x10b0
878026c0:	f8c3 c070 	str.w	ip, [r3, #112]	@ 0x70
878026c4:	f44f 4040 	mov.w	r0, #49152	@ 0xc000
878026c8:	f2c0 200a 	movt	r0, #522	@ 0x20a
878026cc:	f8c3 22fc 	str.w	r2, [r3, #764]	@ 0x2fc
878026d0:	aa03      	add	r2, sp, #12
878026d2:	9001      	str	r0, [sp, #4]
878026d4:	9103      	str	r1, [sp, #12]
878026d6:	f88d 1010 	strb.w	r1, [sp, #16]
878026da:	f000 f8f1 	bl	878028c0 <gpio_init>
878026de:	2101      	movs	r1, #1
878026e0:	9801      	ldr	r0, [sp, #4]
878026e2:	460a      	mov	r2, r1
878026e4:	f000 f87e 	bl	878027e4 <gpio_pinwrite>
878026e8:	b007      	add	sp, #28
878026ea:	bd00      	pop	{pc}

878026ec <Beep_Switch>:
878026ec:	4601      	mov	r1, r0
878026ee:	b110      	cbz	r0, 878026f6 <Beep_Switch+0xa>
878026f0:	2801      	cmp	r0, #1
878026f2:	d008      	beq.n	87802706 <Beep_Switch+0x1a>
878026f4:	4770      	bx	lr
878026f6:	2201      	movs	r2, #1
878026f8:	f44f 4040 	mov.w	r0, #49152	@ 0xc000
878026fc:	f2c0 200a 	movt	r0, #522	@ 0x20a
87802700:	4611      	mov	r1, r2
87802702:	f000 b86f 	b.w	878027e4 <gpio_pinwrite>
87802706:	f44f 4040 	mov.w	r0, #49152	@ 0xc000
8780270a:	f2c0 200a 	movt	r0, #522	@ 0x20a
8780270e:	2200      	movs	r2, #0
87802710:	f000 b868 	b.w	878027e4 <gpio_pinwrite>

87802714 <Key_Init>:
87802714:	b500      	push	{lr}
87802716:	2300      	movs	r3, #0
87802718:	f2c0 230e 	movt	r3, #526	@ 0x20e
8780271c:	b085      	sub	sp, #20
8780271e:	2205      	movs	r2, #5
87802720:	2180      	movs	r1, #128	@ 0x80
87802722:	f44f 4040 	mov.w	r0, #49152	@ 0xc000
87802726:	f2c0 2009 	movt	r0, #521	@ 0x209
8780272a:	f8c3 208c 	str.w	r2, [r3, #140]	@ 0x8c
8780272e:	f8c3 1318 	str.w	r1, [r3, #792]	@ 0x318
87802732:	aa01      	add	r2, sp, #4
87802734:	2112      	movs	r1, #18
87802736:	2300      	movs	r3, #0
87802738:	9301      	str	r3, [sp, #4]
8780273a:	f000 f8c1 	bl	878028c0 <gpio_init>
8780273e:	b005      	add	sp, #20
87802740:	bd00      	pop	{pc}
87802742:	bf00      	nop

87802744 <Key_Read>:
87802744:	f44f 4040 	mov.w	r0, #49152	@ 0xc000
87802748:	f2c0 2009 	movt	r0, #521	@ 0x209
8780274c:	2112      	movs	r1, #18
8780274e:	f000 b855 	b.w	878027fc <gpio_pinread>
87802752:	bf00      	nop

87802754 <Key_GetValue>:
87802754:	4a21      	ldr	r2, [pc, #132]	@ (878027dc <Key_GetValue+0x88>)
87802756:	b500      	push	{lr}
87802758:	447a      	add	r2, pc
8780275a:	b083      	sub	sp, #12
8780275c:	7813      	ldrb	r3, [r2, #0]
8780275e:	2b01      	cmp	r3, #1
87802760:	d003      	beq.n	8780276a <Key_GetValue+0x16>
87802762:	b17b      	cbz	r3, 87802784 <Key_GetValue+0x30>
87802764:	2000      	movs	r0, #0
87802766:	b003      	add	sp, #12
87802768:	bd00      	pop	{pc}
8780276a:	2112      	movs	r1, #18
8780276c:	f44f 4040 	mov.w	r0, #49152	@ 0xc000
87802770:	f2c0 2009 	movt	r0, #521	@ 0x209
87802774:	9200      	str	r2, [sp, #0]
87802776:	f000 f841 	bl	878027fc <gpio_pinread>
8780277a:	9a00      	ldr	r2, [sp, #0]
8780277c:	b1d8      	cbz	r0, 878027b6 <Key_GetValue+0x62>
8780277e:	7813      	ldrb	r3, [r2, #0]
87802780:	2b00      	cmp	r3, #0
87802782:	d1ef      	bne.n	87802764 <Key_GetValue+0x10>
87802784:	2112      	movs	r1, #18
87802786:	f44f 4040 	mov.w	r0, #49152	@ 0xc000
8780278a:	f2c0 2009 	movt	r0, #521	@ 0x209
8780278e:	f000 f835 	bl	878027fc <gpio_pinread>
87802792:	2801      	cmp	r0, #1
87802794:	d1e6      	bne.n	87802764 <Key_GetValue+0x10>
87802796:	9000      	str	r0, [sp, #0]
87802798:	200a      	movs	r0, #10
8780279a:	f7ff ff35 	bl	87802608 <Delay_ms>
8780279e:	4a10      	ldr	r2, [pc, #64]	@ (878027e0 <Key_GetValue+0x8c>)
878027a0:	9b00      	ldr	r3, [sp, #0]
878027a2:	f44f 4040 	mov.w	r0, #49152	@ 0xc000
878027a6:	f2c0 2009 	movt	r0, #521	@ 0x209
878027aa:	447a      	add	r2, pc
878027ac:	2112      	movs	r1, #18
878027ae:	7013      	strb	r3, [r2, #0]
878027b0:	f000 f824 	bl	878027fc <gpio_pinread>
878027b4:	e7d6      	b.n	87802764 <Key_GetValue+0x10>
878027b6:	e9cd 2000 	strd	r2, r0, [sp]
878027ba:	200a      	movs	r0, #10
878027bc:	f7ff ff24 	bl	87802608 <Delay_ms>
878027c0:	2112      	movs	r1, #18
878027c2:	e9dd 2300 	ldrd	r2, r3, [sp]
878027c6:	f44f 4040 	mov.w	r0, #49152	@ 0xc000
878027ca:	f2c0 2009 	movt	r0, #521	@ 0x209
878027ce:	7013      	strb	r3, [r2, #0]
878027d0:	f000 f814 	bl	878027fc <gpio_pinread>
878027d4:	fab0 f080 	clz	r0, r0
878027d8:	0940      	lsrs	r0, r0, #5
878027da:	e7c4      	b.n	87802766 <Key_GetValue+0x12>
878027dc:	00006e04 	andeq	r6, r0, r4, lsl #28
878027e0:	00006db2 			@ <UNDEFINED> instruction: 0x00006db2

878027e4 <gpio_pinwrite>:
878027e4:	2301      	movs	r3, #1
878027e6:	408b      	lsls	r3, r1
878027e8:	b922      	cbnz	r2, 878027f4 <gpio_pinwrite+0x10>
878027ea:	6802      	ldr	r2, [r0, #0]
878027ec:	ea22 0303 	bic.w	r3, r2, r3
878027f0:	6003      	str	r3, [r0, #0]
878027f2:	4770      	bx	lr
878027f4:	6802      	ldr	r2, [r0, #0]
878027f6:	4313      	orrs	r3, r2
878027f8:	6003      	str	r3, [r0, #0]
878027fa:	4770      	bx	lr

878027fc <gpio_pinread>:
878027fc:	6800      	ldr	r0, [r0, #0]
878027fe:	40c8      	lsrs	r0, r1
87802800:	f000 0001 	and.w	r0, r0, #1
87802804:	4770      	bx	lr
87802806:	bf00      	nop

87802808 <gpio_enable_interrupt>:
87802808:	2301      	movs	r3, #1
8780280a:	6942      	ldr	r2, [r0, #20]
8780280c:	408b      	lsls	r3, r1
8780280e:	4313      	orrs	r3, r2
87802810:	6143      	str	r3, [r0, #20]
87802812:	4770      	bx	lr

87802814 <gpio_disable_interrupt>:
87802814:	2301      	movs	r3, #1
87802816:	408b      	lsls	r3, r1
87802818:	6941      	ldr	r1, [r0, #20]
8780281a:	ea21 0103 	bic.w	r1, r1, r3
8780281e:	6141      	str	r1, [r0, #20]
87802820:	4770      	bx	lr
87802822:	bf00      	nop

87802824 <gpio_clear_interrupt_flag>:
87802824:	2301      	movs	r3, #1
87802826:	408b      	lsls	r3, r1
87802828:	6981      	ldr	r1, [r0, #24]
8780282a:	ea21 0103 	bic.w	r1, r1, r3
8780282e:	6181      	str	r1, [r0, #24]
87802830:	4770      	bx	lr
87802832:	bf00      	nop

87802834 <gpio_get_interrupt_flag>:
87802834:	6980      	ldr	r0, [r0, #24]
87802836:	40c8      	lsrs	r0, r1
87802838:	f000 0001 	and.w	r0, r0, #1
8780283c:	4770      	bx	lr
8780283e:	bf00      	nop

87802840 <gpio_interrupt_init>:
87802840:	f04f 0c01 	mov.w	ip, #1
87802844:	69c3      	ldr	r3, [r0, #28]
87802846:	290f      	cmp	r1, #15
87802848:	f102 32ff 	add.w	r2, r2, #4294967295	@ 0xffffffff
8780284c:	fa0c fc01 	lsl.w	ip, ip, r1
87802850:	bfc8      	it	gt
87802852:	3910      	subgt	r1, #16
87802854:	ea23 030c 	bic.w	r3, r3, ip
87802858:	61c3      	str	r3, [r0, #28]
8780285a:	bfd4      	ite	le
8780285c:	300c      	addle	r0, #12
8780285e:	3010      	addgt	r0, #16
87802860:	2a04      	cmp	r2, #4
87802862:	d80e      	bhi.n	87802882 <gpio_interrupt_init+0x42>
87802864:	e8df f002 	tbb	[pc, r2]
87802868:	0d0e1d23 	stceq	13, cr1, [lr, #-140]	@ 0xffffff74
8780286c:	00490003 	subeq	r0, r9, r3
87802870:	2303      	movs	r3, #3
87802872:	6802      	ldr	r2, [r0, #0]
87802874:	408b      	lsls	r3, r1
87802876:	ea22 0203 	bic.w	r2, r2, r3
8780287a:	6002      	str	r2, [r0, #0]
8780287c:	6802      	ldr	r2, [r0, #0]
8780287e:	4313      	orrs	r3, r2
87802880:	6003      	str	r3, [r0, #0]
87802882:	4770      	bx	lr
87802884:	6802      	ldr	r2, [r0, #0]
87802886:	0049      	lsls	r1, r1, #1
87802888:	f04f 0c03 	mov.w	ip, #3
8780288c:	2302      	movs	r3, #2
8780288e:	fa0c fc01 	lsl.w	ip, ip, r1
87802892:	ea22 020c 	bic.w	r2, r2, ip
87802896:	6002      	str	r2, [r0, #0]
87802898:	408b      	lsls	r3, r1
8780289a:	6802      	ldr	r2, [r0, #0]
8780289c:	4313      	orrs	r3, r2
8780289e:	6003      	str	r3, [r0, #0]
878028a0:	4770      	bx	lr
878028a2:	6802      	ldr	r2, [r0, #0]
878028a4:	0049      	lsls	r1, r1, #1
878028a6:	f04f 0c03 	mov.w	ip, #3
878028aa:	2301      	movs	r3, #1
878028ac:	e7ef      	b.n	8780288e <gpio_interrupt_init+0x4e>
878028ae:	0049      	lsls	r1, r1, #1
878028b0:	2203      	movs	r2, #3
878028b2:	6803      	ldr	r3, [r0, #0]
878028b4:	408a      	lsls	r2, r1
878028b6:	ea23 0302 	bic.w	r3, r3, r2
878028ba:	6003      	str	r3, [r0, #0]
878028bc:	4770      	bx	lr
878028be:	bf00      	nop

878028c0 <gpio_init>:
878028c0:	b410      	push	{r4}
878028c2:	2301      	movs	r3, #1
878028c4:	6814      	ldr	r4, [r2, #0]
878028c6:	f8d0 c004 	ldr.w	ip, [r0, #4]
878028ca:	408b      	lsls	r3, r1
878028cc:	b934      	cbnz	r4, 878028dc <gpio_init+0x1c>
878028ce:	ea2c 0303 	bic.w	r3, ip, r3
878028d2:	6892      	ldr	r2, [r2, #8]
878028d4:	bc10      	pop	{r4}
878028d6:	6043      	str	r3, [r0, #4]
878028d8:	f7ff bfb2 	b.w	87802840 <gpio_interrupt_init>
878028dc:	ea4c 0c03 	orr.w	ip, ip, r3
878028e0:	f8c0 c004 	str.w	ip, [r0, #4]
878028e4:	f892 c004 	ldrb.w	ip, [r2, #4]
878028e8:	f1bc 0f00 	cmp.w	ip, #0
878028ec:	d108      	bne.n	87802900 <gpio_init+0x40>
878028ee:	f8d0 c000 	ldr.w	ip, [r0]
878028f2:	bc10      	pop	{r4}
878028f4:	ea2c 0303 	bic.w	r3, ip, r3
878028f8:	6003      	str	r3, [r0, #0]
878028fa:	6892      	ldr	r2, [r2, #8]
878028fc:	f7ff bfa0 	b.w	87802840 <gpio_interrupt_init>
87802900:	f8d0 c000 	ldr.w	ip, [r0]
87802904:	bc10      	pop	{r4}
87802906:	ea4c 0303 	orr.w	r3, ip, r3
8780290a:	6003      	str	r3, [r0, #0]
8780290c:	6892      	ldr	r2, [r2, #8]
8780290e:	f7ff bf97 	b.w	87802840 <gpio_interrupt_init>
87802912:	bf00      	nop

87802914 <gpio_io18_irq_handler_t>:
87802914:	200a      	movs	r0, #10
87802916:	b508      	push	{r3, lr}
87802918:	f7ff fe76 	bl	87802608 <Delay_ms>
8780291c:	f44f 4040 	mov.w	r0, #49152	@ 0xc000
87802920:	f2c0 2009 	movt	r0, #521	@ 0x209
87802924:	2112      	movs	r1, #18
87802926:	f7ff ff85 	bl	87802834 <gpio_get_interrupt_flag>
8780292a:	b900      	cbnz	r0, 8780292e <gpio_io18_irq_handler_t+0x1a>
8780292c:	bd08      	pop	{r3, pc}
8780292e:	4b09      	ldr	r3, [pc, #36]	@ (87802954 <gpio_io18_irq_handler_t+0x40>)
87802930:	447b      	add	r3, pc
87802932:	7818      	ldrb	r0, [r3, #0]
87802934:	fab0 f080 	clz	r0, r0
87802938:	0940      	lsrs	r0, r0, #5
8780293a:	7018      	strb	r0, [r3, #0]
8780293c:	f7ff fed6 	bl	878026ec <Beep_Switch>
87802940:	f44f 4040 	mov.w	r0, #49152	@ 0xc000
87802944:	f2c0 2009 	movt	r0, #521	@ 0x209
87802948:	2112      	movs	r1, #18
8780294a:	e8bd 4008 	ldmia.w	sp!, {r3, lr}
8780294e:	f7ff bf69 	b.w	87802824 <gpio_clear_interrupt_flag>
87802952:	bf00      	nop
87802954:	00007434 	andeq	r7, r0, r4, lsr r4

87802958 <Exit_Init>:
87802958:	b530      	push	{r4, r5, lr}
8780295a:	2300      	movs	r3, #0
8780295c:	f2c0 230e 	movt	r3, #526	@ 0x20e
87802960:	b085      	sub	sp, #20
87802962:	f44f 4440 	mov.w	r4, #49152	@ 0xc000
87802966:	f2c0 2409 	movt	r4, #521	@ 0x209
8780296a:	2105      	movs	r1, #5
8780296c:	2080      	movs	r0, #128	@ 0x80
8780296e:	f8c3 108c 	str.w	r1, [r3, #140]	@ 0x8c
87802972:	aa01      	add	r2, sp, #4
87802974:	f8c3 0318 	str.w	r0, [r3, #792]	@ 0x318
87802978:	9103      	str	r1, [sp, #12]
8780297a:	4620      	mov	r0, r4
8780297c:	2112      	movs	r1, #18
8780297e:	2500      	movs	r5, #0
87802980:	9501      	str	r5, [sp, #4]
87802982:	f88d 5008 	strb.w	r5, [sp, #8]
87802986:	f7ff ff9b 	bl	878028c0 <gpio_init>
8780298a:	ee9f 3f10 	mrc	15, 4, r3, cr15, cr0, {0}
8780298e:	f36f 030f 	bfc	r3, #0, #16
87802992:	4908      	ldr	r1, [pc, #32]	@ (878029b4 <Exit_Init+0x5c>)
87802994:	f503 5380 	add.w	r3, r3, #4096	@ 0x1000
87802998:	462a      	mov	r2, r5
8780299a:	2008      	movs	r0, #8
8780299c:	4479      	add	r1, pc
8780299e:	f8c3 010c 	str.w	r0, [r3, #268]	@ 0x10c
878029a2:	2063      	movs	r0, #99	@ 0x63
878029a4:	f000 f92a 	bl	87802bfc <system_register_irq_handler>
878029a8:	2112      	movs	r1, #18
878029aa:	4620      	mov	r0, r4
878029ac:	f7ff ff2c 	bl	87802808 <gpio_enable_interrupt>
878029b0:	b005      	add	sp, #20
878029b2:	bd30      	pop	{r4, r5, pc}
878029b4:	ffffff75 			@ <UNDEFINED> instruction: 0xffffff75

878029b8 <EPIT1_IRQHandler>:
878029b8:	b508      	push	{r3, lr}
878029ba:	2200      	movs	r2, #0
878029bc:	f2c0 220d 	movt	r2, #525	@ 0x20d
878029c0:	4b0a      	ldr	r3, [pc, #40]	@ (878029ec <EPIT1_IRQHandler+0x34>)
878029c2:	447b      	add	r3, pc
878029c4:	7819      	ldrb	r1, [r3, #0]
878029c6:	fab1 f181 	clz	r1, r1
878029ca:	0949      	lsrs	r1, r1, #5
878029cc:	7019      	strb	r1, [r3, #0]
878029ce:	6853      	ldr	r3, [r2, #4]
878029d0:	07db      	lsls	r3, r3, #31
878029d2:	d407      	bmi.n	878029e4 <EPIT1_IRQHandler+0x2c>
878029d4:	2300      	movs	r3, #0
878029d6:	f2c0 230d 	movt	r3, #525	@ 0x20d
878029da:	685a      	ldr	r2, [r3, #4]
878029dc:	f042 0201 	orr.w	r2, r2, #1
878029e0:	605a      	str	r2, [r3, #4]
878029e2:	bd08      	pop	{r3, pc}
878029e4:	2000      	movs	r0, #0
878029e6:	f7ff fe4b 	bl	87802680 <LED_Switch>
878029ea:	e7f3      	b.n	878029d4 <EPIT1_IRQHandler+0x1c>
878029ec:	000073a3 	andeq	r7, r0, r3, lsr #7

878029f0 <EPIT1_Init>:
878029f0:	b510      	push	{r4, lr}
878029f2:	f640 73ff 	movw	r3, #4095	@ 0xfff
878029f6:	2400      	movs	r4, #0
878029f8:	f2c0 240d 	movt	r4, #525	@ 0x20d
878029fc:	4298      	cmp	r0, r3
878029fe:	bf28      	it	cs
87802a00:	4618      	movcs	r0, r3
87802a02:	230e      	movs	r3, #14
87802a04:	f2c0 1300 	movt	r3, #256	@ 0x100
87802a08:	2200      	movs	r2, #0
87802a0a:	ea43 1300 	orr.w	r3, r3, r0, lsl #4
87802a0e:	6022      	str	r2, [r4, #0]
87802a10:	6023      	str	r3, [r4, #0]
87802a12:	60a1      	str	r1, [r4, #8]
87802a14:	60e2      	str	r2, [r4, #12]
87802a16:	ee9f 3f10 	mrc	15, 4, r3, cr15, cr0, {0}
87802a1a:	f36f 030f 	bfc	r3, #0, #16
87802a1e:	4908      	ldr	r1, [pc, #32]	@ (87802a40 <EPIT1_Init+0x50>)
87802a20:	f503 5380 	add.w	r3, r3, #4096	@ 0x1000
87802a24:	f04f 7080 	mov.w	r0, #16777216	@ 0x1000000
87802a28:	4479      	add	r1, pc
87802a2a:	f8c3 0108 	str.w	r0, [r3, #264]	@ 0x108
87802a2e:	2058      	movs	r0, #88	@ 0x58
87802a30:	f000 f8e4 	bl	87802bfc <system_register_irq_handler>
87802a34:	6823      	ldr	r3, [r4, #0]
87802a36:	f043 0301 	orr.w	r3, r3, #1
87802a3a:	6023      	str	r3, [r4, #0]
87802a3c:	bd10      	pop	{r4, pc}
87802a3e:	bf00      	nop
87802a40:	ffffff8d 			@ <UNDEFINED> instruction: 0xffffff8d

87802a44 <keyfilter_irq_handler_t>:
87802a44:	2300      	movs	r3, #0
87802a46:	f2c0 230d 	movt	r3, #525	@ 0x20d
87802a4a:	f44f 5c91 	mov.w	ip, #4640	@ 0x1220
87802a4e:	f2c0 0c0a 	movt	ip, #10
87802a52:	f44f 4040 	mov.w	r0, #49152	@ 0xc000
87802a56:	f2c0 2009 	movt	r0, #521	@ 0x209
87802a5a:	681a      	ldr	r2, [r3, #0]
87802a5c:	2112      	movs	r1, #18
87802a5e:	f022 0201 	bic.w	r2, r2, #1
87802a62:	601a      	str	r2, [r3, #0]
87802a64:	f8c3 c008 	str.w	ip, [r3, #8]
87802a68:	681a      	ldr	r2, [r3, #0]
87802a6a:	f042 0201 	orr.w	r2, r2, #1
87802a6e:	601a      	str	r2, [r3, #0]
87802a70:	f7ff bed8 	b.w	87802824 <gpio_clear_interrupt_flag>

87802a74 <KeyFilter_Init>:
87802a74:	b570      	push	{r4, r5, r6, lr}
87802a76:	2300      	movs	r3, #0
87802a78:	f2c0 230e 	movt	r3, #526	@ 0x20e
87802a7c:	b086      	sub	sp, #24
87802a7e:	4e27      	ldr	r6, [pc, #156]	@ (87802b1c <KeyFilter_Init+0xa8>)
87802a80:	f44f 4440 	mov.w	r4, #49152	@ 0xc000
87802a84:	f2c0 2409 	movt	r4, #521	@ 0x209
87802a88:	2105      	movs	r1, #5
87802a8a:	2080      	movs	r0, #128	@ 0x80
87802a8c:	f8c3 108c 	str.w	r1, [r3, #140]	@ 0x8c
87802a90:	aa03      	add	r2, sp, #12
87802a92:	f8c3 0318 	str.w	r0, [r3, #792]	@ 0x318
87802a96:	4620      	mov	r0, r4
87802a98:	9105      	str	r1, [sp, #20]
87802a9a:	2112      	movs	r1, #18
87802a9c:	2500      	movs	r5, #0
87802a9e:	447e      	add	r6, pc
87802aa0:	9503      	str	r5, [sp, #12]
87802aa2:	f88d 5010 	strb.w	r5, [sp, #16]
87802aa6:	f7ff ff0b 	bl	878028c0 <gpio_init>
87802aaa:	ee9f 3f10 	mrc	15, 4, r3, cr15, cr0, {0}
87802aae:	f36f 030f 	bfc	r3, #0, #16
87802ab2:	491b      	ldr	r1, [pc, #108]	@ (87802b20 <KeyFilter_Init+0xac>)
87802ab4:	f503 5380 	add.w	r3, r3, #4096	@ 0x1000
87802ab8:	2208      	movs	r2, #8
87802aba:	4479      	add	r1, pc
87802abc:	2063      	movs	r0, #99	@ 0x63
87802abe:	f8c3 210c 	str.w	r2, [r3, #268]	@ 0x10c
87802ac2:	462a      	mov	r2, r5
87802ac4:	f000 f89a 	bl	87802bfc <system_register_irq_handler>
87802ac8:	4620      	mov	r0, r4
87802aca:	462c      	mov	r4, r5
87802acc:	2112      	movs	r1, #18
87802ace:	f2c0 240d 	movt	r4, #525	@ 0x20d
87802ad2:	f7ff fe99 	bl	87802808 <gpio_enable_interrupt>
87802ad6:	220e      	movs	r2, #14
87802ad8:	f2c0 1200 	movt	r2, #256	@ 0x100
87802adc:	f44f 5391 	mov.w	r3, #4640	@ 0x1220
87802ae0:	f2c0 030a 	movt	r3, #10
87802ae4:	6025      	str	r5, [r4, #0]
87802ae6:	6022      	str	r2, [r4, #0]
87802ae8:	60a3      	str	r3, [r4, #8]
87802aea:	60e5      	str	r5, [r4, #12]
87802aec:	ee9f 3f10 	mrc	15, 4, r3, cr15, cr0, {0}
87802af0:	f36f 030f 	bfc	r3, #0, #16
87802af4:	f04f 7180 	mov.w	r1, #16777216	@ 0x1000000
87802af8:	f503 5380 	add.w	r3, r3, #4096	@ 0x1000
87802afc:	462a      	mov	r2, r5
87802afe:	2058      	movs	r0, #88	@ 0x58
87802b00:	f8c3 1108 	str.w	r1, [r3, #264]	@ 0x108
87802b04:	4b07      	ldr	r3, [pc, #28]	@ (87802b24 <KeyFilter_Init+0xb0>)
87802b06:	58f3      	ldr	r3, [r6, r3]
87802b08:	9301      	str	r3, [sp, #4]
87802b0a:	4619      	mov	r1, r3
87802b0c:	f000 f876 	bl	87802bfc <system_register_irq_handler>
87802b10:	6823      	ldr	r3, [r4, #0]
87802b12:	f043 0301 	orr.w	r3, r3, #1
87802b16:	6023      	str	r3, [r4, #0]
87802b18:	b006      	add	sp, #24
87802b1a:	bd70      	pop	{r4, r5, r6, pc}
87802b1c:	ffffd55e 			@ <UNDEFINED> instruction: 0xffffd55e
87802b20:	ffffff87 			@ <UNDEFINED> instruction: 0xffffff87
87802b24:	00000180 	andeq	r0, r0, r0, lsl #3

87802b28 <keyfilter_timer_init>:
87802b28:	b510      	push	{r4, lr}
87802b2a:	2400      	movs	r4, #0
87802b2c:	f2c0 240d 	movt	r4, #525	@ 0x20d
87802b30:	4910      	ldr	r1, [pc, #64]	@ (87802b74 <keyfilter_timer_init+0x4c>)
87802b32:	b082      	sub	sp, #8
87802b34:	2200      	movs	r2, #0
87802b36:	230e      	movs	r3, #14
87802b38:	f2c0 1300 	movt	r3, #256	@ 0x100
87802b3c:	6022      	str	r2, [r4, #0]
87802b3e:	4479      	add	r1, pc
87802b40:	6023      	str	r3, [r4, #0]
87802b42:	60a0      	str	r0, [r4, #8]
87802b44:	60e2      	str	r2, [r4, #12]
87802b46:	ee9f 3f10 	mrc	15, 4, r3, cr15, cr0, {0}
87802b4a:	f36f 030f 	bfc	r3, #0, #16
87802b4e:	f04f 7080 	mov.w	r0, #16777216	@ 0x1000000
87802b52:	f503 5380 	add.w	r3, r3, #4096	@ 0x1000
87802b56:	f8c3 0108 	str.w	r0, [r3, #264]	@ 0x108
87802b5a:	2058      	movs	r0, #88	@ 0x58
87802b5c:	4b06      	ldr	r3, [pc, #24]	@ (87802b78 <keyfilter_timer_init+0x50>)
87802b5e:	58cb      	ldr	r3, [r1, r3]
87802b60:	9301      	str	r3, [sp, #4]
87802b62:	4619      	mov	r1, r3
87802b64:	f000 f84a 	bl	87802bfc <system_register_irq_handler>
87802b68:	6823      	ldr	r3, [r4, #0]
87802b6a:	f043 0301 	orr.w	r3, r3, #1
87802b6e:	6023      	str	r3, [r4, #0]
87802b70:	b002      	add	sp, #8
87802b72:	bd10      	pop	{r4, pc}
87802b74:	ffffd4be 			@ <UNDEFINED> instruction: 0xffffd4be
87802b78:	00000180 	andeq	r0, r0, r0, lsl #3

87802b7c <keyfilter_timer_stop>:
87802b7c:	2300      	movs	r3, #0
87802b7e:	f2c0 230d 	movt	r3, #525	@ 0x20d
87802b82:	681a      	ldr	r2, [r3, #0]
87802b84:	f022 0201 	bic.w	r2, r2, #1
87802b88:	601a      	str	r2, [r3, #0]
87802b8a:	4770      	bx	lr

87802b8c <keyfilter_timer_restart>:
87802b8c:	2300      	movs	r3, #0
87802b8e:	f2c0 230d 	movt	r3, #525	@ 0x20d
87802b92:	681a      	ldr	r2, [r3, #0]
87802b94:	f022 0201 	bic.w	r2, r2, #1
87802b98:	601a      	str	r2, [r3, #0]
87802b9a:	6098      	str	r0, [r3, #8]
87802b9c:	681a      	ldr	r2, [r3, #0]
87802b9e:	f042 0201 	orr.w	r2, r2, #1
87802ba2:	601a      	str	r2, [r3, #0]
87802ba4:	4770      	bx	lr
87802ba6:	bf00      	nop

87802ba8 <keyfilter_EPIT1_IRQHandler>:
87802ba8:	b508      	push	{r3, lr}
87802baa:	2300      	movs	r3, #0
87802bac:	f2c0 230d 	movt	r3, #525	@ 0x20d
87802bb0:	685a      	ldr	r2, [r3, #4]
87802bb2:	07d2      	lsls	r2, r2, #31
87802bb4:	d407      	bmi.n	87802bc6 <keyfilter_EPIT1_IRQHandler+0x1e>
87802bb6:	2300      	movs	r3, #0
87802bb8:	f2c0 230d 	movt	r3, #525	@ 0x20d
87802bbc:	685a      	ldr	r2, [r3, #4]
87802bbe:	f042 0201 	orr.w	r2, r2, #1
87802bc2:	605a      	str	r2, [r3, #4]
87802bc4:	bd08      	pop	{r3, pc}
87802bc6:	681a      	ldr	r2, [r3, #0]
87802bc8:	f44f 4040 	mov.w	r0, #49152	@ 0xc000
87802bcc:	f2c0 2009 	movt	r0, #521	@ 0x209
87802bd0:	2112      	movs	r1, #18
87802bd2:	f022 0201 	bic.w	r2, r2, #1
87802bd6:	601a      	str	r2, [r3, #0]
87802bd8:	f7ff fe10 	bl	878027fc <gpio_pinread>
87802bdc:	2800      	cmp	r0, #0
87802bde:	d1ea      	bne.n	87802bb6 <keyfilter_EPIT1_IRQHandler+0xe>
87802be0:	4b04      	ldr	r3, [pc, #16]	@ (87802bf4 <keyfilter_EPIT1_IRQHandler+0x4c>)
87802be2:	447b      	add	r3, pc
87802be4:	7818      	ldrb	r0, [r3, #0]
87802be6:	fab0 f080 	clz	r0, r0
87802bea:	0940      	lsrs	r0, r0, #5
87802bec:	7018      	strb	r0, [r3, #0]
87802bee:	f7ff fd7d 	bl	878026ec <Beep_Switch>
87802bf2:	e7e0      	b.n	87802bb6 <keyfilter_EPIT1_IRQHandler+0xe>
87802bf4:	00007184 	andeq	r7, r0, r4, lsl #3

87802bf8 <default_handler_t>:
87802bf8:	e7fe      	b.n	87802bf8 <default_handler_t>
87802bfa:	bf00      	nop

87802bfc <system_register_irq_handler>:
87802bfc:	289f      	cmp	r0, #159	@ 0x9f
87802bfe:	dc07      	bgt.n	87802c10 <system_register_irq_handler+0x14>
87802c00:	4b04      	ldr	r3, [pc, #16]	@ (87802c14 <system_register_irq_handler+0x18>)
87802c02:	447b      	add	r3, pc
87802c04:	eb03 0cc0 	add.w	ip, r3, r0, lsl #3
87802c08:	f843 1030 	str.w	r1, [r3, r0, lsl #3]
87802c0c:	f8cc 2004 	str.w	r2, [ip, #4]
87802c10:	4770      	bx	lr
87802c12:	bf00      	nop
87802c14:	00007166 	andeq	r7, r0, r6, ror #2

87802c18 <INT_Init>:
87802c18:	b500      	push	{lr}
87802c1a:	ee9f 2f10 	mrc	15, 4, r2, cr15, cr0, {0}
87802c1e:	f36f 020f 	bfc	r2, #0, #16
87802c22:	2300      	movs	r3, #0
87802c24:	f502 5e80 	add.w	lr, r2, #4096	@ 0x1000
87802c28:	f04f 3cff 	mov.w	ip, #4294967295	@ 0xffffffff
87802c2c:	f8de 0004 	ldr.w	r0, [lr, #4]
87802c30:	f000 001f 	and.w	r0, r0, #31
87802c34:	3001      	adds	r0, #1
87802c36:	f503 618c 	add.w	r1, r3, #1120	@ 0x460
87802c3a:	3301      	adds	r3, #1
87802c3c:	4298      	cmp	r0, r3
87802c3e:	f842 c021 	str.w	ip, [r2, r1, lsl #2]
87802c42:	d1f8      	bne.n	87802c36 <INT_Init+0x1e>
87802c44:	4810      	ldr	r0, [pc, #64]	@ (87802c88 <INT_Init+0x70>)
87802c46:	f502 5100 	add.w	r1, r2, #8192	@ 0x2000
87802c4a:	23f8      	movs	r3, #248	@ 0xf8
87802c4c:	2200      	movs	r2, #0
87802c4e:	4478      	add	r0, pc
87802c50:	f04f 0c01 	mov.w	ip, #1
87802c54:	604b      	str	r3, [r1, #4]
87802c56:	2302      	movs	r3, #2
87802c58:	608b      	str	r3, [r1, #8]
87802c5a:	4603      	mov	r3, r0
87802c5c:	f8c0 2500 	str.w	r2, [r0, #1280]	@ 0x500
87802c60:	480a      	ldr	r0, [pc, #40]	@ (87802c8c <INT_Init+0x74>)
87802c62:	f8ce c000 	str.w	ip, [lr]
87802c66:	4478      	add	r0, pc
87802c68:	f8c1 c000 	str.w	ip, [r1]
87802c6c:	f503 61a0 	add.w	r1, r3, #1280	@ 0x500
87802c70:	e9c3 0200 	strd	r0, r2, [r3]
87802c74:	3308      	adds	r3, #8
87802c76:	4299      	cmp	r1, r3
87802c78:	d1fa      	bne.n	87802c70 <INT_Init+0x58>
87802c7a:	2300      	movs	r3, #0
87802c7c:	f2c8 7380 	movt	r3, #34688	@ 0x8780
87802c80:	ee0c 3f10 	mcr	15, 0, r3, cr12, cr0, {0}
87802c84:	bd00      	pop	{pc}
87802c86:	bf00      	nop
87802c88:	0000711a 	andeq	r7, r0, sl, lsl r1
87802c8c:	ffffff8f 			@ <UNDEFINED> instruction: 0xffffff8f

87802c90 <system_irqhandler>:
87802c90:	b530      	push	{r4, r5, lr}
87802c92:	f3c0 0509 	ubfx	r5, r0, #0, #10
87802c96:	2d9f      	cmp	r5, #159	@ 0x9f
87802c98:	b083      	sub	sp, #12
87802c9a:	bf88      	it	hi
87802c9c:	00eb      	lslhi	r3, r5, #3
87802c9e:	d80a      	bhi.n	87802cb6 <system_irqhandler+0x26>
87802ca0:	4a0f      	ldr	r2, [pc, #60]	@ (87802ce0 <system_irqhandler+0x50>)
87802ca2:	00eb      	lsls	r3, r5, #3
87802ca4:	4628      	mov	r0, r5
87802ca6:	9301      	str	r3, [sp, #4]
87802ca8:	447a      	add	r2, pc
87802caa:	18d1      	adds	r1, r2, r3
87802cac:	f852 2035 	ldr.w	r2, [r2, r5, lsl #3]
87802cb0:	6849      	ldr	r1, [r1, #4]
87802cb2:	4790      	blx	r2
87802cb4:	9b01      	ldr	r3, [sp, #4]
87802cb6:	4c0b      	ldr	r4, [pc, #44]	@ (87802ce4 <system_irqhandler+0x54>)
87802cb8:	4628      	mov	r0, r5
87802cba:	447c      	add	r4, pc
87802cbc:	4423      	add	r3, r4
87802cbe:	f8d4 2500 	ldr.w	r2, [r4, #1280]	@ 0x500
87802cc2:	6859      	ldr	r1, [r3, #4]
87802cc4:	f854 5035 	ldr.w	r5, [r4, r5, lsl #3]
87802cc8:	3201      	adds	r2, #1
87802cca:	f8c4 2500 	str.w	r2, [r4, #1280]	@ 0x500
87802cce:	47a8      	blx	r5
87802cd0:	f8d4 3500 	ldr.w	r3, [r4, #1280]	@ 0x500
87802cd4:	3b01      	subs	r3, #1
87802cd6:	f8c4 3500 	str.w	r3, [r4, #1280]	@ 0x500
87802cda:	b003      	add	sp, #12
87802cdc:	bd30      	pop	{r4, r5, pc}
87802cde:	bf00      	nop
87802ce0:	000070c0 	andeq	r7, r0, r0, asr #1
87802ce4:	000070ae 	andeq	r7, r0, lr, lsr #1

87802ce8 <default_handler>:
87802ce8:	4770      	bx	lr
87802cea:	bf00      	nop

87802cec <LCD_PixelClock_Init>:
87802cec:	f44f 4c00 	mov.w	ip, #32768	@ 0x8000
87802cf0:	f2c0 2c0c 	movt	ip, #524	@ 0x20c
87802cf4:	2300      	movs	r3, #0
87802cf6:	ea40 1001 	orr.w	r0, r0, r1, lsl #4
87802cfa:	ea40 2002 	orr.w	r0, r0, r2, lsl #8
87802cfe:	3901      	subs	r1, #1
87802d00:	f8cc 30b0 	str.w	r3, [ip, #176]	@ 0xb0
87802d04:	f440 1081 	orr.w	r0, r0, #1056768	@ 0x102000
87802d08:	f8cc 30c0 	str.w	r3, [ip, #192]	@ 0xc0
87802d0c:	3a01      	subs	r2, #1
87802d0e:	f8dc 30a0 	ldr.w	r3, [ip, #160]	@ 0xa0
87802d12:	4318      	orrs	r0, r3
87802d14:	f8cc 00a0 	str.w	r0, [ip, #160]	@ 0xa0
87802d18:	f44f 4380 	mov.w	r3, #16384	@ 0x4000
87802d1c:	f2c0 230c 	movt	r3, #524	@ 0x20c
87802d20:	f8dc 0170 	ldr.w	r0, [ip, #368]	@ 0x170
87802d24:	f020 4040 	bic.w	r0, r0, #3221225472	@ 0xc0000000
87802d28:	f8cc 0170 	str.w	r0, [ip, #368]	@ 0x170
87802d2c:	6b98      	ldr	r0, [r3, #56]	@ 0x38
87802d2e:	f420 3060 	bic.w	r0, r0, #229376	@ 0x38000
87802d32:	6398      	str	r0, [r3, #56]	@ 0x38
87802d34:	6b98      	ldr	r0, [r3, #56]	@ 0x38
87802d36:	f440 3080 	orr.w	r0, r0, #65536	@ 0x10000
87802d3a:	6398      	str	r0, [r3, #56]	@ 0x38
87802d3c:	6b98      	ldr	r0, [r3, #56]	@ 0x38
87802d3e:	f420 40e0 	bic.w	r0, r0, #28672	@ 0x7000
87802d42:	6398      	str	r0, [r3, #56]	@ 0x38
87802d44:	6b98      	ldr	r0, [r3, #56]	@ 0x38
87802d46:	ea40 3101 	orr.w	r1, r0, r1, lsl #12
87802d4a:	6399      	str	r1, [r3, #56]	@ 0x38
87802d4c:	6999      	ldr	r1, [r3, #24]
87802d4e:	f021 7160 	bic.w	r1, r1, #58720256	@ 0x3800000
87802d52:	6199      	str	r1, [r3, #24]
87802d54:	6999      	ldr	r1, [r3, #24]
87802d56:	ea41 52c2 	orr.w	r2, r1, r2, lsl #23
87802d5a:	619a      	str	r2, [r3, #24]
87802d5c:	6b9a      	ldr	r2, [r3, #56]	@ 0x38
87802d5e:	f422 6260 	bic.w	r2, r2, #3584	@ 0xe00
87802d62:	639a      	str	r2, [r3, #56]	@ 0x38
87802d64:	6b9a      	ldr	r2, [r3, #56]	@ 0x38
87802d66:	639a      	str	r2, [r3, #56]	@ 0x38
87802d68:	4770      	bx	lr
87802d6a:	bf00      	nop

87802d6c <LCD_Read_PanelID>:
87802d6c:	b570      	push	{r4, r5, r6, lr}
87802d6e:	2400      	movs	r4, #0
87802d70:	f2c0 240e 	movt	r4, #526	@ 0x20e
87802d74:	b084      	sub	sp, #16
87802d76:	2605      	movs	r6, #5
87802d78:	2301      	movs	r3, #1
87802d7a:	aa01      	add	r2, sp, #4
87802d7c:	2103      	movs	r1, #3
87802d7e:	f44f 4080 	mov.w	r0, #16384	@ 0x4000
87802d82:	f2c0 200a 	movt	r0, #522	@ 0x20a
87802d86:	9301      	str	r3, [sp, #4]
87802d88:	f88d 3008 	strb.w	r3, [sp, #8]
87802d8c:	f241 03b0 	movw	r3, #4272	@ 0x10b0
87802d90:	f8c4 6110 	str.w	r6, [r4, #272]	@ 0x110
87802d94:	f8c4 339c 	str.w	r3, [r4, #924]	@ 0x39c
87802d98:	f7ff fd92 	bl	878028c0 <gpio_init>
87802d9c:	2380      	movs	r3, #128	@ 0x80
87802d9e:	f8c4 6134 	str.w	r6, [r4, #308]	@ 0x134
87802da2:	aa01      	add	r2, sp, #4
87802da4:	f8c4 6154 	str.w	r6, [r4, #340]	@ 0x154
87802da8:	210c      	movs	r1, #12
87802daa:	f8c4 6174 	str.w	r6, [r4, #372]	@ 0x174
87802dae:	f44f 4080 	mov.w	r0, #16384	@ 0x4000
87802db2:	f2c0 200a 	movt	r0, #522	@ 0x20a
87802db6:	f8c4 33c0 	str.w	r3, [r4, #960]	@ 0x3c0
87802dba:	f8c4 33e0 	str.w	r3, [r4, #992]	@ 0x3e0
87802dbe:	f8c4 3400 	str.w	r3, [r4, #1024]	@ 0x400
87802dc2:	2400      	movs	r4, #0
87802dc4:	9401      	str	r4, [sp, #4]
87802dc6:	f7ff fd7b 	bl	878028c0 <gpio_init>
87802dca:	aa01      	add	r2, sp, #4
87802dcc:	2114      	movs	r1, #20
87802dce:	f44f 4080 	mov.w	r0, #16384	@ 0x4000
87802dd2:	f2c0 200a 	movt	r0, #522	@ 0x20a
87802dd6:	f7ff fd73 	bl	878028c0 <gpio_init>
87802dda:	aa01      	add	r2, sp, #4
87802ddc:	211c      	movs	r1, #28
87802dde:	f44f 4080 	mov.w	r0, #16384	@ 0x4000
87802de2:	f2c0 200a 	movt	r0, #522	@ 0x20a
87802de6:	f7ff fd6b 	bl	878028c0 <gpio_init>
87802dea:	211c      	movs	r1, #28
87802dec:	f44f 4080 	mov.w	r0, #16384	@ 0x4000
87802df0:	f2c0 200a 	movt	r0, #522	@ 0x20a
87802df4:	f7ff fd02 	bl	878027fc <gpio_pinread>
87802df8:	2114      	movs	r1, #20
87802dfa:	b2c5      	uxtb	r5, r0
87802dfc:	f44f 4080 	mov.w	r0, #16384	@ 0x4000
87802e00:	f2c0 200a 	movt	r0, #522	@ 0x20a
87802e04:	f7ff fcfa 	bl	878027fc <gpio_pinread>
87802e08:	4606      	mov	r6, r0
87802e0a:	211c      	movs	r1, #28
87802e0c:	f44f 4080 	mov.w	r0, #16384	@ 0x4000
87802e10:	f2c0 200a 	movt	r0, #522	@ 0x20a
87802e14:	f7ff fcf2 	bl	878027fc <gpio_pinread>
87802e18:	0073      	lsls	r3, r6, #1
87802e1a:	0082      	lsls	r2, r0, #2
87802e1c:	f403 73ff 	and.w	r3, r3, #510	@ 0x1fe
87802e20:	f402 727f 	and.w	r2, r2, #1020	@ 0x3fc
87802e24:	4313      	orrs	r3, r2
87802e26:	432b      	orrs	r3, r5
87802e28:	2b05      	cmp	r3, #5
87802e2a:	bf88      	it	hi
87802e2c:	4620      	movhi	r0, r4
87802e2e:	d803      	bhi.n	87802e38 <LCD_Read_PanelID+0xcc>
87802e30:	4a02      	ldr	r2, [pc, #8]	@ (87802e3c <LCD_Read_PanelID+0xd0>)
87802e32:	447a      	add	r2, pc
87802e34:	f832 0013 	ldrh.w	r0, [r2, r3, lsl #1]
87802e38:	b004      	add	sp, #16
87802e3a:	bd70      	pop	{r4, r5, r6, pc}
87802e3c:	00001ea2 	andeq	r1, r0, r2, lsr #29

87802e40 <LCD_GPIO_Init>:
87802e40:	b510      	push	{r4, lr}
87802e42:	2300      	movs	r3, #0
87802e44:	f2c0 230e 	movt	r3, #526	@ 0x20e
87802e48:	b086      	sub	sp, #24
87802e4a:	2200      	movs	r2, #0
87802e4c:	21b9      	movs	r1, #185	@ 0xb9
87802e4e:	2405      	movs	r4, #5
87802e50:	f8c3 2118 	str.w	r2, [r3, #280]	@ 0x118
87802e54:	f44f 4040 	mov.w	r0, #49152	@ 0xc000
87802e58:	f2c0 2009 	movt	r0, #521	@ 0x209
87802e5c:	f8c3 211c 	str.w	r2, [r3, #284]	@ 0x11c
87802e60:	f8c3 2120 	str.w	r2, [r3, #288]	@ 0x120
87802e64:	f8c3 2124 	str.w	r2, [r3, #292]	@ 0x124
87802e68:	f8c3 2108 	str.w	r2, [r3, #264]	@ 0x108
87802e6c:	f8c3 210c 	str.w	r2, [r3, #268]	@ 0x10c
87802e70:	f8c3 25dc 	str.w	r2, [r3, #1500]	@ 0x5dc
87802e74:	f8c3 2110 	str.w	r2, [r3, #272]	@ 0x110
87802e78:	aa03      	add	r2, sp, #12
87802e7a:	67dc      	str	r4, [r3, #124]	@ 0x7c
87802e7c:	2401      	movs	r4, #1
87802e7e:	f8c3 13a4 	str.w	r1, [r3, #932]	@ 0x3a4
87802e82:	f8c3 13a8 	str.w	r1, [r3, #936]	@ 0x3a8
87802e86:	f8c3 1390 	str.w	r1, [r3, #912]	@ 0x390
87802e8a:	f8c3 1394 	str.w	r1, [r3, #916]	@ 0x394
87802e8e:	f8c3 1398 	str.w	r1, [r3, #920]	@ 0x398
87802e92:	f8c3 139c 	str.w	r1, [r3, #924]	@ 0x39c
87802e96:	f8c3 1308 	str.w	r1, [r3, #776]	@ 0x308
87802e9a:	2108      	movs	r1, #8
87802e9c:	9001      	str	r0, [sp, #4]
87802e9e:	9403      	str	r4, [sp, #12]
87802ea0:	f88d 4010 	strb.w	r4, [sp, #16]
87802ea4:	f7ff fd0c 	bl	878028c0 <gpio_init>
87802ea8:	9801      	ldr	r0, [sp, #4]
87802eaa:	4622      	mov	r2, r4
87802eac:	2108      	movs	r1, #8
87802eae:	f7ff fc99 	bl	878027e4 <gpio_pinwrite>
87802eb2:	b006      	add	sp, #24
87802eb4:	bd10      	pop	{r4, pc}
87802eb6:	bf00      	nop

87802eb8 <LCD_Init>:
87802eb8:	e92d 47f0 	stmdb	sp!, {r4, r5, r6, r7, r8, r9, sl, lr}
87802ebc:	f44f 4400 	mov.w	r4, #32768	@ 0x8000
87802ec0:	f2c0 241c 	movt	r4, #540	@ 0x21c
87802ec4:	f7ff ff52 	bl	87802d6c <LCD_Read_PanelID>
87802ec8:	4601      	mov	r1, r0
87802eca:	4605      	mov	r5, r0
87802ecc:	4857      	ldr	r0, [pc, #348]	@ (8780302c <LCD_Init+0x174>)
87802ece:	4478      	add	r0, pc
87802ed0:	f7fd faba 	bl	87800448 <printf>
87802ed4:	f7ff ffb4 	bl	87802e40 <LCD_GPIO_Init>
87802ed8:	6823      	ldr	r3, [r4, #0]
87802eda:	2064      	movs	r0, #100	@ 0x64
87802edc:	f043 4300 	orr.w	r3, r3, #2147483648	@ 0x80000000
87802ee0:	6023      	str	r3, [r4, #0]
87802ee2:	f7ff fb91 	bl	87802608 <Delay_ms>
87802ee6:	6823      	ldr	r3, [r4, #0]
87802ee8:	f244 3242 	movw	r2, #17218	@ 0x4342
87802eec:	4295      	cmp	r5, r2
87802eee:	f023 4300 	bic.w	r3, r3, #2147483648	@ 0x80000000
87802ef2:	6023      	str	r3, [r4, #0]
87802ef4:	d06b      	beq.n	87802fce <LCD_Init+0x116>
87802ef6:	4b4e      	ldr	r3, [pc, #312]	@ (87803030 <LCD_Init+0x178>)
87802ef8:	447b      	add	r3, pc
87802efa:	f8b3 8002 	ldrh.w	r8, [r3, #2]
87802efe:	8999      	ldrh	r1, [r3, #12]
87802f00:	f8b3 e00e 	ldrh.w	lr, [r3, #14]
87802f04:	8a1e      	ldrh	r6, [r3, #16]
87802f06:	88df      	ldrh	r7, [r3, #6]
87802f08:	891a      	ldrh	r2, [r3, #8]
87802f0a:	440e      	add	r6, r1
87802f0c:	f8b3 9000 	ldrh.w	r9, [r3]
87802f10:	eb08 0e4e 	add.w	lr, r8, lr, lsl #1
87802f14:	443a      	add	r2, r7
87802f16:	895b      	ldrh	r3, [r3, #10]
87802f18:	448e      	add	lr, r1
87802f1a:	eb02 4606 	add.w	r6, r2, r6, lsl #16
87802f1e:	444a      	add	r2, r9
87802f20:	eb0e 4e81 	add.w	lr, lr, r1, lsl #18
87802f24:	ea48 4909 	orr.w	r9, r8, r9, lsl #16
87802f28:	eb02 0a03 	add.w	sl, r2, r3
87802f2c:	f448 2880 	orr.w	r8, r8, #262144	@ 0x40000
87802f30:	4d40      	ldr	r5, [pc, #256]	@ (87803034 <LCD_Init+0x17c>)
87802f32:	f44f 4200 	mov.w	r2, #32768	@ 0x8000
87802f36:	f2c0 221c 	movt	r2, #540	@ 0x21c
87802f3a:	2100      	movs	r1, #0
87802f3c:	447d      	add	r5, pc
87802f3e:	f04f 4309 	mov.w	r3, #2298478592	@ 0x89000000
87802f42:	2004      	movs	r0, #4
87802f44:	f04f 14ff 	mov.w	r4, #16711935	@ 0xff00ff
87802f48:	7128      	strb	r0, [r5, #4]
87802f4a:	f640 7021 	movw	r0, #3873	@ 0xf21
87802f4e:	f2c0 000a 	movt	r0, #10
87802f52:	61e9      	str	r1, [r5, #28]
87802f54:	616b      	str	r3, [r5, #20]
87802f56:	61ac      	str	r4, [r5, #24]
87802f58:	6011      	str	r1, [r2, #0]
87802f5a:	f8d2 c000 	ldr.w	ip, [r2]
87802f5e:	ea4c 0000 	orr.w	r0, ip, r0
87802f62:	6010      	str	r0, [r2, #0]
87802f64:	6111      	str	r1, [r2, #16]
87802f66:	2014      	movs	r0, #20
87802f68:	f8d2 c010 	ldr.w	ip, [r2, #16]
87802f6c:	f44c 2ce0 	orr.w	ip, ip, #458752	@ 0x70000
87802f70:	f8c2 c010 	str.w	ip, [r2, #16]
87802f74:	6311      	str	r1, [r2, #48]	@ 0x30
87802f76:	f8d2 c030 	ldr.w	ip, [r2, #48]	@ 0x30
87802f7a:	ea4c 0909 	orr.w	r9, ip, r9
87802f7e:	f8c2 9030 	str.w	r9, [r2, #48]	@ 0x30
87802f82:	6711      	str	r1, [r2, #112]	@ 0x70
87802f84:	6f11      	ldr	r1, [r2, #112]	@ 0x70
87802f86:	4339      	orrs	r1, r7
87802f88:	f041 5199 	orr.w	r1, r1, #320864256	@ 0x13200000
87802f8c:	6711      	str	r1, [r2, #112]	@ 0x70
87802f8e:	f8c2 a080 	str.w	sl, [r2, #128]	@ 0x80
87802f92:	f8c2 e090 	str.w	lr, [r2, #144]	@ 0x90
87802f96:	f8c2 60a0 	str.w	r6, [r2, #160]	@ 0xa0
87802f9a:	f8c2 80b0 	str.w	r8, [r2, #176]	@ 0xb0
87802f9e:	6413      	str	r3, [r2, #64]	@ 0x40
87802fa0:	6513      	str	r3, [r2, #80]	@ 0x50
87802fa2:	6811      	ldr	r1, [r2, #0]
87802fa4:	f041 0101 	orr.w	r1, r1, #1
87802fa8:	6011      	str	r1, [r2, #0]
87802faa:	f7ff fb2d 	bl	87802608 <Delay_ms>
87802fae:	886a      	ldrh	r2, [r5, #2]
87802fb0:	8829      	ldrh	r1, [r5, #0]
87802fb2:	fb01 f202 	mul.w	r2, r1, r2
87802fb6:	b142      	cbz	r2, 87802fca <LCD_Init+0x112>
87802fb8:	f1a2 52ee 	sub.w	r2, r2, #499122176	@ 0x1dc00000
87802fbc:	f04f 4309 	mov.w	r3, #2298478592	@ 0x89000000
87802fc0:	0092      	lsls	r2, r2, #2
87802fc2:	f843 4b04 	str.w	r4, [r3], #4
87802fc6:	429a      	cmp	r2, r3
87802fc8:	d1fb      	bne.n	87802fc2 <LCD_Init+0x10a>
87802fca:	e8bd 87f0 	ldmia.w	sp!, {r4, r5, r6, r7, r8, r9, sl, pc}
87802fce:	4b1a      	ldr	r3, [pc, #104]	@ (87803038 <LCD_Init+0x180>)
87802fd0:	2208      	movs	r2, #8
87802fd2:	4611      	mov	r1, r2
87802fd4:	201b      	movs	r0, #27
87802fd6:	447b      	add	r3, pc
87802fd8:	f44f 7488 	mov.w	r4, #272	@ 0x110
87802fdc:	f2c0 14e0 	movt	r4, #480	@ 0x1e0
87802fe0:	f44f 78f0 	mov.w	r8, #480	@ 0x1e0
87802fe4:	f2c0 0804 	movt	r8, #4
87802fe8:	2609      	movs	r6, #9
87802fea:	f2c0 0629 	movt	r6, #41	@ 0x29
87802fee:	601c      	str	r4, [r3, #0]
87802ff0:	2401      	movs	r4, #1
87802ff2:	f2c0 0408 	movt	r4, #8
87802ff6:	f8c3 4006 	str.w	r4, [r3, #6]
87802ffa:	4614      	mov	r4, r2
87802ffc:	f2c0 0401 	movt	r4, #1
87803000:	f44f 79f0 	mov.w	r9, #480	@ 0x1e0
87803004:	f2c0 1910 	movt	r9, #272	@ 0x110
87803008:	f8c3 400a 	str.w	r4, [r3, #10]
8780300c:	2701      	movs	r7, #1
8780300e:	2405      	movs	r4, #5
87803010:	f2c0 0428 	movt	r4, #40	@ 0x28
87803014:	f240 1a21 	movw	sl, #289	@ 0x121
87803018:	f8c3 400e 	str.w	r4, [r3, #14]
8780301c:	f7ff fe66 	bl	87802cec <LCD_PixelClock_Init>
87803020:	f240 1eeb 	movw	lr, #491	@ 0x1eb
87803024:	f2c0 0e04 	movt	lr, #4
87803028:	e782      	b.n	87802f30 <LCD_Init+0x78>
8780302a:	bf00      	nop
8780302c:	00001dbe 			@ <UNDEFINED> instruction: 0x00001dbe
87803030:	00007374 	andeq	r7, r0, r4, ror r3
87803034:	00007330 	andeq	r7, r0, r0, lsr r3
87803038:	00007296 	muleq	r0, r6, r2

8780303c <LCD_Reset>:
8780303c:	f44f 4300 	mov.w	r3, #32768	@ 0x8000
87803040:	f2c0 231c 	movt	r3, #540	@ 0x21c
87803044:	681a      	ldr	r2, [r3, #0]
87803046:	f042 4200 	orr.w	r2, r2, #2147483648	@ 0x80000000
8780304a:	601a      	str	r2, [r3, #0]
8780304c:	4770      	bx	lr
8780304e:	bf00      	nop

87803050 <LCD_Reset_Stop>:
87803050:	f44f 4300 	mov.w	r3, #32768	@ 0x8000
87803054:	f2c0 231c 	movt	r3, #540	@ 0x21c
87803058:	681a      	ldr	r2, [r3, #0]
8780305a:	f022 4200 	bic.w	r2, r2, #2147483648	@ 0x80000000
8780305e:	601a      	str	r2, [r3, #0]
87803060:	4770      	bx	lr
87803062:	bf00      	nop

87803064 <LCD_Enable>:
87803064:	f44f 4300 	mov.w	r3, #32768	@ 0x8000
87803068:	f2c0 231c 	movt	r3, #540	@ 0x21c
8780306c:	681a      	ldr	r2, [r3, #0]
8780306e:	f042 0201 	orr.w	r2, r2, #1
87803072:	601a      	str	r2, [r3, #0]
87803074:	4770      	bx	lr
87803076:	bf00      	nop

87803078 <LCD_Clear>:
87803078:	4b08      	ldr	r3, [pc, #32]	@ (8780309c <LCD_Clear+0x24>)
8780307a:	447b      	add	r3, pc
8780307c:	885a      	ldrh	r2, [r3, #2]
8780307e:	881b      	ldrh	r3, [r3, #0]
87803080:	fb03 f202 	mul.w	r2, r3, r2
87803084:	b142      	cbz	r2, 87803098 <LCD_Clear+0x20>
87803086:	f1a2 52ee 	sub.w	r2, r2, #499122176	@ 0x1dc00000
8780308a:	f04f 4309 	mov.w	r3, #2298478592	@ 0x89000000
8780308e:	0092      	lsls	r2, r2, #2
87803090:	f843 0b04 	str.w	r0, [r3], #4
87803094:	4293      	cmp	r3, r2
87803096:	d1fb      	bne.n	87803090 <LCD_Clear+0x18>
87803098:	4770      	bx	lr
8780309a:	bf00      	nop
8780309c:	000071f2 	strdeq	r7, [r0], -r2

878030a0 <LCD_DrawLine>:
878030a0:	e92d 4ff0 	stmdb	sp!, {r4, r5, r6, r7, r8, r9, sl, fp, lr}
878030a4:	1a16      	subs	r6, r2, r0
878030a6:	4d49      	ldr	r5, [pc, #292]	@ (878031cc <LCD_DrawLine+0x12c>)
878030a8:	b085      	sub	sp, #20
878030aa:	1a5f      	subs	r7, r3, r1
878030ac:	447d      	add	r5, pc
878030ae:	2e00      	cmp	r6, #0
878030b0:	dd4e      	ble.n	87803150 <LCD_DrawLine+0xb0>
878030b2:	2f00      	cmp	r7, #0
878030b4:	bfc8      	it	gt
878030b6:	f04f 0901 	movgt.w	r9, #1
878030ba:	dd3f      	ble.n	8780313c <LCD_DrawLine+0x9c>
878030bc:	42b7      	cmp	r7, r6
878030be:	463c      	mov	r4, r7
878030c0:	f04f 0801 	mov.w	r8, #1
878030c4:	bfb8      	it	lt
878030c6:	4634      	movlt	r4, r6
878030c8:	eb04 0a08 	add.w	sl, r4, r8
878030cc:	4b40      	ldr	r3, [pc, #256]	@ (878031d0 <LCD_DrawLine+0x130>)
878030ce:	58ed      	ldr	r5, [r5, r3]
878030d0:	2300      	movs	r3, #0
878030d2:	469e      	mov	lr, r3
878030d4:	e9cd 6702 	strd	r6, r7, [sp, #8]
878030d8:	792a      	ldrb	r2, [r5, #4]
878030da:	9200      	str	r2, [sp, #0]
878030dc:	886a      	ldrh	r2, [r5, #2]
878030de:	9201      	str	r2, [sp, #4]
878030e0:	461a      	mov	r2, r3
878030e2:	9e02      	ldr	r6, [sp, #8]
878030e4:	fa1f fb81 	uxth.w	fp, r1
878030e8:	fa1f fc80 	uxth.w	ip, r0
878030ec:	f10e 0e01 	add.w	lr, lr, #1
878030f0:	4432      	add	r2, r6
878030f2:	9e03      	ldr	r6, [sp, #12]
878030f4:	42a2      	cmp	r2, r4
878030f6:	fa1f fe8e 	uxth.w	lr, lr
878030fa:	4433      	add	r3, r6
878030fc:	9e01      	ldr	r6, [sp, #4]
878030fe:	fb06 cc0b 	mla	ip, r6, fp, ip
87803102:	9e00      	ldr	r6, [sp, #0]
87803104:	eba2 0b04 	sub.w	fp, r2, r4
87803108:	bfc8      	it	gt
8780310a:	465a      	movgt	r2, fp
8780310c:	eb00 0b09 	add.w	fp, r0, r9
87803110:	bfc8      	it	gt
87803112:	4658      	movgt	r0, fp
87803114:	42a3      	cmp	r3, r4
87803116:	fb06 fc0c 	mul.w	ip, r6, ip
8780311a:	e9d5 6705 	ldrd	r6, r7, [r5, #20]
8780311e:	f84c 7006 	str.w	r7, [ip, r6]
87803122:	eba3 0c04 	sub.w	ip, r3, r4
87803126:	bfc8      	it	gt
87803128:	4663      	movgt	r3, ip
8780312a:	eb01 0c08 	add.w	ip, r1, r8
8780312e:	bfc8      	it	gt
87803130:	4661      	movgt	r1, ip
87803132:	45f2      	cmp	sl, lr
87803134:	dad5      	bge.n	878030e2 <LCD_DrawLine+0x42>
87803136:	b005      	add	sp, #20
87803138:	e8bd 8ff0 	ldmia.w	sp!, {r4, r5, r6, r7, r8, r9, sl, fp, pc}
8780313c:	d123      	bne.n	87803186 <LCD_DrawLine+0xe6>
8780313e:	f106 0a01 	add.w	sl, r6, #1
87803142:	4634      	mov	r4, r6
87803144:	f04f 0901 	mov.w	r9, #1
87803148:	f04f 0800 	mov.w	r8, #0
8780314c:	4647      	mov	r7, r8
8780314e:	e7bd      	b.n	878030cc <LCD_DrawLine+0x2c>
87803150:	d109      	bne.n	87803166 <LCD_DrawLine+0xc6>
87803152:	2f00      	cmp	r7, #0
87803154:	bfc8      	it	gt
87803156:	46b1      	movgt	r9, r6
87803158:	dcb0      	bgt.n	878030bc <LCD_DrawLine+0x1c>
8780315a:	d12d      	bne.n	878031b8 <LCD_DrawLine+0x118>
8780315c:	4634      	mov	r4, r6
8780315e:	46b1      	mov	r9, r6
87803160:	f04f 0a01 	mov.w	sl, #1
87803164:	e7f0      	b.n	87803148 <LCD_DrawLine+0xa8>
87803166:	2f00      	cmp	r7, #0
87803168:	eba0 0602 	sub.w	r6, r0, r2
8780316c:	bfc8      	it	gt
8780316e:	f04f 39ff 	movgt.w	r9, #4294967295	@ 0xffffffff
87803172:	dca3      	bgt.n	878030bc <LCD_DrawLine+0x1c>
87803174:	d113      	bne.n	8780319e <LCD_DrawLine+0xfe>
87803176:	ea26 74e6 	bic.w	r4, r6, r6, asr #31
8780317a:	46b8      	mov	r8, r7
8780317c:	f104 0a01 	add.w	sl, r4, #1
87803180:	f04f 39ff 	mov.w	r9, #4294967295	@ 0xffffffff
87803184:	e7a2      	b.n	878030cc <LCD_DrawLine+0x2c>
87803186:	1acf      	subs	r7, r1, r3
87803188:	4634      	mov	r4, r6
8780318a:	42be      	cmp	r6, r7
8780318c:	f04f 0901 	mov.w	r9, #1
87803190:	bfb8      	it	lt
87803192:	463c      	movlt	r4, r7
87803194:	f04f 38ff 	mov.w	r8, #4294967295	@ 0xffffffff
87803198:	eb04 0a09 	add.w	sl, r4, r9
8780319c:	e796      	b.n	878030cc <LCD_DrawLine+0x2c>
8780319e:	1acf      	subs	r7, r1, r3
878031a0:	4634      	mov	r4, r6
878031a2:	42be      	cmp	r6, r7
878031a4:	bfb8      	it	lt
878031a6:	463c      	movlt	r4, r7
878031a8:	1c63      	adds	r3, r4, #1
878031aa:	dbc4      	blt.n	87803136 <LCD_DrawLine+0x96>
878031ac:	f04f 38ff 	mov.w	r8, #4294967295	@ 0xffffffff
878031b0:	f104 0a01 	add.w	sl, r4, #1
878031b4:	46c1      	mov	r9, r8
878031b6:	e789      	b.n	878030cc <LCD_DrawLine+0x2c>
878031b8:	1acf      	subs	r7, r1, r3
878031ba:	46b1      	mov	r9, r6
878031bc:	f04f 38ff 	mov.w	r8, #4294967295	@ 0xffffffff
878031c0:	ea27 74e7 	bic.w	r4, r7, r7, asr #31
878031c4:	f104 0a01 	add.w	sl, r4, #1
878031c8:	e780      	b.n	878030cc <LCD_DrawLine+0x2c>
878031ca:	bf00      	nop
878031cc:	ffffcf50 			@ <UNDEFINED> instruction: 0xffffcf50
878031d0:	00000184 	andeq	r0, r0, r4, lsl #3

878031d4 <LCD_DrawRectangle>:
878031d4:	e92d 41f0 	stmdb	sp!, {r4, r5, r6, r7, r8, lr}
878031d8:	461c      	mov	r4, r3
878031da:	4606      	mov	r6, r0
878031dc:	460d      	mov	r5, r1
878031de:	460b      	mov	r3, r1
878031e0:	4617      	mov	r7, r2
878031e2:	f7ff ff5d 	bl	878030a0 <LCD_DrawLine>
878031e6:	4623      	mov	r3, r4
878031e8:	4632      	mov	r2, r6
878031ea:	4629      	mov	r1, r5
878031ec:	4630      	mov	r0, r6
878031ee:	f7ff ff57 	bl	878030a0 <LCD_DrawLine>
878031f2:	4623      	mov	r3, r4
878031f4:	463a      	mov	r2, r7
878031f6:	4621      	mov	r1, r4
878031f8:	4630      	mov	r0, r6
878031fa:	f7ff ff51 	bl	878030a0 <LCD_DrawLine>
878031fe:	4623      	mov	r3, r4
87803200:	463a      	mov	r2, r7
87803202:	4629      	mov	r1, r5
87803204:	4638      	mov	r0, r7
87803206:	e8bd 41f0 	ldmia.w	sp!, {r4, r5, r6, r7, r8, lr}
8780320a:	f7ff bf49 	b.w	878030a0 <LCD_DrawLine>
8780320e:	bf00      	nop

87803210 <LCD_Draw_Circle>:
87803210:	e92d 4ff0 	stmdb	sp!, {r4, r5, r6, r7, r8, r9, sl, fp, lr}
87803214:	4b43      	ldr	r3, [pc, #268]	@ (87803324 <LCD_Draw_Circle+0x114>)
87803216:	b087      	sub	sp, #28
87803218:	447b      	add	r3, pc
8780321a:	9100      	str	r1, [sp, #0]
8780321c:	2a00      	cmp	r2, #0
8780321e:	d07e      	beq.n	8780331e <LCD_Draw_Circle+0x10e>
87803220:	f1c2 0701 	rsb	r7, r2, #1
87803224:	4693      	mov	fp, r2
87803226:	4a40      	ldr	r2, [pc, #256]	@ (87803328 <LCD_Draw_Circle+0x118>)
87803228:	4681      	mov	r9, r0
8780322a:	2000      	movs	r0, #0
8780322c:	5899      	ldr	r1, [r3, r2]
8780322e:	9701      	str	r7, [sp, #4]
87803230:	790d      	ldrb	r5, [r1, #4]
87803232:	f8b1 8002 	ldrh.w	r8, [r1, #2]
87803236:	9b00      	ldr	r3, [sp, #0]
87803238:	eba0 0c0b 	sub.w	ip, r0, fp
8780323c:	698e      	ldr	r6, [r1, #24]
8780323e:	eb09 0400 	add.w	r4, r9, r0
87803242:	eb03 020b 	add.w	r2, r3, fp
87803246:	9602      	str	r6, [sp, #8]
87803248:	9e01      	ldr	r6, [sp, #4]
8780324a:	4403      	add	r3, r0
8780324c:	b292      	uxth	r2, r2
8780324e:	b29b      	uxth	r3, r3
87803250:	eb06 0740 	add.w	r7, r6, r0, lsl #1
87803254:	9705      	str	r7, [sp, #20]
87803256:	eb06 074c 	add.w	r7, r6, ip, lsl #1
8780325a:	9e00      	ldr	r6, [sp, #0]
8780325c:	fb08 f202 	mul.w	r2, r8, r2
87803260:	eba9 0c00 	sub.w	ip, r9, r0
87803264:	eba6 0e0b 	sub.w	lr, r6, fp
87803268:	9704      	str	r7, [sp, #16]
8780326a:	694f      	ldr	r7, [r1, #20]
8780326c:	fb08 f303 	mul.w	r3, r8, r3
87803270:	fa12 fa84 	uxtah	sl, r2, r4
87803274:	fa1f fe8e 	uxth.w	lr, lr
87803278:	9e02      	ldr	r6, [sp, #8]
8780327a:	fa12 f28c 	uxtah	r2, r2, ip
8780327e:	fb08 fe0e 	mul.w	lr, r8, lr
87803282:	fb05 fa0a 	mul.w	sl, r5, sl
87803286:	fb05 f202 	mul.w	r2, r5, r2
8780328a:	fa1e fc8c 	uxtah	ip, lr, ip
8780328e:	9203      	str	r2, [sp, #12]
87803290:	fa1e f484 	uxtah	r4, lr, r4
87803294:	eba9 0e0b 	sub.w	lr, r9, fp
87803298:	f84a 6007 	str.w	r6, [sl, r7]
8780329c:	eb09 060b 	add.w	r6, r9, fp
878032a0:	fb05 fa0c 	mul.w	sl, r5, ip
878032a4:	9f02      	ldr	r7, [sp, #8]
878032a6:	fa13 fc86 	uxtah	ip, r3, r6
878032aa:	694a      	ldr	r2, [r1, #20]
878032ac:	fa13 f38e 	uxtah	r3, r3, lr
878032b0:	fb05 f404 	mul.w	r4, r5, r4
878032b4:	fb05 fc0c 	mul.w	ip, r5, ip
878032b8:	fb05 f303 	mul.w	r3, r5, r3
878032bc:	f84c 7002 	str.w	r7, [ip, r2]
878032c0:	9f03      	ldr	r7, [sp, #12]
878032c2:	e9d1 2c05 	ldrd	r2, ip, [r1, #20]
878032c6:	f847 c002 	str.w	ip, [r7, r2]
878032ca:	9a00      	ldr	r2, [sp, #0]
878032cc:	1a12      	subs	r2, r2, r0
878032ce:	3001      	adds	r0, #1
878032d0:	b292      	uxth	r2, r2
878032d2:	fb08 f202 	mul.w	r2, r8, r2
878032d6:	fa12 fe8e 	uxtah	lr, r2, lr
878032da:	fa12 f686 	uxtah	r6, r2, r6
878032de:	694a      	ldr	r2, [r1, #20]
878032e0:	fb05 fe0e 	mul.w	lr, r5, lr
878032e4:	f843 c002 	str.w	ip, [r3, r2]
878032e8:	fb05 f606 	mul.w	r6, r5, r6
878032ec:	e9d1 3205 	ldrd	r3, r2, [r1, #20]
878032f0:	f84a 2003 	str.w	r2, [sl, r3]
878032f4:	694b      	ldr	r3, [r1, #20]
878032f6:	f84e 2003 	str.w	r2, [lr, r3]
878032fa:	e9d1 3205 	ldrd	r3, r2, [r1, #20]
878032fe:	50e2      	str	r2, [r4, r3]
87803300:	694b      	ldr	r3, [r1, #20]
87803302:	50f2      	str	r2, [r6, r3]
87803304:	9e01      	ldr	r6, [sp, #4]
87803306:	2e00      	cmp	r6, #0
87803308:	bfab      	itete	ge
8780330a:	f10b 3bff 	addge.w	fp, fp, #4294967295	@ 0xffffffff
8780330e:	9f05      	ldrlt	r7, [sp, #20]
87803310:	9f04      	ldrge	r7, [sp, #16]
87803312:	3703      	addlt	r7, #3
87803314:	bfa8      	it	ge
87803316:	3705      	addge	r7, #5
87803318:	4583      	cmp	fp, r0
8780331a:	9701      	str	r7, [sp, #4]
8780331c:	dc8b      	bgt.n	87803236 <LCD_Draw_Circle+0x26>
8780331e:	b007      	add	sp, #28
87803320:	e8bd 8ff0 	ldmia.w	sp!, {r4, r5, r6, r7, r8, r9, sl, fp, pc}
87803324:	ffffcde4 			@ <UNDEFINED> instruction: 0xffffcde4
87803328:	00000184 	andeq	r0, r0, r4, lsl #3

8780332c <LCD_ShowChar>:
8780332c:	e92d 4ff0 	stmdb	sp!, {r4, r5, r6, r7, r8, r9, sl, fp, lr}
87803330:	461c      	mov	r4, r3
87803332:	f013 0307 	ands.w	r3, r3, #7
87803336:	b089      	sub	sp, #36	@ 0x24
87803338:	bf18      	it	ne
8780333a:	2301      	movne	r3, #1
8780333c:	468b      	mov	fp, r1
8780333e:	eb03 03d4 	add.w	r3, r3, r4, lsr #3
87803342:	9106      	str	r1, [sp, #24]
87803344:	0861      	lsrs	r1, r4, #1
87803346:	f89d 7048 	ldrb.w	r7, [sp, #72]	@ 0x48
8780334a:	fb13 f301 	smulbb	r3, r3, r1
8780334e:	494b      	ldr	r1, [pc, #300]	@ (8780347c <LCD_ShowChar+0x150>)
87803350:	f013 03ff 	ands.w	r3, r3, #255	@ 0xff
87803354:	4479      	add	r1, pc
87803356:	d042      	beq.n	878033de <LCD_ShowChar+0xb2>
87803358:	4d49      	ldr	r5, [pc, #292]	@ (87803480 <LCD_ShowChar+0x154>)
8780335a:	3a20      	subs	r2, #32
8780335c:	4e49      	ldr	r6, [pc, #292]	@ (87803484 <LCD_ShowChar+0x158>)
8780335e:	b2d2      	uxtb	r2, r2
87803360:	447e      	add	r6, pc
87803362:	f851 e005 	ldr.w	lr, [r1, r5]
87803366:	210c      	movs	r1, #12
87803368:	2524      	movs	r5, #36	@ 0x24
8780336a:	fb01 6a02 	mla	sl, r1, r2, r6
8780336e:	f606 2164 	addw	r1, r6, #2660	@ 0xa64
87803372:	f206 4674 	addw	r6, r6, #1140	@ 0x474
87803376:	f89e 9004 	ldrb.w	r9, [lr, #4]
8780337a:	eb06 1602 	add.w	r6, r6, r2, lsl #4
8780337e:	f8be 8000 	ldrh.w	r8, [lr]
87803382:	4433      	add	r3, r6
87803384:	9307      	str	r3, [sp, #28]
87803386:	4b40      	ldr	r3, [pc, #256]	@ (87803488 <LCD_ShowChar+0x15c>)
87803388:	fb05 1502 	mla	r5, r5, r2, r1
8780338c:	9501      	str	r5, [sp, #4]
8780338e:	447b      	add	r3, pc
87803390:	eb03 13c2 	add.w	r3, r3, r2, lsl #7
87803394:	9302      	str	r3, [sp, #8]
87803396:	f8be 3002 	ldrh.w	r3, [lr, #2]
8780339a:	f1a4 020c 	sub.w	r2, r4, #12
8780339e:	9205      	str	r2, [sp, #20]
878033a0:	9905      	ldr	r1, [sp, #20]
878033a2:	2914      	cmp	r1, #20
878033a4:	d81b      	bhi.n	878033de <LCD_ShowChar+0xb2>
878033a6:	e8df f001 	tbb	[pc, r1]
878033aa:	1a1a1a5a 	bne	87e89d1a <__bss_end+0x67fa52>
878033ae:	1a1a1a57 	bne	87e89d12 <__bss_end+0x67fa4a>
878033b2:	1a1a1a1a 	bne	87e89c22 <__bss_end+0x67f95a>
878033b6:	1a1a1a53 	bne	87e89d0a <__bss_end+0x67fa42>
878033ba:	1a1a1a1a 	bne	87e89c2a <__bss_end+0x67f962>
878033be:	e9dd001d 	ldmib	sp, {r0, r2, r3, r4}^
878033c2:	a603      	add	r6, pc, #12	@ (adr r6, 878033d0 <LCD_ShowChar+0xa4>)
878033c4:	9f00      	ldr	r7, [sp, #0]
878033c6:	9a01      	ldr	r2, [sp, #4]
878033c8:	3601      	adds	r6, #1
878033ca:	f10a 0a01 	add.w	sl, sl, #1
878033ce:	3201      	adds	r2, #1
878033d0:	9201      	str	r2, [sp, #4]
878033d2:	9a02      	ldr	r2, [sp, #8]
878033d4:	3201      	adds	r2, #1
878033d6:	9202      	str	r2, [sp, #8]
878033d8:	9a07      	ldr	r2, [sp, #28]
878033da:	4296      	cmp	r6, r2
878033dc:	d1e0      	bne.n	878033a0 <LCD_ShowChar+0x74>
878033de:	b009      	add	sp, #36	@ 0x24
878033e0:	e8bd 8ff0 	ldmia.w	sp!, {r4, r5, r6, r7, r8, r9, sl, fp, pc}
878033e4:	9a02      	ldr	r2, [sp, #8]
878033e6:	7812      	ldrb	r2, [r2, #0]
878033e8:	9200      	str	r2, [sp, #0]
878033ea:	f10b 0501 	add.w	r5, fp, #1
878033ee:	9a06      	ldr	r2, [sp, #24]
878033f0:	f10b 0c08 	add.w	ip, fp, #8
878033f4:	f8cd a00c 	str.w	sl, [sp, #12]
878033f8:	b2a9      	uxth	r1, r5
878033fa:	9604      	str	r6, [sp, #16]
878033fc:	1a89      	subs	r1, r1, r2
878033fe:	fa1f fc8c 	uxth.w	ip, ip
87803402:	9a00      	ldr	r2, [sp, #0]
87803404:	9700      	str	r7, [sp, #0]
87803406:	e018      	b.n	8780343a <LCD_ShowChar+0x10e>
87803408:	9e00      	ldr	r6, [sp, #0]
8780340a:	fb03 0b0b 	mla	fp, r3, fp, r0
8780340e:	b93e      	cbnz	r6, 87803420 <LCD_ShowChar+0xf4>
87803410:	fb09 fb0b 	mul.w	fp, r9, fp
87803414:	f8de 6014 	ldr.w	r6, [lr, #20]
87803418:	f8de 701c 	ldr.w	r7, [lr, #28]
8780341c:	f84b 7006 	str.w	r7, [fp, r6]
87803420:	fa1f fb85 	uxth.w	fp, r5
87803424:	0052      	lsls	r2, r2, #1
87803426:	45d8      	cmp	r8, fp
87803428:	d9d9      	bls.n	878033de <LCD_ShowChar+0xb2>
8780342a:	428c      	cmp	r4, r1
8780342c:	d01b      	beq.n	87803466 <LCD_ShowChar+0x13a>
8780342e:	b2d2      	uxtb	r2, r2
87803430:	3101      	adds	r1, #1
87803432:	45dc      	cmp	ip, fp
87803434:	d0c4      	beq.n	878033c0 <LCD_ShowChar+0x94>
87803436:	f10b 0501 	add.w	r5, fp, #1
8780343a:	fb03 0a0b 	mla	sl, r3, fp, r0
8780343e:	0616      	lsls	r6, r2, #24
87803440:	d5e2      	bpl.n	87803408 <LCD_ShowChar+0xdc>
87803442:	fb09 fa0a 	mul.w	sl, r9, sl
87803446:	e9de 6705 	ldrd	r6, r7, [lr, #20]
8780344a:	f84a 7006 	str.w	r7, [sl, r6]
8780344e:	e7e7      	b.n	87803420 <LCD_ShowChar+0xf4>
87803450:	9a01      	ldr	r2, [sp, #4]
87803452:	7812      	ldrb	r2, [r2, #0]
87803454:	9200      	str	r2, [sp, #0]
87803456:	e7c8      	b.n	878033ea <LCD_ShowChar+0xbe>
87803458:	7832      	ldrb	r2, [r6, #0]
8780345a:	9200      	str	r2, [sp, #0]
8780345c:	e7c5      	b.n	878033ea <LCD_ShowChar+0xbe>
8780345e:	f89a 2000 	ldrb.w	r2, [sl]
87803462:	9200      	str	r2, [sp, #0]
87803464:	e7c1      	b.n	878033ea <LCD_ShowChar+0xbe>
87803466:	3001      	adds	r0, #1
87803468:	9f00      	ldr	r7, [sp, #0]
8780346a:	e9dd a603 	ldrd	sl, r6, [sp, #12]
8780346e:	b280      	uxth	r0, r0
87803470:	4298      	cmp	r0, r3
87803472:	d2b4      	bcs.n	878033de <LCD_ShowChar+0xb2>
87803474:	f8dd b018 	ldr.w	fp, [sp, #24]
87803478:	e7a5      	b.n	878033c6 <LCD_ShowChar+0x9a>
8780347a:	bf00      	nop
8780347c:	ffffcca8 			@ <UNDEFINED> instruction: 0xffffcca8
87803480:	00000184 	andeq	r0, r0, r4, lsl #3
87803484:	00001980 	andeq	r1, r0, r0, lsl #19
87803488:	00003112 	andeq	r3, r0, r2, lsl r1

8780348c <LCD_Pow>:
8780348c:	b149      	cbz	r1, 878034a2 <LCD_Pow+0x16>
8780348e:	3901      	subs	r1, #1
87803490:	2301      	movs	r3, #1
87803492:	3901      	subs	r1, #1
87803494:	fb00 f303 	mul.w	r3, r0, r3
87803498:	b2c9      	uxtb	r1, r1
8780349a:	29ff      	cmp	r1, #255	@ 0xff
8780349c:	d1f9      	bne.n	87803492 <LCD_Pow+0x6>
8780349e:	4618      	mov	r0, r3
878034a0:	4770      	bx	lr
878034a2:	2301      	movs	r3, #1
878034a4:	4618      	mov	r0, r3
878034a6:	4770      	bx	lr

878034a8 <LCD_ShowNum>:
878034a8:	e92d 4ff0 	stmdb	sp!, {r4, r5, r6, r7, r8, r9, sl, fp, lr}
878034ac:	b085      	sub	sp, #20
878034ae:	f89d 9038 	ldrb.w	r9, [sp, #56]	@ 0x38
878034b2:	b3b3      	cbz	r3, 87803522 <LCD_ShowNum+0x7a>
878034b4:	2500      	movs	r5, #0
878034b6:	f64c 4acd 	movw	sl, #52429	@ 0xcccd
878034ba:	f6cc 4acc 	movt	sl, #52428	@ 0xcccc
878034be:	461e      	mov	r6, r3
878034c0:	4680      	mov	r8, r0
878034c2:	ea4f 0b59 	mov.w	fp, r9, lsr #1
878034c6:	462f      	mov	r7, r5
878034c8:	240a      	movs	r4, #10
878034ca:	e9cd 1202 	strd	r1, r2, [sp, #8]
878034ce:	1b73      	subs	r3, r6, r5
878034d0:	b2db      	uxtb	r3, r3
878034d2:	2b01      	cmp	r3, #1
878034d4:	d028      	beq.n	87803528 <LCD_ShowNum+0x80>
878034d6:	1eb3      	subs	r3, r6, #2
878034d8:	2101      	movs	r1, #1
878034da:	1b5b      	subs	r3, r3, r5
878034dc:	3b01      	subs	r3, #1
878034de:	fb04 f101 	mul.w	r1, r4, r1
878034e2:	b2db      	uxtb	r3, r3
878034e4:	2bff      	cmp	r3, #255	@ 0xff
878034e6:	d1f9      	bne.n	878034dc <LCD_ShowNum+0x34>
878034e8:	9803      	ldr	r0, [sp, #12]
878034ea:	f001 f8ed 	bl	878046c8 <__udivsi3>
878034ee:	4601      	mov	r1, r0
878034f0:	fbaa 3201 	umull	r3, r2, sl, r1
878034f4:	fb15 830b 	smlabb	r3, r5, fp, r8
878034f8:	08d2      	lsrs	r2, r2, #3
878034fa:	b298      	uxth	r0, r3
878034fc:	fb04 1212 	mls	r2, r4, r2, r1
87803500:	b927      	cbnz	r7, 8780350c <LCD_ShowNum+0x64>
87803502:	1e73      	subs	r3, r6, #1
87803504:	42ab      	cmp	r3, r5
87803506:	dd01      	ble.n	8780350c <LCD_ShowNum+0x64>
87803508:	b182      	cbz	r2, 8780352c <LCD_ShowNum+0x84>
8780350a:	2701      	movs	r7, #1
8780350c:	3230      	adds	r2, #48	@ 0x30
8780350e:	2300      	movs	r3, #0
87803510:	9902      	ldr	r1, [sp, #8]
87803512:	9300      	str	r3, [sp, #0]
87803514:	b2d2      	uxtb	r2, r2
87803516:	464b      	mov	r3, r9
87803518:	f7ff ff08 	bl	8780332c <LCD_ShowChar>
8780351c:	3501      	adds	r5, #1
8780351e:	42ae      	cmp	r6, r5
87803520:	d1d5      	bne.n	878034ce <LCD_ShowNum+0x26>
87803522:	b005      	add	sp, #20
87803524:	e8bd 8ff0 	ldmia.w	sp!, {r4, r5, r6, r7, r8, r9, sl, fp, pc}
87803528:	9903      	ldr	r1, [sp, #12]
8780352a:	e7e1      	b.n	878034f0 <LCD_ShowNum+0x48>
8780352c:	9902      	ldr	r1, [sp, #8]
8780352e:	464b      	mov	r3, r9
87803530:	2220      	movs	r2, #32
87803532:	9700      	str	r7, [sp, #0]
87803534:	f7ff fefa 	bl	8780332c <LCD_ShowChar>
87803538:	e7f0      	b.n	8780351c <LCD_ShowNum+0x74>
8780353a:	bf00      	nop

8780353c <LCD_ShowXNum>:
8780353c:	e92d 4ff0 	stmdb	sp!, {r4, r5, r6, r7, r8, r9, sl, fp, lr}
87803540:	b087      	sub	sp, #28
87803542:	f89d c040 	ldrb.w	ip, [sp, #64]	@ 0x40
87803546:	f89d 9044 	ldrb.w	r9, [sp, #68]	@ 0x44
8780354a:	2b00      	cmp	r3, #0
8780354c:	d03a      	beq.n	878035c4 <LCD_ShowXNum+0x88>
8780354e:	2500      	movs	r5, #0
87803550:	f64c 4bcd 	movw	fp, #52429	@ 0xcccd
87803554:	f6cc 4bcc 	movt	fp, #52428	@ 0xcccc
87803558:	ea4f 0a5c 	mov.w	sl, ip, lsr #1
8780355c:	240a      	movs	r4, #10
8780355e:	4680      	mov	r8, r0
87803560:	462f      	mov	r7, r5
87803562:	461e      	mov	r6, r3
87803564:	e9cd 1202 	strd	r1, r2, [sp, #8]
87803568:	fa4f f389 	sxtb.w	r3, r9
8780356c:	e9cd c304 	strd	ip, r3, [sp, #16]
87803570:	1b73      	subs	r3, r6, r5
87803572:	b2db      	uxtb	r3, r3
87803574:	2b01      	cmp	r3, #1
87803576:	d033      	beq.n	878035e0 <LCD_ShowXNum+0xa4>
87803578:	1eb3      	subs	r3, r6, #2
8780357a:	2101      	movs	r1, #1
8780357c:	1b5b      	subs	r3, r3, r5
8780357e:	3b01      	subs	r3, #1
87803580:	fb04 f101 	mul.w	r1, r4, r1
87803584:	b2db      	uxtb	r3, r3
87803586:	2bff      	cmp	r3, #255	@ 0xff
87803588:	d1f9      	bne.n	8780357e <LCD_ShowXNum+0x42>
8780358a:	9803      	ldr	r0, [sp, #12]
8780358c:	f001 f89c 	bl	878046c8 <__udivsi3>
87803590:	fbab 3200 	umull	r3, r2, fp, r0
87803594:	f009 0301 	and.w	r3, r9, #1
87803598:	08d2      	lsrs	r2, r2, #3
8780359a:	fb04 0212 	mls	r2, r4, r2, r0
8780359e:	fb15 800a 	smlabb	r0, r5, sl, r8
878035a2:	b280      	uxth	r0, r0
878035a4:	b927      	cbnz	r7, 878035b0 <LCD_ShowXNum+0x74>
878035a6:	1e71      	subs	r1, r6, #1
878035a8:	42a9      	cmp	r1, r5
878035aa:	dd01      	ble.n	878035b0 <LCD_ShowXNum+0x74>
878035ac:	b16a      	cbz	r2, 878035ca <LCD_ShowXNum+0x8e>
878035ae:	2701      	movs	r7, #1
878035b0:	3230      	adds	r2, #48	@ 0x30
878035b2:	9300      	str	r3, [sp, #0]
878035b4:	9902      	ldr	r1, [sp, #8]
878035b6:	9b04      	ldr	r3, [sp, #16]
878035b8:	b2d2      	uxtb	r2, r2
878035ba:	f7ff feb7 	bl	8780332c <LCD_ShowChar>
878035be:	3501      	adds	r5, #1
878035c0:	42ae      	cmp	r6, r5
878035c2:	d1d5      	bne.n	87803570 <LCD_ShowXNum+0x34>
878035c4:	b007      	add	sp, #28
878035c6:	e8bd 8ff0 	ldmia.w	sp!, {r4, r5, r6, r7, r8, r9, sl, fp, pc}
878035ca:	9a05      	ldr	r2, [sp, #20]
878035cc:	9300      	str	r3, [sp, #0]
878035ce:	42ba      	cmp	r2, r7
878035d0:	9b04      	ldr	r3, [sp, #16]
878035d2:	9902      	ldr	r1, [sp, #8]
878035d4:	bfb4      	ite	lt
878035d6:	2230      	movlt	r2, #48	@ 0x30
878035d8:	2220      	movge	r2, #32
878035da:	f7ff fea7 	bl	8780332c <LCD_ShowChar>
878035de:	e7ee      	b.n	878035be <LCD_ShowXNum+0x82>
878035e0:	9803      	ldr	r0, [sp, #12]
878035e2:	e7d5      	b.n	87803590 <LCD_ShowXNum+0x54>

878035e4 <LCD_ShowString>:
878035e4:	e92d 4ff0 	stmdb	sp!, {r4, r5, r6, r7, r8, r9, sl, fp, lr}
878035e8:	4692      	mov	sl, r2
878035ea:	460d      	mov	r5, r1
878035ec:	b085      	sub	sp, #20
878035ee:	f8dd 803c 	ldr.w	r8, [sp, #60]	@ 0x3c
878035f2:	f89d 6038 	ldrb.w	r6, [sp, #56]	@ 0x38
878035f6:	f898 2000 	ldrb.w	r2, [r8]
878035fa:	f1a2 0120 	sub.w	r1, r2, #32
878035fe:	295e      	cmp	r1, #94	@ 0x5e
87803600:	d825      	bhi.n	8780364e <LCD_ShowString+0x6a>
87803602:	442b      	add	r3, r5
87803604:	4482      	add	sl, r0
87803606:	4604      	mov	r4, r0
87803608:	fa5f fb80 	uxtb.w	fp, r0
8780360c:	fa1f f983 	uxth.w	r9, r3
87803610:	fa1f fa8a 	uxth.w	sl, sl
87803614:	0873      	lsrs	r3, r6, #1
87803616:	9303      	str	r3, [sp, #12]
87803618:	e00b      	b.n	87803632 <LCD_ShowString+0x4e>
8780361a:	9700      	str	r7, [sp, #0]
8780361c:	f7ff fe86 	bl	8780332c <LCD_ShowChar>
87803620:	9b03      	ldr	r3, [sp, #12]
87803622:	f818 2f01 	ldrb.w	r2, [r8, #1]!
87803626:	441c      	add	r4, r3
87803628:	f1a2 0320 	sub.w	r3, r2, #32
8780362c:	b2a4      	uxth	r4, r4
8780362e:	2b5e      	cmp	r3, #94	@ 0x5e
87803630:	d80d      	bhi.n	8780364e <LCD_ShowString+0x6a>
87803632:	1971      	adds	r1, r6, r5
87803634:	2700      	movs	r7, #0
87803636:	4633      	mov	r3, r6
87803638:	b289      	uxth	r1, r1
8780363a:	45a2      	cmp	sl, r4
8780363c:	bf98      	it	ls
8780363e:	460d      	movls	r5, r1
87803640:	45a2      	cmp	sl, r4
87803642:	bf98      	it	ls
87803644:	465c      	movls	r4, fp
87803646:	4629      	mov	r1, r5
87803648:	4620      	mov	r0, r4
8780364a:	454d      	cmp	r5, r9
8780364c:	d3e5      	bcc.n	8780361a <LCD_ShowString+0x36>
8780364e:	b005      	add	sp, #20
87803650:	e8bd 8ff0 	ldmia.w	sp!, {r4, r5, r6, r7, r8, r9, sl, fp, pc}

87803654 <UART_IO_Init>:
87803654:	2300      	movs	r3, #0
87803656:	f2c0 230e 	movt	r3, #526	@ 0x20e
8780365a:	2100      	movs	r1, #0
8780365c:	f241 02b0 	movw	r2, #4272	@ 0x10b0
87803660:	2003      	movs	r0, #3
87803662:	f8c3 1084 	str.w	r1, [r3, #132]	@ 0x84
87803666:	f8c3 1088 	str.w	r1, [r3, #136]	@ 0x88
8780366a:	f8c3 0624 	str.w	r0, [r3, #1572]	@ 0x624
8780366e:	f8c3 2310 	str.w	r2, [r3, #784]	@ 0x310
87803672:	f8c3 2314 	str.w	r2, [r3, #788]	@ 0x314
87803676:	4770      	bx	lr

87803678 <UART_SetBaudrate>:
87803678:	e92d 4ff0 	stmdb	sp!, {r4, r5, r6, r7, r8, r9, sl, fp, lr}
8780367c:	460d      	mov	r5, r1
8780367e:	4682      	mov	sl, r0
87803680:	b085      	sub	sp, #20
87803682:	4693      	mov	fp, r2
87803684:	010e      	lsls	r6, r1, #4
87803686:	f000 80ca 	beq.w	8780381e <UART_SetBaudrate+0x1a6>
8780368a:	4634      	mov	r4, r6
8780368c:	4610      	mov	r0, r2
8780368e:	4621      	mov	r1, r4
87803690:	f001 f948 	bl	87804924 <__aeabi_uidivmod>
87803694:	4620      	mov	r0, r4
87803696:	460c      	mov	r4, r1
87803698:	2900      	cmp	r1, #0
8780369a:	d1f8      	bne.n	8780368e <UART_SetBaudrate+0x16>
8780369c:	4601      	mov	r1, r0
8780369e:	4607      	mov	r7, r0
878036a0:	4658      	mov	r0, fp
878036a2:	f001 f811 	bl	878046c8 <__udivsi3>
878036a6:	4639      	mov	r1, r7
878036a8:	4680      	mov	r8, r0
878036aa:	4630      	mov	r0, r6
878036ac:	f001 f80c 	bl	878046c8 <__udivsi3>
878036b0:	4606      	mov	r6, r0
878036b2:	f64f 73f9 	movw	r3, #65529	@ 0xfff9
878036b6:	f2c0 0306 	movt	r3, #6
878036ba:	465c      	mov	r4, fp
878036bc:	4598      	cmp	r8, r3
878036be:	bf98      	it	ls
878036c0:	f5b6 3f80 	cmpls.w	r6, #65536	@ 0x10000
878036c4:	d37c      	bcc.n	878037c0 <UART_SetBaudrate+0x148>
878036c6:	f108 32ff 	add.w	r2, r8, #4294967295	@ 0xffffffff
878036ca:	f646 53b9 	movw	r3, #28089	@ 0x6db9
878036ce:	f2c2 4393 	movt	r3, #9363	@ 0x2493
878036d2:	4640      	mov	r0, r8
878036d4:	fba3 1302 	umull	r1, r3, r3, r2
878036d8:	1ad2      	subs	r2, r2, r3
878036da:	eb03 0752 	add.w	r7, r3, r2, lsr #1
878036de:	1e73      	subs	r3, r6, #1
878036e0:	f248 0201 	movw	r2, #32769	@ 0x8001
878036e4:	f2c8 0200 	movt	r2, #32768	@ 0x8000
878036e8:	0cbf      	lsrs	r7, r7, #18
878036ea:	3701      	adds	r7, #1
878036ec:	fba2 2303 	umull	r2, r3, r2, r3
878036f0:	0bdb      	lsrs	r3, r3, #15
878036f2:	3301      	adds	r3, #1
878036f4:	429f      	cmp	r7, r3
878036f6:	bf38      	it	cc
878036f8:	461f      	movcc	r7, r3
878036fa:	4639      	mov	r1, r7
878036fc:	f000 ffe4 	bl	878046c8 <__udivsi3>
87803700:	4639      	mov	r1, r7
87803702:	4681      	mov	r9, r0
87803704:	4630      	mov	r0, r6
87803706:	f000 ffdf 	bl	878046c8 <__udivsi3>
8780370a:	4547      	cmp	r7, r8
8780370c:	d954      	bls.n	878037b8 <UART_SetBaudrate+0x140>
8780370e:	42b7      	cmp	r7, r6
87803710:	d976      	bls.n	87803800 <UART_SetBaudrate+0x188>
87803712:	2301      	movs	r3, #1
87803714:	f04f 0910 	mov.w	r9, #16
87803718:	461e      	mov	r6, r3
8780371a:	4698      	mov	r8, r3
8780371c:	9301      	str	r3, [sp, #4]
8780371e:	9303      	str	r3, [sp, #12]
87803720:	2305      	movs	r3, #5
87803722:	9302      	str	r3, [sp, #8]
87803724:	464a      	mov	r2, r9
87803726:	2300      	movs	r3, #0
87803728:	4620      	mov	r0, r4
8780372a:	4619      	mov	r1, r3
8780372c:	4614      	mov	r4, r2
8780372e:	4617      	mov	r7, r2
87803730:	f001 f904 	bl	8780493c <__aeabi_uldivmod>
87803734:	2a00      	cmp	r2, #0
87803736:	d1f6      	bne.n	87803726 <UART_SetBaudrate+0xae>
87803738:	4621      	mov	r1, r4
8780373a:	4658      	mov	r0, fp
8780373c:	f000 ffc4 	bl	878046c8 <__udivsi3>
87803740:	4639      	mov	r1, r7
87803742:	4604      	mov	r4, r0
87803744:	4648      	mov	r0, r9
87803746:	f000 ffbf 	bl	878046c8 <__udivsi3>
8780374a:	4602      	mov	r2, r0
8780374c:	9b01      	ldr	r3, [sp, #4]
8780374e:	fba3 0104 	umull	r0, r1, r3, r4
87803752:	2300      	movs	r3, #0
87803754:	f001 f8f2 	bl	8780493c <__aeabi_uldivmod>
87803758:	42a8      	cmp	r0, r5
8780375a:	f171 0200 	sbcs.w	r2, r1, #0
8780375e:	d348      	bcc.n	878037f2 <UART_SetBaudrate+0x17a>
87803760:	1b40      	subs	r0, r0, r5
87803762:	f161 0100 	sbc.w	r1, r1, #0
87803766:	f248 531f 	movw	r3, #34079	@ 0x851f
8780376a:	f2c5 13eb 	movt	r3, #20971	@ 0x51eb
8780376e:	fba3 3505 	umull	r3, r5, r3, r5
87803772:	096d      	lsrs	r5, r5, #5
87803774:	eb05 0545 	add.w	r5, r5, r5, lsl #1
87803778:	42a8      	cmp	r0, r5
8780377a:	f171 0100 	sbcs.w	r1, r1, #0
8780377e:	d218      	bcs.n	878037b2 <UART_SetBaudrate+0x13a>
87803780:	f8da 3090 	ldr.w	r3, [sl, #144]	@ 0x90
87803784:	3e01      	subs	r6, #1
87803786:	9a02      	ldr	r2, [sp, #8]
87803788:	4640      	mov	r0, r8
8780378a:	f423 7360 	bic.w	r3, r3, #896	@ 0x380
8780378e:	f8ca 3090 	str.w	r3, [sl, #144]	@ 0x90
87803792:	9903      	ldr	r1, [sp, #12]
87803794:	b2b6      	uxth	r6, r6
87803796:	f8da 3090 	ldr.w	r3, [sl, #144]	@ 0x90
8780379a:	ea43 13c2 	orr.w	r3, r3, r2, lsl #7
8780379e:	f8ca 3090 	str.w	r3, [sl, #144]	@ 0x90
878037a2:	f8ca 60a4 	str.w	r6, [sl, #164]	@ 0xa4
878037a6:	f000 ff8f 	bl	878046c8 <__udivsi3>
878037aa:	1e43      	subs	r3, r0, #1
878037ac:	b29b      	uxth	r3, r3
878037ae:	f8ca 30a8 	str.w	r3, [sl, #168]	@ 0xa8
878037b2:	b005      	add	sp, #20
878037b4:	e8bd 8ff0 	ldmia.w	sp!, {r4, r5, r6, r7, r8, r9, sl, fp, pc}
878037b8:	42b7      	cmp	r7, r6
878037ba:	d92c      	bls.n	87803816 <UART_SetBaudrate+0x19e>
878037bc:	46c8      	mov	r8, r9
878037be:	2601      	movs	r6, #1
878037c0:	9601      	str	r6, [sp, #4]
878037c2:	f108 33ff 	add.w	r3, r8, #4294967295	@ 0xffffffff
878037c6:	f248 0201 	movw	r2, #32769	@ 0x8001
878037ca:	f2c8 0200 	movt	r2, #32768	@ 0x8000
878037ce:	fba2 2303 	umull	r2, r3, r2, r3
878037d2:	0bdb      	lsrs	r3, r3, #15
878037d4:	1e5a      	subs	r2, r3, #1
878037d6:	3301      	adds	r3, #1
878037d8:	2a05      	cmp	r2, #5
878037da:	9303      	str	r3, [sp, #12]
878037dc:	d80d      	bhi.n	878037fa <UART_SetBaudrate+0x182>
878037de:	4b11      	ldr	r3, [pc, #68]	@ (87803824 <UART_SetBaudrate+0x1ac>)
878037e0:	447b      	add	r3, pc
878037e2:	f853 3022 	ldr.w	r3, [r3, r2, lsl #2]
878037e6:	9302      	str	r3, [sp, #8]
878037e8:	ea5f 1908 	movs.w	r9, r8, lsl #4
878037ec:	d19a      	bne.n	87803724 <UART_SetBaudrate+0xac>
878037ee:	464a      	mov	r2, r9
878037f0:	e7ac      	b.n	8780374c <UART_SetBaudrate+0xd4>
878037f2:	1a28      	subs	r0, r5, r0
878037f4:	eb61 0141 	sbc.w	r1, r1, r1, lsl #1
878037f8:	e7b5      	b.n	87803766 <UART_SetBaudrate+0xee>
878037fa:	2305      	movs	r3, #5
878037fc:	9302      	str	r3, [sp, #8]
878037fe:	e7f3      	b.n	878037e8 <UART_SetBaudrate+0x170>
87803800:	f04f 0801 	mov.w	r8, #1
87803804:	2305      	movs	r3, #5
87803806:	4606      	mov	r6, r0
87803808:	f04f 0910 	mov.w	r9, #16
8780380c:	9001      	str	r0, [sp, #4]
8780380e:	f8cd 800c 	str.w	r8, [sp, #12]
87803812:	9302      	str	r3, [sp, #8]
87803814:	e786      	b.n	87803724 <UART_SetBaudrate+0xac>
87803816:	4606      	mov	r6, r0
87803818:	46c8      	mov	r8, r9
8780381a:	9001      	str	r0, [sp, #4]
8780381c:	e7d1      	b.n	878037c2 <UART_SetBaudrate+0x14a>
8780381e:	4690      	mov	r8, r2
87803820:	e747      	b.n	878036b2 <UART_SetBaudrate+0x3a>
87803822:	bf00      	nop
87803824:	00005c40 	andeq	r5, r0, r0, asr #24

87803828 <UART_Init>:
87803828:	2300      	movs	r3, #0
8780382a:	f2c0 230e 	movt	r3, #526	@ 0x20e
8780382e:	b510      	push	{r4, lr}
87803830:	2400      	movs	r4, #0
87803832:	f2c0 2402 	movt	r4, #514	@ 0x202
87803836:	2100      	movs	r1, #0
87803838:	f241 02b0 	movw	r2, #4272	@ 0x10b0
8780383c:	f8c3 1084 	str.w	r1, [r3, #132]	@ 0x84
87803840:	2003      	movs	r0, #3
87803842:	f8c3 1088 	str.w	r1, [r3, #136]	@ 0x88
87803846:	f8c3 0624 	str.w	r0, [r3, #1572]	@ 0x624
8780384a:	f8c3 2310 	str.w	r2, [r3, #784]	@ 0x310
8780384e:	f8c3 2314 	str.w	r2, [r3, #788]	@ 0x314
87803852:	f8d4 3080 	ldr.w	r3, [r4, #128]	@ 0x80
87803856:	f023 0301 	bic.w	r3, r3, #1
8780385a:	f8c4 3080 	str.w	r3, [r4, #128]	@ 0x80
8780385e:	f8d4 3084 	ldr.w	r3, [r4, #132]	@ 0x84
87803862:	f043 0301 	orr.w	r3, r3, #1
87803866:	f8c4 3084 	str.w	r3, [r4, #132]	@ 0x84
8780386a:	f8d4 3084 	ldr.w	r3, [r4, #132]	@ 0x84
8780386e:	07db      	lsls	r3, r3, #31
87803870:	d5fb      	bpl.n	8780386a <UART_Init+0x42>
87803872:	2300      	movs	r3, #0
87803874:	f8c4 3080 	str.w	r3, [r4, #128]	@ 0x80
87803878:	f44f 4234 	mov.w	r2, #46080	@ 0xb400
8780387c:	f2c0 42c4 	movt	r2, #1220	@ 0x4c4
87803880:	f8d4 3080 	ldr.w	r3, [r4, #128]	@ 0x80
87803884:	f44f 31e1 	mov.w	r1, #115200	@ 0x1c200
87803888:	2000      	movs	r0, #0
8780388a:	f2c0 2002 	movt	r0, #514	@ 0x202
8780388e:	f423 4380 	bic.w	r3, r3, #16384	@ 0x4000
87803892:	f8c4 3080 	str.w	r3, [r4, #128]	@ 0x80
87803896:	f7ff feef 	bl	87803678 <UART_SetBaudrate>
8780389a:	f8d4 3080 	ldr.w	r3, [r4, #128]	@ 0x80
8780389e:	f043 0301 	orr.w	r3, r3, #1
878038a2:	f8c4 3080 	str.w	r3, [r4, #128]	@ 0x80
878038a6:	bd10      	pop	{r4, pc}

878038a8 <UART_Close>:
878038a8:	f8d0 3080 	ldr.w	r3, [r0, #128]	@ 0x80
878038ac:	f023 0301 	bic.w	r3, r3, #1
878038b0:	f8c0 3080 	str.w	r3, [r0, #128]	@ 0x80
878038b4:	4770      	bx	lr
878038b6:	bf00      	nop

878038b8 <UART_Open>:
878038b8:	f8d0 3080 	ldr.w	r3, [r0, #128]	@ 0x80
878038bc:	f043 0301 	orr.w	r3, r3, #1
878038c0:	f8c0 3080 	str.w	r3, [r0, #128]	@ 0x80
878038c4:	4770      	bx	lr
878038c6:	bf00      	nop

878038c8 <UART_SoftReset>:
878038c8:	f8d0 3084 	ldr.w	r3, [r0, #132]	@ 0x84
878038cc:	f043 0301 	orr.w	r3, r3, #1
878038d0:	f8c0 3084 	str.w	r3, [r0, #132]	@ 0x84
878038d4:	f8d0 3084 	ldr.w	r3, [r0, #132]	@ 0x84
878038d8:	07db      	lsls	r3, r3, #31
878038da:	d5fb      	bpl.n	878038d4 <UART_SoftReset+0xc>
878038dc:	4770      	bx	lr
878038de:	bf00      	nop

878038e0 <UART_Read>:
878038e0:	f8d0 3098 	ldr.w	r3, [r0, #152]	@ 0x98
878038e4:	075b      	lsls	r3, r3, #29
878038e6:	d5fb      	bpl.n	878038e0 <UART_Read>
878038e8:	6800      	ldr	r0, [r0, #0]
878038ea:	b2c0      	uxtb	r0, r0
878038ec:	4770      	bx	lr
878038ee:	bf00      	nop

878038f0 <UART_Write>:
878038f0:	f8d0 3098 	ldr.w	r3, [r0, #152]	@ 0x98
878038f4:	071b      	lsls	r3, r3, #28
878038f6:	d5fb      	bpl.n	878038f0 <UART_Write>
878038f8:	6401      	str	r1, [r0, #64]	@ 0x40
878038fa:	4770      	bx	lr

878038fc <UART_WriteString>:
878038fc:	780a      	ldrb	r2, [r1, #0]
878038fe:	b142      	cbz	r2, 87803912 <UART_WriteString+0x16>
87803900:	f8d0 3098 	ldr.w	r3, [r0, #152]	@ 0x98
87803904:	071b      	lsls	r3, r3, #28
87803906:	d5fb      	bpl.n	87803900 <UART_WriteString+0x4>
87803908:	6402      	str	r2, [r0, #64]	@ 0x40
8780390a:	f811 2f01 	ldrb.w	r2, [r1, #1]!
8780390e:	2a00      	cmp	r2, #0
87803910:	d1f6      	bne.n	87803900 <UART_WriteString+0x4>
87803912:	4770      	bx	lr

87803914 <raise>:
87803914:	4770      	bx	lr
87803916:	bf00      	nop

87803918 <RTC_Enable>:
87803918:	f44f 4240 	mov.w	r2, #49152	@ 0xc000
8780391c:	f2c0 220c 	movt	r2, #524	@ 0x20c
87803920:	6b93      	ldr	r3, [r2, #56]	@ 0x38
87803922:	f043 0301 	orr.w	r3, r3, #1
87803926:	6393      	str	r3, [r2, #56]	@ 0x38
87803928:	6b93      	ldr	r3, [r2, #56]	@ 0x38
8780392a:	07db      	lsls	r3, r3, #31
8780392c:	d5fc      	bpl.n	87803928 <RTC_Enable+0x10>
8780392e:	4770      	bx	lr

87803930 <RTC_Disable>:
87803930:	f44f 4240 	mov.w	r2, #49152	@ 0xc000
87803934:	f2c0 220c 	movt	r2, #524	@ 0x20c
87803938:	6b93      	ldr	r3, [r2, #56]	@ 0x38
8780393a:	f023 0301 	bic.w	r3, r3, #1
8780393e:	6393      	str	r3, [r2, #56]	@ 0x38
87803940:	6b93      	ldr	r3, [r2, #56]	@ 0x38
87803942:	07db      	lsls	r3, r3, #31
87803944:	d4fc      	bmi.n	87803940 <RTC_Disable+0x10>
87803946:	4770      	bx	lr

87803948 <ETC_isleapyear>:
87803948:	0783      	lsls	r3, r0, #30
8780394a:	d10e      	bne.n	8780396a <ETC_isleapyear+0x22>
8780394c:	f645 4329 	movw	r3, #23593	@ 0x5c29
87803950:	f2cc 238f 	movt	r3, #49807	@ 0xc28f
87803954:	f645 4228 	movw	r2, #23592	@ 0x5c28
87803958:	f2c0 228f 	movt	r2, #655	@ 0x28f
8780395c:	fb00 f303 	mul.w	r3, r0, r3
87803960:	ebb2 0fb3 	cmp.w	r2, r3, ror #2
87803964:	d201      	bcs.n	8780396a <ETC_isleapyear+0x22>
87803966:	2001      	movs	r0, #1
87803968:	4770      	bx	lr
8780396a:	f645 4229 	movw	r2, #23593	@ 0x5c29
8780396e:	f2cc 228f 	movt	r2, #49807	@ 0xc28f
87803972:	f24d 730a 	movw	r3, #55050	@ 0xd70a
87803976:	f2c0 03a3 	movt	r3, #163	@ 0xa3
8780397a:	fb02 f000 	mul.w	r0, r2, r0
8780397e:	ebb3 1f30 	cmp.w	r3, r0, ror #4
87803982:	bf2c      	ite	cs
87803984:	2001      	movcs	r0, #1
87803986:	2000      	movcc	r0, #0
87803988:	4770      	bx	lr
8780398a:	bf00      	nop

8780398c <RTC_ConvertToSeconds>:
8780398c:	e92d 41f0 	stmdb	sp!, {r4, r5, r6, r7, r8, lr}
87803990:	4604      	mov	r4, r0
87803992:	4e48      	ldr	r6, [pc, #288]	@ (87803ab4 <RTC_ConvertToSeconds+0x128>)
87803994:	8805      	ldrh	r5, [r0, #0]
87803996:	b088      	sub	sp, #32
87803998:	447e      	add	r6, pc
8780399a:	f10d 0e04 	add.w	lr, sp, #4
8780399e:	f240 7cb2 	movw	ip, #1970	@ 0x7b2
878039a2:	4565      	cmp	r5, ip
878039a4:	ce0f      	ldmia	r6!, {r0, r1, r2, r3}
878039a6:	e8ae 000f 	stmia.w	lr!, {r0, r1, r2, r3}
878039aa:	f04f 0300 	mov.w	r3, #0
878039ae:	e896 0007 	ldmia.w	r6, {r0, r1, r2}
878039b2:	e8ae 0003 	stmia.w	lr!, {r0, r1}
878039b6:	f8ae 2000 	strh.w	r2, [lr]
878039ba:	d979      	bls.n	87803ab0 <RTC_ConvertToSeconds+0x124>
878039bc:	f645 4129 	movw	r1, #23593	@ 0x5c29
878039c0:	f2cc 218f 	movt	r1, #49807	@ 0xc28f
878039c4:	f24d 760a 	movw	r6, #55050	@ 0xd70a
878039c8:	f2c0 06a3 	movt	r6, #163	@ 0xa3
878039cc:	f645 4828 	movw	r8, #23592	@ 0x5c28
878039d0:	f2c0 288f 	movt	r8, #655	@ 0x28f
878039d4:	4662      	mov	r2, ip
878039d6:	461f      	mov	r7, r3
878039d8:	f240 1e6d 	movw	lr, #365	@ 0x16d
878039dc:	e00a      	b.n	878039f4 <RTC_ConvertToSeconds+0x68>
878039de:	ebb8 0fb0 	cmp.w	r8, r0, ror #2
878039e2:	d20c      	bcs.n	878039fe <RTC_ConvertToSeconds+0x72>
878039e4:	3201      	adds	r2, #1
878039e6:	f513 73b7 	adds.w	r3, r3, #366	@ 0x16e
878039ea:	f147 0700 	adc.w	r7, r7, #0
878039ee:	b290      	uxth	r0, r2
878039f0:	4285      	cmp	r5, r0
878039f2:	d90f      	bls.n	87803a14 <RTC_ConvertToSeconds+0x88>
878039f4:	fb01 f002 	mul.w	r0, r1, r2
878039f8:	f012 0f03 	tst.w	r2, #3
878039fc:	d0ef      	beq.n	878039de <RTC_ConvertToSeconds+0x52>
878039fe:	ebb6 1f30 	cmp.w	r6, r0, ror #4
87803a02:	d2ef      	bcs.n	878039e4 <RTC_ConvertToSeconds+0x58>
87803a04:	3201      	adds	r2, #1
87803a06:	eb13 030e 	adds.w	r3, r3, lr
87803a0a:	f147 0700 	adc.w	r7, r7, #0
87803a0e:	b290      	uxth	r0, r2
87803a10:	4285      	cmp	r5, r0
87803a12:	d8ef      	bhi.n	878039f4 <RTC_ConvertToSeconds+0x68>
87803a14:	78a2      	ldrb	r2, [r4, #2]
87803a16:	eb0d 0142 	add.w	r1, sp, r2, lsl #1
87803a1a:	888e      	ldrh	r6, [r1, #4]
87803a1c:	18f6      	adds	r6, r6, r3
87803a1e:	f147 0700 	adc.w	r7, r7, #0
87803a22:	07ab      	lsls	r3, r5, #30
87803a24:	d134      	bne.n	87803a90 <RTC_ConvertToSeconds+0x104>
87803a26:	f645 4329 	movw	r3, #23593	@ 0x5c29
87803a2a:	f2cc 238f 	movt	r3, #49807	@ 0xc28f
87803a2e:	f645 4128 	movw	r1, #23592	@ 0x5c28
87803a32:	f2c0 218f 	movt	r1, #655	@ 0x28f
87803a36:	fb05 f303 	mul.w	r3, r5, r3
87803a3a:	ebb1 0fb3 	cmp.w	r1, r3, ror #2
87803a3e:	d227      	bcs.n	87803a90 <RTC_ConvertToSeconds+0x104>
87803a40:	2a02      	cmp	r2, #2
87803a42:	d903      	bls.n	87803a4c <RTC_ConvertToSeconds+0xc0>
87803a44:	1c73      	adds	r3, r6, #1
87803a46:	461e      	mov	r6, r3
87803a48:	f147 0700 	adc.w	r7, r7, #0
87803a4c:	7963      	ldrb	r3, [r4, #5]
87803a4e:	f44f 6161 	mov.w	r1, #3600	@ 0xe10
87803a52:	f894 e004 	ldrb.w	lr, [r4, #4]
87803a56:	f44f 4ca3 	mov.w	ip, #20864	@ 0x5180
87803a5a:	f2c0 0c01 	movt	ip, #1
87803a5e:	79a0      	ldrb	r0, [r4, #6]
87803a60:	ebc3 1303 	rsb	r3, r3, r3, lsl #4
87803a64:	78e2      	ldrb	r2, [r4, #3]
87803a66:	17dd      	asrs	r5, r3, #31
87803a68:	009c      	lsls	r4, r3, #2
87803a6a:	3a01      	subs	r2, #1
87803a6c:	fbce 4581 	smlalbb	r4, r5, lr, r1
87803a70:	1820      	adds	r0, r4, r0
87803a72:	f145 0100 	adc.w	r1, r5, #0
87803a76:	1993      	adds	r3, r2, r6
87803a78:	eb47 77e2 	adc.w	r7, r7, r2, asr #31
87803a7c:	fba3 320c 	umull	r3, r2, r3, ip
87803a80:	18c0      	adds	r0, r0, r3
87803a82:	fb0c 2207 	mla	r2, ip, r7, r2
87803a86:	eb42 0101 	adc.w	r1, r2, r1
87803a8a:	b008      	add	sp, #32
87803a8c:	e8bd 81f0 	ldmia.w	sp!, {r4, r5, r6, r7, r8, pc}
87803a90:	f645 4329 	movw	r3, #23593	@ 0x5c29
87803a94:	f2cc 238f 	movt	r3, #49807	@ 0xc28f
87803a98:	f24d 710a 	movw	r1, #55050	@ 0xd70a
87803a9c:	f2c0 01a3 	movt	r1, #163	@ 0xa3
87803aa0:	fb05 f303 	mul.w	r3, r5, r3
87803aa4:	ebb1 1f33 	cmp.w	r1, r3, ror #4
87803aa8:	d3d0      	bcc.n	87803a4c <RTC_ConvertToSeconds+0xc0>
87803aaa:	2a02      	cmp	r2, #2
87803aac:	d9ce      	bls.n	87803a4c <RTC_ConvertToSeconds+0xc0>
87803aae:	e7c9      	b.n	87803a44 <RTC_ConvertToSeconds+0xb8>
87803ab0:	461f      	mov	r7, r3
87803ab2:	e7af      	b.n	87803a14 <RTC_ConvertToSeconds+0x88>
87803ab4:	00005aa0 	andeq	r5, r0, r0, lsr #21

87803ab8 <RTC_SetTime>:
87803ab8:	b538      	push	{r3, r4, r5, lr}
87803aba:	f44f 4440 	mov.w	r4, #49152	@ 0xc000
87803abe:	f2c0 240c 	movt	r4, #524	@ 0x20c
87803ac2:	f7ff ff63 	bl	8780398c <RTC_ConvertToSeconds>
87803ac6:	0c43      	lsrs	r3, r0, #17
87803ac8:	ea43 33c1 	orr.w	r3, r3, r1, lsl #15
87803acc:	03c0      	lsls	r0, r0, #15
87803ace:	6ba5      	ldr	r5, [r4, #56]	@ 0x38
87803ad0:	6523      	str	r3, [r4, #80]	@ 0x50
87803ad2:	6560      	str	r0, [r4, #84]	@ 0x54
87803ad4:	6ba3      	ldr	r3, [r4, #56]	@ 0x38
87803ad6:	f023 0301 	bic.w	r3, r3, #1
87803ada:	63a3      	str	r3, [r4, #56]	@ 0x38
87803adc:	6ba3      	ldr	r3, [r4, #56]	@ 0x38
87803ade:	07d9      	lsls	r1, r3, #31
87803ae0:	d4fc      	bmi.n	87803adc <RTC_SetTime+0x24>
87803ae2:	07ea      	lsls	r2, r5, #31
87803ae4:	d50a      	bpl.n	87803afc <RTC_SetTime+0x44>
87803ae6:	6ba3      	ldr	r3, [r4, #56]	@ 0x38
87803ae8:	f44f 4240 	mov.w	r2, #49152	@ 0xc000
87803aec:	f2c0 220c 	movt	r2, #524	@ 0x20c
87803af0:	f043 0301 	orr.w	r3, r3, #1
87803af4:	63a3      	str	r3, [r4, #56]	@ 0x38
87803af6:	6b93      	ldr	r3, [r2, #56]	@ 0x38
87803af8:	07db      	lsls	r3, r3, #31
87803afa:	d5fc      	bpl.n	87803af6 <RTC_SetTime+0x3e>
87803afc:	bd38      	pop	{r3, r4, r5, pc}
87803afe:	bf00      	nop

87803b00 <RTC_Init>:
87803b00:	b510      	push	{r4, lr}
87803b02:	f44f 4440 	mov.w	r4, #49152	@ 0xc000
87803b06:	f2c0 240c 	movt	r4, #524	@ 0x20c
87803b0a:	b082      	sub	sp, #8
87803b0c:	2100      	movs	r1, #0
87803b0e:	4668      	mov	r0, sp
87803b10:	f240 7cea 	movw	ip, #2026	@ 0x7ea
87803b14:	6863      	ldr	r3, [r4, #4]
87803b16:	f241 3205 	movw	r2, #4869	@ 0x1305
87803b1a:	f2c3 220a 	movt	r2, #12810	@ 0x320a
87803b1e:	f043 4300 	orr.w	r3, r3, #2147483648	@ 0x80000000
87803b22:	f443 7380 	orr.w	r3, r3, #256	@ 0x100
87803b26:	6063      	str	r3, [r4, #4]
87803b28:	f8ad c000 	strh.w	ip, [sp]
87803b2c:	f8cd 2002 	str.w	r2, [sp, #2]
87803b30:	f88d 1006 	strb.w	r1, [sp, #6]
87803b34:	f7ff ffc0 	bl	87803ab8 <RTC_SetTime>
87803b38:	6ba3      	ldr	r3, [r4, #56]	@ 0x38
87803b3a:	f043 0301 	orr.w	r3, r3, #1
87803b3e:	63a3      	str	r3, [r4, #56]	@ 0x38
87803b40:	6ba3      	ldr	r3, [r4, #56]	@ 0x38
87803b42:	07db      	lsls	r3, r3, #31
87803b44:	d5fc      	bpl.n	87803b40 <RTC_Init+0x40>
87803b46:	b002      	add	sp, #8
87803b48:	bd10      	pop	{r4, pc}
87803b4a:	bf00      	nop

87803b4c <RTC_GetSeconds>:
87803b4c:	f44f 4340 	mov.w	r3, #49152	@ 0xc000
87803b50:	f2c0 230c 	movt	r3, #524	@ 0x20c
87803b54:	2100      	movs	r1, #0
87803b56:	6d18      	ldr	r0, [r3, #80]	@ 0x50
87803b58:	6d5b      	ldr	r3, [r3, #84]	@ 0x54
87803b5a:	0bdb      	lsrs	r3, r3, #15
87803b5c:	ea43 4040 	orr.w	r0, r3, r0, lsl #17
87803b60:	4770      	bx	lr
87803b62:	bf00      	nop

87803b64 <RTC_GetTime>:
87803b64:	f44f 4140 	mov.w	r1, #49152	@ 0xc000
87803b68:	f2c0 210c 	movt	r1, #524	@ 0x20c
87803b6c:	e92d 4ff0 	stmdb	sp!, {r4, r5, r6, r7, r8, r9, sl, fp, lr}
87803b70:	4681      	mov	r9, r0
87803b72:	2600      	movs	r6, #0
87803b74:	6d08      	ldr	r0, [r1, #80]	@ 0x50
87803b76:	b083      	sub	sp, #12
87803b78:	6d4f      	ldr	r7, [r1, #84]	@ 0x54
87803b7a:	4631      	mov	r1, r6
87803b7c:	a370      	add	r3, pc, #448	@ (adr r3, 87803d40 <RTC_GetTime+0x1dc>)
87803b7e:	e9d3 2300 	ldrd	r2, r3, [r3]
87803b82:	f04f 35ee 	mov.w	r5, #4008636142	@ 0xeeeeeeee
87803b86:	0bff      	lsrs	r7, r7, #15
87803b88:	ea47 4740 	orr.w	r7, r7, r0, lsl #17
87803b8c:	4638      	mov	r0, r7
87803b8e:	f000 fed5 	bl	8780493c <__aeabi_uldivmod>
87803b92:	19ba      	adds	r2, r7, r6
87803b94:	f648 0389 	movw	r3, #34953	@ 0x8889
87803b98:	f6c8 0388 	movt	r3, #34952	@ 0x8888
87803b9c:	f200 70b2 	addw	r0, r0, #1970	@ 0x7b2
87803ba0:	f8a9 0000 	strh.w	r0, [r9]
87803ba4:	fba3 1302 	umull	r1, r3, r3, r2
87803ba8:	08db      	lsrs	r3, r3, #3
87803baa:	ebc3 1303 	rsb	r3, r3, r3, lsl #4
87803bae:	1ad3      	subs	r3, r2, r3
87803bb0:	f64e 62ef 	movw	r2, #61167	@ 0xeeef
87803bb4:	f6ce 62ee 	movt	r2, #61166	@ 0xeeee
87803bb8:	1afc      	subs	r4, r7, r3
87803bba:	eb60 0000 	sbc.w	r0, r0, r0
87803bbe:	fb04 f505 	mul.w	r5, r4, r5
87803bc2:	fb02 5500 	mla	r5, r2, r0, r5
87803bc6:	4638      	mov	r0, r7
87803bc8:	fba4 4102 	umull	r4, r1, r4, r2
87803bcc:	440d      	add	r5, r1
87803bce:	f004 0203 	and.w	r2, r4, #3
87803bd2:	210f      	movs	r1, #15
87803bd4:	08a4      	lsrs	r4, r4, #2
87803bd6:	ea44 7485 	orr.w	r4, r4, r5, lsl #30
87803bda:	08ad      	lsrs	r5, r5, #2
87803bdc:	fba2 2101 	umull	r2, r1, r2, r1
87803be0:	4631      	mov	r1, r6
87803be2:	18d3      	adds	r3, r2, r3
87803be4:	f44f 420d 	mov.w	r2, #36096	@ 0x8d00
87803be8:	f2c0 0227 	movt	r2, #39	@ 0x27
87803bec:	9301      	str	r3, [sp, #4]
87803bee:	2300      	movs	r3, #0
87803bf0:	f000 fea4 	bl	8780493c <__aeabi_uldivmod>
87803bf4:	1843      	adds	r3, r0, r1
87803bf6:	4688      	mov	r8, r1
87803bf8:	bf34      	ite	cc
87803bfa:	4631      	movcc	r1, r6
87803bfc:	2101      	movcs	r1, #1
87803bfe:	f64a 2eab 	movw	lr, #43691	@ 0xaaab
87803c02:	f6ca 2eaa 	movt	lr, #43690	@ 0xaaaa
87803c06:	440b      	add	r3, r1
87803c08:	4602      	mov	r2, r0
87803c0a:	f04f 3caa 	mov.w	ip, #2863311530	@ 0xaaaaaaaa
87803c0e:	4638      	mov	r0, r7
87803c10:	2100      	movs	r1, #0
87803c12:	fbae ab03 	umull	sl, fp, lr, r3
87803c16:	f02b 0a01 	bic.w	sl, fp, #1
87803c1a:	eb0a 0a5b 	add.w	sl, sl, fp, lsr #1
87803c1e:	eba3 030a 	sub.w	r3, r3, sl
87803c22:	f04f 3aee 	mov.w	sl, #4008636142	@ 0xeeeeeeee
87803c26:	1ad3      	subs	r3, r2, r3
87803c28:	f168 0800 	sbc.w	r8, r8, #0
87803c2c:	fb0c fc03 	mul.w	ip, ip, r3
87803c30:	fb0e cc08 	mla	ip, lr, r8, ip
87803c34:	f648 0889 	movw	r8, #34953	@ 0x8889
87803c38:	f6c8 0888 	movt	r8, #34952	@ 0x8888
87803c3c:	fba3 3e0e 	umull	r3, lr, r3, lr
87803c40:	44f4      	add	ip, lr
87803c42:	089b      	lsrs	r3, r3, #2
87803c44:	ea43 738c 	orr.w	r3, r3, ip, lsl #30
87803c48:	eb03 0343 	add.w	r3, r3, r3, lsl #1
87803c4c:	eba2 0283 	sub.w	r2, r2, r3, lsl #2
87803c50:	2300      	movs	r3, #0
87803c52:	3201      	adds	r2, #1
87803c54:	f362 0607 	bfi	r6, r2, #0, #8
87803c58:	f44f 42a3 	mov.w	r2, #20864	@ 0x5180
87803c5c:	f2c0 0201 	movt	r2, #1
87803c60:	f000 fe6c 	bl	8780493c <__aeabi_uldivmod>
87803c64:	4684      	mov	ip, r0
87803c66:	eb1c 0201 	adds.w	r2, ip, r1
87803c6a:	4638      	mov	r0, r7
87803c6c:	f142 0200 	adc.w	r2, r2, #0
87803c70:	f64e 67ef 	movw	r7, #61167	@ 0xeeef
87803c74:	f6ce 67ee 	movt	r7, #61166	@ 0xeeee
87803c78:	460b      	mov	r3, r1
87803c7a:	2100      	movs	r1, #0
87803c7c:	fba8 be02 	umull	fp, lr, r8, r2
87803c80:	ea4f 0ede 	mov.w	lr, lr, lsr #3
87803c84:	ebce 1e0e 	rsb	lr, lr, lr, lsl #4
87803c88:	eba2 020e 	sub.w	r2, r2, lr
87803c8c:	ebbc 0202 	subs.w	r2, ip, r2
87803c90:	f163 0e00 	sbc.w	lr, r3, #0
87803c94:	1963      	adds	r3, r4, r5
87803c96:	f143 0300 	adc.w	r3, r3, #0
87803c9a:	fba2 2b07 	umull	r2, fp, r2, r7
87803c9e:	0852      	lsrs	r2, r2, #1
87803ca0:	fb07 bb0e 	mla	fp, r7, lr, fp
87803ca4:	ea42 72cb 	orr.w	r2, r2, fp, lsl #31
87803ca8:	ebc2 1202 	rsb	r2, r2, r2, lsl #4
87803cac:	ebac 0c42 	sub.w	ip, ip, r2, lsl #1
87803cb0:	f10c 0c01 	add.w	ip, ip, #1
87803cb4:	f36c 260f 	bfi	r6, ip, #8, #8
87803cb8:	fba8 c203 	umull	ip, r2, r8, r3
87803cbc:	08d2      	lsrs	r2, r2, #3
87803cbe:	ebc2 1202 	rsb	r2, r2, r2, lsl #4
87803cc2:	1a9b      	subs	r3, r3, r2
87803cc4:	1ae3      	subs	r3, r4, r3
87803cc6:	f165 0500 	sbc.w	r5, r5, #0
87803cca:	fb0a f203 	mul.w	r2, sl, r3
87803cce:	fb07 2205 	mla	r2, r7, r5, r2
87803cd2:	fba3 3507 	umull	r3, r5, r3, r7
87803cd6:	442a      	add	r2, r5
87803cd8:	089b      	lsrs	r3, r3, #2
87803cda:	ea43 7382 	orr.w	r3, r3, r2, lsl #30
87803cde:	f44f 6261 	mov.w	r2, #3600	@ 0xe10
87803ce2:	ebc3 1303 	rsb	r3, r3, r3, lsl #4
87803ce6:	eba4 0483 	sub.w	r4, r4, r3, lsl #2
87803cea:	2300      	movs	r3, #0
87803cec:	f000 fe26 	bl	8780493c <__aeabi_uldivmod>
87803cf0:	9b01      	ldr	r3, [sp, #4]
87803cf2:	f889 3006 	strb.w	r3, [r9, #6]
87803cf6:	1843      	adds	r3, r0, r1
87803cf8:	f143 0300 	adc.w	r3, r3, #0
87803cfc:	f364 4617 	bfi	r6, r4, #16, #8
87803d00:	fba8 2803 	umull	r2, r8, r8, r3
87803d04:	ea4f 08d8 	mov.w	r8, r8, lsr #3
87803d08:	ebc8 1808 	rsb	r8, r8, r8, lsl #4
87803d0c:	eba3 0308 	sub.w	r3, r3, r8
87803d10:	1ac3      	subs	r3, r0, r3
87803d12:	f161 0100 	sbc.w	r1, r1, #0
87803d16:	fb0a fa03 	mul.w	sl, sl, r3
87803d1a:	fb07 aa01 	mla	sl, r7, r1, sl
87803d1e:	fba3 3707 	umull	r3, r7, r3, r7
87803d22:	44ba      	add	sl, r7
87803d24:	089b      	lsrs	r3, r3, #2
87803d26:	ea43 738a 	orr.w	r3, r3, sl, lsl #30
87803d2a:	ebc3 1303 	rsb	r3, r3, r3, lsl #4
87803d2e:	eba0 0083 	sub.w	r0, r0, r3, lsl #2
87803d32:	f360 661f 	bfi	r6, r0, #24, #8
87803d36:	f8c9 6002 	str.w	r6, [r9, #2]
87803d3a:	b003      	add	sp, #12
87803d3c:	e8bd 8ff0 	ldmia.w	sp!, {r4, r5, r6, r7, r8, r9, sl, fp, pc}
87803d40:	01e13380 	mvneq	r3, r0, lsl #7
87803d44:	00000000 	andeq	r0, r0, r0

87803d48 <I2C_Init>:
87803d48:	8903      	ldrh	r3, [r0, #8]
87803d4a:	2215      	movs	r2, #21
87803d4c:	f023 0380 	bic.w	r3, r3, #128	@ 0x80
87803d50:	8103      	strh	r3, [r0, #8]
87803d52:	8082      	strh	r2, [r0, #4]
87803d54:	8903      	ldrh	r3, [r0, #8]
87803d56:	f043 0380 	orr.w	r3, r3, #128	@ 0x80
87803d5a:	8103      	strh	r3, [r0, #8]
87803d5c:	4770      	bx	lr
87803d5e:	bf00      	nop

87803d60 <I2C_Start>:
87803d60:	8983      	ldrh	r3, [r0, #12]
87803d62:	4684      	mov	ip, r0
87803d64:	f013 0020 	ands.w	r0, r3, #32
87803d68:	d10d      	bne.n	87803d86 <I2C_Start+0x26>
87803d6a:	f8bc 3008 	ldrh.w	r3, [ip, #8]
87803d6e:	0049      	lsls	r1, r1, #1
87803d70:	2a01      	cmp	r2, #1
87803d72:	bf08      	it	eq
87803d74:	f041 0101 	orreq.w	r1, r1, #1
87803d78:	f043 03a0 	orr.w	r3, r3, #160	@ 0xa0
87803d7c:	f8ac 3008 	strh.w	r3, [ip, #8]
87803d80:	f8ac 1010 	strh.w	r1, [ip, #16]
87803d84:	4770      	bx	lr
87803d86:	2001      	movs	r0, #1
87803d88:	4770      	bx	lr
87803d8a:	bf00      	nop

87803d8c <I2C_Master_Stop>:
87803d8c:	8902      	ldrh	r2, [r0, #8]
87803d8e:	f64f 73ff 	movw	r3, #65535	@ 0xffff
87803d92:	f022 0238 	bic.w	r2, r2, #56	@ 0x38
87803d96:	8102      	strh	r2, [r0, #8]
87803d98:	e001      	b.n	87803d9e <I2C_Master_Stop+0x12>
87803d9a:	b29b      	uxth	r3, r3
87803d9c:	b133      	cbz	r3, 87803dac <I2C_Master_Stop+0x20>
87803d9e:	8982      	ldrh	r2, [r0, #12]
87803da0:	3b01      	subs	r3, #1
87803da2:	f012 0220 	ands.w	r2, r2, #32
87803da6:	d1f8      	bne.n	87803d9a <I2C_Master_Stop+0xe>
87803da8:	4610      	mov	r0, r2
87803daa:	4770      	bx	lr
87803dac:	2005      	movs	r0, #5
87803dae:	4770      	bx	lr

87803db0 <I2C_Master_Repeat_Start>:
87803db0:	4603      	mov	r3, r0
87803db2:	8980      	ldrh	r0, [r0, #12]
87803db4:	0680      	lsls	r0, r0, #26
87803db6:	d411      	bmi.n	87803ddc <I2C_Master_Repeat_Start+0x2c>
87803db8:	8918      	ldrh	r0, [r3, #8]
87803dba:	f010 0020 	ands.w	r0, r0, #32
87803dbe:	d00e      	beq.n	87803dde <I2C_Master_Repeat_Start+0x2e>
87803dc0:	f8b3 c008 	ldrh.w	ip, [r3, #8]
87803dc4:	0049      	lsls	r1, r1, #1
87803dc6:	2a01      	cmp	r2, #1
87803dc8:	bf08      	it	eq
87803dca:	f041 0101 	orreq.w	r1, r1, #1
87803dce:	2001      	movs	r0, #1
87803dd0:	f04c 0c14 	orr.w	ip, ip, #20
87803dd4:	f8a3 c008 	strh.w	ip, [r3, #8]
87803dd8:	8219      	strh	r1, [r3, #16]
87803dda:	4770      	bx	lr
87803ddc:	2000      	movs	r0, #0
87803dde:	4770      	bx	lr

87803de0 <I2C_Check_And_Clear_Error>:
87803de0:	4603      	mov	r3, r0
87803de2:	06ca      	lsls	r2, r1, #27
87803de4:	d405      	bmi.n	87803df2 <I2C_Check_And_Clear_Error+0x12>
87803de6:	f011 0f01 	tst.w	r1, #1
87803dea:	bf14      	ite	ne
87803dec:	2003      	movne	r0, #3
87803dee:	2000      	moveq	r0, #0
87803df0:	4770      	bx	lr
87803df2:	8982      	ldrh	r2, [r0, #12]
87803df4:	2004      	movs	r0, #4
87803df6:	f022 0210 	bic.w	r2, r2, #16
87803dfa:	819a      	strh	r2, [r3, #12]
87803dfc:	891a      	ldrh	r2, [r3, #8]
87803dfe:	f022 0280 	bic.w	r2, r2, #128	@ 0x80
87803e02:	811a      	strh	r2, [r3, #8]
87803e04:	891a      	ldrh	r2, [r3, #8]
87803e06:	f042 0280 	orr.w	r2, r2, #128	@ 0x80
87803e0a:	811a      	strh	r2, [r3, #8]
87803e0c:	4770      	bx	lr
87803e0e:	bf00      	nop

87803e10 <I2C_Master_Write>:
87803e10:	8983      	ldrh	r3, [r0, #12]
87803e12:	061b      	lsls	r3, r3, #24
87803e14:	d5fc      	bpl.n	87803e10 <I2C_Master_Write>
87803e16:	8983      	ldrh	r3, [r0, #12]
87803e18:	f102 3cff 	add.w	ip, r2, #4294967295	@ 0xffffffff
87803e1c:	448c      	add	ip, r1
87803e1e:	1e4a      	subs	r2, r1, #1
87803e20:	f023 0301 	bic.w	r3, r3, #1
87803e24:	8183      	strh	r3, [r0, #12]
87803e26:	8983      	ldrh	r3, [r0, #12]
87803e28:	f043 0380 	orr.w	r3, r3, #128	@ 0x80
87803e2c:	8183      	strh	r3, [r0, #12]
87803e2e:	4562      	cmp	r2, ip
87803e30:	d00f      	beq.n	87803e52 <I2C_Master_Write+0x42>
87803e32:	f812 3f01 	ldrb.w	r3, [r2, #1]!
87803e36:	8203      	strh	r3, [r0, #16]
87803e38:	8983      	ldrh	r3, [r0, #12]
87803e3a:	0799      	lsls	r1, r3, #30
87803e3c:	d5fc      	bpl.n	87803e38 <I2C_Master_Write+0x28>
87803e3e:	8983      	ldrh	r3, [r0, #12]
87803e40:	f023 0302 	bic.w	r3, r3, #2
87803e44:	8183      	strh	r3, [r0, #12]
87803e46:	8983      	ldrh	r3, [r0, #12]
87803e48:	b299      	uxth	r1, r3
87803e4a:	06db      	lsls	r3, r3, #27
87803e4c:	d406      	bmi.n	87803e5c <I2C_Master_Write+0x4c>
87803e4e:	07cb      	lsls	r3, r1, #31
87803e50:	d5ed      	bpl.n	87803e2e <I2C_Master_Write+0x1e>
87803e52:	8983      	ldrh	r3, [r0, #12]
87803e54:	f023 0302 	bic.w	r3, r3, #2
87803e58:	8183      	strh	r3, [r0, #12]
87803e5a:	4770      	bx	lr
87803e5c:	8983      	ldrh	r3, [r0, #12]
87803e5e:	f023 0310 	bic.w	r3, r3, #16
87803e62:	8183      	strh	r3, [r0, #12]
87803e64:	8903      	ldrh	r3, [r0, #8]
87803e66:	f023 0380 	bic.w	r3, r3, #128	@ 0x80
87803e6a:	8103      	strh	r3, [r0, #8]
87803e6c:	8903      	ldrh	r3, [r0, #8]
87803e6e:	f043 0380 	orr.w	r3, r3, #128	@ 0x80
87803e72:	8103      	strh	r3, [r0, #8]
87803e74:	8983      	ldrh	r3, [r0, #12]
87803e76:	f023 0302 	bic.w	r3, r3, #2
87803e7a:	8183      	strh	r3, [r0, #12]
87803e7c:	4770      	bx	lr
87803e7e:	bf00      	nop

87803e80 <I2C_Master_Read>:
87803e80:	b500      	push	{lr}
87803e82:	2300      	movs	r3, #0
87803e84:	b083      	sub	sp, #12
87803e86:	f88d 3007 	strb.w	r3, [sp, #7]
87803e8a:	f89d 3007 	ldrb.w	r3, [sp, #7]
87803e8e:	3301      	adds	r3, #1
87803e90:	f88d 3007 	strb.w	r3, [sp, #7]
87803e94:	8983      	ldrh	r3, [r0, #12]
87803e96:	061b      	lsls	r3, r3, #24
87803e98:	d5fc      	bpl.n	87803e94 <I2C_Master_Read+0x14>
87803e9a:	8983      	ldrh	r3, [r0, #12]
87803e9c:	2a01      	cmp	r2, #1
87803e9e:	f023 0302 	bic.w	r3, r3, #2
87803ea2:	8183      	strh	r3, [r0, #12]
87803ea4:	8903      	ldrh	r3, [r0, #8]
87803ea6:	f023 0310 	bic.w	r3, r3, #16
87803eaa:	8103      	strh	r3, [r0, #8]
87803eac:	8903      	ldrh	r3, [r0, #8]
87803eae:	f043 0308 	orr.w	r3, r3, #8
87803eb2:	8103      	strh	r3, [r0, #8]
87803eb4:	d02a      	beq.n	87803f0c <I2C_Master_Read+0x8c>
87803eb6:	b33a      	cbz	r2, 87803f08 <I2C_Master_Read+0x88>
87803eb8:	f102 3eff 	add.w	lr, r2, #4294967295	@ 0xffffffff
87803ebc:	4672      	mov	r2, lr
87803ebe:	468c      	mov	ip, r1
87803ec0:	8983      	ldrh	r3, [r0, #12]
87803ec2:	079b      	lsls	r3, r3, #30
87803ec4:	d5fc      	bpl.n	87803ec0 <I2C_Master_Read+0x40>
87803ec6:	8983      	ldrh	r3, [r0, #12]
87803ec8:	f023 0302 	bic.w	r3, r3, #2
87803ecc:	8183      	strh	r3, [r0, #12]
87803ece:	b15a      	cbz	r2, 87803ee8 <I2C_Master_Read+0x68>
87803ed0:	2a01      	cmp	r2, #1
87803ed2:	f102 32ff 	add.w	r2, r2, #4294967295	@ 0xffffffff
87803ed6:	bf02      	ittt	eq
87803ed8:	8903      	ldrheq	r3, [r0, #8]
87803eda:	f043 0308 	orreq.w	r3, r3, #8
87803ede:	8103      	strheq	r3, [r0, #8]
87803ee0:	8a03      	ldrh	r3, [r0, #16]
87803ee2:	f80c 3b01 	strb.w	r3, [ip], #1
87803ee6:	e7eb      	b.n	87803ec0 <I2C_Master_Read+0x40>
87803ee8:	8902      	ldrh	r2, [r0, #8]
87803eea:	4471      	add	r1, lr
87803eec:	f64f 73ff 	movw	r3, #65535	@ 0xffff
87803ef0:	f022 0238 	bic.w	r2, r2, #56	@ 0x38
87803ef4:	8102      	strh	r2, [r0, #8]
87803ef6:	e001      	b.n	87803efc <I2C_Master_Read+0x7c>
87803ef8:	b29b      	uxth	r3, r3
87803efa:	b11b      	cbz	r3, 87803f04 <I2C_Master_Read+0x84>
87803efc:	8982      	ldrh	r2, [r0, #12]
87803efe:	3b01      	subs	r3, #1
87803f00:	0692      	lsls	r2, r2, #26
87803f02:	d4f9      	bmi.n	87803ef8 <I2C_Master_Read+0x78>
87803f04:	8a03      	ldrh	r3, [r0, #16]
87803f06:	700b      	strb	r3, [r1, #0]
87803f08:	b003      	add	sp, #12
87803f0a:	bd00      	pop	{pc}
87803f0c:	8903      	ldrh	r3, [r0, #8]
87803f0e:	f04f 0e00 	mov.w	lr, #0
87803f12:	f043 0308 	orr.w	r3, r3, #8
87803f16:	8103      	strh	r3, [r0, #8]
87803f18:	8a03      	ldrh	r3, [r0, #16]
87803f1a:	f88d 3007 	strb.w	r3, [sp, #7]
87803f1e:	e7cd      	b.n	87803ebc <I2C_Master_Read+0x3c>

87803f20 <I2C_Master_Transfer>:
87803f20:	b5f0      	push	{r4, r5, r6, r7, lr}
87803f22:	4603      	mov	r3, r0
87803f24:	8982      	ldrh	r2, [r0, #12]
87803f26:	684d      	ldr	r5, [r1, #4]
87803f28:	b083      	sub	sp, #12
87803f2a:	f022 0212 	bic.w	r2, r2, #18
87803f2e:	8182      	strh	r2, [r0, #12]
87803f30:	899a      	ldrh	r2, [r3, #12]
87803f32:	0616      	lsls	r6, r2, #24
87803f34:	d5fc      	bpl.n	87803f30 <I2C_Master_Transfer+0x10>
87803f36:	f891 e00c 	ldrb.w	lr, [r1, #12]
87803f3a:	f1be 0200 	subs.w	r2, lr, #0
87803f3e:	bf18      	it	ne
87803f40:	2201      	movne	r2, #1
87803f42:	2d01      	cmp	r5, #1
87803f44:	bf18      	it	ne
87803f46:	2200      	movne	r2, #0
87803f48:	2a00      	cmp	r2, #0
87803f4a:	899a      	ldrh	r2, [r3, #12]
87803f4c:	bf0c      	ite	eq
87803f4e:	4628      	moveq	r0, r5
87803f50:	2000      	movne	r0, #0
87803f52:	0694      	lsls	r4, r2, #26
87803f54:	bf48      	it	mi
87803f56:	2001      	movmi	r0, #1
87803f58:	d44a      	bmi.n	87803ff0 <I2C_Master_Transfer+0xd0>
87803f5a:	780a      	ldrb	r2, [r1, #0]
87803f5c:	0054      	lsls	r4, r2, #1
87803f5e:	0057      	lsls	r7, r2, #1
87803f60:	891a      	ldrh	r2, [r3, #8]
87803f62:	2801      	cmp	r0, #1
87803f64:	bf08      	it	eq
87803f66:	f044 0401 	orreq.w	r4, r4, #1
87803f6a:	f042 02a0 	orr.w	r2, r2, #160	@ 0xa0
87803f6e:	811a      	strh	r2, [r3, #8]
87803f70:	821c      	strh	r4, [r3, #16]
87803f72:	899a      	ldrh	r2, [r3, #12]
87803f74:	0790      	lsls	r0, r2, #30
87803f76:	d5fc      	bpl.n	87803f72 <I2C_Master_Transfer+0x52>
87803f78:	899a      	ldrh	r2, [r3, #12]
87803f7a:	b290      	uxth	r0, r2
87803f7c:	06d2      	lsls	r2, r2, #27
87803f7e:	d47c      	bmi.n	8780407a <I2C_Master_Transfer+0x15a>
87803f80:	07c6      	lsls	r6, r0, #31
87803f82:	d469      	bmi.n	87804058 <I2C_Master_Transfer+0x138>
87803f84:	f1be 0f00 	cmp.w	lr, #0
87803f88:	d034      	beq.n	87803ff4 <I2C_Master_Transfer+0xd4>
87803f8a:	1dce      	adds	r6, r1, #7
87803f8c:	f101 0c08 	add.w	ip, r1, #8
87803f90:	eb0e 0006 	add.w	r0, lr, r6
87803f94:	899a      	ldrh	r2, [r3, #12]
87803f96:	f1be 0f02 	cmp.w	lr, #2
87803f9a:	f022 0202 	bic.w	r2, r2, #2
87803f9e:	819a      	strh	r2, [r3, #12]
87803fa0:	bf0c      	ite	eq
87803fa2:	f89c 2000 	ldrbeq.w	r2, [ip]
87803fa6:	7802      	ldrbne	r2, [r0, #0]
87803fa8:	821a      	strh	r2, [r3, #16]
87803faa:	899a      	ldrh	r2, [r3, #12]
87803fac:	0794      	lsls	r4, r2, #30
87803fae:	d5fc      	bpl.n	87803faa <I2C_Master_Transfer+0x8a>
87803fb0:	899a      	ldrh	r2, [r3, #12]
87803fb2:	b294      	uxth	r4, r2
87803fb4:	06d2      	lsls	r2, r2, #27
87803fb6:	d42d      	bmi.n	87804014 <I2C_Master_Transfer+0xf4>
87803fb8:	07e4      	lsls	r4, r4, #31
87803fba:	d44b      	bmi.n	87804054 <I2C_Master_Transfer+0x134>
87803fbc:	3801      	subs	r0, #1
87803fbe:	f10c 0c01 	add.w	ip, ip, #1
87803fc2:	4286      	cmp	r6, r0
87803fc4:	d1e6      	bne.n	87803f94 <I2C_Master_Transfer+0x74>
87803fc6:	2d01      	cmp	r5, #1
87803fc8:	d070      	beq.n	878040ac <I2C_Master_Transfer+0x18c>
87803fca:	b915      	cbnz	r5, 87803fd2 <I2C_Master_Transfer+0xb2>
87803fcc:	694a      	ldr	r2, [r1, #20]
87803fce:	2a00      	cmp	r2, #0
87803fd0:	d161      	bne.n	87804096 <I2C_Master_Transfer+0x176>
87803fd2:	8919      	ldrh	r1, [r3, #8]
87803fd4:	f64f 72ff 	movw	r2, #65535	@ 0xffff
87803fd8:	f021 0138 	bic.w	r1, r1, #56	@ 0x38
87803fdc:	8119      	strh	r1, [r3, #8]
87803fde:	e002      	b.n	87803fe6 <I2C_Master_Transfer+0xc6>
87803fe0:	b292      	uxth	r2, r2
87803fe2:	2a00      	cmp	r2, #0
87803fe4:	d060      	beq.n	878040a8 <I2C_Master_Transfer+0x188>
87803fe6:	8998      	ldrh	r0, [r3, #12]
87803fe8:	3a01      	subs	r2, #1
87803fea:	f010 0020 	ands.w	r0, r0, #32
87803fee:	d1f7      	bne.n	87803fe0 <I2C_Master_Transfer+0xc0>
87803ff0:	b003      	add	sp, #12
87803ff2:	bdf0      	pop	{r4, r5, r6, r7, pc}
87803ff4:	2d00      	cmp	r5, #0
87803ff6:	d0e9      	beq.n	87803fcc <I2C_Master_Transfer+0xac>
87803ff8:	2d01      	cmp	r5, #1
87803ffa:	d1ea      	bne.n	87803fd2 <I2C_Master_Transfer+0xb2>
87803ffc:	694a      	ldr	r2, [r1, #20]
87803ffe:	2a00      	cmp	r2, #0
87804000:	d0e7      	beq.n	87803fd2 <I2C_Master_Transfer+0xb2>
87804002:	690c      	ldr	r4, [r1, #16]
87804004:	4618      	mov	r0, r3
87804006:	694a      	ldr	r2, [r1, #20]
87804008:	4621      	mov	r1, r4
8780400a:	9301      	str	r3, [sp, #4]
8780400c:	f7ff ff38 	bl	87803e80 <I2C_Master_Read>
87804010:	9b01      	ldr	r3, [sp, #4]
87804012:	e7de      	b.n	87803fd2 <I2C_Master_Transfer+0xb2>
87804014:	899a      	ldrh	r2, [r3, #12]
87804016:	2004      	movs	r0, #4
87804018:	f022 0210 	bic.w	r2, r2, #16
8780401c:	819a      	strh	r2, [r3, #12]
8780401e:	891a      	ldrh	r2, [r3, #8]
87804020:	f022 0280 	bic.w	r2, r2, #128	@ 0x80
87804024:	811a      	strh	r2, [r3, #8]
87804026:	891a      	ldrh	r2, [r3, #8]
87804028:	f042 0280 	orr.w	r2, r2, #128	@ 0x80
8780402c:	811a      	strh	r2, [r3, #8]
8780402e:	8919      	ldrh	r1, [r3, #8]
87804030:	f64f 72ff 	movw	r2, #65535	@ 0xffff
87804034:	3a01      	subs	r2, #1
87804036:	f021 0138 	bic.w	r1, r1, #56	@ 0x38
8780403a:	8119      	strh	r1, [r3, #8]
8780403c:	8999      	ldrh	r1, [r3, #12]
8780403e:	0689      	lsls	r1, r1, #26
87804040:	d5d6      	bpl.n	87803ff0 <I2C_Master_Transfer+0xd0>
87804042:	b292      	uxth	r2, r2
87804044:	2a00      	cmp	r2, #0
87804046:	d0d3      	beq.n	87803ff0 <I2C_Master_Transfer+0xd0>
87804048:	8999      	ldrh	r1, [r3, #12]
8780404a:	3a01      	subs	r2, #1
8780404c:	0689      	lsls	r1, r1, #26
8780404e:	d4f8      	bmi.n	87804042 <I2C_Master_Transfer+0x122>
87804050:	b003      	add	sp, #12
87804052:	bdf0      	pop	{r4, r5, r6, r7, pc}
87804054:	2003      	movs	r0, #3
87804056:	e7ea      	b.n	8780402e <I2C_Master_Transfer+0x10e>
87804058:	2003      	movs	r0, #3
8780405a:	8919      	ldrh	r1, [r3, #8]
8780405c:	f64f 72ff 	movw	r2, #65535	@ 0xffff
87804060:	f021 0138 	bic.w	r1, r1, #56	@ 0x38
87804064:	8119      	strh	r1, [r3, #8]
87804066:	e002      	b.n	8780406e <I2C_Master_Transfer+0x14e>
87804068:	b292      	uxth	r2, r2
8780406a:	2a00      	cmp	r2, #0
8780406c:	d0c0      	beq.n	87803ff0 <I2C_Master_Transfer+0xd0>
8780406e:	8999      	ldrh	r1, [r3, #12]
87804070:	3a01      	subs	r2, #1
87804072:	068d      	lsls	r5, r1, #26
87804074:	d4f8      	bmi.n	87804068 <I2C_Master_Transfer+0x148>
87804076:	b003      	add	sp, #12
87804078:	bdf0      	pop	{r4, r5, r6, r7, pc}
8780407a:	899a      	ldrh	r2, [r3, #12]
8780407c:	2004      	movs	r0, #4
8780407e:	f022 0210 	bic.w	r2, r2, #16
87804082:	819a      	strh	r2, [r3, #12]
87804084:	891a      	ldrh	r2, [r3, #8]
87804086:	f022 0280 	bic.w	r2, r2, #128	@ 0x80
8780408a:	811a      	strh	r2, [r3, #8]
8780408c:	891a      	ldrh	r2, [r3, #8]
8780408e:	f042 0280 	orr.w	r2, r2, #128	@ 0x80
87804092:	811a      	strh	r2, [r3, #8]
87804094:	e7e1      	b.n	8780405a <I2C_Master_Transfer+0x13a>
87804096:	690c      	ldr	r4, [r1, #16]
87804098:	4618      	mov	r0, r3
8780409a:	694a      	ldr	r2, [r1, #20]
8780409c:	4621      	mov	r1, r4
8780409e:	9301      	str	r3, [sp, #4]
878040a0:	f7ff feb6 	bl	87803e10 <I2C_Master_Write>
878040a4:	9b01      	ldr	r3, [sp, #4]
878040a6:	e794      	b.n	87803fd2 <I2C_Master_Transfer+0xb2>
878040a8:	4610      	mov	r0, r2
878040aa:	e7a1      	b.n	87803ff0 <I2C_Master_Transfer+0xd0>
878040ac:	899a      	ldrh	r2, [r3, #12]
878040ae:	f022 0202 	bic.w	r2, r2, #2
878040b2:	819a      	strh	r2, [r3, #12]
878040b4:	899a      	ldrh	r2, [r3, #12]
878040b6:	0692      	lsls	r2, r2, #26
878040b8:	d409      	bmi.n	878040ce <I2C_Master_Transfer+0x1ae>
878040ba:	891a      	ldrh	r2, [r3, #8]
878040bc:	0696      	lsls	r6, r2, #26
878040be:	d506      	bpl.n	878040ce <I2C_Master_Transfer+0x1ae>
878040c0:	8918      	ldrh	r0, [r3, #8]
878040c2:	f047 0201 	orr.w	r2, r7, #1
878040c6:	f040 0014 	orr.w	r0, r0, #20
878040ca:	8118      	strh	r0, [r3, #8]
878040cc:	821a      	strh	r2, [r3, #16]
878040ce:	899a      	ldrh	r2, [r3, #12]
878040d0:	0795      	lsls	r5, r2, #30
878040d2:	d5fc      	bpl.n	878040ce <I2C_Master_Transfer+0x1ae>
878040d4:	899a      	ldrh	r2, [r3, #12]
878040d6:	b290      	uxth	r0, r2
878040d8:	06d4      	lsls	r4, r2, #27
878040da:	d412      	bmi.n	87804102 <I2C_Master_Transfer+0x1e2>
878040dc:	07c0      	lsls	r0, r0, #31
878040de:	d58d      	bpl.n	87803ffc <I2C_Master_Transfer+0xdc>
878040e0:	2003      	movs	r0, #3
878040e2:	8919      	ldrh	r1, [r3, #8]
878040e4:	f64f 72ff 	movw	r2, #65535	@ 0xffff
878040e8:	f021 0138 	bic.w	r1, r1, #56	@ 0x38
878040ec:	8119      	strh	r1, [r3, #8]
878040ee:	e003      	b.n	878040f8 <I2C_Master_Transfer+0x1d8>
878040f0:	b292      	uxth	r2, r2
878040f2:	2a00      	cmp	r2, #0
878040f4:	f43f af7c 	beq.w	87803ff0 <I2C_Master_Transfer+0xd0>
878040f8:	8999      	ldrh	r1, [r3, #12]
878040fa:	3a01      	subs	r2, #1
878040fc:	0689      	lsls	r1, r1, #26
878040fe:	d4f7      	bmi.n	878040f0 <I2C_Master_Transfer+0x1d0>
87804100:	e776      	b.n	87803ff0 <I2C_Master_Transfer+0xd0>
87804102:	899a      	ldrh	r2, [r3, #12]
87804104:	2004      	movs	r0, #4
87804106:	f022 0210 	bic.w	r2, r2, #16
8780410a:	819a      	strh	r2, [r3, #12]
8780410c:	891a      	ldrh	r2, [r3, #8]
8780410e:	f022 0280 	bic.w	r2, r2, #128	@ 0x80
87804112:	811a      	strh	r2, [r3, #8]
87804114:	891a      	ldrh	r2, [r3, #8]
87804116:	f042 0280 	orr.w	r2, r2, #128	@ 0x80
8780411a:	811a      	strh	r2, [r3, #8]
8780411c:	e7e1      	b.n	878040e2 <I2C_Master_Transfer+0x1c2>
8780411e:	bf00      	nop

87804120 <SPI_Init>:
87804120:	2200      	movs	r2, #0
87804122:	6082      	str	r2, [r0, #8]
87804124:	f44f 5100 	mov.w	r1, #8192	@ 0x2000
87804128:	6883      	ldr	r3, [r0, #8]
8780412a:	f443 03e0 	orr.w	r3, r3, #7340032	@ 0x700000
8780412e:	f043 0319 	orr.w	r3, r3, #25
87804132:	6083      	str	r3, [r0, #8]
87804134:	60c2      	str	r2, [r0, #12]
87804136:	61c1      	str	r1, [r0, #28]
87804138:	6883      	ldr	r3, [r0, #8]
8780413a:	f423 437f 	bic.w	r3, r3, #65280	@ 0xff00
8780413e:	6083      	str	r3, [r0, #8]
87804140:	6883      	ldr	r3, [r0, #8]
87804142:	f443 4310 	orr.w	r3, r3, #36864	@ 0x9000
87804146:	6083      	str	r3, [r0, #8]
87804148:	4770      	bx	lr
8780414a:	bf00      	nop

8780414c <SPI_ReadWriteByte>:
8780414c:	6883      	ldr	r3, [r0, #8]
8780414e:	f423 2340 	bic.w	r3, r3, #786432	@ 0xc0000
87804152:	6083      	str	r3, [r0, #8]
87804154:	6883      	ldr	r3, [r0, #8]
87804156:	6083      	str	r3, [r0, #8]
87804158:	6983      	ldr	r3, [r0, #24]
8780415a:	07da      	lsls	r2, r3, #31
8780415c:	d5fc      	bpl.n	87804158 <SPI_ReadWriteByte+0xc>
8780415e:	6041      	str	r1, [r0, #4]
87804160:	6983      	ldr	r3, [r0, #24]
87804162:	071b      	lsls	r3, r3, #28
87804164:	d5fc      	bpl.n	87804160 <SPI_ReadWriteByte+0x14>
87804166:	6800      	ldr	r0, [r0, #0]
87804168:	b2c0      	uxtb	r0, r0
8780416a:	4770      	bx	lr

8780416c <AP3216C_Init>:
8780416c:	e92d 43f0 	stmdb	sp!, {r4, r5, r6, r7, r8, r9, lr}
87804170:	2300      	movs	r3, #0
87804172:	f2c0 230e 	movt	r3, #526	@ 0x20e
87804176:	b089      	sub	sp, #36	@ 0x24
87804178:	2600      	movs	r6, #0
8780417a:	f2c0 261a 	movt	r6, #538	@ 0x21a
8780417e:	2401      	movs	r4, #1
87804180:	f247 02b0 	movw	r2, #28848	@ 0x70b0
87804184:	af02      	add	r7, sp, #8
87804186:	2112      	movs	r1, #18
87804188:	4630      	mov	r0, r6
8780418a:	f8c3 10b4 	str.w	r1, [r3, #180]	@ 0xb4
8780418e:	2500      	movs	r5, #0
87804190:	f8c3 45a4 	str.w	r4, [r3, #1444]	@ 0x5a4
87804194:	f04f 081e 	mov.w	r8, #30
87804198:	f8c3 22fc 	str.w	r2, [r3, #764]	@ 0x2fc
8780419c:	f10d 0907 	add.w	r9, sp, #7
878041a0:	f8c3 10b8 	str.w	r1, [r3, #184]	@ 0xb8
878041a4:	2102      	movs	r1, #2
878041a6:	f8c3 15a8 	str.w	r1, [r3, #1448]	@ 0x5a8
878041aa:	f8c3 22fc 	str.w	r2, [r3, #764]	@ 0x2fc
878041ae:	f7ff fdcb 	bl	87803d48 <I2C_Init>
878041b2:	4639      	mov	r1, r7
878041b4:	4630      	mov	r0, r6
878041b6:	2304      	movs	r3, #4
878041b8:	f8cd 9018 	str.w	r9, [sp, #24]
878041bc:	f88d 3007 	strb.w	r3, [sp, #7]
878041c0:	9504      	str	r5, [sp, #16]
878041c2:	f88d 4014 	strb.w	r4, [sp, #20]
878041c6:	f88d 8008 	strb.w	r8, [sp, #8]
878041ca:	9503      	str	r5, [sp, #12]
878041cc:	9407      	str	r4, [sp, #28]
878041ce:	f7ff fea7 	bl	87803f20 <I2C_Master_Transfer>
878041d2:	2064      	movs	r0, #100	@ 0x64
878041d4:	f7fe fa18 	bl	87802608 <Delay_ms>
878041d8:	4639      	mov	r1, r7
878041da:	4630      	mov	r0, r6
878041dc:	2303      	movs	r3, #3
878041de:	f8cd 9018 	str.w	r9, [sp, #24]
878041e2:	f88d 3007 	strb.w	r3, [sp, #7]
878041e6:	f88d 8008 	strb.w	r8, [sp, #8]
878041ea:	9504      	str	r5, [sp, #16]
878041ec:	f88d 4014 	strb.w	r4, [sp, #20]
878041f0:	9407      	str	r4, [sp, #28]
878041f2:	9503      	str	r5, [sp, #12]
878041f4:	f7ff fe94 	bl	87803f20 <I2C_Master_Transfer>
878041f8:	4639      	mov	r1, r7
878041fa:	4630      	mov	r0, r6
878041fc:	f8cd 9018 	str.w	r9, [sp, #24]
87804200:	f88d 8008 	strb.w	r8, [sp, #8]
87804204:	f88d 5007 	strb.w	r5, [sp, #7]
87804208:	9504      	str	r5, [sp, #16]
8780420a:	9407      	str	r4, [sp, #28]
8780420c:	9403      	str	r4, [sp, #12]
8780420e:	f88d 4014 	strb.w	r4, [sp, #20]
87804212:	f7ff fe85 	bl	87803f20 <I2C_Master_Transfer>
87804216:	4804      	ldr	r0, [pc, #16]	@ (87804228 <AP3216C_Init+0xbc>)
87804218:	f89d 1007 	ldrb.w	r1, [sp, #7]
8780421c:	4478      	add	r0, pc
8780421e:	b009      	add	sp, #36	@ 0x24
87804220:	e8bd 43f0 	ldmia.w	sp!, {r4, r5, r6, r7, r8, r9, lr}
87804224:	f7fc b910 	b.w	87800448 <printf>
87804228:	00000a80 	andeq	r0, r0, r0, lsl #21

8780422c <AP3216C_ReadByte>:
8780422c:	b500      	push	{lr}
8780422e:	460a      	mov	r2, r1
87804230:	2301      	movs	r3, #1
87804232:	b089      	sub	sp, #36	@ 0x24
87804234:	f04f 0c00 	mov.w	ip, #0
87804238:	a902      	add	r1, sp, #8
8780423a:	f88d 0008 	strb.w	r0, [sp, #8]
8780423e:	2000      	movs	r0, #0
87804240:	f2c0 201a 	movt	r0, #538	@ 0x21a
87804244:	9204      	str	r2, [sp, #16]
87804246:	f88d c007 	strb.w	ip, [sp, #7]
8780424a:	f10d 0207 	add.w	r2, sp, #7
8780424e:	9303      	str	r3, [sp, #12]
87804250:	9206      	str	r2, [sp, #24]
87804252:	f88d 3014 	strb.w	r3, [sp, #20]
87804256:	9307      	str	r3, [sp, #28]
87804258:	f7ff fe62 	bl	87803f20 <I2C_Master_Transfer>
8780425c:	f89d 0007 	ldrb.w	r0, [sp, #7]
87804260:	b009      	add	sp, #36	@ 0x24
87804262:	bd00      	pop	{pc}

87804264 <AP3216C_WriteByte>:
87804264:	b500      	push	{lr}
87804266:	460b      	mov	r3, r1
87804268:	f04f 0c01 	mov.w	ip, #1
8780426c:	b089      	sub	sp, #36	@ 0x24
8780426e:	a902      	add	r1, sp, #8
87804270:	f88d 0008 	strb.w	r0, [sp, #8]
87804274:	2000      	movs	r0, #0
87804276:	f2c0 201a 	movt	r0, #538	@ 0x21a
8780427a:	9304      	str	r3, [sp, #16]
8780427c:	f88d 2007 	strb.w	r2, [sp, #7]
87804280:	f10d 0307 	add.w	r3, sp, #7
87804284:	f88d c014 	strb.w	ip, [sp, #20]
87804288:	9306      	str	r3, [sp, #24]
8780428a:	2300      	movs	r3, #0
8780428c:	f8cd c01c 	str.w	ip, [sp, #28]
87804290:	9303      	str	r3, [sp, #12]
87804292:	f7ff fe45 	bl	87803f20 <I2C_Master_Transfer>
87804296:	3800      	subs	r0, #0
87804298:	bf18      	it	ne
8780429a:	2001      	movne	r0, #1
8780429c:	b009      	add	sp, #36	@ 0x24
8780429e:	bd00      	pop	{pc}

878042a0 <AP3216C_ReadData>:
878042a0:	e92d 4ff0 	stmdb	sp!, {r4, r5, r6, r7, r8, r9, sl, fp, lr}
878042a4:	2400      	movs	r4, #0
878042a6:	f2c0 241a 	movt	r4, #538	@ 0x21a
878042aa:	b08d      	sub	sp, #52	@ 0x34
878042ac:	4683      	mov	fp, r0
878042ae:	f10d 050f 	add.w	r5, sp, #15
878042b2:	f04f 090a 	mov.w	r9, #10
878042b6:	46aa      	mov	sl, r5
878042b8:	2600      	movs	r6, #0
878042ba:	271e      	movs	r7, #30
878042bc:	e9cd 1200 	strd	r1, r2, [sp]
878042c0:	a906      	add	r1, sp, #24
878042c2:	4620      	mov	r0, r4
878042c4:	2301      	movs	r3, #1
878042c6:	950a      	str	r5, [sp, #40]	@ 0x28
878042c8:	f8cd 9020 	str.w	r9, [sp, #32]
878042cc:	f109 0901 	add.w	r9, r9, #1
878042d0:	930b      	str	r3, [sp, #44]	@ 0x2c
878042d2:	9307      	str	r3, [sp, #28]
878042d4:	f88d 3024 	strb.w	r3, [sp, #36]	@ 0x24
878042d8:	f88d 600f 	strb.w	r6, [sp, #15]
878042dc:	f88d 7018 	strb.w	r7, [sp, #24]
878042e0:	f7ff fe1e 	bl	87803f20 <I2C_Master_Transfer>
878042e4:	f89d 300f 	ldrb.w	r3, [sp, #15]
878042e8:	f1b9 0f10 	cmp.w	r9, #16
878042ec:	f80a 3f01 	strb.w	r3, [sl, #1]!
878042f0:	d1e6      	bne.n	878042c0 <AP3216C_ReadData+0x20>
878042f2:	f89d 3010 	ldrb.w	r3, [sp, #16]
878042f6:	2b80      	cmp	r3, #128	@ 0x80
878042f8:	bf04      	itt	eq
878042fa:	f8ab 6000 	strheq.w	r6, [fp]
878042fe:	2300      	moveq	r3, #0
87804300:	d011      	beq.n	87804326 <AP3216C_ReadData+0x86>
87804302:	f89d 2011 	ldrb.w	r2, [sp, #17]
87804306:	f003 0303 	and.w	r3, r3, #3
8780430a:	ea43 0382 	orr.w	r3, r3, r2, lsl #2
8780430e:	f89d 2015 	ldrb.w	r2, [sp, #21]
87804312:	f8ab 3000 	strh.w	r3, [fp]
87804316:	f89d 3014 	ldrb.w	r3, [sp, #20]
8780431a:	0112      	lsls	r2, r2, #4
8780431c:	f003 030f 	and.w	r3, r3, #15
87804320:	f402 727c 	and.w	r2, r2, #1008	@ 0x3f0
87804324:	4313      	orrs	r3, r2
87804326:	9900      	ldr	r1, [sp, #0]
87804328:	f8bd 2012 	ldrh.w	r2, [sp, #18]
8780432c:	800b      	strh	r3, [r1, #0]
8780432e:	9b01      	ldr	r3, [sp, #4]
87804330:	801a      	strh	r2, [r3, #0]
87804332:	b00d      	add	sp, #52	@ 0x34
87804334:	e8bd 8ff0 	ldmia.w	sp!, {r4, r5, r6, r7, r8, r9, sl, fp, pc}

87804338 <ICM20608_Init>:
87804338:	e92d 43f0 	stmdb	sp!, {r4, r5, r6, r7, r8, r9, lr}
8780433c:	2300      	movs	r3, #0
8780433e:	f2c0 230e 	movt	r3, #526	@ 0x20e
87804342:	b085      	sub	sp, #20
87804344:	2600      	movs	r6, #0
87804346:	4635      	mov	r5, r6
87804348:	f44f 4440 	mov.w	r4, #49152	@ 0xc000
8780434c:	f2c0 2409 	movt	r4, #521	@ 0x209
87804350:	f2c0 2501 	movt	r5, #513	@ 0x201
87804354:	f04f 0818 	mov.w	r8, #24
87804358:	f241 02b0 	movw	r2, #4272	@ 0x10b0
8780435c:	f8c3 8098 	str.w	r8, [r3, #152]	@ 0x98
87804360:	4620      	mov	r0, r4
87804362:	f8c3 6554 	str.w	r6, [r3, #1364]	@ 0x554
87804366:	2105      	movs	r1, #5
87804368:	f8c3 809c 	str.w	r8, [r3, #156]	@ 0x9c
8780436c:	2701      	movs	r7, #1
8780436e:	f8c3 655c 	str.w	r6, [r3, #1372]	@ 0x55c
87804372:	f8c3 80a0 	str.w	r8, [r3, #160]	@ 0xa0
87804376:	f8c3 6558 	str.w	r6, [r3, #1368]	@ 0x558
8780437a:	f8c3 2324 	str.w	r2, [r3, #804]	@ 0x324
8780437e:	f8c3 2328 	str.w	r2, [r3, #808]	@ 0x328
87804382:	f8c3 232c 	str.w	r2, [r3, #812]	@ 0x32c
87804386:	f8c3 1094 	str.w	r1, [r3, #148]	@ 0x94
8780438a:	2114      	movs	r1, #20
8780438c:	f8c3 2320 	str.w	r2, [r3, #800]	@ 0x320
87804390:	aa01      	add	r2, sp, #4
87804392:	f88d 6008 	strb.w	r6, [sp, #8]
87804396:	9701      	str	r7, [sp, #4]
87804398:	f7fe fa92 	bl	878028c0 <gpio_init>
8780439c:	4628      	mov	r0, r5
8780439e:	f7ff febf 	bl	87804120 <SPI_Init>
878043a2:	4632      	mov	r2, r6
878043a4:	4620      	mov	r0, r4
878043a6:	2114      	movs	r1, #20
878043a8:	f7fe fa1c 	bl	878027e4 <gpio_pinwrite>
878043ac:	21f5      	movs	r1, #245	@ 0xf5
878043ae:	4628      	mov	r0, r5
878043b0:	f7ff fecc 	bl	8780414c <SPI_ReadWriteByte>
878043b4:	21ff      	movs	r1, #255	@ 0xff
878043b6:	4628      	mov	r0, r5
878043b8:	f7ff fec8 	bl	8780414c <SPI_ReadWriteByte>
878043bc:	463a      	mov	r2, r7
878043be:	4681      	mov	r9, r0
878043c0:	2114      	movs	r1, #20
878043c2:	4620      	mov	r0, r4
878043c4:	f7fe fa0e 	bl	878027e4 <gpio_pinwrite>
878043c8:	4860      	ldr	r0, [pc, #384]	@ (8780454c <ICM20608_Init+0x214>)
878043ca:	4649      	mov	r1, r9
878043cc:	4478      	add	r0, pc
878043ce:	f7fc f83b 	bl	87800448 <printf>
878043d2:	4632      	mov	r2, r6
878043d4:	4620      	mov	r0, r4
878043d6:	2114      	movs	r1, #20
878043d8:	f7fe fa04 	bl	878027e4 <gpio_pinwrite>
878043dc:	216b      	movs	r1, #107	@ 0x6b
878043de:	4628      	mov	r0, r5
878043e0:	f7ff feb4 	bl	8780414c <SPI_ReadWriteByte>
878043e4:	4631      	mov	r1, r6
878043e6:	4628      	mov	r0, r5
878043e8:	f7ff feb0 	bl	8780414c <SPI_ReadWriteByte>
878043ec:	463a      	mov	r2, r7
878043ee:	2114      	movs	r1, #20
878043f0:	4620      	mov	r0, r4
878043f2:	f7fe f9f7 	bl	878027e4 <gpio_pinwrite>
878043f6:	2032      	movs	r0, #50	@ 0x32
878043f8:	f7fe f906 	bl	87802608 <Delay_ms>
878043fc:	4632      	mov	r2, r6
878043fe:	4620      	mov	r0, r4
87804400:	2114      	movs	r1, #20
87804402:	f7fe f9ef 	bl	878027e4 <gpio_pinwrite>
87804406:	216b      	movs	r1, #107	@ 0x6b
87804408:	4628      	mov	r0, r5
8780440a:	f7ff fe9f 	bl	8780414c <SPI_ReadWriteByte>
8780440e:	4639      	mov	r1, r7
87804410:	4628      	mov	r0, r5
87804412:	f7ff fe9b 	bl	8780414c <SPI_ReadWriteByte>
87804416:	463a      	mov	r2, r7
87804418:	2114      	movs	r1, #20
8780441a:	4620      	mov	r0, r4
8780441c:	f7fe f9e2 	bl	878027e4 <gpio_pinwrite>
87804420:	2032      	movs	r0, #50	@ 0x32
87804422:	f7fe f8f1 	bl	87802608 <Delay_ms>
87804426:	4632      	mov	r2, r6
87804428:	4620      	mov	r0, r4
8780442a:	2114      	movs	r1, #20
8780442c:	f7fe f9da 	bl	878027e4 <gpio_pinwrite>
87804430:	2119      	movs	r1, #25
87804432:	4628      	mov	r0, r5
87804434:	f7ff fe8a 	bl	8780414c <SPI_ReadWriteByte>
87804438:	4631      	mov	r1, r6
8780443a:	4628      	mov	r0, r5
8780443c:	f7ff fe86 	bl	8780414c <SPI_ReadWriteByte>
87804440:	463a      	mov	r2, r7
87804442:	4620      	mov	r0, r4
87804444:	2114      	movs	r1, #20
87804446:	f7fe f9cd 	bl	878027e4 <gpio_pinwrite>
8780444a:	4632      	mov	r2, r6
8780444c:	4620      	mov	r0, r4
8780444e:	2114      	movs	r1, #20
87804450:	f7fe f9c8 	bl	878027e4 <gpio_pinwrite>
87804454:	211b      	movs	r1, #27
87804456:	4628      	mov	r0, r5
87804458:	f7ff fe78 	bl	8780414c <SPI_ReadWriteByte>
8780445c:	4641      	mov	r1, r8
8780445e:	4628      	mov	r0, r5
87804460:	f7ff fe74 	bl	8780414c <SPI_ReadWriteByte>
87804464:	463a      	mov	r2, r7
87804466:	4620      	mov	r0, r4
87804468:	2114      	movs	r1, #20
8780446a:	f7fe f9bb 	bl	878027e4 <gpio_pinwrite>
8780446e:	4632      	mov	r2, r6
87804470:	4620      	mov	r0, r4
87804472:	2114      	movs	r1, #20
87804474:	f7fe f9b6 	bl	878027e4 <gpio_pinwrite>
87804478:	211c      	movs	r1, #28
8780447a:	4628      	mov	r0, r5
8780447c:	f7ff fe66 	bl	8780414c <SPI_ReadWriteByte>
87804480:	4641      	mov	r1, r8
87804482:	4628      	mov	r0, r5
87804484:	f7ff fe62 	bl	8780414c <SPI_ReadWriteByte>
87804488:	463a      	mov	r2, r7
8780448a:	4620      	mov	r0, r4
8780448c:	2114      	movs	r1, #20
8780448e:	f7fe f9a9 	bl	878027e4 <gpio_pinwrite>
87804492:	4632      	mov	r2, r6
87804494:	4620      	mov	r0, r4
87804496:	2114      	movs	r1, #20
87804498:	f7fe f9a4 	bl	878027e4 <gpio_pinwrite>
8780449c:	211a      	movs	r1, #26
8780449e:	4628      	mov	r0, r5
878044a0:	f7ff fe54 	bl	8780414c <SPI_ReadWriteByte>
878044a4:	2104      	movs	r1, #4
878044a6:	4628      	mov	r0, r5
878044a8:	f7ff fe50 	bl	8780414c <SPI_ReadWriteByte>
878044ac:	463a      	mov	r2, r7
878044ae:	4620      	mov	r0, r4
878044b0:	2114      	movs	r1, #20
878044b2:	f7fe f997 	bl	878027e4 <gpio_pinwrite>
878044b6:	4632      	mov	r2, r6
878044b8:	4620      	mov	r0, r4
878044ba:	2114      	movs	r1, #20
878044bc:	f7fe f992 	bl	878027e4 <gpio_pinwrite>
878044c0:	211d      	movs	r1, #29
878044c2:	4628      	mov	r0, r5
878044c4:	f7ff fe42 	bl	8780414c <SPI_ReadWriteByte>
878044c8:	2104      	movs	r1, #4
878044ca:	4628      	mov	r0, r5
878044cc:	f7ff fe3e 	bl	8780414c <SPI_ReadWriteByte>
878044d0:	463a      	mov	r2, r7
878044d2:	4620      	mov	r0, r4
878044d4:	2114      	movs	r1, #20
878044d6:	f7fe f985 	bl	878027e4 <gpio_pinwrite>
878044da:	4632      	mov	r2, r6
878044dc:	4620      	mov	r0, r4
878044de:	2114      	movs	r1, #20
878044e0:	f7fe f980 	bl	878027e4 <gpio_pinwrite>
878044e4:	216c      	movs	r1, #108	@ 0x6c
878044e6:	4628      	mov	r0, r5
878044e8:	f7ff fe30 	bl	8780414c <SPI_ReadWriteByte>
878044ec:	4631      	mov	r1, r6
878044ee:	4628      	mov	r0, r5
878044f0:	f7ff fe2c 	bl	8780414c <SPI_ReadWriteByte>
878044f4:	463a      	mov	r2, r7
878044f6:	4620      	mov	r0, r4
878044f8:	2114      	movs	r1, #20
878044fa:	f7fe f973 	bl	878027e4 <gpio_pinwrite>
878044fe:	4632      	mov	r2, r6
87804500:	4620      	mov	r0, r4
87804502:	2114      	movs	r1, #20
87804504:	f7fe f96e 	bl	878027e4 <gpio_pinwrite>
87804508:	211e      	movs	r1, #30
8780450a:	4628      	mov	r0, r5
8780450c:	f7ff fe1e 	bl	8780414c <SPI_ReadWriteByte>
87804510:	4631      	mov	r1, r6
87804512:	4628      	mov	r0, r5
87804514:	f7ff fe1a 	bl	8780414c <SPI_ReadWriteByte>
87804518:	463a      	mov	r2, r7
8780451a:	4620      	mov	r0, r4
8780451c:	2114      	movs	r1, #20
8780451e:	f7fe f961 	bl	878027e4 <gpio_pinwrite>
87804522:	4632      	mov	r2, r6
87804524:	4620      	mov	r0, r4
87804526:	2114      	movs	r1, #20
87804528:	f7fe f95c 	bl	878027e4 <gpio_pinwrite>
8780452c:	2123      	movs	r1, #35	@ 0x23
8780452e:	4628      	mov	r0, r5
87804530:	f7ff fe0c 	bl	8780414c <SPI_ReadWriteByte>
87804534:	4631      	mov	r1, r6
87804536:	4628      	mov	r0, r5
87804538:	f7ff fe08 	bl	8780414c <SPI_ReadWriteByte>
8780453c:	463a      	mov	r2, r7
8780453e:	2114      	movs	r1, #20
87804540:	4620      	mov	r0, r4
87804542:	f7fe f94f 	bl	878027e4 <gpio_pinwrite>
87804546:	b005      	add	sp, #20
87804548:	e8bd 83f0 	ldmia.w	sp!, {r4, r5, r6, r7, r8, r9, pc}
8780454c:	0000081c 	andeq	r0, r0, ip, lsl r8

87804550 <ICM20608_ReadByte>:
87804550:	b570      	push	{r4, r5, r6, lr}
87804552:	f44f 4440 	mov.w	r4, #49152	@ 0xc000
87804556:	f2c0 2409 	movt	r4, #521	@ 0x209
8780455a:	2200      	movs	r2, #0
8780455c:	4606      	mov	r6, r0
8780455e:	2114      	movs	r1, #20
87804560:	4620      	mov	r0, r4
87804562:	2500      	movs	r5, #0
87804564:	f2c0 2501 	movt	r5, #513	@ 0x201
87804568:	f7fe f93c 	bl	878027e4 <gpio_pinwrite>
8780456c:	f046 0180 	orr.w	r1, r6, #128	@ 0x80
87804570:	4628      	mov	r0, r5
87804572:	f7ff fdeb 	bl	8780414c <SPI_ReadWriteByte>
87804576:	21ff      	movs	r1, #255	@ 0xff
87804578:	4628      	mov	r0, r5
8780457a:	f7ff fde7 	bl	8780414c <SPI_ReadWriteByte>
8780457e:	2201      	movs	r2, #1
87804580:	4605      	mov	r5, r0
87804582:	2114      	movs	r1, #20
87804584:	4620      	mov	r0, r4
87804586:	f7fe f92d 	bl	878027e4 <gpio_pinwrite>
8780458a:	4628      	mov	r0, r5
8780458c:	bd70      	pop	{r4, r5, r6, pc}
8780458e:	bf00      	nop

87804590 <ICM20608_WriteByte>:
87804590:	b5f8      	push	{r3, r4, r5, r6, r7, lr}
87804592:	f44f 4440 	mov.w	r4, #49152	@ 0xc000
87804596:	f2c0 2409 	movt	r4, #521	@ 0x209
8780459a:	2200      	movs	r2, #0
8780459c:	4607      	mov	r7, r0
8780459e:	460e      	mov	r6, r1
878045a0:	4620      	mov	r0, r4
878045a2:	2114      	movs	r1, #20
878045a4:	2500      	movs	r5, #0
878045a6:	f2c0 2501 	movt	r5, #513	@ 0x201
878045aa:	f7fe f91b 	bl	878027e4 <gpio_pinwrite>
878045ae:	f007 017f 	and.w	r1, r7, #127	@ 0x7f
878045b2:	4628      	mov	r0, r5
878045b4:	f7ff fdca 	bl	8780414c <SPI_ReadWriteByte>
878045b8:	4631      	mov	r1, r6
878045ba:	4628      	mov	r0, r5
878045bc:	f7ff fdc6 	bl	8780414c <SPI_ReadWriteByte>
878045c0:	4620      	mov	r0, r4
878045c2:	2201      	movs	r2, #1
878045c4:	2114      	movs	r1, #20
878045c6:	e8bd 40f8 	ldmia.w	sp!, {r3, r4, r5, r6, r7, lr}
878045ca:	f7fe b90b 	b.w	878027e4 <gpio_pinwrite>
878045ce:	bf00      	nop

878045d0 <ICM20608_Read_len>:
878045d0:	b570      	push	{r4, r5, r6, lr}
878045d2:	4606      	mov	r6, r0
878045d4:	4615      	mov	r5, r2
878045d6:	460c      	mov	r4, r1
878045d8:	2200      	movs	r2, #0
878045da:	2114      	movs	r1, #20
878045dc:	f44f 4040 	mov.w	r0, #49152	@ 0xc000
878045e0:	f2c0 2009 	movt	r0, #521	@ 0x209
878045e4:	f7fe f8fe 	bl	878027e4 <gpio_pinwrite>
878045e8:	2000      	movs	r0, #0
878045ea:	f2c0 2001 	movt	r0, #513	@ 0x201
878045ee:	f046 0180 	orr.w	r1, r6, #128	@ 0x80
878045f2:	f7ff fdab 	bl	8780414c <SPI_ReadWriteByte>
878045f6:	b15d      	cbz	r5, 87804610 <ICM20608_Read_len+0x40>
878045f8:	2600      	movs	r6, #0
878045fa:	f2c0 2601 	movt	r6, #513	@ 0x201
878045fe:	4425      	add	r5, r4
87804600:	21ff      	movs	r1, #255	@ 0xff
87804602:	4630      	mov	r0, r6
87804604:	f7ff fda2 	bl	8780414c <SPI_ReadWriteByte>
87804608:	f804 0b01 	strb.w	r0, [r4], #1
8780460c:	42ac      	cmp	r4, r5
8780460e:	d1f7      	bne.n	87804600 <ICM20608_Read_len+0x30>
87804610:	f44f 4040 	mov.w	r0, #49152	@ 0xc000
87804614:	f2c0 2009 	movt	r0, #521	@ 0x209
87804618:	e8bd 4070 	ldmia.w	sp!, {r4, r5, r6, lr}
8780461c:	2201      	movs	r2, #1
8780461e:	2114      	movs	r1, #20
87804620:	f7fe b8e0 	b.w	878027e4 <gpio_pinwrite>

87804624 <ICM20608_Get_data>:
87804624:	b570      	push	{r4, r5, r6, lr}
87804626:	2500      	movs	r5, #0
87804628:	f2c0 2501 	movt	r5, #513	@ 0x201
8780462c:	b084      	sub	sp, #16
8780462e:	2200      	movs	r2, #0
87804630:	466c      	mov	r4, sp
87804632:	f10d 060e 	add.w	r6, sp, #14
87804636:	2114      	movs	r1, #20
87804638:	f44f 4040 	mov.w	r0, #49152	@ 0xc000
8780463c:	f2c0 2009 	movt	r0, #521	@ 0x209
87804640:	f7fe f8d0 	bl	878027e4 <gpio_pinwrite>
87804644:	21bb      	movs	r1, #187	@ 0xbb
87804646:	2000      	movs	r0, #0
87804648:	f2c0 2001 	movt	r0, #513	@ 0x201
8780464c:	f7ff fd7e 	bl	8780414c <SPI_ReadWriteByte>
87804650:	21ff      	movs	r1, #255	@ 0xff
87804652:	4628      	mov	r0, r5
87804654:	f7ff fd7a 	bl	8780414c <SPI_ReadWriteByte>
87804658:	f804 0b01 	strb.w	r0, [r4], #1
8780465c:	42a6      	cmp	r6, r4
8780465e:	d1f7      	bne.n	87804650 <ICM20608_Get_data+0x2c>
87804660:	2201      	movs	r2, #1
87804662:	2114      	movs	r1, #20
87804664:	f44f 4040 	mov.w	r0, #49152	@ 0xc000
87804668:	f2c0 2009 	movt	r0, #521	@ 0x209
8780466c:	f7fe f8ba 	bl	878027e4 <gpio_pinwrite>
87804670:	4b13      	ldr	r3, [pc, #76]	@ (878046c0 <ICM20608_Get_data+0x9c>)
87804672:	f8bd 0000 	ldrh.w	r0, [sp]
87804676:	f8bd 1002 	ldrh.w	r1, [sp, #2]
8780467a:	447b      	add	r3, pc
8780467c:	f8bd 4004 	ldrh.w	r4, [sp, #4]
87804680:	ba40      	rev16	r0, r0
87804682:	f8bd 2006 	ldrh.w	r2, [sp, #6]
87804686:	ba49      	rev16	r1, r1
87804688:	ba64      	rev16	r4, r4
8780468a:	b280      	uxth	r0, r0
8780468c:	ba52      	rev16	r2, r2
8780468e:	b289      	uxth	r1, r1
87804690:	b2a4      	uxth	r4, r4
87804692:	e9c3 0103 	strd	r0, r1, [r3, #12]
87804696:	b292      	uxth	r2, r2
87804698:	f8bd 0008 	ldrh.w	r0, [sp, #8]
8780469c:	f8bd 100a 	ldrh.w	r1, [sp, #10]
878046a0:	e9c3 4205 	strd	r4, r2, [r3, #20]
878046a4:	ba40      	rev16	r0, r0
878046a6:	f8bd 200c 	ldrh.w	r2, [sp, #12]
878046aa:	ba49      	rev16	r1, r1
878046ac:	b280      	uxth	r0, r0
878046ae:	6018      	str	r0, [r3, #0]
878046b0:	ba52      	rev16	r2, r2
878046b2:	b289      	uxth	r1, r1
878046b4:	b292      	uxth	r2, r2
878046b6:	e9c3 1201 	strd	r1, r2, [r3, #4]
878046ba:	b004      	add	sp, #16
878046bc:	bd70      	pop	{r4, r5, r6, pc}
878046be:	bf00      	nop
878046c0:	00005c12 	andeq	r5, r0, r2, lsl ip
878046c4:	00000000 	andeq	r0, r0, r0

878046c8 <__udivsi3>:
878046c8:	1e4a      	subs	r2, r1, #1
878046ca:	bf08      	it	eq
878046cc:	4770      	bxeq	lr
878046ce:	f0c0 8124 	bcc.w	8780491a <__udivsi3+0x252>
878046d2:	4288      	cmp	r0, r1
878046d4:	f240 8116 	bls.w	87804904 <__udivsi3+0x23c>
878046d8:	4211      	tst	r1, r2
878046da:	f000 8117 	beq.w	8780490c <__udivsi3+0x244>
878046de:	fab0 f380 	clz	r3, r0
878046e2:	fab1 f281 	clz	r2, r1
878046e6:	eba2 0303 	sub.w	r3, r2, r3
878046ea:	f1c3 031f 	rsb	r3, r3, #31
878046ee:	a204      	add	r2, pc, #16	@ (adr r2, 87804700 <__udivsi3+0x38>)
878046f0:	eb02 1303 	add.w	r3, r2, r3, lsl #4
878046f4:	f04f 0200 	mov.w	r2, #0
878046f8:	469f      	mov	pc, r3
878046fa:	bf00      	nop
878046fc:	f3af 8000 	nop.w
87804700:	ebb0 7fc1 	cmp.w	r0, r1, lsl #31
87804704:	bf00      	nop
87804706:	eb42 0202 	adc.w	r2, r2, r2
8780470a:	bf28      	it	cs
8780470c:	eba0 70c1 	subcs.w	r0, r0, r1, lsl #31
87804710:	ebb0 7f81 	cmp.w	r0, r1, lsl #30
87804714:	bf00      	nop
87804716:	eb42 0202 	adc.w	r2, r2, r2
8780471a:	bf28      	it	cs
8780471c:	eba0 7081 	subcs.w	r0, r0, r1, lsl #30
87804720:	ebb0 7f41 	cmp.w	r0, r1, lsl #29
87804724:	bf00      	nop
87804726:	eb42 0202 	adc.w	r2, r2, r2
8780472a:	bf28      	it	cs
8780472c:	eba0 7041 	subcs.w	r0, r0, r1, lsl #29
87804730:	ebb0 7f01 	cmp.w	r0, r1, lsl #28
87804734:	bf00      	nop
87804736:	eb42 0202 	adc.w	r2, r2, r2
8780473a:	bf28      	it	cs
8780473c:	eba0 7001 	subcs.w	r0, r0, r1, lsl #28
87804740:	ebb0 6fc1 	cmp.w	r0, r1, lsl #27
87804744:	bf00      	nop
87804746:	eb42 0202 	adc.w	r2, r2, r2
8780474a:	bf28      	it	cs
8780474c:	eba0 60c1 	subcs.w	r0, r0, r1, lsl #27
87804750:	ebb0 6f81 	cmp.w	r0, r1, lsl #26
87804754:	bf00      	nop
87804756:	eb42 0202 	adc.w	r2, r2, r2
8780475a:	bf28      	it	cs
8780475c:	eba0 6081 	subcs.w	r0, r0, r1, lsl #26
87804760:	ebb0 6f41 	cmp.w	r0, r1, lsl #25
87804764:	bf00      	nop
87804766:	eb42 0202 	adc.w	r2, r2, r2
8780476a:	bf28      	it	cs
8780476c:	eba0 6041 	subcs.w	r0, r0, r1, lsl #25
87804770:	ebb0 6f01 	cmp.w	r0, r1, lsl #24
87804774:	bf00      	nop
87804776:	eb42 0202 	adc.w	r2, r2, r2
8780477a:	bf28      	it	cs
8780477c:	eba0 6001 	subcs.w	r0, r0, r1, lsl #24
87804780:	ebb0 5fc1 	cmp.w	r0, r1, lsl #23
87804784:	bf00      	nop
87804786:	eb42 0202 	adc.w	r2, r2, r2
8780478a:	bf28      	it	cs
8780478c:	eba0 50c1 	subcs.w	r0, r0, r1, lsl #23
87804790:	ebb0 5f81 	cmp.w	r0, r1, lsl #22
87804794:	bf00      	nop
87804796:	eb42 0202 	adc.w	r2, r2, r2
8780479a:	bf28      	it	cs
8780479c:	eba0 5081 	subcs.w	r0, r0, r1, lsl #22
878047a0:	ebb0 5f41 	cmp.w	r0, r1, lsl #21
878047a4:	bf00      	nop
878047a6:	eb42 0202 	adc.w	r2, r2, r2
878047aa:	bf28      	it	cs
878047ac:	eba0 5041 	subcs.w	r0, r0, r1, lsl #21
878047b0:	ebb0 5f01 	cmp.w	r0, r1, lsl #20
878047b4:	bf00      	nop
878047b6:	eb42 0202 	adc.w	r2, r2, r2
878047ba:	bf28      	it	cs
878047bc:	eba0 5001 	subcs.w	r0, r0, r1, lsl #20
878047c0:	ebb0 4fc1 	cmp.w	r0, r1, lsl #19
878047c4:	bf00      	nop
878047c6:	eb42 0202 	adc.w	r2, r2, r2
878047ca:	bf28      	it	cs
878047cc:	eba0 40c1 	subcs.w	r0, r0, r1, lsl #19
878047d0:	ebb0 4f81 	cmp.w	r0, r1, lsl #18
878047d4:	bf00      	nop
878047d6:	eb42 0202 	adc.w	r2, r2, r2
878047da:	bf28      	it	cs
878047dc:	eba0 4081 	subcs.w	r0, r0, r1, lsl #18
878047e0:	ebb0 4f41 	cmp.w	r0, r1, lsl #17
878047e4:	bf00      	nop
878047e6:	eb42 0202 	adc.w	r2, r2, r2
878047ea:	bf28      	it	cs
878047ec:	eba0 4041 	subcs.w	r0, r0, r1, lsl #17
878047f0:	ebb0 4f01 	cmp.w	r0, r1, lsl #16
878047f4:	bf00      	nop
878047f6:	eb42 0202 	adc.w	r2, r2, r2
878047fa:	bf28      	it	cs
878047fc:	eba0 4001 	subcs.w	r0, r0, r1, lsl #16
87804800:	ebb0 3fc1 	cmp.w	r0, r1, lsl #15
87804804:	bf00      	nop
87804806:	eb42 0202 	adc.w	r2, r2, r2
8780480a:	bf28      	it	cs
8780480c:	eba0 30c1 	subcs.w	r0, r0, r1, lsl #15
87804810:	ebb0 3f81 	cmp.w	r0, r1, lsl #14
87804814:	bf00      	nop
87804816:	eb42 0202 	adc.w	r2, r2, r2
8780481a:	bf28      	it	cs
8780481c:	eba0 3081 	subcs.w	r0, r0, r1, lsl #14
87804820:	ebb0 3f41 	cmp.w	r0, r1, lsl #13
87804824:	bf00      	nop
87804826:	eb42 0202 	adc.w	r2, r2, r2
8780482a:	bf28      	it	cs
8780482c:	eba0 3041 	subcs.w	r0, r0, r1, lsl #13
87804830:	ebb0 3f01 	cmp.w	r0, r1, lsl #12
87804834:	bf00      	nop
87804836:	eb42 0202 	adc.w	r2, r2, r2
8780483a:	bf28      	it	cs
8780483c:	eba0 3001 	subcs.w	r0, r0, r1, lsl #12
87804840:	ebb0 2fc1 	cmp.w	r0, r1, lsl #11
87804844:	bf00      	nop
87804846:	eb42 0202 	adc.w	r2, r2, r2
8780484a:	bf28      	it	cs
8780484c:	eba0 20c1 	subcs.w	r0, r0, r1, lsl #11
87804850:	ebb0 2f81 	cmp.w	r0, r1, lsl #10
87804854:	bf00      	nop
87804856:	eb42 0202 	adc.w	r2, r2, r2
8780485a:	bf28      	it	cs
8780485c:	eba0 2081 	subcs.w	r0, r0, r1, lsl #10
87804860:	ebb0 2f41 	cmp.w	r0, r1, lsl #9
87804864:	bf00      	nop
87804866:	eb42 0202 	adc.w	r2, r2, r2
8780486a:	bf28      	it	cs
8780486c:	eba0 2041 	subcs.w	r0, r0, r1, lsl #9
87804870:	ebb0 2f01 	cmp.w	r0, r1, lsl #8
87804874:	bf00      	nop
87804876:	eb42 0202 	adc.w	r2, r2, r2
8780487a:	bf28      	it	cs
8780487c:	eba0 2001 	subcs.w	r0, r0, r1, lsl #8
87804880:	ebb0 1fc1 	cmp.w	r0, r1, lsl #7
87804884:	bf00      	nop
87804886:	eb42 0202 	adc.w	r2, r2, r2
8780488a:	bf28      	it	cs
8780488c:	eba0 10c1 	subcs.w	r0, r0, r1, lsl #7
87804890:	ebb0 1f81 	cmp.w	r0, r1, lsl #6
87804894:	bf00      	nop
87804896:	eb42 0202 	adc.w	r2, r2, r2
8780489a:	bf28      	it	cs
8780489c:	eba0 1081 	subcs.w	r0, r0, r1, lsl #6
878048a0:	ebb0 1f41 	cmp.w	r0, r1, lsl #5
878048a4:	bf00      	nop
878048a6:	eb42 0202 	adc.w	r2, r2, r2
878048aa:	bf28      	it	cs
878048ac:	eba0 1041 	subcs.w	r0, r0, r1, lsl #5
878048b0:	ebb0 1f01 	cmp.w	r0, r1, lsl #4
878048b4:	bf00      	nop
878048b6:	eb42 0202 	adc.w	r2, r2, r2
878048ba:	bf28      	it	cs
878048bc:	eba0 1001 	subcs.w	r0, r0, r1, lsl #4
878048c0:	ebb0 0fc1 	cmp.w	r0, r1, lsl #3
878048c4:	bf00      	nop
878048c6:	eb42 0202 	adc.w	r2, r2, r2
878048ca:	bf28      	it	cs
878048cc:	eba0 00c1 	subcs.w	r0, r0, r1, lsl #3
878048d0:	ebb0 0f81 	cmp.w	r0, r1, lsl #2
878048d4:	bf00      	nop
878048d6:	eb42 0202 	adc.w	r2, r2, r2
878048da:	bf28      	it	cs
878048dc:	eba0 0081 	subcs.w	r0, r0, r1, lsl #2
878048e0:	ebb0 0f41 	cmp.w	r0, r1, lsl #1
878048e4:	bf00      	nop
878048e6:	eb42 0202 	adc.w	r2, r2, r2
878048ea:	bf28      	it	cs
878048ec:	eba0 0041 	subcs.w	r0, r0, r1, lsl #1
878048f0:	ebb0 0f01 	cmp.w	r0, r1
878048f4:	bf00      	nop
878048f6:	eb42 0202 	adc.w	r2, r2, r2
878048fa:	bf28      	it	cs
878048fc:	eba0 0001 	subcs.w	r0, r0, r1
87804900:	4610      	mov	r0, r2
87804902:	4770      	bx	lr
87804904:	bf0c      	ite	eq
87804906:	2001      	moveq	r0, #1
87804908:	2000      	movne	r0, #0
8780490a:	4770      	bx	lr
8780490c:	fab1 f281 	clz	r2, r1
87804910:	f1c2 021f 	rsb	r2, r2, #31
87804914:	fa20 f002 	lsr.w	r0, r0, r2
87804918:	4770      	bx	lr
8780491a:	b108      	cbz	r0, 87804920 <__udivsi3+0x258>
8780491c:	f04f 30ff 	mov.w	r0, #4294967295	@ 0xffffffff
87804920:	f000 b824 	b.w	8780496c <__aeabi_idiv0>

87804924 <__aeabi_uidivmod>:
87804924:	2900      	cmp	r1, #0
87804926:	d0f8      	beq.n	8780491a <__udivsi3+0x252>
87804928:	b503      	push	{r0, r1, lr}
8780492a:	f7ff fecd 	bl	878046c8 <__udivsi3>
8780492e:	e8bd 4006 	ldmia.w	sp!, {r1, r2, lr}
87804932:	fb02 f300 	mul.w	r3, r2, r0
87804936:	eba1 0103 	sub.w	r1, r1, r3
8780493a:	4770      	bx	lr

8780493c <__aeabi_uldivmod>:
8780493c:	b953      	cbnz	r3, 87804954 <__aeabi_uldivmod+0x18>
8780493e:	b94a      	cbnz	r2, 87804954 <__aeabi_uldivmod+0x18>
87804940:	2900      	cmp	r1, #0
87804942:	bf08      	it	eq
87804944:	2800      	cmpeq	r0, #0
87804946:	bf1c      	itt	ne
87804948:	f04f 31ff 	movne.w	r1, #4294967295	@ 0xffffffff
8780494c:	f04f 30ff 	movne.w	r0, #4294967295	@ 0xffffffff
87804950:	f000 b80c 	b.w	8780496c <__aeabi_idiv0>
87804954:	f1ad 0c08 	sub.w	ip, sp, #8
87804958:	e96d ce04 	strd	ip, lr, [sp, #-16]!
8780495c:	f000 f80c 	bl	87804978 <__udivmoddi4>
87804960:	f8dd e004 	ldr.w	lr, [sp, #4]
87804964:	e9dd 2302 	ldrd	r2, r3, [sp, #8]
87804968:	b004      	add	sp, #16
8780496a:	4770      	bx	lr

8780496c <__aeabi_idiv0>:
8780496c:	b502      	push	{r1, lr}
8780496e:	f04f 0008 	mov.w	r0, #8
87804972:	f7fe ffcf 	bl	87803914 <raise>
87804976:	bd02      	pop	{r1, pc}

87804978 <__udivmoddi4>:
87804978:	e92d 41f0 	stmdb	sp!, {r4, r5, r6, r7, r8, lr}
8780497c:	4290      	cmp	r0, r2
8780497e:	468e      	mov	lr, r1
87804980:	eb7e 0103 	sbcs.w	r1, lr, r3
87804984:	4684      	mov	ip, r0
87804986:	bf3c      	itt	cc
87804988:	2400      	movcc	r4, #0
8780498a:	4625      	movcc	r5, r4
8780498c:	d36a      	bcc.n	87804a64 <__udivmoddi4+0xec>
8780498e:	fab3 f083 	clz	r0, r3
87804992:	2b00      	cmp	r3, #0
87804994:	d072      	beq.n	87804a7c <__udivmoddi4+0x104>
87804996:	fabe f18e 	clz	r1, lr
8780499a:	f1be 0f00 	cmp.w	lr, #0
8780499e:	d069      	beq.n	87804a74 <__udivmoddi4+0xfc>
878049a0:	1a40      	subs	r0, r0, r1
878049a2:	f1a0 0520 	sub.w	r5, r0, #32
878049a6:	f1c0 0620 	rsb	r6, r0, #32
878049aa:	4083      	lsls	r3, r0
878049ac:	46a8      	mov	r8, r5
878049ae:	fa02 f405 	lsl.w	r4, r2, r5
878049b2:	4637      	mov	r7, r6
878049b4:	fa02 f100 	lsl.w	r1, r2, r0
878049b8:	4323      	orrs	r3, r4
878049ba:	40f2      	lsrs	r2, r6
878049bc:	458c      	cmp	ip, r1
878049be:	ea43 0302 	orr.w	r3, r3, r2
878049c2:	eb7e 0203 	sbcs.w	r2, lr, r3
878049c6:	bf3c      	itt	cc
878049c8:	2400      	movcc	r4, #0
878049ca:	4625      	movcc	r5, r4
878049cc:	d30a      	bcc.n	878049e4 <__udivmoddi4+0x6c>
878049ce:	2401      	movs	r4, #1
878049d0:	ebbc 0c01 	subs.w	ip, ip, r1
878049d4:	eb6e 0e03 	sbc.w	lr, lr, r3
878049d8:	fa04 f505 	lsl.w	r5, r4, r5
878049dc:	fa24 f206 	lsr.w	r2, r4, r6
878049e0:	4315      	orrs	r5, r2
878049e2:	4084      	lsls	r4, r0
878049e4:	b3f0      	cbz	r0, 87804a64 <__udivmoddi4+0xec>
878049e6:	0849      	lsrs	r1, r1, #1
878049e8:	4602      	mov	r2, r0
878049ea:	ea41 71c3 	orr.w	r1, r1, r3, lsl #31
878049ee:	085b      	lsrs	r3, r3, #1
878049f0:	e00d      	b.n	87804a0e <__udivmoddi4+0x96>
878049f2:	ebbc 0c01 	subs.w	ip, ip, r1
878049f6:	eb6e 0e03 	sbc.w	lr, lr, r3
878049fa:	eb1c 0c0c 	adds.w	ip, ip, ip
878049fe:	eb4e 0e0e 	adc.w	lr, lr, lr
87804a02:	f11c 0c01 	adds.w	ip, ip, #1
87804a06:	f14e 0e00 	adc.w	lr, lr, #0
87804a0a:	3a01      	subs	r2, #1
87804a0c:	d009      	beq.n	87804a22 <__udivmoddi4+0xaa>
87804a0e:	458c      	cmp	ip, r1
87804a10:	eb7e 0603 	sbcs.w	r6, lr, r3
87804a14:	d2ed      	bcs.n	878049f2 <__udivmoddi4+0x7a>
87804a16:	eb1c 0c0c 	adds.w	ip, ip, ip
87804a1a:	eb4e 0e0e 	adc.w	lr, lr, lr
87804a1e:	3a01      	subs	r2, #1
87804a20:	d1f5      	bne.n	87804a0e <__udivmoddi4+0x96>
87804a22:	fa0e f307 	lsl.w	r3, lr, r7
87804a26:	eb14 040c 	adds.w	r4, r4, ip
87804a2a:	fa2c fc00 	lsr.w	ip, ip, r0
87804a2e:	eb45 050e 	adc.w	r5, r5, lr
87804a32:	ea4c 0c03 	orr.w	ip, ip, r3
87804a36:	fa2e f308 	lsr.w	r3, lr, r8
87804a3a:	ea4c 0c03 	orr.w	ip, ip, r3
87804a3e:	fa2e fe00 	lsr.w	lr, lr, r0
87804a42:	f1a0 0120 	sub.w	r1, r0, #32
87804a46:	f1c0 0220 	rsb	r2, r0, #32
87804a4a:	fa0e f300 	lsl.w	r3, lr, r0
87804a4e:	fa0c f101 	lsl.w	r1, ip, r1
87804a52:	fa2c f202 	lsr.w	r2, ip, r2
87804a56:	430b      	orrs	r3, r1
87804a58:	fa0c f000 	lsl.w	r0, ip, r0
87804a5c:	4313      	orrs	r3, r2
87804a5e:	1a24      	subs	r4, r4, r0
87804a60:	eb65 0503 	sbc.w	r5, r5, r3
87804a64:	9b06      	ldr	r3, [sp, #24]
87804a66:	b10b      	cbz	r3, 87804a6c <__udivmoddi4+0xf4>
87804a68:	e9c3 ce00 	strd	ip, lr, [r3]
87804a6c:	4620      	mov	r0, r4
87804a6e:	4629      	mov	r1, r5
87804a70:	e8bd 81f0 	ldmia.w	sp!, {r4, r5, r6, r7, r8, pc}
87804a74:	fabc f18c 	clz	r1, ip
87804a78:	3120      	adds	r1, #32
87804a7a:	e791      	b.n	878049a0 <__udivmoddi4+0x28>
87804a7c:	fab2 f082 	clz	r0, r2
87804a80:	fabe f18e 	clz	r1, lr
87804a84:	3020      	adds	r0, #32
87804a86:	f1be 0f00 	cmp.w	lr, #0
87804a8a:	d189      	bne.n	878049a0 <__udivmoddi4+0x28>
87804a8c:	e7f2      	b.n	87804a74 <__udivmoddi4+0xfc>
87804a8e:	bf00      	nop

87804a90 <__main_from_arm>:
87804a90:	e51ff004 	ldr	pc, [pc, #-4]	@ 87804a94 <__main_from_arm+0x4>
87804a94:	87804a99 			@ <UNDEFINED> instruction: 0x87804a99

Disassembly of section .text.startup:

87804a98 <main>:
87804a98:	e92d 43f0 	stmdb	sp!, {r4, r5, r6, r7, r8, r9, lr}
87804a9c:	4c47      	ldr	r4, [pc, #284]	@ (87804bbc <main+0x124>)
87804a9e:	b085      	sub	sp, #20
87804aa0:	f7fe f8ba 	bl	87802c18 <INT_Init>
87804aa4:	447c      	add	r4, pc
87804aa6:	f7fd fd11 	bl	878024cc <CLK_Enable>
87804aaa:	f7fe febd 	bl	87803828 <UART_Init>
87804aae:	f7fd fdbf 	bl	87802630 <LED_Init>
87804ab2:	f7fd fdfb 	bl	878026ac <Beep_Init>
87804ab6:	f7fd fe2d 	bl	87802714 <Key_Init>
87804aba:	ee9f 2f10 	mrc	15, 4, r2, cr15, cr0, {0}
87804abe:	f36f 020f 	bfc	r2, #0, #16
87804ac2:	2300      	movs	r3, #0
87804ac4:	f502 5680 	add.w	r6, r2, #4096	@ 0x1000
87804ac8:	f04f 35ff 	mov.w	r5, #4294967295	@ 0xffffffff
87804acc:	6870      	ldr	r0, [r6, #4]
87804ace:	f000 001f 	and.w	r0, r0, #31
87804ad2:	3001      	adds	r0, #1
87804ad4:	f503 618c 	add.w	r1, r3, #1120	@ 0x460
87804ad8:	3301      	adds	r3, #1
87804ada:	4298      	cmp	r0, r3
87804adc:	f842 5021 	str.w	r5, [r2, r1, lsl #2]
87804ae0:	d1f8      	bne.n	87804ad4 <main+0x3c>
87804ae2:	f502 5200 	add.w	r2, r2, #8192	@ 0x2000
87804ae6:	2301      	movs	r3, #1
87804ae8:	21f8      	movs	r1, #248	@ 0xf8
87804aea:	2720      	movs	r7, #32
87804aec:	2500      	movs	r5, #0
87804aee:	f8df 80d0 	ldr.w	r8, [pc, #208]	@ 87804bc0 <main+0x128>
87804af2:	6051      	str	r1, [r2, #4]
87804af4:	2102      	movs	r1, #2
87804af6:	6091      	str	r1, [r2, #8]
87804af8:	44f8      	add	r8, pc
87804afa:	6033      	str	r3, [r6, #0]
87804afc:	6013      	str	r3, [r2, #0]
87804afe:	f7fd ff2b 	bl	87802958 <Exit_Init>
87804b02:	2000      	movs	r0, #0
87804b04:	f648 2140 	movw	r1, #35392	@ 0x8a40
87804b08:	f2c0 11f7 	movt	r1, #503	@ 0x1f7
87804b0c:	f7fd ff70 	bl	878029f0 <EPIT1_Init>
87804b10:	4e2c      	ldr	r6, [pc, #176]	@ (87804bc4 <main+0x12c>)
87804b12:	f7fd ffaf 	bl	87802a74 <KeyFilter_Init>
87804b16:	f8df 90b0 	ldr.w	r9, [pc, #176]	@ 87804bc8 <main+0x130>
87804b1a:	f7fe f9cd 	bl	87802eb8 <LCD_Init>
87804b1e:	447e      	add	r6, pc
87804b20:	f7fe ffee 	bl	87803b00 <RTC_Init>
87804b24:	44f9      	add	r9, pc
87804b26:	f7ff fb21 	bl	8780416c <AP3216C_Init>
87804b2a:	f7ff fc05 	bl	87804338 <ICM20608_Init>
87804b2e:	4927      	ldr	r1, [pc, #156]	@ (87804bcc <main+0x134>)
87804b30:	4a27      	ldr	r2, [pc, #156]	@ (87804bd0 <main+0x138>)
87804b32:	463b      	mov	r3, r7
87804b34:	f44f 007f 	mov.w	r0, #16711680	@ 0xff0000
87804b38:	447a      	add	r2, pc
87804b3a:	5861      	ldr	r1, [r4, r1]
87804b3c:	9201      	str	r2, [sp, #4]
87804b3e:	f44f 7282 	mov.w	r2, #260	@ 0x104
87804b42:	6188      	str	r0, [r1, #24]
87804b44:	200a      	movs	r0, #10
87804b46:	9700      	str	r7, [sp, #0]
87804b48:	61cd      	str	r5, [r1, #28]
87804b4a:	2128      	movs	r1, #40	@ 0x28
87804b4c:	f7fe fd4a 	bl	878035e4 <LCD_ShowString>
87804b50:	2128      	movs	r1, #40	@ 0x28
87804b52:	463b      	mov	r3, r7
87804b54:	f44f 7282 	mov.w	r2, #260	@ 0x104
87804b58:	4608      	mov	r0, r1
87804b5a:	e9cd 7600 	strd	r7, r6, [sp]
87804b5e:	f7fe fd41 	bl	878035e4 <LCD_ShowString>
87804b62:	4b1c      	ldr	r3, [pc, #112]	@ (87804bd4 <main+0x13c>)
87804b64:	58e4      	ldr	r4, [r4, r3]
87804b66:	2075      	movs	r0, #117	@ 0x75
87804b68:	f085 0501 	eor.w	r5, r5, #1
87804b6c:	f7ff fcf0 	bl	87804550 <ICM20608_ReadByte>
87804b70:	4601      	mov	r1, r0
87804b72:	4640      	mov	r0, r8
87804b74:	f7fb fc68 	bl	87800448 <printf>
87804b78:	2128      	movs	r1, #40	@ 0x28
87804b7a:	2320      	movs	r3, #32
87804b7c:	4608      	mov	r0, r1
87804b7e:	e9cd 3600 	strd	r3, r6, [sp]
87804b82:	f44f 7282 	mov.w	r2, #260	@ 0x104
87804b86:	f7fe fd2d 	bl	878035e4 <LCD_ShowString>
87804b8a:	f7ff fd4b 	bl	87804624 <ICM20608_Get_data>
87804b8e:	69a0      	ldr	r0, [r4, #24]
87804b90:	e9d4 2301 	ldrd	r2, r3, [r4, #4]
87804b94:	6821      	ldr	r1, [r4, #0]
87804b96:	9003      	str	r0, [sp, #12]
87804b98:	4648      	mov	r0, r9
87804b9a:	6967      	ldr	r7, [r4, #20]
87804b9c:	9702      	str	r7, [sp, #8]
87804b9e:	6927      	ldr	r7, [r4, #16]
87804ba0:	9701      	str	r7, [sp, #4]
87804ba2:	68e7      	ldr	r7, [r4, #12]
87804ba4:	9700      	str	r7, [sp, #0]
87804ba6:	f7fb fc4f 	bl	87800448 <printf>
87804baa:	4629      	mov	r1, r5
87804bac:	2000      	movs	r0, #0
87804bae:	f7fd fd67 	bl	87802680 <LED_Switch>
87804bb2:	f44f 70fa 	mov.w	r0, #500	@ 0x1f4
87804bb6:	f7fd fd27 	bl	87802608 <Delay_ms>
87804bba:	e7d4      	b.n	87804b66 <main+0xce>
87804bbc:	ffffb558 			@ <UNDEFINED> instruction: 0xffffb558
87804bc0:	000000f0 	strdeq	r0, [r0], -r0	@ <UNPREDICTABLE>
87804bc4:	000000be 	strheq	r0, [r0], -lr
87804bc8:	000000dc 	ldrdeq	r0, [r0], -ip
87804bcc:	00000184 	andeq	r0, r0, r4, lsl #3
87804bd0:	0000009c 	muleq	r0, ip, r0
87804bd4:	00000178 	andeq	r0, r0, r8, ror r1

Disassembly of section .rodata:

87804bd8 <digits.0-0xf0>:
87804bd8:	3a495053 	bcc	88a58d2c <__bss_end+0x124ea64>
87804bdc:	00000000 	andeq	r0, r0, r0
87804be0:	324d4349 	subcc	r4, sp, #603979777	@ 0x24000001
87804be4:	38303630 	ldmdacc	r0!, {r4, r5, r9, sl, ip, sp}
87804be8:	0000003a 	andeq	r0, r0, sl, lsr r0
87804bec:	324d4349 	subcc	r4, sp, #603979777	@ 0x24000001
87804bf0:	38303630 	ldmdacc	r0!, {r4, r5, r9, sl, ip, sp}
87804bf4:	20444920 	subcs	r4, r4, r0, lsr #18
87804bf8:	7830203d 	ldmdavc	r0!, {r0, r2, r3, r4, r5, sp}
87804bfc:	58323025 	ldmdapl	r2!, {r0, r2, r5, ip, sp}
87804c00:	0000000a 	andeq	r0, r0, sl
87804c04:	324d4349 	subcc	r4, sp, #603979777	@ 0x24000001
87804c08:	38303630 	ldmdacc	r0!, {r4, r5, r9, sl, ip, sp}
87804c0c:	72796720 	rsbsvc	r6, r9, #32, 14	@ 0x800000
87804c10:	5f785f6f 	svcpl	0x00785f6f
87804c14:	20636461 	rsbcs	r6, r3, r1, ror #8
87804c18:	6425203d 	strtvs	r2, [r5], #-61	@ 0xffffffc3
87804c1c:	7967202c 	stmdbvc	r7!, {r2, r3, r5, sp}^
87804c20:	795f6f72 	ldmdbvc	pc, {r1, r4, r5, r6, r8, r9, sl, fp, sp, lr}^	@ <UNPREDICTABLE>
87804c24:	6364615f 	cmnvs	r4, #-1073741801	@ 0xc0000017
87804c28:	25203d20 	strcs	r3, [r0, #-3360]!	@ 0xfffff2e0
87804c2c:	67202c64 	strvs	r2, [r0, -r4, ror #24]!
87804c30:	5f6f7279 	svcpl	0x006f7279
87804c34:	64615f7a 	strbtvs	r5, [r1], #-3962	@ 0xfffff086
87804c38:	203d2063 	eorscs	r2, sp, r3, rrx
87804c3c:	202c6425 	eorcs	r6, ip, r5, lsr #8
87804c40:	65636361 	strbvs	r6, [r3, #-865]!	@ 0xfffffc9f
87804c44:	5f785f6c 	svcpl	0x00785f6c
87804c48:	20636461 	rsbcs	r6, r3, r1, ror #8
87804c4c:	6425203d 	strtvs	r2, [r5], #-61	@ 0xffffffc3
87804c50:	6361202c 	cmnvs	r1, #44	@ 0x2c
87804c54:	5f6c6563 	svcpl	0x006c6563
87804c58:	64615f79 	strbtvs	r5, [r1], #-3961	@ 0xfffff087
87804c5c:	203d2063 	eorscs	r2, sp, r3, rrx
87804c60:	202c6425 	eorcs	r6, ip, r5, lsr #8
87804c64:	65636361 	strbvs	r6, [r3, #-865]!	@ 0xfffffc9f
87804c68:	5f7a5f6c 	svcpl	0x007a5f6c
87804c6c:	20636461 	rsbcs	r6, r3, r1, ror #8
87804c70:	6425203d 	strtvs	r2, [r5], #-61	@ 0xffffffc3
87804c74:	6574202c 	ldrbvs	r2, [r4, #-44]!	@ 0xffffffd4
87804c78:	615f706d 	cmpvs	pc, sp, rrx
87804c7c:	3d206364 	stccc	3, cr6, [r0, #-400]!	@ 0xfffffe70
87804c80:	0a642520 	beq	8910e108 <__bss_end+0x1903e40>
87804c84:	00000000 	andeq	r0, r0, r0
87804c88:	4c554e3c 	mrrcmi	14, 3, r4, r5, cr12
87804c8c:	00003e4c 	andeq	r3, r0, ip, asr #28
87804c90:	5f44434c 	svcpl	0x0044434c
87804c94:	3d204449 	stccc	4, cr4, [r0, #-292]!	@ 0xfffffedc
87804c98:	58232520 	stmdapl	r3!, {r5, r8, sl, sp}
87804c9c:	00000a0d 	andeq	r0, r0, sp, lsl #20
87804ca0:	32335041 	eorscc	r5, r3, #65	@ 0x41
87804ca4:	20433631 	subcs	r3, r3, r1, lsr r6
87804ca8:	74737953 	ldrbtvc	r7, [r3], #-2387	@ 0xfffff6ad
87804cac:	435f6d65 	cmpmi	pc, #6464	@ 0x1940
87804cb0:	69666e6f 	stmdbvs	r6!, {r0, r1, r2, r3, r5, r6, r9, sl, fp, sp, lr}^
87804cb4:	61727567 	cmnvs	r2, r7, ror #10
87804cb8:	6e6f6974 			@ <UNDEFINED> instruction: 0x6e6f6974
87804cbc:	7830203a 	ldmdavc	r0!, {r1, r3, r4, r5, sp}
87804cc0:	32302325 	eorscc	r2, r0, #-1811939328	@ 0x94000000
87804cc4:	00000a58 	andeq	r0, r0, r8, asr sl

87804cc8 <digits.0>:
87804cc8:	33323130 	teqcc	r2, #48, 2
87804ccc:	37363534 			@ <UNDEFINED> instruction: 0x37363534
87804cd0:	42413938 	submi	r3, r1, #56, 18	@ 0xe0000
87804cd4:	46454443 	strbmi	r4, [r5], -r3, asr #8

87804cd8 <CSWTCH.7>:
87804cd8:	70844342 	addvc	r4, r4, r2, asr #6
87804cdc:	00007016 	andeq	r7, r0, r6, lsl r0
87804ce0:	10184384 	andsne	r4, r8, r4, lsl #7

87804ce4 <asc2_1206>:
	...
87804cf4:	0000403f 	andeq	r4, r0, pc, lsr r0
87804cf8:	00000000 	andeq	r0, r0, r0
87804cfc:	00300000 	eorseq	r0, r0, r0
87804d00:	00300040 	eorseq	r0, r0, r0, asr #32
87804d04:	00000040 	andeq	r0, r0, r0, asr #32
87804d08:	c00b0009 	andgt	r0, fp, r9
87804d0c:	c00b003d 	andgt	r0, fp, sp, lsr r0
87804d10:	0009003d 	andeq	r0, r9, sp, lsr r0
87804d14:	4024c018 	eormi	ip, r4, r8, lsl r0
87804d18:	4022e07f 	eormi	lr, r2, pc, ror r0
87804d1c:	00008031 	andeq	r8, r0, r1, lsr r0
87804d20:	c0240018 	eorgt	r0, r4, r8, lsl r0
87804d24:	800d001b 	andhi	r0, sp, fp, lsl r0
87804d28:	80014032 	andhi	r4, r1, r2, lsr r0
87804d2c:	401c8003 	andsmi	r8, ip, r3
87804d30:	801c4027 	andshi	r4, ip, r7, lsr #32
87804d34:	40004007 	andmi	r4, r0, r7
87804d38:	00600010 	rsbeq	r0, r0, r0, lsl r0
	...
87804d48:	801f0000 	andshi	r0, pc, r0
87804d4c:	20404020 	subcs	r4, r0, r0, lsr #32
87804d50:	20400000 	subcs	r0, r0, r0
87804d54:	801f4020 	andshi	r4, pc, r0, lsr #32
87804d58:	00000000 	andeq	r0, r0, r0
87804d5c:	00060009 	andeq	r0, r6, r9
87804d60:	0006801f 	andeq	r8, r6, pc, lsl r0
87804d64:	00000009 	andeq	r0, r0, r9
87804d68:	00040004 	andeq	r0, r4, r4
87804d6c:	0004803f 	andeq	r8, r4, pc, lsr r0
87804d70:	00000004 	andeq	r0, r0, r4
87804d74:	60001000 	andvs	r1, r0, r0
	...
87804d80:	00040004 	andeq	r0, r4, r4
87804d84:	00040004 	andeq	r0, r4, r4
87804d88:	00000004 	andeq	r0, r0, r4
87804d8c:	40000000 	andmi	r0, r0, r0
	...
87804d98:	c0012000 	andgt	r2, r1, r0
87804d9c:	00380006 	eorseq	r0, r8, r6
87804da0:	00000040 	andeq	r0, r0, r0, asr #32
87804da4:	4020801f 	eormi	r8, r0, pc, lsl r0
87804da8:	40204020 	eormi	r4, r0, r0, lsr #32
87804dac:	0000801f 	andeq	r8, r0, pc, lsl r0
87804db0:	40100000 	andsmi	r0, r0, r0
87804db4:	4000c03f 	andmi	ip, r0, pc, lsr r0
87804db8:	00000000 	andeq	r0, r0, r0
87804dbc:	4021c018 	eormi	ip, r1, r8, lsl r0
87804dc0:	40244022 	eormi	r4, r4, r2, lsr #32
87804dc4:	00004018 	andeq	r4, r0, r8, lsl r0
87804dc8:	40208010 	eormi	r8, r0, r0, lsl r0
87804dcc:	40244024 	eormi	r4, r4, r4, lsr #32
87804dd0:	0000801b 	andeq	r8, r0, fp, lsl r0
87804dd4:	000d0002 	andeq	r0, sp, r2
87804dd8:	c03f0011 	eorsgt	r0, pc, r1, lsl r0	@ <UNPREDICTABLE>
87804ddc:	00004001 	andeq	r4, r0, r1
87804de0:	4024803c 	eormi	r8, r4, ip, lsr r0
87804de4:	40244024 	eormi	r4, r4, r4, lsr #32
87804de8:	00008023 	andeq	r8, r0, r3, lsr #32
87804dec:	4024801f 	eormi	r8, r4, pc, lsl r0
87804df0:	40344024 	eorsmi	r4, r4, r4, lsr #32
87804df4:	00008003 	andeq	r8, r0, r3
87804df8:	00200030 	eoreq	r0, r0, r0, lsr r0
87804dfc:	0038c027 	eorseq	ip, r8, r7, lsr #32
87804e00:	00000020 	andeq	r0, r0, r0, lsr #32
87804e04:	4024801b 	eormi	r8, r4, fp, lsl r0
87804e08:	40244024 	eormi	r4, r4, r4, lsr #32
87804e0c:	0000801b 	andeq	r8, r0, fp, lsl r0
87804e10:	c022001c 	eorgt	r0, r2, ip, lsl r0
87804e14:	40224022 	eormi	r4, r2, r2, lsr #32
87804e18:	0000801f 	andeq	r8, r0, pc, lsl r0
87804e1c:	00000000 	andeq	r0, r0, r0
87804e20:	00004008 	andeq	r4, r0, r8
	...
87804e2c:	00006004 	andeq	r6, r0, r4
87804e30:	00000000 	andeq	r0, r0, r0
87804e34:	00040000 	andeq	r0, r4, r0
87804e38:	0011000a 	andseq	r0, r1, sl
87804e3c:	40408020 	submi	r8, r0, r0, lsr #32
87804e40:	00090009 	andeq	r0, r9, r9
87804e44:	00090009 	andeq	r0, r9, r9
87804e48:	00000009 	andeq	r0, r0, r9
87804e4c:	40400000 	submi	r0, r0, r0
87804e50:	00118020 	andseq	r8, r1, r0, lsr #32
87804e54:	0004000a 	andeq	r0, r4, sl
87804e58:	00200018 	eoreq	r0, r0, r8, lsl r0
87804e5c:	00244023 	eoreq	r4, r4, r3, lsr #32
87804e60:	00000018 	andeq	r0, r0, r8, lsl r0
87804e64:	4020801f 	eormi	r8, r0, pc, lsl r0
87804e68:	40294027 	eormi	r4, r9, r7, lsr #32
87804e6c:	0000401f 	andeq	r4, r0, pc, lsl r0
87804e70:	c0074000 	andgt	r4, r7, r0
87804e74:	000f0039 	andeq	r0, pc, r9, lsr r0	@ <UNPREDICTABLE>
87804e78:	4000c001 	andmi	ip, r0, r1
87804e7c:	c03f4020 	eorsgt	r4, pc, r0, lsr #32
87804e80:	40244024 	eormi	r4, r4, r4, lsr #32
87804e84:	0000801b 	andeq	r8, r0, fp, lsl r0
87804e88:	4020801f 	eormi	r8, r0, pc, lsl r0
87804e8c:	40204020 	eormi	r4, r0, r0, lsr #32
87804e90:	00008030 	andeq	r8, r0, r0, lsr r0
87804e94:	c03f4020 	eorsgt	r4, pc, r0, lsr #32
87804e98:	40204020 	eormi	r4, r0, r0, lsr #32
87804e9c:	0000801f 	andeq	r8, r0, pc, lsl r0
87804ea0:	c03f4020 	eorsgt	r4, pc, r0, lsr #32
87804ea4:	402e4024 	eormi	r4, lr, r4, lsr #32
87804ea8:	0000c030 	andeq	ip, r0, r0, lsr r0
87804eac:	c03f4020 	eorsgt	r4, pc, r0, lsr #32
87804eb0:	002e4024 	eoreq	r4, lr, r4, lsr #32
87804eb4:	00000030 	andeq	r0, r0, r0, lsr r0
87804eb8:	8010000f 	andshi	r0, r0, pc
87804ebc:	40224020 	eormi	r4, r2, r0, lsr #32
87804ec0:	00028033 	andeq	r8, r2, r3, lsr r0
87804ec4:	c03f4020 	eorsgt	r4, pc, r0, lsr #32
87804ec8:	00040004 	andeq	r0, r4, r4
87804ecc:	4020c03f 	eormi	ip, r0, pc, lsr r0
87804ed0:	40204020 	eormi	r4, r0, r0, lsr #32
87804ed4:	4020c03f 	eormi	ip, r0, pc, lsr r0
87804ed8:	00004020 	andeq	r4, r0, r0, lsr #32
87804edc:	20206000 	eorcs	r6, r0, r0
87804ee0:	c03f2020 	eorsgt	r2, pc, r0, lsr #32
87804ee4:	00200020 	eoreq	r0, r0, r0, lsr #32
87804ee8:	c03f4020 	eorsgt	r4, pc, r0, lsr #32
87804eec:	000b4024 	andeq	r4, fp, r4, lsr #32
87804ef0:	4020c030 	eormi	ip, r0, r0, lsr r0
87804ef4:	c03f4020 	eorsgt	r4, pc, r0, lsr #32
87804ef8:	40004020 	andmi	r4, r0, r0, lsr #32
87804efc:	c0004000 	andgt	r4, r0, r0
87804f00:	003cc03f 	eorseq	ip, ip, pc, lsr r0
87804f04:	003cc003 	eorseq	ip, ip, r3
87804f08:	0000c03f 	andeq	ip, r0, pc, lsr r0
87804f0c:	c03f4020 	eorsgt	r4, pc, r0, lsr #32
87804f10:	0023400c 	eoreq	r4, r3, ip
87804f14:	0020c03f 	eoreq	ip, r0, pc, lsr r0
87804f18:	4020801f 	eormi	r8, r0, pc, lsl r0
87804f1c:	40204020 	eormi	r4, r0, r0, lsr #32
87804f20:	0000801f 	andeq	r8, r0, pc, lsl r0
87804f24:	c03f4020 	eorsgt	r4, pc, r0, lsr #32
87804f28:	00244024 	eoreq	r4, r4, r4, lsr #32
87804f2c:	00000018 	andeq	r0, r0, r8, lsl r0
87804f30:	4021801f 	eormi	r8, r1, pc, lsl r0
87804f34:	e0204021 	eor	r4, r0, r1, lsr #32
87804f38:	0000a01f 	andeq	sl, r0, pc, lsl r0
87804f3c:	c03f4020 	eorsgt	r4, pc, r0, lsr #32
87804f40:	00264024 	eoreq	r4, r6, r4, lsr #32
87804f44:	4000c019 	andmi	ip, r0, r9, lsl r0
87804f48:	4024c018 	eormi	ip, r4, r8, lsl r0
87804f4c:	40224024 	eormi	r4, r2, r4, lsr #32
87804f50:	00008031 	andeq	r8, r0, r1, lsr r0
87804f54:	40200030 	eormi	r0, r0, r0, lsr r0
87804f58:	4020c03f 	eormi	ip, r0, pc, lsr r0
87804f5c:	00000030 	andeq	r0, r0, r0, lsr r0
87804f60:	803f0020 	eorshi	r0, pc, r0, lsr #32
87804f64:	40004000 	andmi	r4, r0, r0
87804f68:	0020803f 	eoreq	r8, r0, pc, lsr r0
87804f6c:	003e0020 	eorseq	r0, lr, r0, lsr #32
87804f70:	0007c001 	andeq	ip, r7, r1
87804f74:	00200038 	eoreq	r0, r0, r8, lsr r0
87804f78:	c0070038 	andgt	r0, r7, r8, lsr r0
87804f7c:	c007003c 	andgt	r0, r7, ip, lsr r0
87804f80:	00000038 	andeq	r0, r0, r8, lsr r0
87804f84:	c0394020 	eorsgt	r4, r9, r0, lsr #32
87804f88:	c0390006 	eorsgt	r0, r9, r6
87804f8c:	00004020 	andeq	r4, r0, r0, lsr #32
87804f90:	40380020 	eorsmi	r0, r8, r0, lsr #32
87804f94:	4038c007 	eorsmi	ip, r8, r7
87804f98:	00000020 	andeq	r0, r0, r0, lsr #32
87804f9c:	c0214030 	eorgt	r4, r1, r0, lsr r0
87804fa0:	40384026 	eorsmi	r4, r8, r6, lsr #32
87804fa4:	0000c020 	andeq	ip, r0, r0, lsr #32
87804fa8:	00000000 	andeq	r0, r0, r0
87804fac:	2040e07f 	subcs	lr, r0, pc, ror r0
87804fb0:	00002040 	andeq	r2, r0, r0, asr #32
87804fb4:	00700000 	rsbseq	r0, r0, r0
87804fb8:	8003000c 	andhi	r0, r3, ip
87804fbc:	00004000 	andeq	r4, r0, r0
87804fc0:	20400000 	subcs	r0, r0, r0
87804fc4:	e07f2040 	rsbs	r2, pc, r0, asr #32
87804fc8:	00000000 	andeq	r0, r0, r0
87804fcc:	00200000 	eoreq	r0, r0, r0
87804fd0:	00200040 	eoreq	r0, r0, r0, asr #32
87804fd4:	00000000 	andeq	r0, r0, r0
87804fd8:	10001000 	andne	r1, r0, r0
87804fdc:	10001000 	andne	r1, r0, r0
87804fe0:	10001000 	andne	r1, r0, r0
87804fe4:	00000000 	andeq	r0, r0, r0
87804fe8:	00000040 	andeq	r0, r0, r0, asr #32
87804fec:	00000000 	andeq	r0, r0, r0
87804ff0:	80020000 	andhi	r0, r2, r0
87804ff4:	40054005 	andmi	r4, r5, r5
87804ff8:	4000c003 	andmi	ip, r0, r3
87804ffc:	c03f0020 	eorsgt	r0, pc, r0, lsr #32
87805000:	40044004 	andmi	r4, r4, r4
87805004:	00008003 	andeq	r8, r0, r3
87805008:	80030000 	andhi	r0, r3, r0
8780500c:	40044004 	andmi	r4, r4, r4
87805010:	00004006 	andeq	r4, r0, r6
87805014:	80030000 	andhi	r0, r3, r0
87805018:	40244004 	eormi	r4, r4, r4
8780501c:	4000c03f 	andmi	ip, r0, pc, lsr r0
87805020:	80030000 	andhi	r0, r3, r0
87805024:	40054005 	andmi	r4, r5, r5
87805028:	00004003 	andeq	r4, r0, r3
8780502c:	40040000 	andmi	r0, r4, r0
87805030:	4024c01f 	eormi	ip, r4, pc, lsl r0
87805034:	00204024 	eoreq	r4, r0, r4, lsr #32
87805038:	e0020000 	and	r0, r2, r0
8780503c:	50055005 	andpl	r5, r5, r5
87805040:	20045006 	andcs	r5, r4, r6
87805044:	c03f4020 	eorsgt	r4, pc, r0, lsr #32
87805048:	00044004 	andeq	r4, r4, r4
8780504c:	4000c003 	andmi	ip, r0, r3
87805050:	40040000 	andmi	r0, r4, r0
87805054:	4000c027 	andmi	ip, r0, r7, lsr #32
87805058:	00000000 	andeq	r0, r0, r0
8780505c:	10001000 	andne	r1, r0, r0
87805060:	e0271004 	eor	r1, r7, r4
87805064:	00000000 	andeq	r0, r0, r0
87805068:	c03f4020 	eorsgt	r4, pc, r0, lsr #32
8780506c:	00074001 	andeq	r4, r7, r1
87805070:	4004c004 	andmi	ip, r4, r4
87805074:	40204020 	eormi	r4, r0, r0, lsr #32
87805078:	4000c03f 	andmi	ip, r0, pc, lsr r0
8780507c:	00004000 	andeq	r4, r0, r0
87805080:	0004c007 	andeq	ip, r4, r7
87805084:	0004c007 	andeq	ip, r4, r7
87805088:	0000c003 	andeq	ip, r0, r3
8780508c:	c0074004 	andgt	r4, r7, r4
87805090:	00044004 	andeq	r4, r4, r4
87805094:	4000c003 	andmi	ip, r0, r3
87805098:	80030000 	andhi	r0, r3, r0
8780509c:	40044004 	andmi	r4, r4, r4
878050a0:	00008003 	andeq	r8, r0, r3
878050a4:	f0071004 			@ <UNDEFINED> instruction: 0xf0071004
878050a8:	40045004 	andmi	r5, r4, r4
878050ac:	00008003 	andeq	r8, r0, r3
878050b0:	80030000 	andhi	r0, r3, r0
878050b4:	50044004 	andpl	r4, r4, r4
878050b8:	1000f007 	andne	pc, r0, r7
878050bc:	c0074004 	andgt	r4, r7, r4
878050c0:	00044002 	andeq	r4, r4, r2
878050c4:	00000004 	andeq	r0, r0, r4
878050c8:	40060000 	andmi	r0, r6, r0
878050cc:	40054005 	andmi	r4, r5, r5
878050d0:	0000c004 	andeq	ip, r0, r4
878050d4:	00040000 	andeq	r0, r4, r0
878050d8:	4004801f 	andmi	r8, r4, pc, lsl r0
878050dc:	00004000 	andeq	r4, r0, r0
878050e0:	80070004 	andhi	r0, r7, r4
878050e4:	40044000 	andmi	r4, r4, r0
878050e8:	4000c007 	andmi	ip, r0, r7
878050ec:	00070004 	andeq	r0, r7, r4
878050f0:	8001c004 	andhi	ip, r1, r4
878050f4:	00040006 	andeq	r0, r4, r6
878050f8:	c0010006 	andgt	r0, r1, r6
878050fc:	c0010007 	andgt	r0, r1, r7
87805100:	00000006 	andeq	r0, r0, r6
87805104:	c0064004 	andgt	r4, r6, r4
87805108:	c0060001 	andgt	r0, r6, r1
8780510c:	00004004 	andeq	r4, r0, r4
87805110:	10071004 	andne	r1, r7, r4
87805114:	8001e004 	andhi	lr, r1, r4
87805118:	00040006 	andeq	r0, r4, r6
8780511c:	40040000 	andmi	r0, r4, r0
87805120:	4006c005 	andmi	ip, r6, r5
87805124:	00004004 	andeq	r4, r0, r4
87805128:	00000000 	andeq	r0, r0, r0
8780512c:	e07b0004 	rsbs	r0, fp, r4
87805130:	00002040 	andeq	r2, r0, r0, asr #32
87805134:	00000000 	andeq	r0, r0, r0
87805138:	f0ff0000 			@ <UNDEFINED> instruction: 0xf0ff0000
8780513c:	00000000 	andeq	r0, r0, r0
87805140:	20400000 	subcs	r0, r0, r0
87805144:	0004e07b 	andeq	lr, r4, fp, ror r0
87805148:	00000000 	andeq	r0, r0, r0
8780514c:	00800040 	addeq	r0, r0, r0, asr #32
87805150:	00200040 	eoreq	r0, r0, r0, asr #32
87805154:	00400020 	subeq	r0, r0, r0, lsr #32

87805158 <asc2_1608>:
	...
8780516c:	cc1f0000 	ldcgt	0, cr0, [pc], {-0}
87805170:	00000c00 	andeq	r0, r0, r0, lsl #24
87805174:	00000000 	andeq	r0, r0, r0
87805178:	00080000 	andeq	r0, r8, r0
8780517c:	00600030 	rsbeq	r0, r0, r0, lsr r0
87805180:	00300008 	eorseq	r0, r0, r8
87805184:	00000060 	andeq	r0, r0, r0, rrx
87805188:	fc032002 	stc2	0, cr2, [r3], {2}
8780518c:	2002201e 	andcs	r2, r2, lr, lsl r0
87805190:	201efc03 	andscs	pc, lr, r3, lsl #24
87805194:	00002002 	andeq	r2, r0, r2
87805198:	180e0000 	stmdane	lr, {}	@ <UNPREDICTABLE>
8780519c:	ff3f0411 			@ <UNDEFINED> instruction: 0xff3f0411
878051a0:	780c8410 	stmdavc	ip, {r4, sl, pc}
878051a4:	00000000 	andeq	r0, r0, r0
878051a8:	8410000f 	ldrhi	r0, [r0], #-15
878051ac:	c000380f 	andgt	r3, r0, pc, lsl #16
878051b0:	84187807 	ldrhi	r7, [r8], #-2055	@ 0xfffff7f9
878051b4:	00007800 	andeq	r7, r0, r0, lsl #16
878051b8:	840f7800 	strhi	r7, [pc], #-2048	@ 878051c0 <asc2_1608+0x68>
878051bc:	2411c410 	ldrcs	ip, [r1], #-1040	@ 0xfffffbf0
878051c0:	e400980e 	str	r9, [r0], #-2062	@ 0xfffff7f2
878051c4:	08008400 	stmdaeq	r0, {sl, pc}
878051c8:	00680008 	rsbeq	r0, r8, r8
878051cc:	00000070 	andeq	r0, r0, r0, ror r0
	...
878051dc:	e0070000 	and	r0, r7, r0
878051e0:	04201818 	strteq	r1, [r0], #-2072	@ 0xfffff7e8
878051e4:	00000240 	andeq	r0, r0, r0, asr #4
878051e8:	02400000 	subeq	r0, r0, #0
878051ec:	18180420 	ldmdane	r8, {r5, sl}
878051f0:	0000e007 	andeq	lr, r0, r7
878051f4:	00000000 	andeq	r0, r0, r0
878051f8:	40024002 	andmi	r4, r2, r2
878051fc:	f00f8001 			@ <UNDEFINED> instruction: 0xf00f8001
87805200:	40028001 	andmi	r8, r2, r1
87805204:	00004002 	andeq	r4, r0, r2
87805208:	80008000 	andhi	r8, r0, r0
8780520c:	f80f8000 			@ <UNDEFINED> instruction: 0xf80f8000
87805210:	80008000 	andhi	r8, r0, r0
87805214:	00008000 	andeq	r8, r0, r0
87805218:	0d000100 	stceq	1, cr0, [r0, #-0]
8780521c:	00000e00 	andeq	r0, r0, r0, lsl #28
	...
87805228:	80000000 	andhi	r0, r0, r0
8780522c:	80008000 	andhi	r8, r0, r0
87805230:	80008000 	andhi	r8, r0, r0
87805234:	80008000 	andhi	r8, r0, r0
87805238:	0c000000 	stceq	0, cr0, [r0], {-0}
8780523c:	00000c00 	andeq	r0, r0, r0, lsl #24
	...
87805248:	06000000 	streq	r0, [r0], -r0
8780524c:	60001800 	andvs	r1, r0, r0, lsl #16
87805250:	00068001 	andeq	r8, r6, r1
87805254:	00200018 	eoreq	r0, r0, r8, lsl r0
87805258:	f0070000 			@ <UNDEFINED> instruction: 0xf0070000
8780525c:	04100808 	ldreq	r0, [r0], #-2056	@ 0xfffff7f8
87805260:	08080410 	stmdaeq	r8, {r4, sl}
87805264:	0000f007 	andeq	pc, r0, r7
87805268:	04080000 	streq	r0, [r8], #-0
8780526c:	fc1f0408 	ldc2	4, cr0, [pc], {8}
87805270:	04000400 	streq	r0, [r0], #-1024	@ 0xfffffc00
87805274:	00000000 	andeq	r0, r0, r0
87805278:	0c0e0000 	stceq	0, cr0, [lr], {-0}
8780527c:	24101410 	ldrcs	r1, [r0], #-1040	@ 0xfffffbf0
87805280:	84114410 	ldrhi	r4, [r1], #-1040	@ 0xfffffbf0
87805284:	00000c0e 	andeq	r0, r0, lr, lsl #24
87805288:	180c0000 	stmdane	ip, {}	@ <UNPREDICTABLE>
8780528c:	04110410 	ldreq	r0, [r1], #-1040	@ 0xfffffbf0
87805290:	88120411 	ldmdahi	r2, {r0, r4, sl}
87805294:	0000700c 	andeq	r7, r0, ip
87805298:	e0000000 	and	r0, r0, r0
8780529c:	24042003 	strcs	r2, [r4], #-3
878052a0:	fc1f2408 	ldc2	4, cr2, [pc], {8}
878052a4:	00002400 	andeq	r2, r0, r0, lsl #8
878052a8:	981f0000 	ldmdals	pc, {}	@ <UNPREDICTABLE>
878052ac:	04118410 	ldreq	r8, [r1], #-1040	@ 0xfffffbf0
878052b0:	88100411 	ldmdahi	r0, {r0, r4, sl}
878052b4:	00007010 	andeq	r7, r0, r0, lsl r0
878052b8:	f0070000 			@ <UNDEFINED> instruction: 0xf0070000
878052bc:	04118808 	ldreq	r8, [r1], #-2056	@ 0xfffff7f8
878052c0:	88180411 	ldmdahi	r8, {r0, r4, sl}
878052c4:	00007000 	andeq	r7, r0, r0
878052c8:	001c0000 	andseq	r0, ip, r0
878052cc:	fc100010 	ldc2	0, cr0, [r0], {16}
878052d0:	001c0013 	andseq	r0, ip, r3, lsl r0
878052d4:	00000010 	andeq	r0, r0, r0, lsl r0
878052d8:	380e0000 	stmdacc	lr, {}	@ <UNPREDICTABLE>
878052dc:	84104411 	ldrhi	r4, [r0], #-1041	@ 0xfffffbef
878052e0:	44118410 	ldrmi	r8, [r1], #-1040	@ 0xfffffbf0
878052e4:	0000380e 	andeq	r3, r0, lr, lsl #16
878052e8:	00070000 	andeq	r0, r7, r0
878052ec:	44108c08 	ldrmi	r8, [r0], #-3080	@ 0xfffff3f8
878052f0:	88084410 	stmdahi	r8, {r4, sl, lr}
878052f4:	0000f007 	andeq	pc, r0, r7
878052f8:	00000000 	andeq	r0, r0, r0
878052fc:	0c030000 	stceq	0, cr0, [r3], {-0}
87805300:	00000c03 	andeq	r0, r0, r3, lsl #24
	...
8780530c:	06010100 	streq	r0, [r1], -r0, lsl #2
	...
87805318:	80000000 	andhi	r0, r0, r0
8780531c:	20024001 	andcs	r4, r2, r1
87805320:	08081004 	stmdaeq	r8, {r2, ip}
87805324:	00000410 	andeq	r0, r0, r0, lsl r4
87805328:	20022002 	andcs	r2, r2, r2
8780532c:	20022002 	andcs	r2, r2, r2
87805330:	20022002 	andcs	r2, r2, r2
87805334:	00002002 	andeq	r2, r0, r2
87805338:	04100000 	ldreq	r0, [r0], #-0
8780533c:	10040808 	andne	r0, r4, r8, lsl #16
87805340:	40012002 	andmi	r2, r1, r2
87805344:	00008000 	andeq	r8, r0, r0
87805348:	000e0000 	andeq	r0, lr, r0
8780534c:	0c100012 	ldceq	0, cr0, [r0], {18}
87805350:	80106c10 	andshi	r6, r0, r0, lsl ip
87805354:	0000000f 	andeq	r0, r0, pc
87805358:	180ce003 	stmdane	ip, {r0, r1, sp, lr, pc}
8780535c:	2414e413 	ldrcs	lr, [r4], #-1043	@ 0xfffffbed
87805360:	2808c417 	stmdacs	r8, {r0, r1, r2, r4, sl, lr, pc}
87805364:	0000d007 	andeq	sp, r0, r7
87805368:	3c000400 	stccc	4, cr0, [r0], {-0}
8780536c:	401cc403 	andsmi	ip, ip, r3, lsl #8
87805370:	e4004007 	str	r4, [r0], #-7
87805374:	04001c00 	streq	r1, [r0], #-3072	@ 0xfffff400
87805378:	fc1f0410 	ldc2	4, cr0, [pc], {16}
8780537c:	04110411 	ldreq	r0, [r1], #-1041	@ 0xfffffbef
87805380:	880e0411 	stmdahi	lr, {r0, r4, sl}
87805384:	00007000 	andeq	r7, r0, r0
87805388:	180ce003 	stmdane	ip, {r0, r1, sp, lr, pc}
8780538c:	04100410 	ldreq	r0, [r0], #-1040	@ 0xfffffbf0
87805390:	08100410 	ldmdaeq	r0, {r4, sl}
87805394:	0000101c 	andeq	r1, r0, ip, lsl r0
87805398:	fc1f0410 	ldc2	4, cr0, [pc], {16}
8780539c:	04100410 	ldreq	r0, [r0], #-1040	@ 0xfffffbf0
878053a0:	08080410 	stmdaeq	r8, {r4, sl}
878053a4:	0000f007 	andeq	pc, r0, r7
878053a8:	fc1f0410 	ldc2	4, cr0, [pc], {16}
878053ac:	04110411 	ldreq	r0, [r1], #-1041	@ 0xfffffbef
878053b0:	0410c417 	ldreq	ip, [r0], #-1047	@ 0xfffffbe9
878053b4:	00001808 	andeq	r1, r0, r8, lsl #16
878053b8:	fc1f0410 	ldc2	4, cr0, [pc], {16}
878053bc:	00110411 	andseq	r0, r1, r1, lsl r4
878053c0:	0010c017 	andseq	ip, r0, r7, lsl r0
878053c4:	00000008 	andeq	r0, r0, r8
878053c8:	180ce003 	stmdane	ip, {r0, r1, sp, lr, pc}
878053cc:	04100410 	ldreq	r0, [r0], #-1040	@ 0xfffffbf0
878053d0:	781c4410 	ldmdavc	ip, {r4, sl, lr}
878053d4:	00004000 	andeq	r4, r0, r0
878053d8:	fc1f0410 	ldc2	4, cr0, [pc], {16}
878053dc:	80008410 	andhi	r8, r0, r0, lsl r4
878053e0:	84108000 	ldrhi	r8, [r0], #-0
878053e4:	0410fc1f 	ldreq	pc, [r0], #-3103	@ 0xfffff3e1
878053e8:	04100000 	ldreq	r0, [r0], #-0
878053ec:	fc1f0410 	ldc2	4, cr0, [pc], {16}
878053f0:	04100410 	ldreq	r0, [r0], #-1040	@ 0xfffffbf0
878053f4:	00000000 	andeq	r0, r0, r0
878053f8:	01000300 	mrseq	r0, LR_irq
878053fc:	01100110 	tsteq	r0, r0, lsl r1
87805400:	0010fe1f 	andseq	pc, r0, pc, lsl lr	@ <UNPREDICTABLE>
87805404:	00000010 	andeq	r0, r0, r0, lsl r0
87805408:	fc1f0410 	ldc2	4, cr0, [pc], {16}
8780540c:	80030411 	andhi	r0, r3, r1, lsl r4
87805410:	1c186414 	ldcne	4, cr6, [r8], {20}
87805414:	00000410 	andeq	r0, r0, r0, lsl r4
87805418:	fc1f0410 	ldc2	4, cr0, [pc], {16}
8780541c:	04000410 	streq	r0, [r0], #-1040	@ 0xfffffbf0
87805420:	04000400 	streq	r0, [r0], #-1024	@ 0xfffffc00
87805424:	00000c00 	andeq	r0, r0, r0, lsl #24
87805428:	fc1f0410 	ldc2	4, cr0, [pc], {16}
8780542c:	fc00001f 	stc2	0, cr0, [r0], {31}
87805430:	fc1f001f 	ldc2	0, cr0, [pc], {31}
87805434:	00000410 	andeq	r0, r0, r0, lsl r4
87805438:	fc1f0410 	ldc2	4, cr0, [pc], {16}
8780543c:	0003040c 	andeq	r0, r3, ip, lsl #8
87805440:	1810e000 	ldmdane	r0, {sp, lr, pc}
87805444:	0010fc1f 	andseq	pc, r0, pc, lsl ip	@ <UNPREDICTABLE>
87805448:	0808f007 	stmdaeq	r8, {r0, r1, r2, ip, sp, lr, pc}
8780544c:	04100410 	ldreq	r0, [r0], #-1040	@ 0xfffffbf0
87805450:	08080410 	stmdaeq	r8, {r4, sl}
87805454:	0000f007 	andeq	pc, r0, r7
87805458:	fc1f0410 	ldc2	4, cr0, [pc], {16}
8780545c:	80108410 	andshi	r8, r0, r0, lsl r4
87805460:	80108010 	andshi	r8, r0, r0, lsl r0
87805464:	0000000f 	andeq	r0, r0, pc
87805468:	1808f007 	stmdane	r8, {r0, r1, r2, ip, sp, lr, pc}
8780546c:	24102410 	ldrcs	r2, [r0], #-1040	@ 0xfffffbf0
87805470:	0a081c10 	beq	87a0c4b8 <__bss_end+0x2021f0>
87805474:	0000f207 	andeq	pc, r0, r7, lsl #4
87805478:	fc1f0410 	ldc2	4, cr0, [pc], {16}
8780547c:	00110411 	andseq	r0, r1, r1, lsl r4
87805480:	3011c011 	andscc	ip, r1, r1, lsl r0
87805484:	04000c0e 	streq	r0, [r0], #-3086	@ 0xfffff3f2
87805488:	1c0e0000 	stcne	0, cr0, [lr], {-0}
8780548c:	84100411 	ldrhi	r0, [r0], #-1041	@ 0xfffffbef
87805490:	44108410 	ldrmi	r8, [r0], #-1040	@ 0xfffffbf0
87805494:	0000381c 	andeq	r3, r0, ip, lsl r8
87805498:	00100018 	andseq	r0, r0, r8, lsl r0
8780549c:	fc1f0410 	ldc2	4, cr0, [pc], {16}
878054a0:	00100410 	andseq	r0, r0, r0, lsl r4
878054a4:	00000018 	andeq	r0, r0, r8, lsl r0
878054a8:	f81f0010 			@ <UNDEFINED> instruction: 0xf81f0010
878054ac:	04000410 	streq	r0, [r0], #-1040	@ 0xfffffbf0
878054b0:	04100400 	ldreq	r0, [r0], #-1024	@ 0xfffffc00
878054b4:	0010f81f 	andseq	pc, r0, pc, lsl r8	@ <UNPREDICTABLE>
878054b8:	001e0010 	andseq	r0, lr, r0, lsl r0
878054bc:	1c00e011 	stcne	0, cr14, [r0], {17}
878054c0:	80137000 	andshi	r7, r3, r0
878054c4:	0010001c 	andseq	r0, r0, ip, lsl r0
878054c8:	3c10c01f 	ldccc	0, cr12, [r0], {31}
878054cc:	001fe000 	andseq	lr, pc, r0
878054d0:	3c10e000 	ldccc	0, cr14, [r0], {-0}
878054d4:	0000c01f 	andeq	ip, r0, pc, lsl r0
878054d8:	0c180410 	ldceq	4, cr0, [r8], {16}
878054dc:	c0013416 	andgt	r3, r1, r6, lsl r4
878054e0:	3416c001 	ldrcc	ip, [r6], #-1
878054e4:	04100c18 	ldreq	r0, [r0], #-3096	@ 0xfffff3e8
878054e8:	001c0010 	andseq	r0, ip, r0, lsl r0
878054ec:	fc000413 	stc2	4, cr0, [r0], {19}
878054f0:	001c0413 	andseq	r0, ip, r3, lsl r4
878054f4:	00000010 	andeq	r0, r0, r0, lsl r0
878054f8:	1c100408 	ldcne	4, cr0, [r0], {8}
878054fc:	84106410 	ldrhi	r6, [r0], #-1040	@ 0xfffffbf0
87805500:	041c0413 	ldreq	r0, [ip], #-1043	@ 0xfffffbed
87805504:	00001810 	andeq	r1, r0, r0, lsl r8
87805508:	00000000 	andeq	r0, r0, r0
8780550c:	fe7f0000 	cdp2	0, 7, cr0, cr15, cr0, {0}
87805510:	02400240 	subeq	r0, r0, #64, 4
87805514:	00000240 	andeq	r0, r0, r0, asr #4
87805518:	00300000 	eorseq	r0, r0, r0
8780551c:	8003000c 	andhi	r0, r3, ip
87805520:	1c006000 	stcne	0, cr6, [r0], {-0}
87805524:	00000300 	andeq	r0, r0, r0, lsl #6
87805528:	02400000 	subeq	r0, r0, #0
8780552c:	02400240 	subeq	r0, r0, #64, 4
87805530:	0000fe7f 	andeq	pc, r0, pc, ror lr	@ <UNPREDICTABLE>
	...
8780553c:	00400020 	subeq	r0, r0, r0, lsr #32
87805540:	00400040 	subeq	r0, r0, r0, asr #32
87805544:	00000020 	andeq	r0, r0, r0, lsr #32
87805548:	01000100 	mrseq	r0, (UNDEF: 16)
8780554c:	01000100 	mrseq	r0, (UNDEF: 16)
87805550:	01000100 	mrseq	r0, (UNDEF: 16)
87805554:	01000100 	mrseq	r0, (UNDEF: 16)
87805558:	00400000 	subeq	r0, r0, r0
8780555c:	00200040 	eoreq	r0, r0, r0, asr #32
	...
87805568:	98000000 	stmdals	r0, {}	@ <UNPREDICTABLE>
8780556c:	44012401 	strmi	r2, [r1], #-1025	@ 0xfffffbff
87805570:	44014401 	strmi	r4, [r1], #-1025	@ 0xfffffbff
87805574:	0400fc00 	streq	pc, [r0], #-3072	@ 0xfffff400
87805578:	fc1f0010 	ldc2	0, cr0, [pc], {16}
8780557c:	04018800 	streq	r8, [r1], #-2048	@ 0xfffff800
87805580:	88000401 	stmdahi	r0, {r0, sl}
87805584:	00007000 	andeq	r7, r0, r0
87805588:	70000000 	andvc	r0, r0, r0
8780558c:	04018800 	streq	r8, [r1], #-2048	@ 0xfffff800
87805590:	04010401 	streq	r0, [r1], #-1025	@ 0xfffffbff
87805594:	00008800 	andeq	r8, r0, r0, lsl #16
87805598:	70000000 	andvc	r0, r0, r0
8780559c:	04018800 	streq	r8, [r1], #-2048	@ 0xfffff800
878055a0:	08110401 	ldmdaeq	r1, {r0, sl}
878055a4:	0400fc1f 	streq	pc, [r0], #-3103	@ 0xfffff3e1
878055a8:	f8000000 			@ <UNDEFINED> instruction: 0xf8000000
878055ac:	44014401 	strmi	r4, [r1], #-1025	@ 0xfffffbff
878055b0:	44014401 	strmi	r4, [r1], #-1025	@ 0xfffffbff
878055b4:	0000c800 	andeq	ip, r0, r0, lsl #16
878055b8:	04010000 	streq	r0, [r1], #-0
878055bc:	fc0f0401 	stc2	4, cr0, [pc], {1}
878055c0:	04110411 	ldreq	r0, [r1], #-1041	@ 0xfffffbef
878055c4:	00180011 	andseq	r0, r8, r1, lsl r0
878055c8:	d6000000 	strle	r0, [r0], -r0
878055cc:	29012901 	stmdbcs	r1, {r0, r8, fp, sp}
878055d0:	c9012901 	stmdbgt	r1, {r0, r8, fp, sp}
878055d4:	00000601 	andeq	r0, r0, r1, lsl #12
878055d8:	fc1f0410 	ldc2	4, cr0, [pc], {16}
878055dc:	00018400 	andeq	r8, r1, r0, lsl #8
878055e0:	04010001 	streq	r0, [r1], #-1
878055e4:	0400fc00 	streq	pc, [r0], #-3072	@ 0xfffff400
878055e8:	04010000 	streq	r0, [r1], #-0
878055ec:	fc190419 	ldc2	4, cr0, [r9], {25}
878055f0:	04000400 	streq	r0, [r0], #-1024	@ 0xfffffc00
878055f4:	00000000 	andeq	r0, r0, r0
878055f8:	03000000 	movweq	r0, #0
878055fc:	01010100 	mrseq	r0, (UNDEF: 17)
87805600:	fe190119 	mrc2	1, 0, r0, cr9, cr9, {0}
87805604:	00000000 	andeq	r0, r0, r0
87805608:	fc1f0410 	ldc2	4, cr0, [pc], {16}
8780560c:	40002400 	andmi	r2, r0, r0, lsl #8
87805610:	0c01b401 	stceq	4, cr11, [r1], {1}
87805614:	00000401 	andeq	r0, r0, r1, lsl #8
87805618:	04100000 	ldreq	r0, [r0], #-0
8780561c:	fc1f0410 	ldc2	4, cr0, [pc], {16}
87805620:	04000400 	streq	r0, [r0], #-1024	@ 0xfffffc00
87805624:	00000000 	andeq	r0, r0, r0
87805628:	fc010401 	stc2	4, cr0, [r1], {1}
8780562c:	00010401 	andeq	r0, r1, r1, lsl #8
87805630:	0401fc01 	streq	pc, [r1], #-3073	@ 0xfffff3ff
87805634:	fc000001 	stc2	0, cr0, [r0], {1}
87805638:	fc010401 	stc2	4, cr0, [r1], {1}
8780563c:	00018400 	andeq	r8, r1, r0, lsl #8
87805640:	04010001 	streq	r0, [r1], #-1
87805644:	0400fc00 	streq	pc, [r0], #-3072	@ 0xfffff400
87805648:	f8000000 			@ <UNDEFINED> instruction: 0xf8000000
8780564c:	04010401 	streq	r0, [r1], #-1025	@ 0xfffffbff
87805650:	04010401 	streq	r0, [r1], #-1025	@ 0xfffffbff
87805654:	0000f800 	andeq	pc, r0, r0, lsl #16
87805658:	ff010101 			@ <UNDEFINED> instruction: 0xff010101
8780565c:	04018500 	streq	r8, [r1], #-1280	@ 0xfffffb00
87805660:	88000401 	stmdahi	r0, {r0, sl}
87805664:	00007000 	andeq	r7, r0, r0
87805668:	70000000 	andvc	r0, r0, r0
8780566c:	04018800 	streq	r8, [r1], #-2048	@ 0xfffff800
87805670:	05010401 	streq	r0, [r1, #-1025]	@ 0xfffffbff
87805674:	0100ff01 	tstpeq	r0, r1, lsl #30	@ p-variant is OBSOLETE
87805678:	04010401 	streq	r0, [r1], #-1025	@ 0xfffffbff
8780567c:	8400fc01 	strhi	pc, [r0], #-3073	@ 0xfffff3ff
87805680:	00010401 	andeq	r0, r1, r1, lsl #8
87805684:	00008001 	andeq	r8, r0, r1
87805688:	cc000000 	stcgt	0, cr0, [r0], {-0}
8780568c:	24012401 	strcs	r2, [r1], #-1025	@ 0xfffffbff
87805690:	24012401 	strcs	r2, [r1], #-1025	@ 0xfffffbff
87805694:	00009801 	andeq	r9, r0, r1, lsl #16
87805698:	00010000 	andeq	r0, r1, r0
8780569c:	f8070001 			@ <UNDEFINED> instruction: 0xf8070001
878056a0:	04010401 	streq	r0, [r1], #-1025	@ 0xfffffbff
878056a4:	00000000 	andeq	r0, r0, r0
878056a8:	f8010001 			@ <UNDEFINED> instruction: 0xf8010001
878056ac:	04000400 	streq	r0, [r0], #-1024	@ 0xfffffc00
878056b0:	08010400 	stmdaeq	r1, {sl}
878056b4:	0400fc01 	streq	pc, [r0], #-3073	@ 0xfffff3ff
878056b8:	80010001 	andhi	r0, r1, r1
878056bc:	0c007001 	stceq	0, cr7, [r0], {1}
878056c0:	60011000 	andvs	r1, r1, r0
878056c4:	00018001 	andeq	r8, r1, r1
878056c8:	0c01f001 	stceq	0, cr15, [r1], {1}
878056cc:	c0013000 	andgt	r3, r1, r0
878056d0:	0c013000 	stceq	0, cr3, [r1], {-0}
878056d4:	0001f001 	andeq	pc, r1, r1
878056d8:	04010000 	streq	r0, [r1], #-0
878056dc:	74008c01 	strvc	r8, [r0], #-3073	@ 0xfffff3ff
878056e0:	8c017001 	stchi	0, cr7, [r1], {1}
878056e4:	00000401 	andeq	r0, r0, r1, lsl #8
878056e8:	81010101 	tsthi	r1, r1, lsl #2
878056ec:	0e007101 	cdpeq	1, 0, cr7, cr0, cr1, {0}
878056f0:	60011800 	andvs	r1, r1, r0, lsl #16
878056f4:	00018001 	andeq	r8, r1, r1
878056f8:	84010000 	strhi	r0, [r1], #-0
878056fc:	34010c01 	strcc	r0, [r1], #-3073	@ 0xfffff3ff
87805700:	84014401 	strhi	r4, [r1], #-1025	@ 0xfffffbff
87805704:	00000c01 	andeq	r0, r0, r1, lsl #24
	...
87805710:	fc3e0001 	ldc2	0, cr0, [lr], #-4
87805714:	02400240 	subeq	r0, r0, #64, 4
	...
87805720:	0000ffff 	strdeq	pc, [r0], -pc	@ <UNPREDICTABLE>
87805724:	00000000 	andeq	r0, r0, r0
87805728:	02400000 	subeq	r0, r0, #0
8780572c:	fc3e0240 	ldc2	2, cr0, [lr], #-256	@ 0xffffff00
87805730:	00000001 	andeq	r0, r0, r1
87805734:	00000000 	andeq	r0, r0, r0
87805738:	00600000 	rsbeq	r0, r0, r0
8780573c:	00800080 	addeq	r0, r0, r0, lsl #1
87805740:	00400040 	subeq	r0, r0, r0, asr #32
87805744:	00200020 	eoreq	r0, r0, r0, lsr #32

87805748 <asc2_2412>:
	...
87805778:	0f000000 	svceq	0x00000000
8780577c:	fe0f3880 	vcmla.f16	d3, d31, d0[0], #0
87805780:	38800f38 	stmcc	r0, {r3, r4, r5, r8, r9, sl, fp}
	...
87805794:	00010000 	andeq	r0, r1, r0
87805798:	00000600 	andeq	r0, r0, r0, lsl #12
8780579c:	3800000c 	stmdacc	r0, {r2, r3}
878057a0:	00310000 	eorseq	r0, r1, r0
878057a4:	00000600 	andeq	r0, r0, r0, lsl #12
878057a8:	3800000c 	stmdacc	r0, {r2, r3}
878057ac:	00300000 	eorseq	r0, r0, r0
	...
878057b8:	67008061 	strvs	r8, [r0, -r1, rrx]
878057bc:	80f907f8 	ldrshthi	r0, [r9], #120	@ 0x78
878057c0:	00806100 	addeq	r6, r0, r0, lsl #2
878057c4:	61008061 	tstvs	r0, r1, rrx
878057c8:	80610080 	rsbhi	r0, r1, r0, lsl #1
878057cc:	07f86700 	ldrbeq	r6, [r8, r0, lsl #14]!
878057d0:	610080f9 	strdvs	r8, [r0, -r9]
878057d4:	00000080 	andeq	r0, r0, r0, lsl #1
878057d8:	00000000 	andeq	r0, r0, r0
878057dc:	c0010000 	andgt	r0, r1, r0
878057e0:	f0e003e0 			@ <UNDEFINED> instruction: 0xf0e003e0
878057e4:	04083006 	streq	r3, [r8], #-6
878057e8:	ff1f0818 			@ <UNDEFINED> instruction: 0xff1f0818
878057ec:	080e04fe 	stmdaeq	lr, {r1, r2, r3, r4, r5, r6, r7, sl}
878057f0:	03f08707 	mvnseq	r8, #1835008	@ 0x1c0000
878057f4:	0000e081 	andeq	lr, r0, r1, lsl #1
878057f8:	00000000 	andeq	r0, r0, r0
878057fc:	0600f001 	streq	pc, [r0], -r1
87805800:	0404000c 	streq	r0, [r4], #-12
87805804:	700c0608 	andvc	r0, ip, r8, lsl #12
87805808:	00c0f901 	sbceq	pc, r0, r1, lsl #18
8780580c:	3b00000e 	blcc	8780584c <asc2_2412+0x104>
87805810:	18ec00e0 	stmiane	ip!, {r5, r6, r7}^
87805814:	04080807 	streq	r0, [r8], #-2055	@ 0xfffff7f9
87805818:	0300180c 	movweq	r1, #2060	@ 0x80c
8780581c:	000000e0 	andeq	r0, r0, r0, ror #1
87805820:	00e00100 	rsceq	r0, r0, r0, lsl #2
87805824:	f803f007 			@ <UNDEFINED> instruction: 0xf803f007
87805828:	081c0418 	ldmdaeq	ip, {r3, r4, sl}
8780582c:	07081704 	streq	r1, [r8, -r4, lsl #14]
87805830:	c003d0e1 	andgt	sp, r3, r1, ror #1
87805834:	b02300e0 	eorlt	r0, r3, r0, ror #1
87805838:	00083c00 	andeq	r3, r8, r0, lsl #24
8780583c:	00000820 	andeq	r0, r0, r0, lsr #16
87805840:	00000010 	andeq	r0, r0, r0, lsl r0
87805844:	01000000 	mrseq	r0, (UNDEF: 0)
87805848:	00310000 	eorseq	r0, r1, r0
8780584c:	00003200 	andeq	r3, r0, r0, lsl #4
87805850:	0000001c 	andeq	r0, r0, ip, lsl r0
	...
87805878:	ff01007f 			@ <UNDEFINED> instruction: 0xff01007f
8780587c:	f08007c0 			@ <UNDEFINED> instruction: 0xf08007c0
87805880:	1018000c 	andsne	r0, r8, ip
87805884:	00200400 	eoreq	r0, r0, r0, lsl #8
87805888:	00000002 	andeq	r0, r0, r2
8780588c:	20000000 	andcs	r0, r0, r0
87805890:	00100200 	andseq	r0, r0, r0, lsl #4
87805894:	18000c04 	stmdane	r0, {r2, sl, fp}
87805898:	01f08007 	mvnseq	r8, r7
8780589c:	7f00c0ff 	svcvc	0x0000c0ff
	...
878058b4:	66000042 	strvs	r0, [r0], -r2, asr #32
878058b8:	00660000 	rsbeq	r0, r6, r0
878058bc:	00003c00 	andeq	r3, r0, r0, lsl #24
878058c0:	ff030018 			@ <UNDEFINED> instruction: 0xff030018
878058c4:	001800c0 	andseq	r0, r8, r0, asr #1
878058c8:	00003c00 	andeq	r3, r0, r0, lsl #24
878058cc:	66000066 	strvs	r0, [r0], -r6, rrx
878058d0:	00420000 	subeq	r0, r2, r0
878058d4:	00000000 	andeq	r0, r0, r0
878058d8:	08000008 	stmdaeq	r0, {r3}
878058dc:	00080000 	andeq	r0, r8, r0
878058e0:	00000800 	andeq	r0, r0, r0, lsl #16
878058e4:	ff010008 			@ <UNDEFINED> instruction: 0xff010008
878058e8:	000800c0 	andeq	r0, r8, r0, asr #1
878058ec:	00000800 	andeq	r0, r0, r0, lsl #16
878058f0:	08000008 	stmdaeq	r0, {r3}
878058f4:	00080000 	andeq	r0, r8, r0
878058f8:	00000000 	andeq	r0, r0, r0
878058fc:	00000100 	andeq	r0, r0, r0, lsl #2
87805900:	32000031 	andcc	r0, r0, #49	@ 0x31
87805904:	001c0000 	andseq	r0, ip, r0
	...
87805920:	08000008 	stmdaeq	r0, {r3}
87805924:	00080000 	andeq	r0, r8, r0
87805928:	00000800 	andeq	r0, r0, r0, lsl #16
8780592c:	08000008 	stmdaeq	r0, {r3}
87805930:	00080000 	andeq	r0, r8, r0
87805934:	00000800 	andeq	r0, r0, r0, lsl #16
87805938:	08000008 	stmdaeq	r0, {r3}
	...
87805948:	38000038 	stmdacc	r0, {r3, r4, r5}
8780594c:	00380000 	eorseq	r0, r8, r0
	...
87805968:	00000600 	andeq	r0, r0, r0, lsl #12
8780596c:	7000001c 	andvc	r0, r0, ip, lsl r0
87805970:	00800100 	addeq	r0, r0, r0, lsl #2
87805974:	3800000e 	stmdacc	r0, {r1, r2, r3}
87805978:	00c00000 	sbceq	r0, r0, r0
8780597c:	1c000007 	stcne	0, cr0, [r0], {7}
87805980:	00300000 	eorseq	r0, r0, r0
	...
8780598c:	ff01807f 			@ <UNDEFINED> instruction: 0xff01807f
87805990:	708003e0 	addvc	r0, r0, r0, ror #7
87805994:	04180006 	ldreq	r0, [r8], #-6
87805998:	00040800 	andeq	r0, r4, r0, lsl #16
8780599c:	18000608 	stmdane	r0, {r3, r9, sl}
878059a0:	01708003 	cmneq	r0, r3
878059a4:	7f00e0ff 	svcvc	0x0000e0ff
878059a8:	00000080 	andeq	r0, r0, r0, lsl #1
878059ac:	00000000 	andeq	r0, r0, r0
878059b0:	00010000 	andeq	r0, r1, r0
878059b4:	08000108 	stmdaeq	r0, {r3, r8}
878059b8:	03080001 	movweq	r0, #32769	@ 0x8001
878059bc:	ff07f8ff 			@ <UNDEFINED> instruction: 0xff07f8ff
878059c0:	080000f8 	stmdaeq	r0, {r3, r4, r5, r6, r7}
878059c4:	00080000 	andeq	r0, r8, r0
878059c8:	00000800 	andeq	r0, r0, r0, lsl #16
878059cc:	00000000 	andeq	r0, r0, r0
878059d0:	01000000 	mrseq	r0, (UNDEF: 0)
878059d4:	c00238c0 	andgt	r3, r2, r0, asr #17
878059d8:	98000458 	stmdals	r0, {r3, r4, r6, sl}
878059dc:	04180104 	ldreq	r0, [r8], #-260	@ 0xfffffefc
878059e0:	04041802 	streq	r1, [r4], #-2050	@ 0xfffff7fe
878059e4:	181c0618 	ldmdane	ip, {r3, r4, r9, sl}
878059e8:	0118f803 	tstpeq	r8, r3, lsl #16	@ p-variant is OBSOLETE
878059ec:	0000f8e0 	andeq	pc, r0, r0, ror #17
878059f0:	00000000 	andeq	r0, r0, r0
878059f4:	01000000 	mrseq	r0, (UNDEF: 0)
878059f8:	c003e0c0 	andgt	lr, r3, r0, asr #1
878059fc:	080004f0 	stmdaeq	r0, {r4, r5, r6, r7, sl}
87805a00:	04080804 	streq	r0, [r8], #-2052	@ 0xfffff7fc
87805a04:	18060808 	stmdane	r6, {r3, fp}
87805a08:	18f40308 	ldmne	r4!, {r3, r8, r9}^
87805a0c:	00f0e701 	rscseq	lr, r0, r1, lsl #14
87805a10:	0000e001 	andeq	lr, r0, r1
	...
87805a1c:	0d000003 	stceq	0, cr0, [r0, #-12]
87805a20:	00110000 	andseq	r0, r1, r0
87805a24:	00006100 	andeq	r6, r0, r0, lsl #2
87805a28:	01030881 	smlabbeq	r3, r1, r8, r0
87805a2c:	f8ff0708 			@ <UNDEFINED> instruction: 0xf8ff0708
87805a30:	00f8ff0f 	rscseq	pc, r8, pc, lsl #30
87805a34:	01000801 	tsteq	r0, r1, lsl #16
87805a38:	00000008 	andeq	r0, r0, r8
87805a3c:	00000000 	andeq	r0, r0, r0
87805a40:	fc07e000 	stc2	0, cr14, [r7], {-0}
87805a44:	080806d0 	stmdaeq	r8, {r4, r6, r7, r9, sl}
87805a48:	06081006 	streq	r1, [r8], -r6
87805a4c:	10060810 	andne	r0, r6, r0, lsl r8
87805a50:	38180608 	ldmdacc	r8, {r3, r9, sl}
87805a54:	06f00f06 	ldrbteq	r0, [r0], r6, lsl #30
87805a58:	0000c007 	andeq	ip, r0, r7
	...
87805a64:	ff01803f 			@ <UNDEFINED> instruction: 0xff01803f
87805a68:	308403e0 	addcc	r0, r4, r0, ror #7
87805a6c:	04180802 	ldreq	r0, [r8], #-2050	@ 0xfffff7fe
87805a70:	10040810 	andne	r0, r4, r0, lsl r8
87805a74:	08100408 	ldmdaeq	r0, {r3, sl}
87805a78:	03101807 	tsteq	r0, #458752	@ 0x70000
87805a7c:	0700f00f 	streq	pc, [r0, -pc]
87805a80:	000000c0 	andeq	r0, r0, r0, asr #1
87805a84:	00000000 	andeq	r0, r0, r0
87805a88:	c0030000 	andgt	r0, r3, r0
87805a8c:	00000700 	andeq	r0, r0, r0, lsl #14
87805a90:	06000006 	streq	r0, [r0], -r6
87805a94:	0706f800 	streq	pc, [r6, -r0, lsl #16]
87805a98:	001806f8 			@ <UNDEFINED> instruction: 0x001806f8
87805a9c:	0700e006 	streq	lr, [r0, -r6]
87805aa0:	00060000 	andeq	r0, r6, r0
87805aa4:	00000000 	andeq	r0, r0, r0
87805aa8:	01000000 	mrseq	r0, (UNDEF: 0)
87805aac:	f703e0e1 			@ <UNDEFINED> instruction: 0xf703e0e1
87805ab0:	103406f0 	ldrshtne	r0, [r4], -r0
87805ab4:	04081804 	streq	r1, [r8], #-2052	@ 0xfffff7fc
87805ab8:	0c040818 	stceq	8, cr0, [r4], {24}
87805abc:	080c0408 	stmdaeq	ip, {r3, sl}
87805ac0:	03181606 	tsteq	r8, #6291456	@ 0x600000
87805ac4:	c101f0f3 	strdgt	pc, [r1, -r3]
87805ac8:	000000e0 	andeq	r0, r0, r0, ror #1
87805acc:	00000000 	andeq	r0, r0, r0
87805ad0:	fc0300f8 	stc2	0, cr0, [r3], {248}	@ 0xf8
87805ad4:	38060330 	stmdacc	r6, {r4, r5, r8, r9}
87805ad8:	04080204 	streq	r0, [r8], #-516	@ 0xfffffdfc
87805adc:	02040802 	andeq	r0, r4, #131072	@ 0x20000
87805ae0:	10040408 	andne	r0, r4, r8, lsl #8
87805ae4:	01f00803 	mvnseq	r0, r3, lsl #16
87805ae8:	7f00c0ff 	svcvc	0x0000c0ff
	...
87805b00:	70003870 	andvc	r3, r0, r0, ror r8
87805b04:	38700038 	ldmdacc	r0!, {r3, r4, r5}^
	...
87805b24:	30001a30 	andcc	r1, r0, r0, lsr sl
87805b28:	0000001c 	andeq	r0, r0, ip, lsl r0
	...
87805b3c:	08000000 	stmdaeq	r0, {}	@ <UNPREDICTABLE>
87805b40:	00140000 	andseq	r0, r4, r0
87805b44:	00002200 	andeq	r2, r0, r0, lsl #4
87805b48:	80000041 	andhi	r0, r0, r1, asr #32
87805b4c:	40000180 	andmi	r0, r0, r0, lsl #3
87805b50:	04200002 	strteq	r0, [r0], #-2
87805b54:	00081000 	andeq	r1, r8, r0
87805b58:	00000008 	andeq	r0, r0, r8
87805b5c:	00000000 	andeq	r0, r0, r0
87805b60:	21000021 	tstcs	r0, r1, lsr #32
87805b64:	00210000 	eoreq	r0, r1, r0
87805b68:	00002100 	andeq	r2, r0, r0, lsl #2
87805b6c:	21000021 	tstcs	r0, r1, lsr #32
87805b70:	00210000 	eoreq	r0, r1, r0
87805b74:	00002100 	andeq	r2, r0, r0, lsl #2
87805b78:	21000021 	tstcs	r0, r1, lsr #32
	...
87805b84:	00080000 	andeq	r0, r8, r0
87805b88:	10000408 	andne	r0, r0, r8, lsl #8
87805b8c:	01200002 			@ <UNDEFINED> instruction: 0x01200002
87805b90:	80004000 	andhi	r4, r0, r0
87805b94:	00410080 	subeq	r0, r1, r0, lsl #1
87805b98:	00002200 	andeq	r2, r0, r0, lsl #4
87805b9c:	08000014 	stmdaeq	r0, {r2, r4}
87805ba0:	00000000 	andeq	r0, r0, r0
87805ba4:	03000000 	movweq	r0, #0
87805ba8:	c00400c0 	andgt	r0, r4, r0, asr #1
87805bac:	00000400 	andeq	r0, r0, r0, lsl #8
87805bb0:	08380008 	ldmdaeq	r8!, {r3}
87805bb4:	0808380f 	stmdaeq	r8, {r0, r1, r2, r3, fp, ip, sp}
87805bb8:	00100838 	andseq	r0, r0, r8, lsr r8
87805bbc:	0700300c 	streq	r3, [r0, -ip]
87805bc0:	c00300e0 	andgt	r0, r3, r0, ror #1
	...
87805bcc:	ff00803f 			@ <UNDEFINED> instruction: 0xff00803f
87805bd0:	708003e0 	addvc	r0, r0, r0, ror #7
87805bd4:	06100f02 	ldreq	r0, [r0], -r2, lsl #30
87805bd8:	c0048870 	andgt	r8, r4, r0, ror r8
87805bdc:	08830488 	stmeq	r3, {r3, r7, sl}
87805be0:	02887f04 	addeq	r7, r8, #4, 30
87805be4:	010390c0 	smlabteq	r3, r0, r0, r9
87805be8:	40fe0020 	rscsmi	r0, lr, r0, lsr #32
87805bec:	00080000 	andeq	r0, r8, r0
87805bf0:	01001800 	tsteq	r0, r0, lsl #16
87805bf4:	083e00f8 	ldmdaeq	lr!, {r3, r4, r5, r6, r7}
87805bf8:	0700c201 	streq	ip, [r0, -r1, lsl #4]
87805bfc:	e2070002 	and	r0, r7, #2
87805c00:	00fe0000 	rscseq	r0, lr, r0
87805c04:	00c81f00 	sbceq	r1, r8, r0, lsl #30
87805c08:	0000f801 	andeq	pc, r0, r1, lsl #16
87805c0c:	08000038 	stmdaeq	r0, {r3, r4, r5}
87805c10:	07080004 	streq	r0, [r8, -r4]
87805c14:	ff07f8ff 			@ <UNDEFINED> instruction: 0xff07f8ff
87805c18:	080804f8 	stmdaeq	r8, {r3, r4, r5, r6, r7, sl}
87805c1c:	04080804 	streq	r0, [r8], #-2052	@ 0xfffff7fc
87805c20:	08040808 	stmdaeq	r4, {r3, fp}
87805c24:	08180608 	ldmdaeq	r8, {r3, r9, sl}
87805c28:	0118f403 	tstpeq	r8, r3, lsl #8	@ p-variant is OBSOLETE
87805c2c:	0100f0e7 	smlatteq	r0, r7, r0, pc	@ <UNPREDICTABLE>
87805c30:	000000e0 	andeq	r0, r0, r0, ror #1
87805c34:	00000000 	andeq	r0, r0, r0
87805c38:	ff01803f 			@ <UNDEFINED> instruction: 0xff01803f
87805c3c:	708003e0 	addvc	r0, r0, r0, ror #7
87805c40:	04180002 	ldreq	r0, [r8], #-2
87805c44:	00040800 	andeq	r0, r4, r0, lsl #16
87805c48:	08000408 	stmdaeq	r0, {r3, sl}
87805c4c:	06100004 	ldreq	r0, [r0], -r4
87805c50:	80072000 	andhi	r2, r7, r0
87805c54:	000000c0 	andeq	r0, r0, r0, asr #1
87805c58:	07080004 	streq	r0, [r8, -r4]
87805c5c:	ff07f8ff 			@ <UNDEFINED> instruction: 0xff07f8ff
87805c60:	080004f8 	stmdaeq	r0, {r3, r4, r5, r6, r7, sl}
87805c64:	04080004 	streq	r0, [r8], #-4
87805c68:	00040800 	andeq	r0, r4, r0, lsl #16
87805c6c:	10000218 	andne	r0, r0, r8, lsl r2
87805c70:	01708003 	cmneq	r0, r3
87805c74:	7f00e0ff 	svcvc	0x0000e0ff
87805c78:	00000080 	andeq	r0, r0, r0, lsl #1
87805c7c:	07080004 	streq	r0, [r8, -r4]
87805c80:	ff07f8ff 			@ <UNDEFINED> instruction: 0xff07f8ff
87805c84:	080804f8 	stmdaeq	r8, {r3, r4, r5, r6, r7, sl}
87805c88:	04080804 	streq	r0, [r8], #-2052	@ 0xfffff7fc
87805c8c:	08040808 	stmdaeq	r4, {r3, fp}
87805c90:	083e0408 	ldmdaeq	lr!, {r3, sl}
87805c94:	06080004 	streq	r0, [r8], -r4
87805c98:	00011800 	andeq	r1, r1, r0, lsl #16
87805c9c:	00000060 	andeq	r0, r0, r0, rrx
87805ca0:	07080004 	streq	r0, [r8, -r4]
87805ca4:	ff07f8ff 			@ <UNDEFINED> instruction: 0xff07f8ff
87805ca8:	080804f8 	stmdaeq	r8, {r3, r4, r5, r6, r7, sl}
87805cac:	04000804 	streq	r0, [r0], #-2052	@ 0xfffff7fc
87805cb0:	08040008 	stmdaeq	r4, {r3}
87805cb4:	003e0400 	eorseq	r0, lr, r0, lsl #8
87805cb8:	06000006 	streq	r0, [r0], -r6
87805cbc:	80010000 	andhi	r0, r1, r0
	...
87805cc8:	ff01803f 			@ <UNDEFINED> instruction: 0xff01803f
87805ccc:	708003e0 	addvc	r0, r0, r0, ror #7
87805cd0:	04180006 	ldreq	r0, [r8], #-6
87805cd4:	02040800 	andeq	r0, r4, #0, 16
87805cd8:	08020408 	stmdaeq	r2, {r3, sl}
87805cdc:	07f00302 	ldrbeq	r0, [r0, r2, lsl #6]!
87805ce0:	0200f083 	andeq	pc, r0, #131	@ 0x83
87805ce4:	00020000 	andeq	r0, r2, r0
87805ce8:	07080004 	streq	r0, [r8, -r4]
87805cec:	ff07f8ff 			@ <UNDEFINED> instruction: 0xff07f8ff
87805cf0:	080804f8 	stmdaeq	r8, {r3, r4, r5, r6, r7, sl}
87805cf4:	00000800 	andeq	r0, r0, r0, lsl #16
87805cf8:	08000008 	stmdaeq	r0, {r3}
87805cfc:	00080000 	andeq	r0, r8, r0
87805d00:	07080804 	streq	r0, [r8, -r4, lsl #16]
87805d04:	ff07f8ff 			@ <UNDEFINED> instruction: 0xff07f8ff
87805d08:	080004f8 	stmdaeq	r0, {r3, r4, r5, r6, r7, sl}
87805d0c:	00000000 	andeq	r0, r0, r0
87805d10:	00040000 	andeq	r0, r4, r0
87805d14:	08000408 	stmdaeq	r0, {r3, sl}
87805d18:	07080004 	streq	r0, [r8, -r4]
87805d1c:	ff07f8ff 			@ <UNDEFINED> instruction: 0xff07f8ff
87805d20:	080004f8 	stmdaeq	r0, {r3, r4, r5, r6, r7, sl}
87805d24:	04080004 	streq	r0, [r8], #-4
87805d28:	00000800 	andeq	r0, r0, r0, lsl #16
	...
87805d34:	00000600 	andeq	r0, r0, r0, lsl #12
87805d38:	01000007 	tsteq	r0, r7
87805d3c:	04010004 	streq	r0, [r1], #-4
87805d40:	00040100 	andeq	r0, r4, r0, lsl #2
87805d44:	feff0703 	cdp2	7, 15, cr0, cr15, cr3, {0}
87805d48:	04fcff07 	ldrbteq	pc, [ip], #3847	@ 0xf07	@ <UNPREDICTABLE>
87805d4c:	00040000 	andeq	r0, r4, r0
87805d50:	00000400 	andeq	r0, r0, r0, lsl #8
87805d54:	07080004 	streq	r0, [r8, -r4]
87805d58:	ff07f8ff 			@ <UNDEFINED> instruction: 0xff07f8ff
87805d5c:	080c04f8 	stmdaeq	ip, {r3, r4, r5, r6, r7, sl}
87805d60:	00001800 	andeq	r1, r0, r0, lsl #16
87805d64:	c704003e 	smladxgt	r4, lr, r0, r0
87805d68:	c8030580 	stmdagt	r3, {r7, r8, sl}
87805d6c:	04f80006 	ldrbteq	r0, [r8], #6
87805d70:	00043800 	andeq	r3, r4, r0, lsl #16
87805d74:	08000018 	stmdaeq	r0, {r3, r4}
87805d78:	07080004 	streq	r0, [r8, -r4]
87805d7c:	ff07f8ff 			@ <UNDEFINED> instruction: 0xff07f8ff
87805d80:	080004f8 	stmdaeq	r0, {r3, r4, r5, r6, r7, sl}
87805d84:	00080000 	andeq	r0, r8, r0
87805d88:	00000800 	andeq	r0, r0, r0, lsl #16
87805d8c:	08000008 	stmdaeq	r0, {r3}
87805d90:	00080000 	andeq	r0, r8, r0
87805d94:	00001800 	andeq	r1, r0, r0, lsl #16
87805d98:	00000060 	andeq	r0, r0, r0, rrx
87805d9c:	07080004 	streq	r0, [r8, -r4]
87805da0:	8007f8ff 	strdhi	pc, [r7], -pc	@ <UNPREDICTABLE>
87805da4:	00fc0708 	rscseq	r0, ip, r8, lsl #14
87805da8:	00c07f00 	sbceq	r7, r0, r0, lsl #30
87805dac:	0700f803 	streq	pc, [r0, -r3, lsl #16]
87805db0:	007800c0 	rsbseq	r0, r8, r0, asr #1
87805db4:	07088007 	streq	r8, [r8, -r7]
87805db8:	ff07f8ff 			@ <UNDEFINED> instruction: 0xff07f8ff
87805dbc:	080004f8 	stmdaeq	r0, {r3, r4, r5, r6, r7, sl}
87805dc0:	07080004 	streq	r0, [r8, -r4]
87805dc4:	0007f8ff 	strdeq	pc, [r7], -pc	@ <UNPREDICTABLE>
87805dc8:	00c00308 	sbceq	r0, r0, r8, lsl #6
87805dcc:	0000e000 	andeq	lr, r0, r0
87805dd0:	1e000038 	mcrne	0, 0, r0, cr0, cr8, {1}
87805dd4:	00070000 	andeq	r0, r7, r0
87805dd8:	04c00100 	strbeq	r0, [r0], #256	@ 0x100
87805ddc:	ff07f000 			@ <UNDEFINED> instruction: 0xff07f000
87805de0:	000004f8 	strdeq	r0, [r0], -r8
87805de4:	00000000 	andeq	r0, r0, r0
87805de8:	ff01807f 			@ <UNDEFINED> instruction: 0xff01807f
87805dec:	708003e0 	addvc	r0, r0, r0, ror #7
87805df0:	04180006 	ldreq	r0, [r8], #-6
87805df4:	00040800 	andeq	r0, r4, r0, lsl #16
87805df8:	18000608 	stmdane	r0, {r3, r9, sl}
87805dfc:	01300003 	teqeq	r0, r3
87805e00:	7f00e0ff 	svcvc	0x0000e0ff
87805e04:	00000080 	andeq	r0, r0, r0, lsl #1
87805e08:	07080004 	streq	r0, [r8, -r4]
87805e0c:	ff07f8ff 			@ <UNDEFINED> instruction: 0xff07f8ff
87805e10:	080404f8 	stmdaeq	r4, {r3, r4, r5, r6, r7, sl}
87805e14:	04000404 	streq	r0, [r0], #-1028	@ 0xfffffbfc
87805e18:	04040004 	streq	r0, [r4], #-4
87805e1c:	00040400 	andeq	r0, r4, r0, lsl #8
87805e20:	03000c06 	movweq	r0, #3078	@ 0xc06
87805e24:	f00100f8 			@ <UNDEFINED> instruction: 0xf00100f8
	...
87805e30:	ff01807f 			@ <UNDEFINED> instruction: 0xff01807f
87805e34:	708003e0 	addvc	r0, r0, r0, ror #7
87805e38:	04880006 	streq	r0, [r8], #6
87805e3c:	00048800 	andeq	r8, r4, r0, lsl #16
87805e40:	3c0006c8 	stccc	6, cr0, [r0], {200}	@ 0xc8
87805e44:	013e0003 	teqeq	lr, r3
87805e48:	7f00e6ff 	svcvc	0x0000e6ff
87805e4c:	00000084 	andeq	r0, r0, r4, lsl #1
87805e50:	07080004 	streq	r0, [r8, -r4]
87805e54:	ff07f8ff 			@ <UNDEFINED> instruction: 0xff07f8ff
87805e58:	080804f8 	stmdaeq	r8, {r3, r4, r5, r6, r7, sl}
87805e5c:	04000804 	streq	r0, [r0], #-2052	@ 0xfffff7fc
87805e60:	0f04000c 	svceq	0x0004000c
87805e64:	c00b0400 	andgt	r0, fp, r0, lsl #8
87805e68:	03f01006 	mvnseq	r1, #6
87805e6c:	e00138f0 	strd	r3, [r1], -r0
87805e70:	08000008 	stmdaeq	r0, {r3}
87805e74:	01000000 	mrseq	r0, (UNDEF: 0)
87805e78:	f003f8e0 			@ <UNDEFINED> instruction: 0xf003f8e0
87805e7c:	10300630 	eorsne	r0, r0, r0, lsr r6
87805e80:	04081804 	streq	r1, [r8], #-2052	@ 0xfffff7fc
87805e84:	0c040818 	stceq	8, cr0, [r4], {24}
87805e88:	080c0408 	stmdaeq	ip, {r3, sl}
87805e8c:	02180602 	andseq	r0, r8, #2097152	@ 0x200000
87805e90:	8107f007 	tstphi	r7, r7	@ p-variant is OBSOLETE
87805e94:	000000e0 	andeq	r0, r0, r0, ror #1
87805e98:	06008001 	streq	r8, [r0], -r1
87805e9c:	00040000 	andeq	r0, r4, r0
87805ea0:	00000400 	andeq	r0, r0, r0, lsl #8
87805ea4:	07080004 	streq	r0, [r8, -r4]
87805ea8:	ff07f8ff 			@ <UNDEFINED> instruction: 0xff07f8ff
87805eac:	080004f8 	stmdaeq	r0, {r3, r4, r5, r6, r7, sl}
87805eb0:	04000004 	streq	r0, [r0], #-4
87805eb4:	00060000 	andeq	r0, r6, r0
87805eb8:	00800100 	addeq	r0, r0, r0, lsl #2
87805ebc:	07000004 	streq	r0, [r0, -r4]
87805ec0:	ff07e0ff 			@ <UNDEFINED> instruction: 0xff07e0ff
87805ec4:	180004f0 	stmdane	r0, {r4, r5, r6, r7, sl}
87805ec8:	00080000 	andeq	r0, r8, r0
87805ecc:	00000800 	andeq	r0, r0, r0, lsl #16
87805ed0:	08000008 	stmdaeq	r0, {r3}
87805ed4:	04080000 	streq	r0, [r8], #-0
87805ed8:	ff071000 			@ <UNDEFINED> instruction: 0xff071000
87805edc:	000004e0 	andeq	r0, r0, r0, ror #9
87805ee0:	06000004 	streq	r0, [r0], -r4
87805ee4:	e0070000 	and	r0, r7, r0
87805ee8:	00fe0700 	rscseq	r0, lr, r0, lsl #14
87805eec:	00e01f04 	rsceq	r1, r0, r4, lsl #30
87805ef0:	0000f801 	andeq	pc, r0, r1, lsl #16
87805ef4:	e0010038 	and	r0, r1, r8, lsr r0
87805ef8:	07003e04 	streq	r3, [r0, -r4, lsl #28]
87805efc:	000600c0 	andeq	r0, r6, r0, asr #1
87805f00:	00000400 	andeq	r0, r0, r0, lsl #8
87805f04:	07000004 	streq	r0, [r0, -r4]
87805f08:	ff0700e0 			@ <UNDEFINED> instruction: 0xff0700e0
87805f0c:	f81f04c0 			@ <UNDEFINED> instruction: 0xf81f04c0
87805f10:	07c00700 	strbeq	r0, [r0, r0, lsl #14]
87805f14:	ff0700f8 			@ <UNDEFINED> instruction: 0xff0700f8
87805f18:	f83f0480 			@ <UNDEFINED> instruction: 0xf83f0480
87805f1c:	04c00700 	strbeq	r0, [r0], #1792	@ 0x700
87805f20:	000700f8 	strdeq	r0, [r7], -r8
87805f24:	00000400 	andeq	r0, r0, r0, lsl #8
87805f28:	04000000 	streq	r0, [r0], #-0
87805f2c:	00060800 	andeq	r0, r6, r0, lsl #16
87805f30:	78c00718 	stmiavc	r0, {r3, r4, r8, r9, sl}^
87805f34:	00c8f105 	sbceq	pc, r8, r5, lsl #2
87805f38:	1f00003e 	svcne	0x0000003e
87805f3c:	e8630480 	stmda	r3!, {r7, sl}^
87805f40:	06f88007 	ldrbteq	r8, [r8], r7
87805f44:	00041800 	andeq	r1, r4, r0, lsl #16
87805f48:	00000008 	andeq	r0, r0, r8
87805f4c:	06000004 	streq	r0, [r0], -r4
87805f50:	80070000 	andhi	r0, r7, r0
87805f54:	08e00700 	stmiaeq	r0!, {r8, r9, sl}^
87805f58:	00087c04 	andeq	r7, r8, r4, lsl #24
87805f5c:	0700f81f 	smuadeq	r0, pc, r8	@ <UNPREDICTABLE>
87805f60:	081800f8 	ldmdaeq	r8, {r3, r4, r5, r6, r7}
87805f64:	0708e004 	streq	lr, [r8, -r4]
87805f68:	00060000 	andeq	r0, r6, r0
87805f6c:	00000400 	andeq	r0, r0, r0, lsl #8
87805f70:	01000000 	mrseq	r0, (UNDEF: 0)
87805f74:	00060800 	andeq	r0, r6, r0, lsl #16
87805f78:	f8000438 			@ <UNDEFINED> instruction: 0xf8000438
87805f7c:	04e80304 	strbteq	r0, [r8], #772	@ 0x304
87805f80:	7c04080f 	stcvc	8, cr0, [r4], {15}
87805f84:	08f00508 	ldmeq	r0!, {r3, r8, sl}^
87805f88:	0708c007 	streq	ip, [r8, -r7]
87805f8c:	00041800 	andeq	r1, r4, r0, lsl #16
87805f90:	00000060 	andeq	r0, r0, r0, rrx
	...
87805fa0:	3f000000 	svccc	0x00000000
87805fa4:	0020feff 	strdeq	pc, [r0], -pc	@ <UNPREDICTABLE>
87805fa8:	02002002 	andeq	r2, r0, #2
87805fac:	20020020 	andcs	r0, r2, r0, lsr #32
87805fb0:	00200200 	eoreq	r0, r0, r0, lsl #4
87805fb4:	00000002 	andeq	r0, r0, r2
87805fb8:	00000000 	andeq	r0, r0, r0
87805fbc:	00080000 	andeq	r0, r8, r0
87805fc0:	00000700 	andeq	r0, r0, r0, lsl #14
87805fc4:	0000c000 	andeq	ip, r0, r0
87805fc8:	06000038 			@ <UNDEFINED> instruction: 0x06000038
87805fcc:	c0010000 	andgt	r0, r1, r0
87805fd0:	00300000 	eorseq	r0, r0, r0
87805fd4:	00000e00 	andeq	r0, r0, r0, lsl #28
87805fd8:	00000001 	andeq	r0, r0, r1
87805fdc:	00000000 	andeq	r0, r0, r0
87805fe0:	00200000 	eoreq	r0, r0, r0
87805fe4:	02002002 	andeq	r2, r0, #2
87805fe8:	20020020 	andcs	r0, r2, r0, lsr #32
87805fec:	00200200 	eoreq	r0, r0, r0, lsl #4
87805ff0:	feff3f02 	cdp2	15, 15, cr3, cr15, cr2, {0}
	...
87806008:	00000800 	andeq	r0, r0, r0, lsl #16
8780600c:	30000010 	andcc	r0, r0, r0, lsl r0
87806010:	00200000 	eoreq	r0, r0, r0
87806014:	00003000 	andeq	r3, r0, r0
87806018:	08000010 	stmdaeq	r0, {r4}
	...
87806024:	00010000 	andeq	r0, r1, r0
87806028:	00000100 	andeq	r0, r0, r0, lsl #2
8780602c:	01000001 	tsteq	r0, r1
87806030:	00010000 	andeq	r0, r1, r0
87806034:	00000100 	andeq	r0, r0, r0, lsl #2
87806038:	01000001 	tsteq	r0, r1
8780603c:	00010000 	andeq	r0, r1, r0
87806040:	00000100 	andeq	r0, r0, r0, lsl #2
87806044:	01000001 	tsteq	r0, r1
	...
87806050:	00002000 	andeq	r2, r0, r0
87806054:	10000020 	andne	r0, r0, r0, lsr #32
87806058:	00100000 	andseq	r0, r0, r0
	...
87806070:	1900f000 	stmdbne	r0, {ip, sp, lr, pc}
87806074:	181b00f8 	ldmdane	fp, {r3, r4, r5, r6, r7}
87806078:	00082200 	andeq	r2, r8, r0, lsl #4
8780607c:	24000826 	strcs	r0, [r0], #-2086	@ 0xfffff7da
87806080:	10240008 	eorne	r0, r4, r8
87806084:	00f83f00 	rscseq	r3, r8, r0, lsl #30
87806088:	0000f81f 	andeq	pc, r0, pc, lsl r8	@ <UNPREDICTABLE>
8780608c:	18000008 	stmdane	r0, {r3}
87806090:	04000000 	streq	r0, [r0], #-0
87806094:	ff070000 			@ <UNDEFINED> instruction: 0xff070000
87806098:	f0ff0ff8 			@ <UNDEFINED> instruction: 0xf0ff0ff8
8780609c:	00181800 	andseq	r1, r8, r0, lsl #16
878060a0:	20000810 	andcs	r0, r0, r0, lsl r8
878060a4:	08200008 	stmdaeq	r0!, {r3}
878060a8:	00183000 	andseq	r3, r8, r0
878060ac:	0f00f01f 	svceq	0x0000f01f
878060b0:	000000c0 	andeq	r0, r0, r0, asr #1
878060b4:	00000000 	andeq	r0, r0, r0
878060b8:	1f00c007 	svcne	0x0000c007
878060bc:	301800f0 	ldrshcc	r0, [r8], -r0	@ <UNPREDICTABLE>
878060c0:	00082000 	andeq	r2, r8, r0
878060c4:	20000820 	andcs	r0, r0, r0, lsr #16
878060c8:	083c0008 	ldmdaeq	ip!, {r3}
878060cc:	00101c00 	andseq	r1, r0, r0, lsl #24
878060d0:	00006000 	andeq	r6, r0, r0
	...
878060dc:	1f00c007 	svcne	0x0000c007
878060e0:	183800f0 	ldmdane	r8!, {r4, r5, r6, r7}
878060e4:	00082000 	andeq	r2, r8, r0
878060e8:	20000820 	andcs	r0, r0, r0, lsr #16
878060ec:	10100408 	andsne	r0, r0, r8, lsl #8
878060f0:	0ff8ff07 	svceq	0x00f8ff07
878060f4:	0000f0ff 	strdeq	pc, [r0], -pc	@ <UNPREDICTABLE>
878060f8:	00000010 	andeq	r0, r0, r0, lsl r0
878060fc:	00000000 	andeq	r0, r0, r0
87806100:	07000000 	streq	r0, [r0, -r0]
87806104:	f01f00c0 			@ <UNDEFINED> instruction: 0xf01f00c0
87806108:	00301200 	eorseq	r1, r0, r0, lsl #4
8780610c:	22001822 	andcs	r1, r0, #2228224	@ 0x220000
87806110:	08220008 	stmdaeq	r2!, {r3}
87806114:	00083200 	andeq	r3, r8, r0, lsl #4
87806118:	0e00101e 	mcreq	0, 0, r1, cr0, cr14, {0}
8780611c:	00000020 	andeq	r0, r0, r0, lsr #32
87806120:	00000000 	andeq	r0, r0, r0
87806124:	20000020 	andcs	r0, r0, r0, lsr #32
87806128:	08200008 	stmdaeq	r0!, {r3}
8780612c:	03f8ff01 	mvnseq	pc, #1, 30
87806130:	2006f8ff 	strdcs	pc, [r6], -pc	@ <UNPREDICTABLE>
87806134:	08200408 	stmdaeq	r0!, {r3, sl}
87806138:	07082004 	streq	r2, [r8, -r4]
8780613c:	00030020 	andeq	r0, r3, r0, lsr #32
	...
87806148:	0e000e00 	cdpeq	14, 0, cr0, cr0, cr0, {0}
8780614c:	f31f006e 	vhadd.u16	q0, <illegal reg q7.5>, q15
87806150:	00b13100 	adcseq	r3, r1, r0, lsl #2
87806154:	2000b120 	andcs	fp, r0, r0, lsr #2
87806158:	913100b1 	ldrhls	r0, [r1, -r1]!
8780615c:	00131f00 	andseq	r1, r3, r0, lsl #30
87806160:	20001e2e 	andcs	r1, r0, lr, lsr #28
87806164:	0030000e 	eorseq	r0, r0, lr
87806168:	04000000 	streq	r0, [r0], #-0
8780616c:	ff070800 			@ <UNDEFINED> instruction: 0xff070800
87806170:	f8ff0ff8 			@ <UNDEFINED> instruction: 0xf8ff0ff8
87806174:	00081000 	andeq	r1, r8, r0
87806178:	20000020 	andcs	r0, r0, r0, lsr #32
8780617c:	08200000 	stmdaeq	r0!, {}	@ <UNPREDICTABLE>
87806180:	00f83f00 	rscseq	r3, r8, r0, lsl #30
87806184:	0000f81f 	andeq	pc, r0, pc, lsl r8	@ <UNPREDICTABLE>
87806188:	00000008 	andeq	r0, r0, r8
8780618c:	00000000 	andeq	r0, r0, r0
87806190:	20000000 	andcs	r0, r0, r0
87806194:	08200008 	stmdaeq	r0!, {r3}
87806198:	06082000 	streq	r2, [r8], -r0
8780619c:	3f06f83f 	svccc	0x0006f83f
878061a0:	080000f8 	stmdaeq	r0, {r3, r4, r5, r6, r7}
878061a4:	00080000 	andeq	r0, r8, r0
878061a8:	00000800 	andeq	r0, r0, r0, lsl #16
	...
878061b8:	03000003 	movweq	r0, #3
878061bc:	00012000 	andeq	r2, r1, r0
878061c0:	20000120 	andcs	r0, r0, r0, lsr #2
878061c4:	fe3f0603 	cdp2	6, 3, cr0, cr15, cr3, {0}
878061c8:	00fc3f06 	rscseq	r3, ip, r6, lsl #30
	...
878061d4:	04000000 	streq	r0, [r0], #-0
878061d8:	ff070800 			@ <UNDEFINED> instruction: 0xff070800
878061dc:	f8ff0ff8 			@ <UNDEFINED> instruction: 0xf8ff0ff8
878061e0:	00880100 	addeq	r0, r8, r0, lsl #2
878061e4:	2f000003 	svccs	0x00000003
878061e8:	f83800c0 			@ <UNDEFINED> instruction: 0xf83800c0
878061ec:	00382000 	eorseq	r2, r8, r0
878061f0:	00000820 	andeq	r0, r0, r0, lsr #16
878061f4:	00000008 	andeq	r0, r0, r8
878061f8:	00000000 	andeq	r0, r0, r0
878061fc:	00040000 	andeq	r0, r4, r0
87806200:	08000408 	stmdaeq	r0, {r3, sl}
87806204:	07080004 	streq	r0, [r8, -r4]
87806208:	ff0ff8ff 			@ <UNDEFINED> instruction: 0xff0ff8ff
8780620c:	080000f8 	stmdaeq	r0, {r3, r4, r5, r6, r7}
87806210:	00080000 	andeq	r0, r8, r0
87806214:	00000800 	andeq	r0, r0, r0, lsl #16
87806218:	00000000 	andeq	r0, r0, r0
8780621c:	00082000 	andeq	r2, r8, r0
87806220:	3f00f83f 	svccc	0x0000f83f
87806224:	081000f8 	ldmdaeq	r0, {r3, r4, r5, r6, r7}
87806228:	00002000 	andeq	r2, r0, r0
8780622c:	3f00f83f 	svccc	0x0000f83f
87806230:	081000f8 	ldmdaeq	r0, {r3, r4, r5, r6, r7}
87806234:	00002000 	andeq	r2, r0, r0
87806238:	3f00f83f 	svccc	0x0000f83f
8780623c:	080000f8 	stmdaeq	r0, {r3, r4, r5, r6, r7}
87806240:	00000000 	andeq	r0, r0, r0
87806244:	3f000820 	svccc	0x00000820
87806248:	f83f00f8 			@ <UNDEFINED> instruction: 0xf83f00f8
8780624c:	00081000 	andeq	r1, r8, r0
87806250:	20000010 	andcs	r0, r0, r0, lsl r0
87806254:	08200000 	stmdaeq	r0!, {}	@ <UNPREDICTABLE>
87806258:	00f83f00 	rscseq	r3, r8, r0, lsl #30
8780625c:	0000f81f 	andeq	pc, r0, pc, lsl r8	@ <UNPREDICTABLE>
87806260:	00000008 	andeq	r0, r0, r8
87806264:	00000000 	andeq	r0, r0, r0
87806268:	0f00c007 	svceq	0x0000c007
8780626c:	301800f0 	ldrshcc	r0, [r8], -r0	@ <UNPREDICTABLE>
87806270:	00083000 	andeq	r3, r8, r0
87806274:	20000820 	andcs	r0, r0, r0, lsr #16
87806278:	08300008 	ldmdaeq	r0!, {r3}
8780627c:	00301800 	eorseq	r1, r0, r0, lsl #16
87806280:	0700f00f 	streq	pc, [r0, -pc]
87806284:	000000c0 	andeq	r0, r0, r0, asr #1
87806288:	00000000 	andeq	r0, r0, r0
8780628c:	3f000120 	svccc	0x00000120
87806290:	ff3f00ff 			@ <UNDEFINED> instruction: 0xff3f00ff
87806294:	00111000 	andseq	r1, r1, r0
87806298:	20000920 	andcs	r0, r0, r0, lsr #18
8780629c:	08200008 	stmdaeq	r0!, {r3}
878062a0:	00383000 	eorseq	r3, r8, r0
878062a4:	0f00f01f 	svceq	0x0000f01f
878062a8:	000000c0 	andeq	r0, r0, r0, asr #1
878062ac:	00000000 	andeq	r0, r0, r0
878062b0:	1f00c007 	svcne	0x0000c007
878062b4:	183800f0 	ldmdane	r8!, {r4, r5, r6, r7}
878062b8:	00082000 	andeq	r2, r8, r0
878062bc:	20000820 	andcs	r0, r0, r0, lsr #16
878062c0:	11100009 	tstne	r0, r9
878062c4:	00ff1f00 	rscseq	r1, pc, r0, lsl #30
878062c8:	0000ff3f 	andeq	pc, r0, pc, lsr pc	@ <UNPREDICTABLE>
878062cc:	00000001 	andeq	r0, r0, r1
878062d0:	00082000 	andeq	r2, r8, r0
878062d4:	20000820 	andcs	r0, r0, r0, lsr #16
878062d8:	f83f0008 			@ <UNDEFINED> instruction: 0xf83f0008
878062dc:	00f83f00 	rscseq	r3, r8, r0, lsl #30
878062e0:	10000808 	andne	r0, r0, r8, lsl #16
878062e4:	08200008 	stmdaeq	r0!, {r3}
878062e8:	00002000 	andeq	r2, r0, r0
878062ec:	30000030 	andcc	r0, r0, r0, lsr r0
	...
878062f8:	0c000000 	stceq	0, cr0, [r0], {-0}
878062fc:	181e0078 	ldmdane	lr, {r3, r4, r5, r6}
87806300:	00083300 	andeq	r3, r8, r0, lsl #6
87806304:	21000823 	tstcs	r0, r3, lsr #16
87806308:	88210008 	stmdahi	r1!, {r3}
8780630c:	00982100 	addseq	r2, r8, r0, lsl #2
87806310:	3800f030 	stmdacc	r0, {r4, r5, ip, sp, lr, pc}
87806314:	00000060 	andeq	r0, r0, r0, rrx
87806318:	00000000 	andeq	r0, r0, r0
8780631c:	20000020 	andcs	r0, r0, r0, lsr #32
87806320:	00200000 	eoreq	r0, r0, r0
87806324:	03f0ff00 	mvnseq	pc, #0, 30
87806328:	2000f8ff 	strdcs	pc, [r0], -pc	@ <UNPREDICTABLE>
8780632c:	08200008 	stmdaeq	r0!, {r3}
87806330:	00082000 	andeq	r2, r8, r0
87806334:	00003000 	andeq	r3, r0, r0
	...
87806340:	3f000020 	svccc	0x00000020
87806344:	f87f00f0 			@ <UNDEFINED> instruction: 0xf87f00f0
87806348:	00180000 	andseq	r0, r8, r0
8780634c:	00000800 	andeq	r0, r0, r0, lsl #16
87806350:	10200008 	eorne	r0, r0, r8
87806354:	00f83f00 	rscseq	r3, r8, r0, lsl #30
87806358:	0000f07f 	andeq	pc, r0, pc, ror r0	@ <UNPREDICTABLE>
8780635c:	00000010 	andeq	r0, r0, r0, lsl r0
87806360:	00000000 	andeq	r0, r0, r0
87806364:	30000020 	andcc	r0, r0, r0, lsr #32
87806368:	003c0000 	eorseq	r0, ip, r0
8780636c:	00803f00 	addeq	r3, r0, r0, lsl #30
87806370:	0000f023 	andeq	pc, r0, r3, lsr #32
87806374:	70000078 	andvc	r0, r0, r8, ror r0
87806378:	00802300 	addeq	r2, r0, r0, lsl #6
8780637c:	3000003c 	andcc	r0, r0, ip, lsr r0
87806380:	00200000 	eoreq	r0, r0, r0
87806384:	00002000 	andeq	r2, r0, r0
87806388:	3f00003c 	svccc	0x0000003c
8780638c:	f82300e0 			@ <UNDEFINED> instruction: 0xf82300e0
87806390:	00e00000 	rsceq	r0, r0, r0
87806394:	3e000027 	cdpcc	0, 0, cr0, cr0, cr7, {1}
87806398:	e03f0000 	eors	r0, pc, r0
8780639c:	00f82100 	rscseq	r2, r8, r0, lsl #2
878063a0:	3e00e001 	cdpcc	0, 0, cr14, cr0, cr1, {0}
878063a4:	00200000 	eoreq	r0, r0, r0
878063a8:	00000000 	andeq	r0, r0, r0
878063ac:	20000820 	andcs	r0, r0, r0, lsr #16
878063b0:	38380008 	ldmdacc	r8!, {r3}
878063b4:	00683e00 	rsbeq	r3, r8, r0, lsl #28
878063b8:	03008027 	movweq	r8, #39	@ 0x27
878063bc:	f82c00c8 			@ <UNDEFINED> instruction: 0xf82c00c8
878063c0:	00383800 	eorseq	r3, r8, r0, lsl #16
878063c4:	20001820 	andcs	r1, r0, r0, lsr #16
878063c8:	00000008 	andeq	r0, r0, r8
878063cc:	00000000 	andeq	r0, r0, r0
878063d0:	30000020 	andcc	r0, r0, r0, lsr #32
878063d4:	013c0003 	teqeq	ip, r3
878063d8:	00833f00 	addeq	r3, r3, r0, lsl #30
878063dc:	0000ec23 	andeq	lr, r0, r3, lsr #24
878063e0:	80230070 	eorhi	r0, r3, r0, ror r0
878063e4:	00003c00 	andeq	r3, r0, r0, lsl #24
878063e8:	20000020 	andcs	r0, r0, r0, lsr #32
	...
878063f4:	38000000 	stmdacc	r0, {}	@ <UNPREDICTABLE>
878063f8:	38200008 	stmdacc	r0!, {r3}
878063fc:	00f82000 	rscseq	r2, r8, r0
87806400:	2f00e823 	svccs	0x0000e823
87806404:	083e0088 	ldmdaeq	lr!, {r3, r7}
87806408:	00083800 	andeq	r3, r8, r0, lsl #16
8780640c:	00001820 	andeq	r1, r0, r0, lsr #16
87806410:	00000070 	andeq	r0, r0, r0, ror r0
	...
87806424:	14000008 	strne	r0, [r0], #-8
87806428:	fcf71f00 	ldc2l	15, cr1, [r7]
8780642c:	20060030 	andcs	r0, r6, r0, lsr r0
87806430:	00000200 	andeq	r0, r0, r0, lsl #4
	...
87806448:	ffff0000 			@ <UNDEFINED> instruction: 0xffff0000
8780644c:	000000ff 	strdeq	r0, [r0], -pc	@ <UNPREDICTABLE>
	...
87806460:	00200000 	eoreq	r0, r0, r0
87806464:	06003002 	streq	r3, [r0], -r2
87806468:	00fcf71f 	rscseq	pc, ip, pc, lsl r7	@ <UNPREDICTABLE>
8780646c:	08000014 	stmdaeq	r0, {r2, r4}
	...
87806480:	18000000 	stmdane	r0, {}	@ <UNPREDICTABLE>
87806484:	00600000 	rsbeq	r0, r0, r0
87806488:	00004000 	andeq	r4, r0, r0
8780648c:	20000040 	andcs	r0, r0, r0, asr #32
87806490:	00100000 	andseq	r0, r0, r0
87806494:	00000800 	andeq	r0, r0, r0, lsl #16
87806498:	04000004 	streq	r0, [r0], #-4
8780649c:	000c0000 	andeq	r0, ip, r0
878064a0:	00001000 	andeq	r1, r0, r0

878064a4 <asc2_3216>:
	...
8780653c:	c000f007 	andgt	pc, r0, r7
87806540:	e0e1ff07 	rsc	pc, r1, r7, lsl #30
87806544:	e001f007 	and	pc, r1, r7
87806548:	c0000000 	andgt	r0, r0, r0
	...
878065ac:	00002000 	andeq	r2, r0, r0
878065b0:	0000c001 	andeq	ip, r0, r1
878065b4:	00008007 	andeq	r8, r0, r7
878065b8:	0000001f 	andeq	r0, r0, pc, lsl r0
878065bc:	0000001e 	andeq	r0, r0, lr, lsl r0
878065c0:	0000201c 	andeq	r2, r0, ip, lsl r0
878065c4:	0000c001 	andeq	ip, r0, r1
878065c8:	00008007 	andeq	r8, r0, r7
878065cc:	0000001f 	andeq	r0, r0, pc, lsl r0
878065d0:	0000001e 	andeq	r0, r0, lr, lsl r0
878065d4:	0000001c 	andeq	r0, r0, ip, lsl r0
	...
87806628:	000c1800 	andeq	r1, ip, r0, lsl #16
8780662c:	000c1800 	andeq	r1, ip, r0, lsl #16
87806630:	e00f1800 	and	r1, pc, r0, lsl #16
87806634:	00fc1f00 	rscseq	r1, ip, r0, lsl #30
87806638:	000cf803 	andeq	pc, ip, r3, lsl #16
8780663c:	000c1800 	andeq	r1, ip, r0, lsl #16
87806640:	000c1800 	andeq	r1, ip, r0, lsl #16
87806644:	000c1800 	andeq	r1, ip, r0, lsl #16
87806648:	000c1800 	andeq	r1, ip, r0, lsl #16
8780664c:	e00f1800 	and	r1, pc, r0, lsl #16
87806650:	00fc1f00 	rscseq	r1, ip, r0, lsl #30
87806654:	000cf803 	andeq	pc, ip, r3, lsl #16
87806658:	000c1800 	andeq	r1, ip, r0, lsl #16
8780665c:	000c1800 	andeq	r1, ip, r0, lsl #16
	...
878066ac:	80070000 	andhi	r0, r7, r0
878066b0:	c0077800 	andgt	r7, r7, r0, lsl #16
878066b4:	4006fc00 	andmi	pc, r6, r0, lsl #24
878066b8:	20000e01 	andcs	r0, r0, r1, lsl #28
878066bc:	20000703 	andcs	r0, r0, r3, lsl #14
878066c0:	20800302 	addcs	r0, r0, r2, lsl #6
878066c4:	fcffff0f 	ldc2l	15, cr15, [pc], #60	@ 87806708 <asc2_3216+0x264>
878066c8:	20c00102 	sbccs	r0, r0, r2, lsl #2
878066cc:	60e00002 	rscvs	r0, r0, r2
878066d0:	40703001 	rsbsmi	r3, r0, r1
878066d4:	803ff001 	eorshi	pc, pc, r1
878066d8:	001ff000 	andseq	pc, pc, r0
	...
87806724:	0000fe00 	andeq	pc, r0, r0, lsl #28
87806728:	0000ff01 	andeq	pc, r0, r1, lsl #30
8780672c:	00800103 	addeq	r0, r0, r3, lsl #2
87806730:	60800002 	addvs	r0, r0, r2
87806734:	c0810103 	addgt	r0, r1, r3, lsl #2
87806738:	0007ff01 	andeq	pc, r7, r1, lsl #30
8780673c:	0018fe00 	andseq	pc, r8, r0, lsl #28
87806740:	00e00000 	rsceq	r0, r0, r0
87806744:	00bf0300 	adcseq	r0, pc, r0, lsl #6
87806748:	c0ff0c00 	rscsgt	r0, pc, r0, lsl #24
8780674c:	60807100 	addvs	r7, r0, r0, lsl #2
87806750:	2000c101 	andcs	ip, r0, r1, lsl #2
87806754:	60800103 	addvs	r0, r0, r3, lsl #2
87806758:	c0ff0000 	rscsgt	r0, pc, r0
8780675c:	003f0000 	eorseq	r0, pc, r0
	...
878067a4:	001f0000 	andseq	r0, pc, r0
878067a8:	c07f0000 	rsbsgt	r0, pc, r0
878067ac:	c0c0fc00 	sbcgt	pc, r0, r0, lsl #24
878067b0:	6080ff01 	addvs	pc, r0, r1, lsl #30
878067b4:	20e00303 	rsccs	r0, r0, r3, lsl #6
878067b8:	20780202 	rsbscs	r0, r8, r2, lsl #4
878067bc:	201e0602 	andscs	r0, lr, r2, lsl #12
878067c0:	4007fc03 	andmi	pc, r7, r3, lsl #24
878067c4:	8003f001 	andhi	pc, r3, r1
878067c8:	c0030100 	andgt	r0, r3, r0, lsl #2
878067cc:	601c0100 	andsvs	r0, ip, r0, lsl #2
878067d0:	20e00100 	rsccs	r0, r0, r0, lsl #2
878067d4:	20000100 	andcs	r0, r0, r0, lsl #2
878067d8:	40000100 	andmi	r0, r0, r0, lsl #2
878067dc:	80010000 	andhi	r0, r1, r0
	...
87806828:	00002000 	andeq	r2, r0, r0
8780682c:	0000601c 	andeq	r6, r0, ip, lsl r0
87806830:	0000401c 	andeq	r4, r0, ip, lsl r0
87806834:	0000801f 	andeq	r8, r0, pc, lsl r0
87806838:	0000000f 	andeq	r0, r0, pc
	...
878068c0:	00f80700 	rscseq	r0, r8, r0, lsl #14
878068c4:	00ff3f00 	rscseq	r3, pc, r0, lsl #30
878068c8:	c0077800 	andgt	r7, r7, r0, lsl #16
878068cc:	e000c001 	and	ip, r0, r1
878068d0:	30000003 	andcc	r0, r0, r3
878068d4:	08000004 	stmdaeq	r0, {r2}
878068d8:	04000008 	streq	r0, [r0], #-8
878068dc:	02000010 	andeq	r0, r0, #16
	...
87806928:	02000010 	andeq	r0, r0, #16
8780692c:	04000008 	streq	r0, [r0], #-8
87806930:	08000004 	stmdaeq	r0, {r2}
87806934:	30000003 	andcc	r0, r0, r3
87806938:	e000c001 	and	ip, r0, r1
8780693c:	c0077800 	andgt	r7, r7, r0, lsl #16
87806940:	00ff3f00 	rscseq	r3, pc, r0, lsl #30
87806944:	00f80700 	rscseq	r0, r8, r0, lsl #14
	...
878069ac:	00180c00 	andseq	r0, r8, r0, lsl #24
878069b0:	00380e00 	eorseq	r0, r8, r0, lsl #28
878069b4:	00380e00 	eorseq	r0, r8, r0, lsl #28
878069b8:	00300600 	eorseq	r0, r0, r0, lsl #12
878069bc:	00600300 	rsbeq	r0, r0, r0, lsl #6
878069c0:	80436100 	subhi	r6, r3, r0, lsl #2
878069c4:	80ffff00 	rscshi	pc, pc, r0, lsl #30
878069c8:	00436100 	subeq	r6, r3, r0, lsl #2
878069cc:	00600300 	rsbeq	r0, r0, r0, lsl #6
878069d0:	00300600 	eorseq	r0, r0, r0, lsl #12
878069d4:	00380e00 	eorseq	r0, r8, r0, lsl #28
878069d8:	00380e00 	eorseq	r0, r8, r0, lsl #28
878069dc:	00180c00 	andseq	r0, r8, r0, lsl #24
	...
87806a2c:	00800000 	addeq	r0, r0, r0
87806a30:	00800000 	addeq	r0, r0, r0
87806a34:	00800000 	addeq	r0, r0, r0
87806a38:	00800000 	addeq	r0, r0, r0
87806a3c:	00800000 	addeq	r0, r0, r0
87806a40:	00800000 	addeq	r0, r0, r0
87806a44:	00ff7f00 	rscseq	r7, pc, r0, lsl #30
87806a48:	00800000 	addeq	r0, r0, r0
87806a4c:	00800000 	addeq	r0, r0, r0
87806a50:	00800000 	addeq	r0, r0, r0
87806a54:	00800000 	addeq	r0, r0, r0
87806a58:	00800000 	addeq	r0, r0, r0
87806a5c:	00800000 	addeq	r0, r0, r0
	...
87806aa8:	01000000 	mrseq	r0, (UNDEF: 0)
87806aac:	e3000000 	movw	r0, #0
87806ab0:	e2000000 	and	r0, r0, #0
87806ab4:	fc000000 	stc2	0, cr0, [r0], {-0}
87806ab8:	78000000 	stmdavc	r0, {}	@ <UNPREDICTABLE>
	...
87806b28:	00800000 	addeq	r0, r0, r0
87806b2c:	00800000 	addeq	r0, r0, r0
87806b30:	00800000 	addeq	r0, r0, r0
87806b34:	00800000 	addeq	r0, r0, r0
87806b38:	00800000 	addeq	r0, r0, r0
87806b3c:	00800000 	addeq	r0, r0, r0
87806b40:	00800000 	addeq	r0, r0, r0
87806b44:	00800000 	addeq	r0, r0, r0
87806b48:	00800000 	addeq	r0, r0, r0
87806b4c:	00800000 	addeq	r0, r0, r0
87806b50:	00800000 	addeq	r0, r0, r0
87806b54:	00800000 	addeq	r0, r0, r0
87806b58:	00800000 	addeq	r0, r0, r0
87806b5c:	00800000 	addeq	r0, r0, r0
	...
87806bac:	c0000000 	andgt	r0, r0, r0
87806bb0:	e0010000 	and	r0, r1, r0
87806bb4:	e0010000 	and	r0, r1, r0
87806bb8:	c0000000 	andgt	r0, r0, r0
	...
87806c28:	0c000000 	stceq	0, cr0, [r0], {-0}
87806c2c:	38000000 	stmdacc	r0, {}	@ <UNPREDICTABLE>
87806c30:	e0000000 	and	r0, r0, r0
87806c34:	80030000 	andhi	r0, r3, r0
87806c38:	000e0000 	andeq	r0, lr, r0
87806c3c:	00380000 	eorseq	r0, r8, r0
87806c40:	00e00000 	rsceq	r0, r0, r0
87806c44:	00800300 	addeq	r0, r0, r0, lsl #6
87806c48:	00000e00 	andeq	r0, r0, r0, lsl #28
87806c4c:	00003800 	andeq	r3, r0, r0, lsl #16
87806c50:	0000e000 	andeq	lr, r0, r0
87806c54:	00008003 	andeq	r8, r0, r3
87806c58:	0000000e 	andeq	r0, r0, lr
87806c5c:	00000018 	andeq	r0, r0, r8, lsl r0
	...
87806cac:	00f80f00 	rscseq	r0, r8, r0, lsl #30
87806cb0:	00ff7f00 	rscseq	r7, pc, r0, lsl #30
87806cb4:	8007f000 	andhi	pc, r7, r0
87806cb8:	c0008001 	andgt	r8, r0, r1
87806cbc:	60000003 	andvs	r0, r0, r3
87806cc0:	20000002 	andcs	r0, r0, r2
87806cc4:	20000002 	andcs	r0, r0, r2
87806cc8:	20000002 	andcs	r0, r0, r2
87806ccc:	60000003 	andvs	r0, r0, r3
87806cd0:	c0008001 	andgt	r8, r0, r1
87806cd4:	8003e000 	andhi	lr, r3, r0
87806cd8:	00ff7f00 	rscseq	r7, pc, r0, lsl #30
87806cdc:	00f80f00 	rscseq	r0, r8, r0, lsl #30
	...
87806d30:	20008000 	andcs	r8, r0, r0
87806d34:	20008000 	andcs	r8, r0, r0
87806d38:	20008000 	andcs	r8, r0, r0
87806d3c:	60008000 	andvs	r8, r0, r0
87806d40:	e0ffff01 	rscs	pc, pc, r1, lsl #30
87806d44:	e0ffff03 	rscs	pc, pc, r3, lsl #30
87806d48:	60000000 	andvs	r0, r0, r0
87806d4c:	20000000 	andcs	r0, r0, r0
87806d50:	20000000 	andcs	r0, r0, r0
87806d54:	20000000 	andcs	r0, r0, r0
	...
87806dac:	e0007800 	and	r7, r0, r0, lsl #16
87806db0:	60019800 	andvs	r9, r1, r0, lsl #16
87806db4:	60020001 	andvs	r0, r2, r1
87806db8:	60040002 	andvs	r0, r4, r2
87806dbc:	60080002 	andvs	r0, r8, r2
87806dc0:	60100002 	andsvs	r0, r0, r2
87806dc4:	60200002 	eorvs	r0, r0, r2
87806dc8:	60400002 	subvs	r0, r0, r2
87806dcc:	60800003 	addvs	r0, r0, r3
87806dd0:	60008301 	andvs	r8, r0, r1, lsl #6
87806dd4:	e000fe01 	and	pc, r0, r1, lsl #28
87806dd8:	80077c00 	andhi	r7, r7, r0, lsl #24
	...
87806e2c:	8007f000 	andhi	pc, r7, r0
87806e30:	c007f001 	andgt	pc, r7, r1
87806e34:	40000001 	andmi	r0, r0, r1
87806e38:	20000002 	andcs	r0, r0, r2
87806e3c:	20000102 	andcs	r0, r0, r2, lsl #2
87806e40:	20000102 	andcs	r0, r0, r2, lsl #2
87806e44:	20000102 	andcs	r0, r0, r2, lsl #2
87806e48:	20800303 	addcs	r0, r0, r3, lsl #6
87806e4c:	40808601 	addmi	r8, r0, r1, lsl #12
87806e50:	c0c0fc01 	sbcgt	pc, r0, r1, lsl #24
87806e54:	807f7800 	rsbshi	r7, pc, r0, lsl #16
87806e58:	001e0000 	andseq	r0, lr, r0
	...
87806ea8:	00080000 	andeq	r0, r8, r0
87806eac:	00380000 	eorseq	r0, r8, r0
87806eb0:	00480000 	subeq	r0, r8, r0
87806eb4:	00880100 	addeq	r0, r8, r0, lsl #2
87806eb8:	00080600 	andeq	r0, r8, r0, lsl #12
87806ebc:	10080c00 	andne	r0, r8, r0, lsl #24
87806ec0:	10083000 	andne	r3, r8, r0
87806ec4:	10084000 	andne	r4, r8, r0
87806ec8:	f0ffff01 			@ <UNDEFINED> instruction: 0xf0ffff01
87806ecc:	f0ffff03 			@ <UNDEFINED> instruction: 0xf0ffff03
87806ed0:	f0ffff03 			@ <UNDEFINED> instruction: 0xf0ffff03
87806ed4:	10080000 	andne	r0, r8, r0
87806ed8:	10080000 	andne	r0, r8, r0
87806edc:	10080000 	andne	r0, r8, r0
	...
87806f2c:	80070000 	andhi	r0, r7, r0
87806f30:	40861f00 	addmi	r1, r6, r0, lsl #30
87806f34:	2000e103 	andcs	lr, r0, r3, lsl #2
87806f38:	20000203 	andcs	r0, r0, r3, lsl #4
87806f3c:	20000403 	andcs	r0, r0, r3, lsl #8
87806f40:	20000403 	andcs	r0, r0, r3, lsl #8
87806f44:	20000403 	andcs	r0, r0, r3, lsl #8
87806f48:	20000403 	andcs	r0, r0, r3, lsl #8
87806f4c:	40000603 	andmi	r0, r0, r3, lsl #12
87806f50:	c0010303 	andgt	r0, r1, r3, lsl #6
87806f54:	80ff0103 	rscshi	r0, pc, r3, lsl #2
87806f58:	007e0003 	rsbseq	r0, lr, r3
	...
87806fac:	00fc0700 	rscseq	r0, ip, r0, lsl #14
87806fb0:	00ff3f00 	rscseq	r3, pc, r0, lsl #30
87806fb4:	80c37000 	sbchi	r7, r3, r0
87806fb8:	c0808100 	addgt	r8, r0, r0, lsl #2
87806fbc:	60000101 	andvs	r0, r0, r1, lsl #2
87806fc0:	20000203 	andcs	r0, r0, r3, lsl #4
87806fc4:	20000202 	andcs	r0, r0, r2, lsl #4
87806fc8:	20000202 	andcs	r0, r0, r2, lsl #4
87806fcc:	20000202 	andcs	r0, r0, r2, lsl #4
87806fd0:	40000302 	andmi	r0, r0, r2, lsl #6
87806fd4:	c080c101 	addgt	ip, r0, r1, lsl #2
87806fd8:	80ffc000 	rscshi	ip, pc, r0
87806fdc:	007e0000 	rsbseq	r0, lr, r0
	...
8780702c:	0000f000 	andeq	pc, r0, r0
87807030:	0000c003 	andeq	ip, r0, r3
87807034:	00008003 	andeq	r8, r0, r3
87807038:	00000003 	andeq	r0, r0, r3
8780703c:	e0070003 	and	r0, r7, r3
87807040:	e03f0003 	eors	r0, pc, r3
87807044:	00c00103 	sbceq	r0, r0, r3, lsl #2
87807048:	00000603 	andeq	r0, r0, r3, lsl #12
8780704c:	00001803 	andeq	r1, r0, r3, lsl #16
87807050:	00006003 	andeq	r6, r0, r3
87807054:	00008003 	andeq	r8, r0, r3
87807058:	00000003 	andeq	r0, r0, r3
	...
878070a8:	001f0000 	andseq	r0, pc, r0
878070ac:	803f7800 	eorshi	r7, pc, r0, lsl #16
878070b0:	c060fc00 	rsbgt	pc, r0, r0, lsl #24
878070b4:	40c08e01 	sbcmi	r8, r0, r1, lsl #28
878070b8:	20800703 	addcs	r0, r0, r3, lsl #14
878070bc:	20000302 	andcs	r0, r0, r2, lsl #6
878070c0:	20800102 	addcs	r0, r0, r2, lsl #2
878070c4:	20800102 	addcs	r0, r0, r2, lsl #2
878070c8:	20c00102 	sbccs	r0, r0, r2, lsl #2
878070cc:	40e00103 	rscmi	r0, r0, r3, lsl #2
878070d0:	c0708601 	rsbsgt	r8, r0, r1, lsl #12
878070d4:	803ffc00 	eorshi	pc, pc, r0, lsl #24
878070d8:	001f7800 	andseq	r7, pc, r0, lsl #16
	...
87807128:	00003f00 	andeq	r3, r0, r0, lsl #30
8780712c:	c081ff00 	addgt	pc, r1, r0, lsl #30
87807130:	c0c1c001 	sbcgt	ip, r1, r1
87807134:	20600001 	rsbcs	r0, r0, r1
87807138:	20200002 	eorcs	r0, r0, r2
8780713c:	20200002 	eorcs	r0, r0, r2
87807140:	20200002 	eorcs	r0, r0, r2
87807144:	60200002 	eorvs	r0, r0, r2
87807148:	c0400002 	subgt	r0, r0, r2
8780714c:	80c10001 	sbchi	r0, r1, r1
87807150:	008fc100 	addeq	ip, pc, r0, lsl #2
87807154:	00fe7f00 	rscseq	r7, lr, r0, lsl #30
87807158:	00f01f00 	rscseq	r1, r0, r0, lsl #30
	...
878071bc:	c0000300 	andgt	r0, r0, r0, lsl #6
878071c0:	e0810700 	add	r0, r1, r0, lsl #14
878071c4:	e0810700 	add	r0, r1, r0, lsl #14
878071c8:	c0000300 	andgt	r0, r0, r0, lsl #6
	...
8780723c:	66000600 	strvs	r0, [r0], -r0, lsl #12
87807240:	78000600 	stmdavc	r0, {r9, sl}
	...
878072ac:	00800000 	addeq	r0, r0, r0
878072b0:	00c00100 	sbceq	r0, r0, r0, lsl #2
878072b4:	00600300 	rsbeq	r0, r0, r0, lsl #6
878072b8:	00300600 	eorseq	r0, r0, r0, lsl #12
878072bc:	00180c00 	andseq	r0, r8, r0, lsl #24
878072c0:	000c1800 	andeq	r1, ip, r0, lsl #16
878072c4:	00063000 	andeq	r3, r6, r0
878072c8:	00036000 	andeq	r6, r3, r0
878072cc:	8001c000 	andhi	ip, r1, r0
878072d0:	40000001 	andmi	r0, r0, r1
878072d4:	20000002 	andcs	r0, r0, r2
878072d8:	10000004 	andne	r0, r0, r4
	...
87807328:	00100400 	andseq	r0, r0, r0, lsl #8
8780732c:	00100400 	andseq	r0, r0, r0, lsl #8
87807330:	00100400 	andseq	r0, r0, r0, lsl #8
87807334:	00100400 	andseq	r0, r0, r0, lsl #8
87807338:	00100400 	andseq	r0, r0, r0, lsl #8
8780733c:	00100400 	andseq	r0, r0, r0, lsl #8
87807340:	00100400 	andseq	r0, r0, r0, lsl #8
87807344:	00100400 	andseq	r0, r0, r0, lsl #8
87807348:	00100400 	andseq	r0, r0, r0, lsl #8
8780734c:	00100400 	andseq	r0, r0, r0, lsl #8
87807350:	00100400 	andseq	r0, r0, r0, lsl #8
87807354:	00100400 	andseq	r0, r0, r0, lsl #8
87807358:	00100400 	andseq	r0, r0, r0, lsl #8
8780735c:	00100400 	andseq	r0, r0, r0, lsl #8
	...
878073ac:	10000004 	andne	r0, r0, r4
878073b0:	20000002 	andcs	r0, r0, r2
878073b4:	40000001 	andmi	r0, r0, r1
878073b8:	8001c000 	andhi	ip, r1, r0
878073bc:	00036000 	andeq	r6, r3, r0
878073c0:	00063000 	andeq	r3, r6, r0
878073c4:	000c1800 	andeq	r1, ip, r0, lsl #16
878073c8:	00180c00 	andseq	r0, r8, r0, lsl #24
878073cc:	00300600 	eorseq	r0, r0, r0, lsl #12
878073d0:	00600300 	rsbeq	r0, r0, r0, lsl #6
878073d4:	00c00100 	sbceq	r0, r0, r0, lsl #2
878073d8:	00800000 	addeq	r0, r0, r0
	...
8780742c:	00007800 	andeq	r7, r0, r0, lsl #16
87807430:	0000f801 	andeq	pc, r0, r1, lsl #16
87807434:	00003802 	andeq	r3, r0, r2, lsl #16
87807438:	00000002 	andeq	r0, r0, r2
8780743c:	c0000004 	andgt	r0, r0, r4
87807440:	e0790004 	rsbs	r0, r9, r4
87807444:	e0810004 	add	r0, r1, r4
87807448:	c0000104 	andgt	r0, r0, r4, lsl #2
8780744c:	00000304 	andeq	r0, r0, r4, lsl #6
87807450:	00000202 	andeq	r0, r0, r2, lsl #4
87807454:	00000603 	andeq	r0, r0, r3, lsl #12
87807458:	0000fc01 	andeq	pc, r0, r1, lsl #24
8780745c:	0000f800 	andeq	pc, r0, r0, lsl #16
	...
878074a8:	00f80f00 	rscseq	r0, r8, r0, lsl #30
878074ac:	00fe3f00 	rscseq	r3, lr, r0, lsl #30
878074b0:	80077000 	andhi	r7, r7, r0
878074b4:	c000c000 	andgt	ip, r0, r0
878074b8:	40f80101 	rscsmi	r0, r8, r1, lsl #2
878074bc:	20fc0703 	rscscs	r0, ip, r3, lsl #14
878074c0:	20041e02 	andcs	r1, r4, r2, lsl #28
878074c4:	20083002 	andcs	r3, r8, r2
878074c8:	20302002 	eorscs	r2, r0, r2
878074cc:	20fc3f02 	rscscs	r3, ip, r2, lsl #30
878074d0:	40043f01 	andmi	r3, r4, r1, lsl #30
878074d4:	c00c8001 	andgt	r8, ip, r1
878074d8:	8031e000 	eorshi	lr, r1, r0
878074dc:	00c21f00 	sbceq	r1, r2, r0, lsl #30
	...
87807524:	20000000 	andcs	r0, r0, r0
87807528:	60000000 	andvs	r0, r0, r0
8780752c:	e0030000 	and	r0, r3, r0
87807530:	203e0000 	eorscs	r0, lr, r0
87807534:	20e00300 	rsccs	r0, r0, r0, lsl #6
87807538:	00203e00 	eoreq	r3, r0, r0, lsl #28
8780753c:	0020e003 	eoreq	lr, r0, r3
87807540:	00208003 	eoreq	r8, r0, r3
87807544:	0020fc07 	eoreq	pc, r0, r7, lsl #24
87807548:	00e03f00 	rsceq	r3, r0, r0, lsl #30
8780754c:	20fe0300 	rscscs	r0, lr, r0, lsl #6
87807550:	e03f0000 	eors	r0, pc, r0
87807554:	e0010000 	and	r0, r1, r0
87807558:	20000000 	andcs	r0, r0, r0
8780755c:	20000000 	andcs	r0, r0, r0
	...
878075a8:	20000002 	andcs	r0, r0, r2
878075ac:	20000002 	andcs	r0, r0, r2
878075b0:	e0ffff03 	rscs	pc, pc, r3, lsl #30
878075b4:	e0ffff03 	rscs	pc, pc, r3, lsl #30
878075b8:	20000102 	andcs	r0, r0, r2, lsl #2
878075bc:	20000102 	andcs	r0, r0, r2, lsl #2
878075c0:	20000102 	andcs	r0, r0, r2, lsl #2
878075c4:	20000102 	andcs	r0, r0, r2, lsl #2
878075c8:	20000102 	andcs	r0, r0, r2, lsl #2
878075cc:	20000303 	andcs	r0, r0, r3, lsl #6
878075d0:	60808601 	addvs	r8, r0, r1, lsl #12
878075d4:	c0c0fc01 	sbcgt	pc, r0, r1, lsl #24
878075d8:	807ff800 	rsbshi	pc, pc, r0, lsl #16
878075dc:	001f0000 	andseq	r0, pc, r0
	...
87807628:	00f80700 	rscseq	r0, r8, r0, lsl #14
8780762c:	00ff3f00 	rscseq	r3, pc, r0, lsl #30
87807630:	80077000 	andhi	r7, r7, r0
87807634:	c000c000 	andgt	ip, r0, r0
87807638:	40000001 	andmi	r0, r0, r1
8780763c:	20000003 	andcs	r0, r0, r3
87807640:	20000002 	andcs	r0, r0, r2
87807644:	20000002 	andcs	r0, r0, r2
87807648:	20000002 	andcs	r0, r0, r2
8780764c:	20000002 	andcs	r0, r0, r2
87807650:	40000001 	andmi	r0, r0, r1
87807654:	c0008001 	andgt	r8, r0, r1
87807658:	8001c003 	andhi	ip, r1, r3
8780765c:	00063000 	andeq	r3, r6, r0
	...
878076a8:	20000002 	andcs	r0, r0, r2
878076ac:	20000002 	andcs	r0, r0, r2
878076b0:	e0ffff03 	rscs	pc, pc, r3, lsl #30
878076b4:	e0ffff03 	rscs	pc, pc, r3, lsl #30
878076b8:	20000002 	andcs	r0, r0, r2
878076bc:	20000002 	andcs	r0, r0, r2
878076c0:	20000002 	andcs	r0, r0, r2
878076c4:	20000002 	andcs	r0, r0, r2
878076c8:	60000003 	andvs	r0, r0, r3
878076cc:	40000001 	andmi	r0, r0, r1
878076d0:	c0008001 	andgt	r8, r0, r1
878076d4:	8007f000 	andhi	pc, r7, r0
878076d8:	00fe7f00 	rscseq	r7, lr, r0, lsl #30
878076dc:	00f80f00 	rscseq	r0, r8, r0, lsl #30
	...
87807728:	20000002 	andcs	r0, r0, r2
8780772c:	20000002 	andcs	r0, r0, r2
87807730:	e0ffff03 	rscs	pc, pc, r3, lsl #30
87807734:	e0ffff03 	rscs	pc, pc, r3, lsl #30
87807738:	20000102 	andcs	r0, r0, r2, lsl #2
8780773c:	20000102 	andcs	r0, r0, r2, lsl #2
87807740:	20000102 	andcs	r0, r0, r2, lsl #2
87807744:	20000102 	andcs	r0, r0, r2, lsl #2
87807748:	20000102 	andcs	r0, r0, r2, lsl #2
8780774c:	20800302 	addcs	r0, r0, r2, lsl #6
87807750:	20e00f02 	rsccs	r0, r0, r2, lsl #30
87807754:	60000003 	andvs	r0, r0, r3
87807758:	e000c003 	and	ip, r0, r3
8780775c:	00036000 	andeq	r6, r3, r0
	...
878077a8:	20000002 	andcs	r0, r0, r2
878077ac:	20000002 	andcs	r0, r0, r2
878077b0:	e0ffff03 	rscs	pc, pc, r3, lsl #30
878077b4:	e0ffff03 	rscs	pc, pc, r3, lsl #30
878077b8:	20000102 	andcs	r0, r0, r2, lsl #2
878077bc:	20000102 	andcs	r0, r0, r2, lsl #2
878077c0:	00000102 	andeq	r0, r0, r2, lsl #2
878077c4:	00000102 	andeq	r0, r0, r2, lsl #2
878077c8:	00000102 	andeq	r0, r0, r2, lsl #2
878077cc:	00000102 	andeq	r0, r0, r2, lsl #2
878077d0:	00800302 	addeq	r0, r0, r2, lsl #6
878077d4:	00e00f03 	rsceq	r0, r0, r3, lsl #30
878077d8:	00000003 	andeq	r0, r0, r3
878077dc:	0000c003 	andeq	ip, r0, r3
878077e0:	00006000 	andeq	r6, r0, r0
	...
87807828:	00f80700 	rscseq	r0, r8, r0, lsl #14
8780782c:	00fe3f00 	rscseq	r3, lr, r0, lsl #30
87807830:	80077000 	andhi	r7, r7, r0
87807834:	c001c001 	andgt	ip, r1, r1
87807838:	40000001 	andmi	r0, r0, r1
8780783c:	20000003 	andcs	r0, r0, r3
87807840:	20000002 	andcs	r0, r0, r2
87807844:	20000002 	andcs	r0, r0, r2
87807848:	20000002 	andcs	r0, r0, r2
8780784c:	20200001 	eorcs	r0, r0, r1
87807850:	40200001 	eormi	r0, r0, r1
87807854:	803fc003 	eorshi	ip, pc, r3
87807858:	803f3000 	eorshi	r3, pc, r0
8780785c:	00200000 	eoreq	r0, r0, r0
87807860:	00200000 	eoreq	r0, r0, r0
	...
878078a4:	20000002 	andcs	r0, r0, r2
878078a8:	20000002 	andcs	r0, r0, r2
878078ac:	e0ffff03 	rscs	pc, pc, r3, lsl #30
878078b0:	e0ffff03 	rscs	pc, pc, r3, lsl #30
878078b4:	20800002 	addcs	r0, r0, r2
878078b8:	20800002 	addcs	r0, r0, r2
878078bc:	00800000 	addeq	r0, r0, r0
878078c0:	00800000 	addeq	r0, r0, r0
878078c4:	00800000 	addeq	r0, r0, r0
878078c8:	20800002 	addcs	r0, r0, r2
878078cc:	20800002 	addcs	r0, r0, r2
878078d0:	e0ffff03 	rscs	pc, pc, r3, lsl #30
878078d4:	e0ffff03 	rscs	pc, pc, r3, lsl #30
878078d8:	20000002 	andcs	r0, r0, r2
878078dc:	20000002 	andcs	r0, r0, r2
	...
87807930:	20000002 	andcs	r0, r0, r2
87807934:	20000002 	andcs	r0, r0, r2
87807938:	20000002 	andcs	r0, r0, r2
8780793c:	20000002 	andcs	r0, r0, r2
87807940:	e0ffff03 	rscs	pc, pc, r3, lsl #30
87807944:	e0ffff03 	rscs	pc, pc, r3, lsl #30
87807948:	20000002 	andcs	r0, r0, r2
8780794c:	20000002 	andcs	r0, r0, r2
87807950:	20000002 	andcs	r0, r0, r2
87807954:	20000002 	andcs	r0, r0, r2
	...
878079a8:	0e000000 	cdpeq	0, 0, cr0, cr0, cr0, {0}
878079ac:	0f000000 	svceq	0x00000000
878079b0:	0f000000 	svceq	0x00000000
878079b4:	01000000 	mrseq	r0, (UNDEF: 0)
878079b8:	01000002 	tsteq	r0, r2
878079bc:	01000002 	tsteq	r0, r2
878079c0:	03000002 	movweq	r0, #2
878079c4:	06000002 	streq	r0, [r0], -r2
878079c8:	fcffff03 	ldc2l	15, cr15, [pc], #12	@ 878079dc <asc2_3216+0x1538>
878079cc:	f8ffff03 			@ <UNDEFINED> instruction: 0xf8ffff03
878079d0:	00000002 	andeq	r0, r0, r2
878079d4:	00000002 	andeq	r0, r0, r2
878079d8:	00000002 	andeq	r0, r0, r2
878079dc:	00000002 	andeq	r0, r0, r2
	...
87807a28:	20000002 	andcs	r0, r0, r2
87807a2c:	20000002 	andcs	r0, r0, r2
87807a30:	e0ffff03 	rscs	pc, pc, r3, lsl #30
87807a34:	e0ffff03 	rscs	pc, pc, r3, lsl #30
87807a38:	20c00002 	sbccs	r0, r0, r2
87807a3c:	20000102 	andcs	r0, r0, r2, lsl #2
87807a40:	00800700 	addeq	r0, r0, r0, lsl #14
87807a44:	00e00f00 	rsceq	r0, r0, r0, lsl #30
87807a48:	00f83000 	rscseq	r3, r8, r0
87807a4c:	203e6002 	eorscs	r6, lr, r2
87807a50:	200f8003 	andcs	r8, pc, r3
87807a54:	e0030003 	and	r0, r3, r3
87807a58:	e0000002 	and	r0, r0, r2
87807a5c:	20000002 	andcs	r0, r0, r2
87807a60:	20000000 	andcs	r0, r0, r0
	...
87807aa8:	20000002 	andcs	r0, r0, r2
87807aac:	20000002 	andcs	r0, r0, r2
87807ab0:	e0ffff03 	rscs	pc, pc, r3, lsl #30
87807ab4:	e0ffff03 	rscs	pc, pc, r3, lsl #30
87807ab8:	20000002 	andcs	r0, r0, r2
87807abc:	20000002 	andcs	r0, r0, r2
87807ac0:	20000000 	andcs	r0, r0, r0
87807ac4:	20000000 	andcs	r0, r0, r0
87807ac8:	20000000 	andcs	r0, r0, r0
87807acc:	20000000 	andcs	r0, r0, r0
87807ad0:	20000000 	andcs	r0, r0, r0
87807ad4:	60000000 	andvs	r0, r0, r0
87807ad8:	e0000000 	and	r0, r0, r0
87807adc:	00030000 	andeq	r0, r3, r0
	...
87807b24:	20000002 	andcs	r0, r0, r2
87807b28:	20000002 	andcs	r0, r0, r2
87807b2c:	e0ffff03 	rscs	pc, pc, r3, lsl #30
87807b30:	2000e003 	andcs	lr, r0, r3
87807b34:	2000ff03 	andcs	pc, r0, r3, lsl #30
87807b38:	00f01f00 	rscseq	r1, r0, r0, lsl #30
87807b3c:	80ff0100 	rscshi	r0, pc, r0, lsl #2
87807b40:	e00f0000 	and	r0, pc, r0
87807b44:	001e0000 	andseq	r0, lr, r0
87807b48:	00e00300 	rsceq	r0, r0, r0, lsl #6
87807b4c:	20003e00 	andcs	r3, r0, r0, lsl #28
87807b50:	2000e003 	andcs	lr, r0, r3
87807b54:	e0ffff03 	rscs	pc, pc, r3, lsl #30
87807b58:	e0ffff03 	rscs	pc, pc, r3, lsl #30
87807b5c:	20000002 	andcs	r0, r0, r2
87807b60:	20000002 	andcs	r0, r0, r2
	...
87807ba4:	20000002 	andcs	r0, r0, r2
87807ba8:	20000002 	andcs	r0, r0, r2
87807bac:	e0ffff03 	rscs	pc, pc, r3, lsl #30
87807bb0:	20008003 	andcs	r8, r0, r3
87807bb4:	2000f003 	andcs	pc, r0, r3
87807bb8:	0000fc00 	andeq	pc, r0, r0, lsl #24
87807bbc:	00001f00 	andeq	r1, r0, r0, lsl #30
87807bc0:	00c00700 	sbceq	r0, r0, r0, lsl #14
87807bc4:	00f00100 	rscseq	r0, r0, r0, lsl #2
87807bc8:	007c0000 	rsbseq	r0, ip, r0
87807bcc:	801f0002 	andshi	r0, pc, r2
87807bd0:	e0070002 	and	r0, r7, r2
87807bd4:	e0ffff03 	rscs	pc, pc, r3, lsl #30
87807bd8:	00000002 	andeq	r0, r0, r2
87807bdc:	00000002 	andeq	r0, r0, r2
	...
87807c28:	00f80f00 	rscseq	r0, r8, r0, lsl #30
87807c2c:	00fe3f00 	rscseq	r3, lr, r0, lsl #30
87807c30:	8007f000 	andhi	pc, r7, r0
87807c34:	c0008001 	andgt	r8, r0, r1
87807c38:	40000001 	andmi	r0, r0, r1
87807c3c:	20000002 	andcs	r0, r0, r2
87807c40:	20000002 	andcs	r0, r0, r2
87807c44:	20000002 	andcs	r0, r0, r2
87807c48:	20000002 	andcs	r0, r0, r2
87807c4c:	40000001 	andmi	r0, r0, r1
87807c50:	c0008001 	andgt	r8, r0, r1
87807c54:	8003f000 	andhi	pc, r3, r0
87807c58:	00fe3f00 	rscseq	r3, lr, r0, lsl #30
87807c5c:	00f80f00 	rscseq	r0, r8, r0, lsl #30
	...
87807ca8:	20000002 	andcs	r0, r0, r2
87807cac:	20000002 	andcs	r0, r0, r2
87807cb0:	e0ffff03 	rscs	pc, pc, r3, lsl #30
87807cb4:	e0ffff03 	rscs	pc, pc, r3, lsl #30
87807cb8:	20800002 	addcs	r0, r0, r2
87807cbc:	20800002 	addcs	r0, r0, r2
87807cc0:	00800002 	addeq	r0, r0, r2
87807cc4:	00800002 	addeq	r0, r0, r2
87807cc8:	00800002 	addeq	r0, r0, r2
87807ccc:	00800002 	addeq	r0, r0, r2
87807cd0:	00800103 	addeq	r0, r0, r3, lsl #2
87807cd4:	00008301 	andeq	r8, r0, r1, lsl #6
87807cd8:	0000fe00 	andeq	pc, r0, r0, lsl #28
87807cdc:	00007c00 	andeq	r7, r0, r0, lsl #24
	...
87807d28:	00f80f00 	rscseq	r0, r8, r0, lsl #30
87807d2c:	00ff7f00 	rscseq	r7, pc, r0, lsl #30
87807d30:	8003f000 	andhi	pc, r3, r0
87807d34:	c0018001 	andgt	r8, r1, r1
87807d38:	40060001 	andmi	r0, r6, r1
87807d3c:	20040002 	andcs	r0, r4, r2
87807d40:	20040002 	andcs	r0, r4, r2
87807d44:	20060002 	andcs	r0, r6, r2
87807d48:	e0030002 	and	r0, r3, r2
87807d4c:	f8000001 			@ <UNDEFINED> instruction: 0xf8000001
87807d50:	5c008001 	stcpl	0, cr8, [r0], {1}
87807d54:	8c03e000 	stchi	0, cr14, [r3], {-0}
87807d58:	0cff3f00 	ldcleq	15, cr3, [pc]	@ 87807d60 <asc2_3216+0x18bc>
87807d5c:	18fc0f00 	ldmne	ip!, {r8, r9, sl, fp}^
	...
87807da8:	20000002 	andcs	r0, r0, r2
87807dac:	20000002 	andcs	r0, r0, r2
87807db0:	e0ffff03 	rscs	pc, pc, r3, lsl #30
87807db4:	e0ffff03 	rscs	pc, pc, r3, lsl #30
87807db8:	20000102 	andcs	r0, r0, r2, lsl #2
87807dbc:	20000102 	andcs	r0, r0, r2, lsl #2
87807dc0:	00800102 	addeq	r0, r0, r2, lsl #2
87807dc4:	00e00102 	rsceq	r0, r0, r2, lsl #2
87807dc8:	00fc0102 	rscseq	r0, ip, r2, lsl #2
87807dcc:	803f0303 	eorshi	r0, pc, r3, lsl #6
87807dd0:	e0078601 	and	r8, r7, r1, lsl #12
87807dd4:	e000fc01 	and	pc, r0, r1, lsl #24
87807dd8:	2000f800 	andcs	pc, r0, r0, lsl #16
87807ddc:	20000000 	andcs	r0, r0, r0
	...
87807e2c:	00067800 	andeq	r7, r6, r0, lsl #16
87807e30:	e001fe00 	and	pc, r1, r0, lsl #28
87807e34:	c0008601 	andgt	r8, r0, r1, lsl #12
87807e38:	40000303 	andmi	r0, r0, r3, lsl #6
87807e3c:	20000302 	andcs	r0, r0, r2, lsl #6
87807e40:	20800102 	addcs	r0, r0, r2, lsl #2
87807e44:	20800102 	addcs	r0, r0, r2, lsl #2
87807e48:	20c00102 	sbccs	r0, r0, r2, lsl #2
87807e4c:	20c00002 	sbccs	r0, r0, r2
87807e50:	60e00001 	rscvs	r0, r0, r1
87807e54:	c0708001 	rsbsgt	r8, r0, r1
87807e58:	803fe003 	eorshi	lr, pc, r3
87807e5c:	001f0000 	andseq	r0, pc, r0
	...
87807ea8:	00006000 	andeq	r6, r0, r0
87807eac:	00008003 	andeq	r8, r0, r3
87807eb0:	00000003 	andeq	r0, r0, r3
87807eb4:	00000002 	andeq	r0, r0, r2
87807eb8:	20000002 	andcs	r0, r0, r2
87807ebc:	20000002 	andcs	r0, r0, r2
87807ec0:	e0ffff03 	rscs	pc, pc, r3, lsl #30
87807ec4:	e0ffff03 	rscs	pc, pc, r3, lsl #30
87807ec8:	20000002 	andcs	r0, r0, r2
87807ecc:	20000002 	andcs	r0, r0, r2
87807ed0:	00000002 	andeq	r0, r0, r2
87807ed4:	00000002 	andeq	r0, r0, r2
87807ed8:	00008003 	andeq	r8, r0, r3
87807edc:	0000e000 	andeq	lr, r0, r0
	...
87807f24:	00000002 	andeq	r0, r0, r2
87807f28:	00000002 	andeq	r0, r0, r2
87807f2c:	00ffff03 	rscseq	pc, pc, r3, lsl #30
87807f30:	c0ffff03 	rscsgt	pc, pc, r3, lsl #30
87807f34:	40000002 	andmi	r0, r0, r2
87807f38:	60000002 	andvs	r0, r0, r2
87807f3c:	20000000 	andcs	r0, r0, r0
87807f40:	20000000 	andcs	r0, r0, r0
87807f44:	20000000 	andcs	r0, r0, r0
87807f48:	20000000 	andcs	r0, r0, r0
87807f4c:	40000002 	andmi	r0, r0, r2
87807f50:	80000002 	andhi	r0, r0, r2
87807f54:	00ffff03 	rscseq	pc, pc, r3, lsl #30
87807f58:	00000002 	andeq	r0, r0, r2
87807f5c:	00000002 	andeq	r0, r0, r2
	...
87807fa8:	00000002 	andeq	r0, r0, r2
87807fac:	00000002 	andeq	r0, r0, r2
87807fb0:	0000c003 	andeq	ip, r0, r3
87807fb4:	0000fc03 	andeq	pc, r0, r3, lsl #24
87807fb8:	00c03f02 	sbceq	r3, r0, r2, lsl #30
87807fbc:	00f80300 	rscseq	r0, r8, r0, lsl #6
87807fc0:	807f0000 	rsbshi	r0, pc, r0
87807fc4:	e0070000 	and	r0, r7, r0
87807fc8:	80070000 	andhi	r0, r7, r0
87807fcc:	00780000 	rsbseq	r0, r8, r0
87807fd0:	00c00302 	sbceq	r0, r0, r2, lsl #6
87807fd4:	00003c02 	andeq	r3, r0, r2, lsl #24
87807fd8:	0000c003 	andeq	ip, r0, r3
87807fdc:	00000002 	andeq	r0, r0, r2
87807fe0:	00000002 	andeq	r0, r0, r2
	...
87808024:	00000002 	andeq	r0, r0, r2
87808028:	0000c003 	andeq	ip, r0, r3
8780802c:	0080ff03 	addeq	pc, r0, r3, lsl #30
87808030:	00fe3f02 	rscseq	r3, lr, r2, lsl #30
87808034:	e07f0002 	rsbs	r0, pc, r2
87808038:	000f0000 	andeq	r0, pc, r0
8780803c:	00f00002 	rscseq	r0, r0, r2
87808040:	0000ef03 	andeq	lr, r0, r3, lsl #30
87808044:	0080ff03 	addeq	pc, r0, r3, lsl #30
87808048:	00fe0f02 	rscseq	r0, lr, r2, lsl #30
8780804c:	e03f0000 	eors	r0, pc, r0
87808050:	001f0000 	andseq	r0, pc, r0
87808054:	00e00702 	rsceq	r0, r0, r2, lsl #14
87808058:	0000f803 	andeq	pc, r0, r3, lsl #16
8780805c:	00000003 	andeq	r0, r0, r3
87808060:	00000002 	andeq	r0, r0, r2
	...
878080a8:	20000002 	andcs	r0, r0, r2
878080ac:	20000002 	andcs	r0, r0, r2
878080b0:	e0008003 	and	r8, r0, r3
878080b4:	2003f003 	andcs	pc, r3, r3
878080b8:	200cfc02 	andcs	pc, ip, r2, lsl #24
878080bc:	00301f02 	eorseq	r1, r0, r2, lsl #30
878080c0:	00c00700 	sbceq	r0, r0, r0, lsl #14
878080c4:	00f00700 	rscseq	r0, r0, r0, lsl #14
878080c8:	007c1802 	rsbseq	r1, ip, r2, lsl #16
878080cc:	201f6002 	andscs	r6, pc, r2
878080d0:	e0038003 	and	r8, r3, r3
878080d4:	e0000002 	and	r0, r0, r2
878080d8:	20000002 	andcs	r0, r0, r2
878080dc:	20000000 	andcs	r0, r0, r0
	...
87808128:	00000002 	andeq	r0, r0, r2
8780812c:	00000003 	andeq	r0, r0, r3
87808130:	0000c003 	andeq	ip, r0, r3
87808134:	0000f803 	andeq	pc, r0, r3, lsl #16
87808138:	20003e02 	andcs	r3, r0, r2, lsl #28
8780813c:	20c00f02 	sbccs	r0, r0, r2, lsl #30
87808140:	e0ff0100 	rscs	r0, pc, r0, lsl #2
87808144:	e07f0000 	rsbs	r0, pc, r0
87808148:	20800300 	addcs	r0, r0, r0, lsl #6
8780814c:	20001c02 	andcs	r1, r0, r2, lsl #24
87808150:	00007002 	andeq	r7, r0, r2
87808154:	00008003 	andeq	r8, r0, r3
87808158:	00000002 	andeq	r0, r0, r2
8780815c:	00000002 	andeq	r0, r0, r2
	...
878081a8:	20000000 	andcs	r0, r0, r0
878081ac:	e0006000 	and	r6, r0, r0
878081b0:	e0038003 	and	r8, r3, r3
878081b4:	a00f0003 	andge	r0, pc, r3
878081b8:	203e0002 	eorscs	r0, lr, r2
878081bc:	20f80002 	rscscs	r0, r8, r2
878081c0:	20e00302 	rsccs	r0, r0, r2, lsl #6
878081c4:	20800f02 	addcs	r0, r0, r2, lsl #30
878081c8:	20003e02 	andcs	r3, r0, r2, lsl #28
878081cc:	20007802 	andcs	r7, r0, r2, lsl #16
878081d0:	6000e003 	andvs	lr, r0, r3
878081d4:	e0008003 	and	r8, r0, r3
878081d8:	00030002 	andeq	r0, r3, r2
	...
8780823c:	fcffff1f 	ldc2l	15, cr15, [pc], #124	@ 878082c0 <asc2_3216+0x1e1c>
87808240:	04000010 	streq	r0, [r0], #-16
87808244:	04000010 	streq	r0, [r0], #-16
87808248:	04000010 	streq	r0, [r0], #-16
8780824c:	04000010 	streq	r0, [r0], #-16
87808250:	04000010 	streq	r0, [r0], #-16
87808254:	04000010 	streq	r0, [r0], #-16
87808258:	04000010 	streq	r0, [r0], #-16
	...
878082b0:	00000007 	andeq	r0, r0, r7
878082b4:	0000c003 	andeq	ip, r0, r3
878082b8:	00007800 	andeq	r7, r0, r0, lsl #16
878082bc:	00001e00 	andeq	r1, r0, r0, lsl #28
878082c0:	00c00300 	sbceq	r0, r0, r0, lsl #6
878082c4:	00f00000 	rscseq	r0, r0, r0
878082c8:	001e0000 	andseq	r0, lr, r0
878082cc:	80070000 	andhi	r0, r7, r0
878082d0:	f0000000 			@ <UNDEFINED> instruction: 0xf0000000
878082d4:	3c000000 	stccc	0, cr0, [r0], {-0}
878082d8:	06000000 	streq	r0, [r0], -r0
	...
8780832c:	04000010 	streq	r0, [r0], #-16
87808330:	04000010 	streq	r0, [r0], #-16
87808334:	04000010 	streq	r0, [r0], #-16
87808338:	04000010 	streq	r0, [r0], #-16
8780833c:	04000010 	streq	r0, [r0], #-16
87808340:	04000010 	streq	r0, [r0], #-16
87808344:	04000010 	streq	r0, [r0], #-16
87808348:	fcffff1f 	ldc2l	15, cr15, [pc], #124	@ 878083cc <asc2_3216+0x1f28>
	...
878083b4:	00000002 	andeq	r0, r0, r2
878083b8:	00000004 	andeq	r0, r0, r4
878083bc:	00000008 	andeq	r0, r0, r8
878083c0:	00000018 	andeq	r0, r0, r8, lsl r0
878083c4:	00000010 	andeq	r0, r0, r0, lsl r0
878083c8:	00000018 	andeq	r0, r0, r8, lsl r0
878083cc:	00000018 	andeq	r0, r0, r8, lsl r0
878083d0:	00000004 	andeq	r0, r0, r4
878083d4:	00000002 	andeq	r0, r0, r2
	...
87808424:	01000000 	mrseq	r0, (UNDEF: 0)
87808428:	01000000 	mrseq	r0, (UNDEF: 0)
8780842c:	01000000 	mrseq	r0, (UNDEF: 0)
87808430:	01000000 	mrseq	r0, (UNDEF: 0)
87808434:	01000000 	mrseq	r0, (UNDEF: 0)
87808438:	01000000 	mrseq	r0, (UNDEF: 0)
8780843c:	01000000 	mrseq	r0, (UNDEF: 0)
87808440:	01000000 	mrseq	r0, (UNDEF: 0)
87808444:	01000000 	mrseq	r0, (UNDEF: 0)
87808448:	01000000 	mrseq	r0, (UNDEF: 0)
8780844c:	01000000 	mrseq	r0, (UNDEF: 0)
87808450:	01000000 	mrseq	r0, (UNDEF: 0)
87808454:	01000000 	mrseq	r0, (UNDEF: 0)
87808458:	01000000 	mrseq	r0, (UNDEF: 0)
8780845c:	01000000 	mrseq	r0, (UNDEF: 0)
87808460:	01000000 	mrseq	r0, (UNDEF: 0)
	...
878084b0:	00000010 	andeq	r0, r0, r0, lsl r0
878084b4:	00000010 	andeq	r0, r0, r0, lsl r0
878084b8:	00000010 	andeq	r0, r0, r0, lsl r0
878084bc:	00000018 	andeq	r0, r0, r8, lsl r0
878084c0:	00000008 	andeq	r0, r0, r8
878084c4:	00000004 	andeq	r0, r0, r4
	...
87808528:	80030000 	andhi	r0, r3, r0
8780852c:	c08f0100 	addgt	r0, pc, r0, lsl #2
87808530:	608c0300 	addvs	r0, ip, r0, lsl #6
87808534:	20180600 	andscs	r0, r8, r0, lsl #12
87808538:	20100400 	andscs	r0, r0, r0, lsl #8
8780853c:	20100400 	andscs	r0, r0, r0, lsl #8
87808540:	20200400 	eorcs	r0, r0, r0, lsl #8
87808544:	40200400 	eormi	r0, r0, r0, lsl #8
87808548:	40200600 	eormi	r0, r0, r0, lsl #12
8780854c:	c0ff0300 	rscsgt	r0, pc, r0, lsl #6
87808550:	e0ff0100 	rscs	r0, pc, r0, lsl #2
87808554:	20000000 	andcs	r0, r0, r0
87808558:	20000000 	andcs	r0, r0, r0
8780855c:	c0000000 	andgt	r0, r0, r0
	...
878085a8:	00000002 	andeq	r0, r0, r2
878085ac:	00000002 	andeq	r0, r0, r2
878085b0:	e0ffff03 	rscs	pc, pc, r3, lsl #30
878085b4:	c0ffff07 	rscsgt	pc, pc, r7, lsl #30
878085b8:	c0800100 	addgt	r0, r0, r0, lsl #2
878085bc:	60000200 	andvs	r0, r0, r0, lsl #4
878085c0:	20000200 	andcs	r0, r0, r0, lsl #4
878085c4:	20000400 	andcs	r0, r0, r0, lsl #8
878085c8:	20000400 	andcs	r0, r0, r0, lsl #8
878085cc:	20000400 	andcs	r0, r0, r0, lsl #8
878085d0:	40000600 	andmi	r0, r0, r0, lsl #12
878085d4:	c0000300 	andgt	r0, r0, r0, lsl #6
878085d8:	80ff0100 	rscshi	r0, pc, r0, lsl #2
878085dc:	00fe0000 	rscseq	r0, lr, r0
	...
8780862c:	007e0000 	rsbseq	r0, lr, r0
87808630:	80ff0100 	rscshi	r0, pc, r0, lsl #2
87808634:	c0810300 	addgt	r0, r1, r0, lsl #6
87808638:	40000200 	andmi	r0, r0, r0, lsl #4
8780863c:	20000600 	andcs	r0, r0, r0, lsl #12
87808640:	20000400 	andcs	r0, r0, r0, lsl #8
87808644:	20000400 	andcs	r0, r0, r0, lsl #8
87808648:	20000400 	andcs	r0, r0, r0, lsl #8
8780864c:	20000600 	andcs	r0, r0, r0, lsl #12
87808650:	40c00300 	sbcmi	r0, r0, r0, lsl #6
87808654:	80c00100 	sbchi	r0, r0, r0, lsl #2
87808658:	00030000 	andeq	r0, r3, r0
	...
878086ac:	007e0000 	rsbseq	r0, lr, r0
878086b0:	80ff0100 	rscshi	r0, pc, r0, lsl #2
878086b4:	c0800300 	addgt	r0, r0, r0, lsl #6
878086b8:	60000600 	andvs	r0, r0, r0, lsl #12
878086bc:	20000400 	andcs	r0, r0, r0, lsl #8
878086c0:	20000400 	andcs	r0, r0, r0, lsl #8
878086c4:	20000400 	andcs	r0, r0, r0, lsl #8
878086c8:	40000402 	andmi	r0, r0, r2, lsl #8
878086cc:	80000202 	andhi	r0, r0, r2, lsl #4
878086d0:	e0ffff03 	rscs	pc, pc, r3, lsl #30
878086d4:	c0ffff07 	rscsgt	pc, pc, r7, lsl #30
878086d8:	40000000 	andmi	r0, r0, r0
878086dc:	40000000 	andmi	r0, r0, r0
	...
8780872c:	007e0000 	rsbseq	r0, lr, r0
87808730:	80ff0100 	rscshi	r0, pc, r0, lsl #2
87808734:	c0110300 	andsgt	r0, r1, r0, lsl #6
87808738:	40100200 	andsmi	r0, r0, r0, lsl #4
8780873c:	60100400 	andsvs	r0, r0, r0, lsl #8
87808740:	20100400 	andscs	r0, r0, r0, lsl #8
87808744:	20100400 	andscs	r0, r0, r0, lsl #8
87808748:	20100400 	andscs	r0, r0, r0, lsl #8
8780874c:	20100600 	andscs	r0, r0, r0, lsl #12
87808750:	40100300 	andsmi	r0, r0, r0, lsl #6
87808754:	c0f00100 	rscsgt	r0, r0, r0, lsl #2
87808758:	00710000 	rsbseq	r0, r1, r0
	...
878087ac:	00000400 	andeq	r0, r0, r0, lsl #8
878087b0:	20000400 	andcs	r0, r0, r0, lsl #8
878087b4:	20000400 	andcs	r0, r0, r0, lsl #8
878087b8:	20000400 	andcs	r0, r0, r0, lsl #8
878087bc:	e0ff7f00 	rscs	r7, pc, r0, lsl #30
878087c0:	e0ffff01 	rscs	pc, pc, r1, lsl #30
878087c4:	20000401 	andcs	r0, r0, r1, lsl #8
878087c8:	20000403 	andcs	r0, r0, r3, lsl #8
878087cc:	20000402 	andcs	r0, r0, r2, lsl #8
878087d0:	20000402 	andcs	r0, r0, r2, lsl #8
878087d4:	00000402 	andeq	r0, r0, r2, lsl #8
878087d8:	00000002 	andeq	r0, r0, r2
878087dc:	0000c001 	andeq	ip, r0, r1
878087e0:	0000c001 	andeq	ip, r0, r1
	...
8780882c:	1c000000 	stcne	0, cr0, [r0], {-0}
87808830:	3ee30000 	cdpcc	0, 14, cr0, cr3, cr0, {0}
87808834:	c2ff0300 	rscsgt	r0, pc, #0, 6
87808838:	c30c0200 	movwgt	r0, #49664	@ 0xc200
8780883c:	c1040400 	tstgt	r4, r0, lsl #8
87808840:	c1040400 	tstgt	r4, r0, lsl #8
87808844:	c1040400 	tstgt	r4, r0, lsl #8
87808848:	c1040400 	tstgt	r4, r0, lsl #8
8780884c:	c10c0600 	tstgt	ip, r0, lsl #12
87808850:	c3f80300 	mvnsgt	r0, #0, 6
87808854:	62f00500 	rscsvs	r0, r0, #0, 10
87808858:	7e000600 	cdpvc	6, 0, cr0, cr0, cr0, {0}
8780885c:	3c000600 	stccc	6, cr0, [r0], {-0}
	...
878088a8:	20000002 	andcs	r0, r0, r2
878088ac:	20000002 	andcs	r0, r0, r2
878088b0:	e0ffff03 	rscs	pc, pc, r3, lsl #30
878088b4:	e0ffff07 	rscs	pc, pc, r7, lsl #30
878088b8:	20000100 	andcs	r0, r0, r0, lsl #2
878088bc:	20000200 	andcs	r0, r0, r0, lsl #4
878088c0:	00000600 	andeq	r0, r0, r0, lsl #12
878088c4:	00000400 	andeq	r0, r0, r0, lsl #8
878088c8:	00000400 	andeq	r0, r0, r0, lsl #8
878088cc:	20000400 	andcs	r0, r0, r0, lsl #8
878088d0:	20000600 	andcs	r0, r0, r0, lsl #12
878088d4:	e0ff0300 	rscs	r0, pc, r0, lsl #6
878088d8:	e0ff0100 	rscs	r0, pc, r0, lsl #2
878088dc:	20000000 	andcs	r0, r0, r0
878088e0:	20000000 	andcs	r0, r0, r0
	...
87808930:	20000400 	andcs	r0, r0, r0, lsl #8
87808934:	20000400 	andcs	r0, r0, r0, lsl #8
87808938:	20000400 	andcs	r0, r0, r0, lsl #8
8780893c:	20000400 	andcs	r0, r0, r0, lsl #8
87808940:	e0ff8703 	rscs	r8, pc, r3, lsl #14
87808944:	e0ff8f03 	rscs	r8, pc, r3, lsl #30
87808948:	20008003 	andcs	r8, r0, r3
8780894c:	20000000 	andcs	r0, r0, r0
87808950:	20000000 	andcs	r0, r0, r0
87808954:	20000000 	andcs	r0, r0, r0
	...
878089b0:	06000000 	streq	r0, [r0], -r0
878089b4:	07000000 	streq	r0, [r0, -r0]
878089b8:	01000000 	mrseq	r0, (UNDEF: 0)
878089bc:	01000000 	mrseq	r0, (UNDEF: 0)
878089c0:	01000400 	tsteq	r0, r0, lsl #8
878089c4:	01000400 	tsteq	r0, r0, lsl #8
878089c8:	03000400 	movweq	r0, #1024	@ 0x400
878089cc:	06000400 	streq	r0, [r0], -r0, lsl #8
878089d0:	fcff8703 	ldc2l	7, cr8, [pc], #12	@ 878089e4 <asc2_3216+0x2540>
878089d4:	f8ff8f03 			@ <UNDEFINED> instruction: 0xf8ff8f03
878089d8:	00008003 	andeq	r8, r0, r3
	...
87808a28:	20000002 	andcs	r0, r0, r2
87808a2c:	20000002 	andcs	r0, r0, r2
87808a30:	e0ffff03 	rscs	pc, pc, r3, lsl #30
87808a34:	e0ffff07 	rscs	pc, pc, r7, lsl #30
87808a38:	20080000 	andcs	r0, r8, r0
87808a3c:	20100000 	andscs	r0, r0, r0
87808a40:	00300000 	eorseq	r0, r0, r0
87808a44:	00fc0000 	rscseq	r0, ip, r0
87808a48:	008e0500 	addeq	r0, lr, r0, lsl #10
87808a4c:	a0070700 	andge	r0, r7, r0, lsl #14
87808a50:	e0010600 	and	r0, r1, r0, lsl #12
87808a54:	e0000400 	and	r0, r0, r0, lsl #8
87808a58:	20000400 	andcs	r0, r0, r0, lsl #8
87808a5c:	20000000 	andcs	r0, r0, r0
	...
87808ab0:	20000002 	andcs	r0, r0, r2
87808ab4:	20000002 	andcs	r0, r0, r2
87808ab8:	20000002 	andcs	r0, r0, r2
87808abc:	20000002 	andcs	r0, r0, r2
87808ac0:	e0ffff03 	rscs	pc, pc, r3, lsl #30
87808ac4:	e0ffff07 	rscs	pc, pc, r7, lsl #30
87808ac8:	20000000 	andcs	r0, r0, r0
87808acc:	20000000 	andcs	r0, r0, r0
87808ad0:	20000000 	andcs	r0, r0, r0
87808ad4:	20000000 	andcs	r0, r0, r0
	...
87808b28:	20000400 	andcs	r0, r0, r0, lsl #8
87808b2c:	e0ff0700 	rscs	r0, pc, r0, lsl #14
87808b30:	e0ff0f00 	rscs	r0, pc, r0, lsl #30
87808b34:	20000200 	andcs	r0, r0, r0, lsl #4
87808b38:	00000400 	andeq	r0, r0, r0, lsl #8
87808b3c:	20000400 	andcs	r0, r0, r0, lsl #8
87808b40:	e0ff0700 	rscs	r0, pc, r0, lsl #14
87808b44:	e0ff0300 	rscs	r0, pc, r0, lsl #6
87808b48:	20000200 	andcs	r0, r0, r0, lsl #4
87808b4c:	00000400 	andeq	r0, r0, r0, lsl #8
87808b50:	20000400 	andcs	r0, r0, r0, lsl #8
87808b54:	e0ff0700 	rscs	r0, pc, r0, lsl #14
87808b58:	e0ff0300 	rscs	r0, pc, r0, lsl #6
87808b5c:	20000000 	andcs	r0, r0, r0
	...
87808ba8:	20000400 	andcs	r0, r0, r0, lsl #8
87808bac:	20000400 	andcs	r0, r0, r0, lsl #8
87808bb0:	e0ff0700 	rscs	r0, pc, r0, lsl #14
87808bb4:	e0ff0f00 	rscs	r0, pc, r0, lsl #30
87808bb8:	20000100 	andcs	r0, r0, r0, lsl #2
87808bbc:	20000200 	andcs	r0, r0, r0, lsl #4
87808bc0:	00000200 	andeq	r0, r0, r0, lsl #4
87808bc4:	00000400 	andeq	r0, r0, r0, lsl #8
87808bc8:	00000400 	andeq	r0, r0, r0, lsl #8
87808bcc:	20000400 	andcs	r0, r0, r0, lsl #8
87808bd0:	20000600 	andcs	r0, r0, r0, lsl #12
87808bd4:	e0ff0300 	rscs	r0, pc, r0, lsl #6
87808bd8:	e0ff0100 	rscs	r0, pc, r0, lsl #2
87808bdc:	20000000 	andcs	r0, r0, r0
87808be0:	20000000 	andcs	r0, r0, r0
	...
87808c2c:	007e0000 	rsbseq	r0, lr, r0
87808c30:	80ff0000 	rscshi	r0, pc, r0
87808c34:	c0810300 	addgt	r0, r1, r0, lsl #6
87808c38:	40000200 	andmi	r0, r0, r0, lsl #4
87808c3c:	20000600 	andcs	r0, r0, r0, lsl #12
87808c40:	20000400 	andcs	r0, r0, r0, lsl #8
87808c44:	20000400 	andcs	r0, r0, r0, lsl #8
87808c48:	20000400 	andcs	r0, r0, r0, lsl #8
87808c4c:	20000600 	andcs	r0, r0, r0, lsl #12
87808c50:	40000200 	andmi	r0, r0, r0, lsl #4
87808c54:	c0810300 	addgt	r0, r1, r0, lsl #6
87808c58:	80ff0100 	rscshi	r0, pc, r0, lsl #2
87808c5c:	007e0000 	rsbseq	r0, lr, r0
	...
87808ca8:	01000400 	tsteq	r0, r0, lsl #8
87808cac:	01000400 	tsteq	r0, r0, lsl #8
87808cb0:	ffff0700 			@ <UNDEFINED> instruction: 0xffff0700
87808cb4:	ffff0f00 			@ <UNDEFINED> instruction: 0xffff0f00
87808cb8:	c1000100 	mrsgt	r0, (UNDEF: 16)
87808cbc:	41000200 	mrsmi	r0, R8_usr
87808cc0:	20000400 	andcs	r0, r0, r0, lsl #8
87808cc4:	20000400 	andcs	r0, r0, r0, lsl #8
87808cc8:	20000400 	andcs	r0, r0, r0, lsl #8
87808ccc:	20000400 	andcs	r0, r0, r0, lsl #8
87808cd0:	40000600 	andmi	r0, r0, r0, lsl #12
87808cd4:	c0010300 	andgt	r0, r1, r0, lsl #6
87808cd8:	80ff0100 	rscshi	r0, pc, r0, lsl #2
87808cdc:	007e0000 	rsbseq	r0, lr, r0
	...
87808d2c:	007e0000 	rsbseq	r0, lr, r0
87808d30:	80ff0100 	rscshi	r0, pc, r0, lsl #2
87808d34:	c0800300 	addgt	r0, r0, r0, lsl #6
87808d38:	60000200 	andvs	r0, r0, r0, lsl #4
87808d3c:	20000400 	andcs	r0, r0, r0, lsl #8
87808d40:	20000400 	andcs	r0, r0, r0, lsl #8
87808d44:	20000400 	andcs	r0, r0, r0, lsl #8
87808d48:	20000400 	andcs	r0, r0, r0, lsl #8
87808d4c:	41000200 	mrsmi	r0, R8_usr
87808d50:	c1000300 	mrsgt	r0, LR_irq
87808d54:	ffff0300 			@ <UNDEFINED> instruction: 0xffff0300
87808d58:	ffff0700 			@ <UNDEFINED> instruction: 0xffff0700
87808d5c:	01000000 	mrseq	r0, (UNDEF: 0)
87808d60:	01000000 	mrseq	r0, (UNDEF: 0)
	...
87808da8:	20000400 	andcs	r0, r0, r0, lsl #8
87808dac:	20000400 	andcs	r0, r0, r0, lsl #8
87808db0:	20000400 	andcs	r0, r0, r0, lsl #8
87808db4:	20000400 	andcs	r0, r0, r0, lsl #8
87808db8:	e0ff0f00 	rscs	r0, pc, r0, lsl #30
87808dbc:	e0ff0f00 	rscs	r0, pc, r0, lsl #30
87808dc0:	20c00000 	sbccs	r0, r0, r0
87808dc4:	20000100 	andcs	r0, r0, r0, lsl #2
87808dc8:	20000200 	andcs	r0, r0, r0, lsl #4
87808dcc:	20000600 	andcs	r0, r0, r0, lsl #12
87808dd0:	00000400 	andeq	r0, r0, r0, lsl #8
87808dd4:	00000400 	andeq	r0, r0, r0, lsl #8
87808dd8:	00000700 	andeq	r0, r0, r0, lsl #14
87808ddc:	00000300 	andeq	r0, r0, r0, lsl #6
	...
87808e2c:	e0030000 	and	r0, r3, r0
87808e30:	e0c00100 	sbc	r0, r0, r0, lsl #2
87808e34:	40e00300 	rscmi	r0, r0, r0, lsl #6
87808e38:	20300600 	eorscs	r0, r0, r0, lsl #12
87808e3c:	20300400 	eorscs	r0, r0, r0, lsl #8
87808e40:	20180400 	andscs	r0, r8, r0, lsl #8
87808e44:	20180400 	andscs	r0, r8, r0, lsl #8
87808e48:	20180400 	andscs	r0, r8, r0, lsl #8
87808e4c:	200c0400 	andcs	r0, ip, r0, lsl #8
87808e50:	600c0200 	andvs	r0, ip, r0, lsl #4
87808e54:	c0070300 	andgt	r0, r7, r0, lsl #6
87808e58:	80830700 	addhi	r0, r3, r0, lsl #14
	...
87808eac:	00000400 	andeq	r0, r0, r0, lsl #8
87808eb0:	00000400 	andeq	r0, r0, r0, lsl #8
87808eb4:	00000400 	andeq	r0, r0, r0, lsl #8
87808eb8:	00000c00 	andeq	r0, r0, r0, lsl #24
87808ebc:	80ff1f00 	rscshi	r1, pc, r0, lsl #30
87808ec0:	c0ffff00 	rscsgt	pc, pc, r0, lsl #30
87808ec4:	60000400 	andvs	r0, r0, r0, lsl #8
87808ec8:	20000400 	andcs	r0, r0, r0, lsl #8
87808ecc:	20000400 	andcs	r0, r0, r0, lsl #8
87808ed0:	20000400 	andcs	r0, r0, r0, lsl #8
87808ed4:	40000400 	andmi	r0, r0, r0, lsl #8
87808ed8:	80010000 	andhi	r0, r1, r0
	...
87808f28:	00000400 	andeq	r0, r0, r0, lsl #8
87808f2c:	00000400 	andeq	r0, r0, r0, lsl #8
87808f30:	80ff0700 	rscshi	r0, pc, r0, lsl #14
87808f34:	c0ff0f00 	rscsgt	r0, pc, r0, lsl #30
87808f38:	60000000 	andvs	r0, r0, r0
87808f3c:	20000000 	andcs	r0, r0, r0
87808f40:	20000000 	andcs	r0, r0, r0
87808f44:	20000000 	andcs	r0, r0, r0
87808f48:	20000000 	andcs	r0, r0, r0
87808f4c:	40000400 	andmi	r0, r0, r0, lsl #8
87808f50:	80000400 	andhi	r0, r0, r0, lsl #8
87808f54:	e0ff0700 	rscs	r0, pc, r0, lsl #14
87808f58:	c0ff0f00 	rscsgt	r0, pc, r0, lsl #30
87808f5c:	40000000 	andmi	r0, r0, r0
87808f60:	40000000 	andmi	r0, r0, r0
	...
87808fa8:	00000400 	andeq	r0, r0, r0, lsl #8
87808fac:	00000400 	andeq	r0, r0, r0, lsl #8
87808fb0:	00800700 	addeq	r0, r0, r0, lsl #14
87808fb4:	00f00700 	rscseq	r0, r0, r0, lsl #14
87808fb8:	00fe0400 	rscseq	r0, lr, r0, lsl #8
87808fbc:	c01f0400 	andsgt	r0, pc, r0, lsl #8
87808fc0:	e0030000 	and	r0, r3, r0
87808fc4:	80030000 	andhi	r0, r3, r0
87808fc8:	001c0000 	andseq	r0, ip, r0
87808fcc:	00600400 	rsbeq	r0, r0, r0, lsl #8
87808fd0:	00800700 	addeq	r0, r0, r0, lsl #14
87808fd4:	00000600 	andeq	r0, r0, r0, lsl #12
87808fd8:	00000400 	andeq	r0, r0, r0, lsl #8
	...
87809024:	00000400 	andeq	r0, r0, r0, lsl #8
87809028:	00000600 	andeq	r0, r0, r0, lsl #12
8780902c:	00c00700 	sbceq	r0, r0, r0, lsl #14
87809030:	00fc0700 	rscseq	r0, ip, r0, lsl #14
87809034:	803f0400 	eorshi	r0, pc, r0, lsl #8
87809038:	e0030000 	and	r0, r3, r0
8780903c:	800f0400 	andhi	r0, pc, r0, lsl #8
87809040:	00f00600 	rscseq	r0, r0, r0, lsl #12
87809044:	00f00700 	rscseq	r0, r0, r0, lsl #14
87809048:	80ff0700 	rscshi	r0, pc, r0, lsl #14
8780904c:	e00f0400 	and	r0, pc, r0, lsl #8
87809050:	80030000 	andhi	r0, r3, r0
87809054:	003c0400 	eorseq	r0, ip, r0, lsl #8
87809058:	00c00700 	sbceq	r0, r0, r0, lsl #14
8780905c:	00000600 	andeq	r0, r0, r0, lsl #12
87809060:	00000400 	andeq	r0, r0, r0, lsl #8
	...
878090a8:	20000000 	andcs	r0, r0, r0
878090ac:	20000400 	andcs	r0, r0, r0, lsl #8
878090b0:	60000400 	andvs	r0, r0, r0, lsl #8
878090b4:	e0000700 	and	r0, r0, r0, lsl #14
878090b8:	20830700 	addcs	r0, r3, r0, lsl #14
878090bc:	00e60700 	rsceq	r0, r6, r0, lsl #14
878090c0:	00f80400 	rscseq	r0, r8, r0, lsl #8
878090c4:	003c0000 	eorseq	r0, ip, r0
878090c8:	205e0400 	subscs	r0, lr, r0, lsl #8
878090cc:	a0870500 	addge	r0, r7, r0, lsl #10
878090d0:	e0010600 	and	r0, r1, r0, lsl #12
878090d4:	60000400 	andvs	r0, r0, r0, lsl #8
878090d8:	20000400 	andcs	r0, r0, r0, lsl #8
878090dc:	20000000 	andcs	r0, r0, r0
	...
87809128:	00000400 	andeq	r0, r0, r0, lsl #8
8780912c:	03000400 	movweq	r0, #1024	@ 0x400
87809130:	03000700 	movweq	r0, #1792	@ 0x700
87809134:	01e00700 	mvneq	r0, r0, lsl #14
87809138:	01f80400 	mvnseq	r0, r0, lsl #8
8780913c:	021f0400 	andseq	r0, pc, #0, 8
87809140:	fc070000 	stc2	0, cr0, [r7], {-0}
87809144:	e0000000 	and	r0, r0, r0
87809148:	00070000 	andeq	r0, r7, r0
8780914c:	00380400 	eorseq	r0, r8, r0, lsl #8
87809150:	00c00700 	sbceq	r0, r0, r0, lsl #14
87809154:	00000600 	andeq	r0, r0, r0, lsl #12
87809158:	00000400 	andeq	r0, r0, r0, lsl #8
8780915c:	00000400 	andeq	r0, r0, r0, lsl #8
	...
878091ac:	60800700 	addvs	r0, r0, r0, lsl #14
878091b0:	e0000600 	and	r0, r0, r0, lsl #12
878091b4:	e0030400 	and	r0, r3, r0, lsl #8
878091b8:	a0070400 	andge	r0, r7, r0, lsl #8
878091bc:	200e0400 	andcs	r0, lr, r0, lsl #8
878091c0:	203c0400 	eorscs	r0, ip, r0, lsl #8
878091c4:	20700400 	rsbscs	r0, r0, r0, lsl #8
878091c8:	20e00500 	rsccs	r0, r0, r0, lsl #10
878091cc:	20800700 	addcs	r0, r0, r0, lsl #14
878091d0:	60000700 	andvs	r0, r0, r0, lsl #14
878091d4:	e0000400 	and	r0, r0, r0, lsl #8
878091d8:	80030000 	andhi	r0, r3, r0
	...
87809240:	00800000 	addeq	r0, r0, r0
87809244:	00800000 	addeq	r0, r0, r0
87809248:	00400100 	subeq	r0, r0, r0, lsl #2
8780924c:	f83ffe07 			@ <UNDEFINED> instruction: 0xf83ffe07
87809250:	04000008 	streq	r0, [r0], #-8
87809254:	02000010 	andeq	r0, r0, #16
87809258:	02000010 	andeq	r0, r0, #16
	...
878092c4:	ffffffff 			@ <UNDEFINED> instruction: 0xffffffff
	...
8780932c:	02000010 	andeq	r0, r0, #16
87809330:	02000010 	andeq	r0, r0, #16
87809334:	04000008 	streq	r0, [r0], #-8
87809338:	f83ffe07 			@ <UNDEFINED> instruction: 0xf83ffe07
8780933c:	00400100 	subeq	r0, r0, r0, lsl #2
87809340:	00800000 	addeq	r0, r0, r0
87809344:	00800000 	addeq	r0, r0, r0
	...
878093a8:	00000018 	andeq	r0, r0, r8, lsl r0
878093ac:	00000030 	andeq	r0, r0, r0, lsr r0
878093b0:	00000040 	andeq	r0, r0, r0, asr #32
878093b4:	00000040 	andeq	r0, r0, r0, asr #32
878093b8:	00000040 	andeq	r0, r0, r0, asr #32
878093bc:	00000020 	andeq	r0, r0, r0, lsr #32
878093c0:	00000030 	andeq	r0, r0, r0, lsr r0
878093c4:	00000008 	andeq	r0, r0, r8
878093c8:	00000004 	andeq	r0, r0, r4
878093cc:	00000002 	andeq	r0, r0, r2
878093d0:	00000002 	andeq	r0, r0, r2
878093d4:	00000002 	andeq	r0, r0, r2
878093d8:	0000000c 	andeq	r0, r0, ip
878093dc:	00000018 	andeq	r0, r0, r8, lsl r0
	...

87809424 <CSWTCH.7>:
87809424:	00000004 	andeq	r0, r0, r4
87809428:	00000003 	andeq	r0, r0, r3
8780942c:	00000002 	andeq	r0, r0, r2
87809430:	00000001 	andeq	r0, r0, r1
87809434:	00000000 	andeq	r0, r0, r0
87809438:	00000006 	andeq	r0, r0, r6
8780943c:	00000000 	andeq	r0, r0, r0
87809440:	003b001f 	eorseq	r0, fp, pc, lsl r0
87809444:	0078005a 	rsbseq	r0, r8, sl, asr r0
87809448:	00b50097 	umlalseq	r0, r5, r7, r0
8780944c:	00f300d4 	ldrsbteq	r0, [r3], #4
87809450:	01300111 	teqeq	r0, r1, lsl r1
87809454:	Address 0x87809454 is out of bounds.


Disassembly of section .ARM.exidx:

87809458 <.ARM.exidx>:
87809458:	7fffb520 	svcvc	0x00ffb520
8780945c:	00000001 	andeq	r0, r0, r1

Disassembly of section .data:

87809460 <_ctype>:
87809460:	08080808 	stmdaeq	r8, {r3, fp}
87809464:	08080808 	stmdaeq	r8, {r3, fp}
87809468:	28282808 	stmdacs	r8!, {r3, fp, sp}
8780946c:	08082828 	stmdaeq	r8, {r3, r5, fp, sp}
87809470:	08080808 	stmdaeq	r8, {r3, fp}
87809474:	08080808 	stmdaeq	r8, {r3, fp}
87809478:	08080808 	stmdaeq	r8, {r3, fp}
8780947c:	08080808 	stmdaeq	r8, {r3, fp}
87809480:	101010a0 	andsne	r1, r0, r0, lsr #1
87809484:	10101010 	andsne	r1, r0, r0, lsl r0
87809488:	10101010 	andsne	r1, r0, r0, lsl r0
8780948c:	10101010 	andsne	r1, r0, r0, lsl r0
87809490:	04040404 	streq	r0, [r4], #-1028	@ 0xfffffbfc
87809494:	04040404 	streq	r0, [r4], #-1028	@ 0xfffffbfc
87809498:	10100404 	andsne	r0, r0, r4, lsl #8
8780949c:	10101010 	andsne	r1, r0, r0, lsl r0
878094a0:	41414110 	cmpmi	r1, r0, lsl r1
878094a4:	01414141 	cmpeq	r1, r1, asr #2
878094a8:	01010101 	tsteq	r1, r1, lsl #2
878094ac:	01010101 	tsteq	r1, r1, lsl #2
878094b0:	01010101 	tsteq	r1, r1, lsl #2
878094b4:	01010101 	tsteq	r1, r1, lsl #2
878094b8:	10010101 	andne	r0, r1, r1, lsl #2
878094bc:	10101010 	andsne	r1, r0, r0, lsl r0
878094c0:	42424210 	submi	r4, r2, #16, 4
878094c4:	02424242 	subeq	r4, r2, #536870916	@ 0x20000004
878094c8:	02020202 	andeq	r0, r2, #536870912	@ 0x20000000
878094cc:	02020202 	andeq	r0, r2, #536870912	@ 0x20000000
878094d0:	02020202 	andeq	r0, r2, #536870912	@ 0x20000000
878094d4:	02020202 	andeq	r0, r2, #536870912	@ 0x20000000
878094d8:	10020202 	andne	r0, r2, r2, lsl #4
878094dc:	08101010 	ldmdaeq	r0, {r4, ip}
	...
87809500:	101010a0 	andsne	r1, r0, r0, lsr #1
87809504:	10101010 	andsne	r1, r0, r0, lsl r0
87809508:	10101010 	andsne	r1, r0, r0, lsl r0
8780950c:	10101010 	andsne	r1, r0, r0, lsl r0
87809510:	10101010 	andsne	r1, r0, r0, lsl r0
87809514:	10101010 	andsne	r1, r0, r0, lsl r0
87809518:	10101010 	andsne	r1, r0, r0, lsl r0
8780951c:	10101010 	andsne	r1, r0, r0, lsl r0
87809520:	01010101 	tsteq	r1, r1, lsl #2
87809524:	01010101 	tsteq	r1, r1, lsl #2
87809528:	01010101 	tsteq	r1, r1, lsl #2
8780952c:	01010101 	tsteq	r1, r1, lsl #2
87809530:	01010101 	tsteq	r1, r1, lsl #2
87809534:	10010101 	andne	r0, r1, r1, lsl #2
87809538:	01010101 	tsteq	r1, r1, lsl #2
8780953c:	02010101 	andeq	r0, r1, #1073741824	@ 0x40000000
87809540:	02020202 	andeq	r0, r2, #536870912	@ 0x20000000
87809544:	02020202 	andeq	r0, r2, #536870912	@ 0x20000000
87809548:	02020202 	andeq	r0, r2, #536870912	@ 0x20000000
8780954c:	02020202 	andeq	r0, r2, #536870912	@ 0x20000000
87809550:	02020202 	andeq	r0, r2, #536870912	@ 0x20000000
87809554:	10020202 	andne	r0, r2, r2, lsl #4
87809558:	02020202 	andeq	r0, r2, #536870912	@ 0x20000000
8780955c:	02020202 	andeq	r0, r2, #536870912	@ 0x20000000

87809560 <release.0>:
87809560:	Address 0x87809560 is out of bounds.


Disassembly of section .ARM.attributes:

00000000 <.ARM.attributes>:
   0:	00002e41 	andeq	r2, r0, r1, asr #28
   4:	61656100 	cmnvs	r5, r0, lsl #2
   8:	01006962 	tsteq	r0, r2, ror #18
   c:	00000024 	andeq	r0, r0, r4, lsr #32
  10:	412d3705 			@ <UNDEFINED> instruction: 0x412d3705
  14:	070a0600 	streq	r0, [sl, -r0, lsl #12]
  18:	09010841 	stmdbeq	r1, {r0, r6, fp}
  1c:	12040a02 	andne	r0, r4, #8192	@ 0x2000
  20:	15011404 	strne	r1, [r1, #-1028]	@ 0xfffffbfc
  24:	18031701 	stmdane	r3, {r0, r8, r9, sl, ip}
  28:	1c021a01 			@ <UNDEFINED> instruction: 0x1c021a01
  2c:	Address 0x2c is out of bounds.


Disassembly of section .comment:

00000000 <.comment>:
   0:	3a434347 	bcc	10d0d24 <shift+0x10d0d24>
   4:	62552820 	subsvs	r2, r5, #32, 16	@ 0x200000
   8:	75746e75 	ldrbvc	r6, [r4, #-3701]!	@ 0xfffff18b
   c:	2e353120 	cdpcs	1, 3, cr3, cr5, cr0, {1}
  10:	2d302e32 	ldccs	14, cr2, [r0, #-200]!	@ 0xffffff38
  14:	75627534 	strbvc	r7, [r2, #-1332]!	@ 0xfffffacc
  18:	3475746e 	ldrbtcc	r7, [r5], #-1134	@ 0xfffffb92
  1c:	35312029 	ldrcc	r2, [r1, #-41]!	@ 0xffffffd7
  20:	302e322e 	eorcc	r3, lr, lr, lsr #4
	...
